<ForceField>
  <Info>
    <DateGenerated>2019-07-05</DateGenerated>
  </Info>
  <Residues>
    <Residue name="MC_000">
      <Atom charge="0.4701" name="C" type="c"/>
      <Atom charge="-0.588" name="O" type="o"/>
      <Atom charge="-0.4809" name="OA" type="os"/>
      <Atom charge="0.1577" name="CB" type="c3"/>
      <Atom charge="-0.588" name="OXT" type="o"/>
      <Atom charge="0.0097" name="HB" type="h1"/>
      <Atom charge="0.0097" name="HBA" type="h1"/>
      <Atom charge="0.0097" name="HBB" type="h1"/>
      <Bond atomName1="C" atomName2="OXT"/>
      <Bond atomName1="O" atomName2="C"/>
      <Bond atomName1="OA" atomName2="C"/>
      <Bond atomName1="CB" atomName2="OA"/>
      <Bond atomName1="CB" atomName2="HB"/>
      <Bond atomName1="CB" atomName2="HBA"/>
      <Bond atomName1="CB" atomName2="HBB"/>
    </Residue>
  </Residues>
  <PeriodicTorsionForce>
    <Improper k1="4.6024" periodicity1="2" phase1="3.141592653589793" type1="c" type2="o" type3="o" type4="os"/>
  </PeriodicTorsionForce>
</ForceField>
