<ForceField>
  <Info>
    <DateGenerated>2019-07-05</DateGenerated>
  </Info>
  <Residues>
    <Residue name="MC_001">
      <Atom charge="-0.0933" name="C01" type="ca"/>
      <Atom charge="-0.217" name="C02" type="ca"/>
      <Atom charge="0.1326" name="C03" type="ca"/>
      <Atom charge="0.0561" name="C04" type="ca"/>
      <Atom charge="0.1326" name="C05" type="ca"/>
      <Atom charge="-0.217" name="C06" type="ca"/>
      <Atom charge="-0.2759" name="O03" type="os"/>
      <Atom charge="0.0962" name="C07" type="c3"/>
      <Atom charge="-0.2979" name="O04" type="os"/>
      <Atom charge="0.1157" name="C08" type="c3"/>
      <Atom charge="-0.2759" name="O05" type="os"/>
      <Atom charge="0.0962" name="C09" type="c3"/>
      <Atom charge="0.4019" name="C10" type="c3"/>
      <Atom charge="-0.2138" name="F10" type="f"/>
      <Atom charge="-0.2138" name="F11" type="f"/>
      <Atom charge="0.6341" name="C11" type="c"/>
      <Atom charge="-0.5491" name="O11" type="o"/>
      <Atom charge="-0.4658" name="N12" type="n"/>
      <Atom charge="0.072" name="C12" type="c3"/>
      <Atom charge="-0.1084" name="C13" type="c3"/>
      <Atom charge="-0.0784" name="C14" type="c3"/>
      <Atom charge="-0.0894" name="C15" type="c3"/>
      <Atom charge="0.0837" name="C16" type="c3"/>
      <Atom charge="0.6491" name="C17" type="c"/>
      <Atom charge="-0.531" name="O17" type="o"/>
      <Atom charge="-0.4349" name="O18" type="os"/>
      <Atom charge="0.1631" name="C18" type="c3"/>
      <Atom charge="-0.1034" name="C19" type="c3"/>
      <Atom charge="-0.0774" name="C20" type="c3"/>
      <Atom charge="-0.0351" name="C21" type="c3"/>
      <Atom charge="-0.2016" name="C22" type="ca"/>
      <Atom charge="0.4172" name="C23" type="ca"/>
      <Atom charge="-0.691" name="N23" type="nb"/>
      <Atom charge="0.4122" name="C24" type="ca"/>
      <Atom charge="-0.2493" name="C25" type="ca"/>
      <Atom charge="-0.089" name="C26" type="ca"/>
      <Atom charge="-0.0804" name="C27" type="c3"/>
      <Atom charge="-0.0764" name="C28" type="c3"/>
      <Atom charge="-0.0371" name="C29" type="c3"/>
      <Atom charge="-0.0783" name="C30" type="ca"/>
      <Atom charge="-0.1245" name="C31" type="ca"/>
      <Atom charge="-0.1255" name="C32" type="ca"/>
      <Atom charge="-0.132" name="C33" type="ca"/>
      <Atom charge="-0.1255" name="C34" type="ca"/>
      <Atom charge="-0.1245" name="C35" type="ca"/>
      <Atom charge="0.1635" name="H021" type="ha"/>
      <Atom charge="0.1635" name="H061" type="ha"/>
      <Atom charge="0.0487" name="H071" type="h1"/>
      <Atom charge="0.0487" name="H072" type="h1"/>
      <Atom charge="0.0487" name="H073" type="h1"/>
      <Atom charge="0.038367" name="H081" type="h1"/>
      <Atom charge="0.038367" name="H082" type="h1"/>
      <Atom charge="0.038367" name="H083" type="h1"/>
      <Atom charge="0.0487" name="H091" type="h1"/>
      <Atom charge="0.0487" name="H092" type="h1"/>
      <Atom charge="0.0487" name="H093" type="h1"/>
      <Atom charge="0.0727" name="H121" type="h1"/>
      <Atom charge="0.0727" name="H122" type="h1"/>
      <Atom charge="0.0552" name="H131" type="hc"/>
      <Atom charge="0.0552" name="H132" type="hc"/>
      <Atom charge="0.0497" name="H141" type="hc"/>
      <Atom charge="0.0497" name="H142" type="hc"/>
      <Atom charge="0.0702" name="H151" type="hc"/>
      <Atom charge="0.0702" name="H152" type="hc"/>
      <Atom charge="0.0727" name="H161" type="h1"/>
      <Atom charge="0.0777" name="H181" type="h1"/>
      <Atom charge="0.0502" name="H191" type="hc"/>
      <Atom charge="0.0502" name="H192" type="hc"/>
      <Atom charge="0.0567" name="H201" type="hc"/>
      <Atom charge="0.0567" name="H202" type="hc"/>
      <Atom charge="0.0477" name="H211" type="hc"/>
      <Atom charge="0.0477" name="H212" type="hc"/>
      <Atom charge="0.0201" name="H231" type="h4"/>
      <Atom charge="0.0211" name="H241" type="h4"/>
      <Atom charge="0.137" name="H251" type="ha"/>
      <Atom charge="0.138" name="H261" type="ha"/>
      <Atom charge="0.0507" name="H271" type="hc"/>
      <Atom charge="0.0507" name="H272" type="hc"/>
      <Atom charge="0.0577" name="H281" type="hc"/>
      <Atom charge="0.0577" name="H282" type="hc"/>
      <Atom charge="0.0457" name="H291" type="hc"/>
      <Atom charge="0.0457" name="H292" type="hc"/>
      <Atom charge="0.129" name="H311" type="ha"/>
      <Atom charge="0.127" name="H321" type="ha"/>
      <Atom charge="0.127" name="H331" type="ha"/>
      <Atom charge="0.127" name="H341" type="ha"/>
      <Atom charge="0.129" name="H351" type="ha"/>
      <Bond atomName1="C01" atomName2="C02"/>
      <Bond atomName1="C01" atomName2="C06"/>
      <Bond atomName1="C01" atomName2="C10"/>
      <Bond atomName1="C02" atomName2="C03"/>
      <Bond atomName1="C02" atomName2="H021"/>
      <Bond atomName1="C03" atomName2="C04"/>
      <Bond atomName1="C03" atomName2="O03"/>
      <Bond atomName1="C04" atomName2="C05"/>
      <Bond atomName1="C04" atomName2="O04"/>
      <Bond atomName1="C05" atomName2="C06"/>
      <Bond atomName1="C05" atomName2="O05"/>
      <Bond atomName1="C06" atomName2="H061"/>
      <Bond atomName1="O03" atomName2="C07"/>
      <Bond atomName1="C07" atomName2="H071"/>
      <Bond atomName1="C07" atomName2="H072"/>
      <Bond atomName1="C07" atomName2="H073"/>
      <Bond atomName1="O04" atomName2="C08"/>
      <Bond atomName1="C08" atomName2="H081"/>
      <Bond atomName1="C08" atomName2="H082"/>
      <Bond atomName1="C08" atomName2="H083"/>
      <Bond atomName1="O05" atomName2="C09"/>
      <Bond atomName1="C09" atomName2="H091"/>
      <Bond atomName1="C09" atomName2="H092"/>
      <Bond atomName1="C09" atomName2="H093"/>
      <Bond atomName1="C10" atomName2="F10"/>
      <Bond atomName1="C10" atomName2="F11"/>
      <Bond atomName1="C10" atomName2="C11"/>
      <Bond atomName1="C11" atomName2="O11"/>
      <Bond atomName1="C11" atomName2="N12"/>
      <Bond atomName1="N12" atomName2="C12"/>
      <Bond atomName1="N12" atomName2="C16"/>
      <Bond atomName1="C12" atomName2="C13"/>
      <Bond atomName1="C12" atomName2="H121"/>
      <Bond atomName1="C12" atomName2="H122"/>
      <Bond atomName1="C13" atomName2="C14"/>
      <Bond atomName1="C13" atomName2="H131"/>
      <Bond atomName1="C13" atomName2="H132"/>
      <Bond atomName1="C14" atomName2="C15"/>
      <Bond atomName1="C14" atomName2="H141"/>
      <Bond atomName1="C14" atomName2="H142"/>
      <Bond atomName1="C15" atomName2="C16"/>
      <Bond atomName1="C15" atomName2="H151"/>
      <Bond atomName1="C15" atomName2="H152"/>
      <Bond atomName1="C16" atomName2="C17"/>
      <Bond atomName1="C16" atomName2="H161"/>
      <Bond atomName1="C17" atomName2="O17"/>
      <Bond atomName1="C17" atomName2="O18"/>
      <Bond atomName1="O18" atomName2="C18"/>
      <Bond atomName1="C18" atomName2="C19"/>
      <Bond atomName1="C18" atomName2="C27"/>
      <Bond atomName1="C18" atomName2="H181"/>
      <Bond atomName1="C19" atomName2="C20"/>
      <Bond atomName1="C19" atomName2="H191"/>
      <Bond atomName1="C19" atomName2="H192"/>
      <Bond atomName1="C20" atomName2="C21"/>
      <Bond atomName1="C20" atomName2="H201"/>
      <Bond atomName1="C20" atomName2="H202"/>
      <Bond atomName1="C21" atomName2="C22"/>
      <Bond atomName1="C21" atomName2="H211"/>
      <Bond atomName1="C21" atomName2="H212"/>
      <Bond atomName1="C22" atomName2="C23"/>
      <Bond atomName1="C22" atomName2="C26"/>
      <Bond atomName1="C23" atomName2="N23"/>
      <Bond atomName1="C23" atomName2="H231"/>
      <Bond atomName1="N23" atomName2="C24"/>
      <Bond atomName1="C24" atomName2="C25"/>
      <Bond atomName1="C24" atomName2="H241"/>
      <Bond atomName1="C25" atomName2="C26"/>
      <Bond atomName1="C25" atomName2="H251"/>
      <Bond atomName1="C26" atomName2="H261"/>
      <Bond atomName1="C27" atomName2="C28"/>
      <Bond atomName1="C27" atomName2="H271"/>
      <Bond atomName1="C27" atomName2="H272"/>
      <Bond atomName1="C28" atomName2="C29"/>
      <Bond atomName1="C28" atomName2="H281"/>
      <Bond atomName1="C28" atomName2="H282"/>
      <Bond atomName1="C29" atomName2="C30"/>
      <Bond atomName1="C29" atomName2="H291"/>
      <Bond atomName1="C29" atomName2="H292"/>
      <Bond atomName1="C30" atomName2="C31"/>
      <Bond atomName1="C30" atomName2="C35"/>
      <Bond atomName1="C31" atomName2="C32"/>
      <Bond atomName1="C31" atomName2="H311"/>
      <Bond atomName1="C32" atomName2="C33"/>
      <Bond atomName1="C32" atomName2="H321"/>
      <Bond atomName1="C33" atomName2="C34"/>
      <Bond atomName1="C33" atomName2="H331"/>
      <Bond atomName1="C34" atomName2="C35"/>
      <Bond atomName1="C34" atomName2="H341"/>
      <Bond atomName1="C35" atomName2="H351"/>
    </Residue>
  </Residues>
  <PeriodicTorsionForce>
    <Improper k1="4.6024" periodicity1="2" phase1="3.141592653589793" type1="ca" type2="ca" type3="ca" type4="ha"/>
    <Improper k1="4.6024" periodicity1="2" phase1="3.141592653589793" type1="ca" type2="ca" type3="ca" type4="os"/>
    <Improper k1="43.932" periodicity1="2" phase1="3.141592653589793" type1="c" type2="c3" type3="n" type4="o"/>
    <Improper k1="4.6024" periodicity1="2" phase1="3.141592653589793" type1="n" type2="c" type3="c3" type4="c3"/>
    <Improper k1="4.6024" periodicity1="2" phase1="3.141592653589793" type1="c" type2="c3" type3="o" type4="os"/>
    <Improper k1="4.6024" periodicity1="2" phase1="3.141592653589793" type1="ca" type2="ca" type3="h4" type4="nb"/>
  </PeriodicTorsionForce>
</ForceField>
