<ForceField>
  <Info>
    <DateGenerated>2019-07-05</DateGenerated>
  </Info>
  <Residues>
    <Residue name="MC_002">
      <Atom charge="0.0397" name="C1" type="c3"/>
      <Atom charge="-0.0777" name="C2" type="c3"/>
      <Atom charge="-0.1004" name="C3" type="c3"/>
      <Atom charge="-0.1011" name="C4" type="c3"/>
      <Atom charge="0.6641" name="C5" type="c"/>
      <Atom charge="0.6571" name="C6" type="c"/>
      <Atom charge="0.0017" name="C7" type="c3"/>
      <Atom charge="-0.0714" name="C8" type="c3"/>
      <Atom charge="-0.1474" name="C10" type="c3"/>
      <Atom charge="0.8886" name="C11" type="c"/>
      <Atom charge="-0.0971" name="C12" type="c3"/>
      <Atom charge="-0.5649" name="N3" type="ns"/>
      <Atom charge="-0.6321" name="O6" type="o"/>
      <Atom charge="-0.8413" name="O1" type="o"/>
      <Atom charge="-0.3621" name="O2" type="oh"/>
      <Atom charge="-0.0857" name="C13" type="c3"/>
      <Atom charge="-0.0866" name="C20" type="c3"/>
      <Atom charge="-0.0866" name="C21" type="c3"/>
      <Atom charge="-0.1197" name="C22" type="c3"/>
      <Atom charge="-0.0331" name="C23" type="c3"/>
      <Atom charge="-0.6011" name="O4" type="o"/>
      <Atom charge="-0.5429" name="N2" type="ns"/>
      <Atom charge="-0.0793" name="C14" type="ca"/>
      <Atom charge="-0.1295" name="C15" type="ca"/>
      <Atom charge="-0.13" name="C16" type="ca"/>
      <Atom charge="-0.14" name="C17" type="ca"/>
      <Atom charge="-0.13" name="C18" type="ca"/>
      <Atom charge="-0.1295" name="C19" type="ca"/>
      <Atom charge="0.0817" name="H1" type="h1"/>
      <Atom charge="0.0647" name="H2" type="hc"/>
      <Atom charge="0.0647" name="H31" type="hc"/>
      <Atom charge="0.0647" name="H32" type="hc"/>
      <Atom charge="0.029033" name="H41" type="hc"/>
      <Atom charge="0.029033" name="H42" type="hc"/>
      <Atom charge="0.029033" name="H43" type="hc"/>
      <Atom charge="0.0717" name="H7" type="h1"/>
      <Atom charge="0.0567" name="H81" type="hc"/>
      <Atom charge="0.0567" name="H82" type="hc"/>
      <Atom charge="0.0687" name="H101" type="hc"/>
      <Atom charge="0.0687" name="H102" type="hc"/>
      <Atom charge="0.043367" name="H121" type="hc"/>
      <Atom charge="0.043367" name="H122" type="hc"/>
      <Atom charge="0.043367" name="H123" type="hc"/>
      <Atom charge="0.3305" name="HN3" type="hn"/>
      <Atom charge="0.391" name="HO2" type="ho"/>
      <Atom charge="0.0397" name="H13" type="hc"/>
      <Atom charge="0.027533" name="H201" type="hc"/>
      <Atom charge="0.027533" name="H202" type="hc"/>
      <Atom charge="0.027533" name="H203" type="hc"/>
      <Atom charge="0.027533" name="H211" type="hc"/>
      <Atom charge="0.027533" name="H212" type="hc"/>
      <Atom charge="0.027533" name="H213" type="hc"/>
      <Atom charge="0.3155" name="HN1" type="hn"/>
      <Atom charge="0.0687" name="H22" type="hc"/>
      <Atom charge="0.0837" name="H231" type="hc"/>
      <Atom charge="0.0837" name="H232" type="hc"/>
      <Atom charge="0.3065" name="HN2" type="hn"/>
      <Atom charge="0.134" name="H15" type="ha"/>
      <Atom charge="0.1235" name="H16" type="ha"/>
      <Atom charge="0.122" name="H17" type="ha"/>
      <Atom charge="0.1235" name="H18" type="ha"/>
      <Atom charge="0.134" name="H19" type="ha"/>
      <Atom charge="0.6621" name="C9" type="c"/>
      <Atom charge="-0.8413" name="O5" type="o"/>
      <Atom charge="-0.4754" name="N1" type="ns"/>
      <Atom charge="-0.5511" name="O3" type="o"/>
      <Bond atomName1="C1" atomName2="C2"/>
      <Bond atomName1="C1" atomName2="C6"/>
      <Bond atomName1="C1" atomName2="N3"/>
      <Bond atomName1="C1" atomName2="H1"/>
      <Bond atomName1="C2" atomName2="C3"/>
      <Bond atomName1="C2" atomName2="C12"/>
      <Bond atomName1="C2" atomName2="H2"/>
      <Bond atomName1="C3" atomName2="C4"/>
      <Bond atomName1="C3" atomName2="H31"/>
      <Bond atomName1="C3" atomName2="H32"/>
      <Bond atomName1="C4" atomName2="H41"/>
      <Bond atomName1="C4" atomName2="H42"/>
      <Bond atomName1="C4" atomName2="H43"/>
      <Bond atomName1="C5" atomName2="N3"/>
      <Bond atomName1="C5" atomName2="C22"/>
      <Bond atomName1="C5" atomName2="O4"/>
      <Bond atomName1="C6" atomName2="O6"/>
      <Bond atomName1="C6" atomName2="N2"/>
      <Bond atomName1="C7" atomName2="C8"/>
      <Bond atomName1="C7" atomName2="C11"/>
      <Bond atomName1="C7" atomName2="N2"/>
      <Bond atomName1="C7" atomName2="H7"/>
      <Bond atomName1="C8" atomName2="C13"/>
      <Bond atomName1="C8" atomName2="H81"/>
      <Bond atomName1="C8" atomName2="H82"/>
      <Bond atomName1="C9" atomName2="C10"/>
      <Bond atomName1="C9" atomName2="N1"/>
      <Bond atomName1="C9" atomName2="O3"/>
      <Bond atomName1="C10" atomName2="C22"/>
      <Bond atomName1="C10" atomName2="H101"/>
      <Bond atomName1="C10" atomName2="H102"/>
      <Bond atomName1="C11" atomName2="O1"/>
      <Bond atomName1="C11" atomName2="O5"/>
      <Bond atomName1="C12" atomName2="H121"/>
      <Bond atomName1="C12" atomName2="H122"/>
      <Bond atomName1="C12" atomName2="H123"/>
      <Bond atomName1="N3" atomName2="HN3"/>
      <Bond atomName1="O2" atomName2="N1"/>
      <Bond atomName1="O2" atomName2="HO2"/>
      <Bond atomName1="C13" atomName2="C20"/>
      <Bond atomName1="C13" atomName2="C21"/>
      <Bond atomName1="C13" atomName2="H13"/>
      <Bond atomName1="C20" atomName2="H201"/>
      <Bond atomName1="C20" atomName2="H202"/>
      <Bond atomName1="C20" atomName2="H203"/>
      <Bond atomName1="C21" atomName2="H211"/>
      <Bond atomName1="C21" atomName2="H212"/>
      <Bond atomName1="C21" atomName2="H213"/>
      <Bond atomName1="N1" atomName2="HN1"/>
      <Bond atomName1="C22" atomName2="C23"/>
      <Bond atomName1="C22" atomName2="H22"/>
      <Bond atomName1="C23" atomName2="C14"/>
      <Bond atomName1="C23" atomName2="H231"/>
      <Bond atomName1="C23" atomName2="H232"/>
      <Bond atomName1="N2" atomName2="HN2"/>
      <Bond atomName1="C14" atomName2="C15"/>
      <Bond atomName1="C14" atomName2="C19"/>
      <Bond atomName1="C15" atomName2="C16"/>
      <Bond atomName1="C15" atomName2="H15"/>
      <Bond atomName1="C16" atomName2="C17"/>
      <Bond atomName1="C16" atomName2="H16"/>
      <Bond atomName1="C17" atomName2="C18"/>
      <Bond atomName1="C17" atomName2="H17"/>
      <Bond atomName1="C18" atomName2="C19"/>
      <Bond atomName1="C18" atomName2="H18"/>
      <Bond atomName1="C19" atomName2="H19"/>
    </Residue>
  </Residues>
  <HarmonicBondForce>
    <Bond k="220747.83999999997" length="0.1462" type1="c3" type2="ns"/>
    <Bond k="298068.1599999999" length="0.1379" type1="c" type2="ns"/>
    <Bond k="441244.6399999999" length="0.1013" type1="hn" type2="ns"/>
    <Bond k="152130.24" length="0.1406" type1="ns" type2="oh"/>
  </HarmonicBondForce>
  <HarmonicAngleForce>
    <Angle angle="2.010270232447069" k="705.4224" type1="c3" type2="c" type3="ns"/>
    <Angle angle="2.1064378742319563" k="546.4304" type1="c" type2="ns" type3="c3"/>
    <Angle angle="2.053903463746927" k="385.76480000000004" type1="c3" type2="ns" type3="hn"/>
    <Angle angle="1.9479619781508712" k="696.2176000000001" type1="c3" type2="c3" type3="ns"/>
    <Angle angle="2.051634535719334" k="407.52160000000003" type1="c" type2="ns" type3="hn"/>
    <Angle angle="1.903456082225016" k="707.096" type1="c" type2="c3" type3="ns"/>
    <Angle angle="1.900314489571426" k="514.6320000000001" type1="h1" type2="c3" type3="ns"/>
    <Angle angle="2.1476276445790226" k="952.2784" type1="ns" type2="c" type3="o"/>
    <Angle angle="1.9327776136585204" k="516.3056" type1="hn" type2="ns" type3="oh"/>
    <Angle angle="2.0160298189786503" k="713.7904" type1="c" type2="ns" type3="oh"/>
    <Angle angle="1.7678439993450565" k="534.7152" type1="ho" type2="oh" type3="ns"/>
  </HarmonicAngleForce>
  <PeriodicTorsionForce>
    <Proper k1="1.0878400000000001" k2="2.092" periodicity1="2" periodicity2="1" phase1="3.141592653589793" phase2="0.0" type1="c3" type2="c" type3="ns" type4="c3"/>
    <Proper k1="10.46" periodicity1="2" phase1="3.141592653589793" type1="c3" type2="c" type3="ns" type4="hn"/>
    <Proper k1="10.46" periodicity1="2" phase1="3.141592653589793" type1="o" type2="c" type3="ns" type4="c3"/>
    <Proper k1="0.0" k2="2.97064" periodicity1="4" periodicity2="2" phase1="3.141592653589793" phase2="3.141592653589793" type1="ns" type2="c" type3="c3" type4="c3"/>
    <Proper k1="0.41840000000000005" k2="0.7112800000000001" k3="4.26768" periodicity1="4" periodicity2="3" periodicity3="1" phase1="3.141592653589793" phase2="0.0" phase3="3.141592653589793" type1="c3" type2="c3" type3="ns" type4="c"/>
    <Proper k1="0.0" periodicity1="2" phase1="0.0" type1="c3" type2="c3" type3="ns" type4="hn"/>
    <Proper k1="0.41840000000000005" periodicity1="3" phase1="0.0" type1="c3" type2="c3" type3="c3" type4="ns"/>
    <Proper k1="1.63176" k2="2.67776" periodicity1="2" periodicity2="1" phase1="3.141592653589793" phase2="0.0" type1="c" type2="c3" type3="ns" type4="c"/>
    <Proper k1="0.0" periodicity1="2" phase1="3.141592653589793" type1="h1" type2="c3" type3="ns" type4="c"/>
    <Proper k1="0.0" periodicity1="2" phase1="0.0" type1="c" type2="c3" type3="ns" type4="hn"/>
    <Proper k1="10.46" periodicity1="2" phase1="3.141592653589793" type1="c3" type2="c" type3="ns" type4="oh"/>
    <Proper k1="0.41840000000000005" k2="8.870080000000002" periodicity1="1" periodicity2="2" phase1="3.141592653589793" phase2="3.141592653589793" type1="ns" type2="c" type3="c3" type4="ns"/>
    <Proper k1="10.46" k2="8.368" periodicity1="2" periodicity2="1" phase1="3.141592653589793" phase2="0.0" type1="o" type2="c" type3="ns" type4="hn"/>
    <Proper k1="10.46" periodicity1="2" phase1="3.141592653589793" type1="o" type2="c" type3="ns" type4="oh"/>
    <Proper k1="0.0" periodicity1="2" phase1="0.0" type1="h1" type2="c3" type3="ns" type4="hn"/>
    <Proper k1="6.276" periodicity1="2" phase1="0.0" type1="hn" type2="ns" type3="oh" type4="ho"/>
    <Proper k1="6.276" periodicity1="2" phase1="0.0" type1="c" type2="ns" type3="oh" type4="ho"/>
    <Improper k1="43.932" periodicity1="2" phase1="3.141592653589793" type1="c" type2="c3" type3="ns" type4="o"/>
    <Improper k1="4.6024" periodicity1="2" phase1="3.141592653589793" type1="c" type2="c3" type3="o" type4="o"/>
    <Improper k1="4.6024" periodicity1="2" phase1="3.141592653589793" type1="ns" type2="c" type3="c3" type4="hn"/>
    <Improper k1="4.6024" periodicity1="2" phase1="3.141592653589793" type1="ca" type2="ca" type3="ca" type4="ha"/>
    <Improper k1="4.6024" periodicity1="2" phase1="3.141592653589793" type1="ns" type2="c" type3="hn" type4="oh"/>
  </PeriodicTorsionForce>
</ForceField>
