<ForceField>
  <Info>
    <DateGenerated>2019-07-05</DateGenerated>
  </Info>
  <Residues>
    <Residue name="MC_008">
      <Atom charge="-0.1569" name="F7" type="f"/>
      <Atom charge="0.0959" name="C1" type="ca"/>
      <Atom charge="-0.135" name="C2" type="ca"/>
      <Atom charge="-0.064" name="C3" type="ca"/>
      <Atom charge="-0.113" name="C4" type="ca"/>
      <Atom charge="-0.089" name="C5" type="ca"/>
      <Atom charge="-0.2013" name="C6" type="ca"/>
      <Atom charge="-0.0471" name="C8" type="c3"/>
      <Atom charge="0.1285" name="C9" type="c3"/>
      <Atom charge="-0.8146" name="N10" type="nz"/>
      <Atom charge="-0.1804" name="C11" type="c3"/>
      <Atom charge="0.6611" name="C12" type="c"/>
      <Atom charge="-0.7431" name="O13" type="o"/>
      <Atom charge="-0.4398" name="N14" type="n"/>
      <Atom charge="0.1453" name="C19" type="c3"/>
      <Atom charge="-0.1303" name="C18" type="ca"/>
      <Atom charge="-0.107" name="C20" type="ca"/>
      <Atom charge="-0.085" name="C21" type="ca"/>
      <Atom charge="-0.086" name="C22" type="ca"/>
      <Atom charge="-0.1023" name="C17" type="ca"/>
      <Atom charge="-0.103" name="C23" type="ca"/>
      <Atom charge="-0.0501" name="C16" type="c3"/>
      <Atom charge="0.0337" name="C15" type="c3"/>
      <Atom charge="0.5091" name="C24" type="c"/>
      <Atom charge="-0.3871" name="O25" type="o"/>
      <Atom charge="-0.6694" name="N26" type="nz"/>
      <Atom charge="0.176" name="H2" type="ha"/>
      <Atom charge="0.174" name="H3" type="ha"/>
      <Atom charge="0.168" name="H4" type="ha"/>
      <Atom charge="0.145" name="H5" type="ha"/>
      <Atom charge="0.0972" name="H8C1" type="hc"/>
      <Atom charge="0.0972" name="H8C2" type="hc"/>
      <Atom charge="0.1157" name="H9" type="hx"/>
      <Atom charge="0.465467" name="H101" type="hn"/>
      <Atom charge="0.465467" name="H102" type="hn"/>
      <Atom charge="0.1212" name="H111" type="hc"/>
      <Atom charge="0.1212" name="H112" type="hc"/>
      <Atom charge="0.0867" name="H191" type="h1"/>
      <Atom charge="0.0867" name="H192" type="h1"/>
      <Atom charge="0.147" name="H20" type="ha"/>
      <Atom charge="0.167" name="H21" type="ha"/>
      <Atom charge="0.167" name="H22" type="ha"/>
      <Atom charge="0.148" name="H23" type="ha"/>
      <Atom charge="0.0647" name="H161" type="hc"/>
      <Atom charge="0.0647" name="H162" type="hc"/>
      <Atom charge="0.1547" name="H15" type="h1"/>
      <Atom charge="0.478133" name="H261" type="hn"/>
      <Atom charge="0.478133" name="H262" type="hn"/>
      <Atom charge="0.465467" name="H103" type="hn"/>
      <Atom charge="0.478133" name="H263" type="hn"/>
      <Bond atomName1="F7" atomName2="C1"/>
      <Bond atomName1="C1" atomName2="C2"/>
      <Bond atomName1="C1" atomName2="C6"/>
      <Bond atomName1="C2" atomName2="C3"/>
      <Bond atomName1="C2" atomName2="H2"/>
      <Bond atomName1="C3" atomName2="C4"/>
      <Bond atomName1="C3" atomName2="H3"/>
      <Bond atomName1="C4" atomName2="C5"/>
      <Bond atomName1="C4" atomName2="H4"/>
      <Bond atomName1="C5" atomName2="C6"/>
      <Bond atomName1="C5" atomName2="H5"/>
      <Bond atomName1="C6" atomName2="C8"/>
      <Bond atomName1="C8" atomName2="C9"/>
      <Bond atomName1="C8" atomName2="H8C1"/>
      <Bond atomName1="C8" atomName2="H8C2"/>
      <Bond atomName1="C9" atomName2="N10"/>
      <Bond atomName1="C9" atomName2="C11"/>
      <Bond atomName1="C9" atomName2="H9"/>
      <Bond atomName1="N10" atomName2="H101"/>
      <Bond atomName1="N10" atomName2="H102"/>
      <Bond atomName1="C11" atomName2="C12"/>
      <Bond atomName1="C11" atomName2="H111"/>
      <Bond atomName1="C11" atomName2="H112"/>
      <Bond atomName1="C12" atomName2="O13"/>
      <Bond atomName1="C12" atomName2="N14"/>
      <Bond atomName1="N14" atomName2="C19"/>
      <Bond atomName1="N14" atomName2="C15"/>
      <Bond atomName1="C19" atomName2="C18"/>
      <Bond atomName1="C19" atomName2="H191"/>
      <Bond atomName1="C19" atomName2="H192"/>
      <Bond atomName1="C18" atomName2="C20"/>
      <Bond atomName1="C18" atomName2="C17"/>
      <Bond atomName1="C20" atomName2="C21"/>
      <Bond atomName1="C20" atomName2="H20"/>
      <Bond atomName1="C21" atomName2="C22"/>
      <Bond atomName1="C21" atomName2="H21"/>
      <Bond atomName1="C22" atomName2="C23"/>
      <Bond atomName1="C22" atomName2="H22"/>
      <Bond atomName1="C17" atomName2="C23"/>
      <Bond atomName1="C17" atomName2="C16"/>
      <Bond atomName1="C23" atomName2="H23"/>
      <Bond atomName1="C16" atomName2="C15"/>
      <Bond atomName1="C16" atomName2="H161"/>
      <Bond atomName1="C16" atomName2="H162"/>
      <Bond atomName1="C15" atomName2="C24"/>
      <Bond atomName1="C15" atomName2="H15"/>
      <Bond atomName1="C24" atomName2="O25"/>
      <Bond atomName1="C24" atomName2="N26"/>
      <Bond atomName1="N26" atomName2="H261"/>
      <Bond atomName1="N26" atomName2="H262"/>
      <Bond atomName1="H103" atomName2="N10"/>
      <Bond atomName1="H263" atomName2="N26"/>
    </Residue>
  </Residues>
  <HarmonicBondForce>
    <Bond k="186271.67999999996" length="0.1511" type1="c3" type2="nz"/>
    <Bond k="404090.7199999999" length="0.10300000000000001" type1="hn" type2="nz"/>
    <Bond k="165602.71999999997" length="0.15460000000000002" type1="c" type2="nz"/>
  </HarmonicBondForce>
  <HarmonicAngleForce>
    <Angle angle="1.9933405387027237" k="677.808" type1="c3" type2="c3" type3="nz"/>
    <Angle angle="1.9217820393709562" k="386.6016" type1="c3" type2="nz" type3="hn"/>
    <Angle angle="1.8851301250790755" k="502.9168" type1="hx" type2="c3" type3="nz"/>
    <Angle angle="1.9593066182888343" k="678.6448" type1="c3" type2="c" type3="nz"/>
    <Angle angle="1.9394098648160991" k="376.56" type1="c" type2="nz" type3="hn"/>
    <Angle angle="2.073974750144862" k="892.0287999999999" type1="nz" type2="c" type3="o"/>
    <Angle angle="1.8901915799098588" k="334.72" type1="hn" type2="nz" type3="hn"/>
  </HarmonicAngleForce>
  <PeriodicTorsionForce>
    <Proper k1="0.6508444444444444" periodicity1="3" phase1="0.0" type1="c3" type2="c3" type3="nz" type4="hn"/>
    <Proper k1="4.2886" k2="1.52716" periodicity1="2" periodicity2="4" phase1="3.141592653589793" phase2="3.141592653589793" type1="c3" type2="c" type3="nz" type4="hn"/>
    <Proper k1="0.0" periodicity1="3" phase1="3.141592653589793" type1="o" type2="c" type3="nz" type4="hn"/>
    <Proper k1="0.456056" periodicity1="3" phase1="0.0" type1="hx" type2="c3" type3="nz" type4="hn"/>
    <Improper k1="4.6024" periodicity1="2" phase1="3.141592653589793" type1="ca" type2="ca" type3="ca" type4="ha"/>
    <Improper k1="43.932" periodicity1="2" phase1="3.141592653589793" type1="c" type2="c3" type3="n" type4="o"/>
    <Improper k1="4.6024" periodicity1="2" phase1="3.141592653589793" type1="n" type2="c" type3="c3" type4="c3"/>
    <Improper k1="43.932" periodicity1="2" phase1="3.141592653589793" type1="c" type2="c3" type3="nz" type4="o"/>
  </PeriodicTorsionForce>
</ForceField>
