<ForceField>
  <Info>
    <DateGenerated>2019-07-05</DateGenerated>
  </Info>
  <Residues>
    <Residue name="MC_009">
      <Atom charge="0.6631" name="C" type="c"/>
      <Atom charge="-0.6141" name="O" type="o"/>
      <Atom charge="-0.5529" name="N" type="ns"/>
      <Atom charge="0.1087" name="CA" type="c3"/>
      <Atom charge="-0.0481" name="CB" type="c3"/>
      <Atom charge="-0.0873" name="CG" type="ca"/>
      <Atom charge="-0.121" name="CD1" type="ca"/>
      <Atom charge="-0.121" name="CD2" type="ca"/>
      <Atom charge="-0.122" name="CE1" type="ca"/>
      <Atom charge="-0.122" name="CE2" type="ca"/>
      <Atom charge="-0.127" name="CZ" type="ca"/>
      <Atom charge="0.1321" name="C1" type="c3"/>
      <Atom charge="-0.6118" name="OG" type="oh"/>
      <Atom charge="0.1098" name="C2" type="c3"/>
      <Atom charge="-0.8232" name="N2" type="n7"/>
      <Atom charge="0.2051" name="C20" type="c3"/>
      <Atom charge="-0.0483" name="C21" type="ca"/>
      <Atom charge="-0.183" name="C22" type="ca"/>
      <Atom charge="-0.083" name="C23" type="ca"/>
      <Atom charge="-0.202" name="C24" type="ca"/>
      <Atom charge="0.2056" name="C25" type="ca"/>
      <Atom charge="-0.183" name="C26" type="ca"/>
      <Atom charge="-0.741" name="N27" type="nh"/>
      <Atom charge="0.2321" name="C28" type="c3"/>
      <Atom charge="0.2321" name="C29" type="c3"/>
      <Atom charge="0.0214" name="C30" type="c3"/>
      <Atom charge="-0.5999" name="N31" type="ns"/>
      <Atom charge="0.8175" name="C32" type="c"/>
      <Atom charge="-0.6925" name="O33" type="o"/>
      <Atom charge="-0.5168" name="N34" type="n"/>
      <Atom charge="0.104" name="C35" type="c3"/>
      <Atom charge="0.1973" name="C36" type="c3"/>
      <Atom charge="-0.1203" name="C41" type="ca"/>
      <Atom charge="-0.1075" name="C42" type="ca"/>
      <Atom charge="-0.1075" name="C43" type="ca"/>
      <Atom charge="-0.134" name="C44" type="ca"/>
      <Atom charge="-0.134" name="C45" type="ca"/>
      <Atom charge="-0.124" name="C46" type="ca"/>
      <Atom charge="-0.0351" name="C51" type="c3"/>
      <Atom charge="-0.118" name="C52" type="ca"/>
      <Atom charge="-0.12" name="C53" type="ca"/>
      <Atom charge="-0.118" name="C54" type="ca"/>
      <Atom charge="-0.1265" name="C55" type="ca"/>
      <Atom charge="-0.1053" name="C56" type="ca"/>
      <Atom charge="-0.1265" name="C57" type="ca"/>
      <Atom charge="0.3285" name="HN" type="hn"/>
      <Atom charge="0.0997" name="HA" type="h1"/>
      <Atom charge="0.0592" name="HB" type="hc"/>
      <Atom charge="0.0592" name="HBA" type="hc"/>
      <Atom charge="0.1265" name="HD1" type="ha"/>
      <Atom charge="0.1265" name="HD2" type="ha"/>
      <Atom charge="0.1315" name="HE1" type="ha"/>
      <Atom charge="0.1315" name="HE2" type="ha"/>
      <Atom charge="0.128" name="HZ" type="ha"/>
      <Atom charge="0.0577" name="H1" type="h1"/>
      <Atom charge="0.422" name="HOG" type="ho"/>
      <Atom charge="0.0462" name="H2" type="h1"/>
      <Atom charge="0.0462" name="H2A" type="h1"/>
      <Atom charge="0.3618" name="HN2" type="hn"/>
      <Atom charge="0.0402" name="H20" type="h1"/>
      <Atom charge="0.0402" name="H20A" type="h1"/>
      <Atom charge="0.124" name="H22" type="ha"/>
      <Atom charge="0.128" name="H23" type="ha"/>
      <Atom charge="0.132" name="H24" type="ha"/>
      <Atom charge="0.135" name="H26" type="ha"/>
      <Atom charge="0.035033" name="H28" type="h1"/>
      <Atom charge="0.035033" name="H28A" type="h1"/>
      <Atom charge="0.035033" name="H28B" type="h1"/>
      <Atom charge="0.035033" name="H29" type="h1"/>
      <Atom charge="0.035033" name="H29A" type="h1"/>
      <Atom charge="0.035033" name="H29B" type="h1"/>
      <Atom charge="0.3605" name="HN31" type="hn"/>
      <Atom charge="0.0812" name="H35" type="h1"/>
      <Atom charge="0.0812" name="H35A" type="h1"/>
      <Atom charge="0.0632" name="H36" type="h1"/>
      <Atom charge="0.0632" name="H36A" type="h1"/>
      <Atom charge="0.1405" name="H42" type="ha"/>
      <Atom charge="0.1405" name="H43" type="ha"/>
      <Atom charge="0.1295" name="H44" type="ha"/>
      <Atom charge="0.1295" name="H45" type="ha"/>
      <Atom charge="0.126" name="H46" type="ha"/>
      <Atom charge="0.0677" name="H51" type="hc"/>
      <Atom charge="0.0677" name="H51A" type="hc"/>
      <Atom charge="0.131" name="H53" type="ha"/>
      <Atom charge="0.1335" name="H54" type="ha"/>
      <Atom charge="0.134" name="H55" type="ha"/>
      <Atom charge="0.134" name="H57" type="ha"/>
      <Atom charge="0.1335" name="H52" type="ha"/>
      <Bond atomName1="C" atomName2="O"/>
      <Bond atomName1="C" atomName2="N"/>
      <Bond atomName1="C" atomName2="C30"/>
      <Bond atomName1="N" atomName2="CA"/>
      <Bond atomName1="CA" atomName2="CB"/>
      <Bond atomName1="CA" atomName2="C1"/>
      <Bond atomName1="CB" atomName2="CG"/>
      <Bond atomName1="CG" atomName2="CD1"/>
      <Bond atomName1="CG" atomName2="CD2"/>
      <Bond atomName1="CD1" atomName2="CE1"/>
      <Bond atomName1="CD2" atomName2="CE2"/>
      <Bond atomName1="CE1" atomName2="CZ"/>
      <Bond atomName1="CE2" atomName2="CZ"/>
      <Bond atomName1="C1" atomName2="OG"/>
      <Bond atomName1="C1" atomName2="C2"/>
      <Bond atomName1="C2" atomName2="N2"/>
      <Bond atomName1="N2" atomName2="C20"/>
      <Bond atomName1="C20" atomName2="C21"/>
      <Bond atomName1="C21" atomName2="C22"/>
      <Bond atomName1="C21" atomName2="C26"/>
      <Bond atomName1="C22" atomName2="C23"/>
      <Bond atomName1="C23" atomName2="C24"/>
      <Bond atomName1="C24" atomName2="C25"/>
      <Bond atomName1="C25" atomName2="C26"/>
      <Bond atomName1="C25" atomName2="N27"/>
      <Bond atomName1="N27" atomName2="C28"/>
      <Bond atomName1="N27" atomName2="C29"/>
      <Bond atomName1="C30" atomName2="N31"/>
      <Bond atomName1="C30" atomName2="C35"/>
      <Bond atomName1="C30" atomName2="C51"/>
      <Bond atomName1="N31" atomName2="C32"/>
      <Bond atomName1="C32" atomName2="O33"/>
      <Bond atomName1="C32" atomName2="N34"/>
      <Bond atomName1="N34" atomName2="C35"/>
      <Bond atomName1="N34" atomName2="C36"/>
      <Bond atomName1="C36" atomName2="C41"/>
      <Bond atomName1="C41" atomName2="C42"/>
      <Bond atomName1="C41" atomName2="C43"/>
      <Bond atomName1="C42" atomName2="C45"/>
      <Bond atomName1="C43" atomName2="C44"/>
      <Bond atomName1="C44" atomName2="C46"/>
      <Bond atomName1="C45" atomName2="C46"/>
      <Bond atomName1="C51" atomName2="C56"/>
      <Bond atomName1="C52" atomName2="C53"/>
      <Bond atomName1="C52" atomName2="C57"/>
      <Bond atomName1="C53" atomName2="C54"/>
      <Bond atomName1="C54" atomName2="C55"/>
      <Bond atomName1="C55" atomName2="C56"/>
      <Bond atomName1="C56" atomName2="C57"/>
      <Bond atomName1="N" atomName2="HN"/>
      <Bond atomName1="CA" atomName2="HA"/>
      <Bond atomName1="CB" atomName2="HB"/>
      <Bond atomName1="CB" atomName2="HBA"/>
      <Bond atomName1="CD1" atomName2="HD1"/>
      <Bond atomName1="CD2" atomName2="HD2"/>
      <Bond atomName1="CE1" atomName2="HE1"/>
      <Bond atomName1="CE2" atomName2="HE2"/>
      <Bond atomName1="CZ" atomName2="HZ"/>
      <Bond atomName1="C1" atomName2="H1"/>
      <Bond atomName1="OG" atomName2="HOG"/>
      <Bond atomName1="C2" atomName2="H2"/>
      <Bond atomName1="C2" atomName2="H2A"/>
      <Bond atomName1="N2" atomName2="HN2"/>
      <Bond atomName1="C20" atomName2="H20"/>
      <Bond atomName1="C20" atomName2="H20A"/>
      <Bond atomName1="C22" atomName2="H22"/>
      <Bond atomName1="C23" atomName2="H23"/>
      <Bond atomName1="C24" atomName2="H24"/>
      <Bond atomName1="C26" atomName2="H26"/>
      <Bond atomName1="C28" atomName2="H28"/>
      <Bond atomName1="C28" atomName2="H28A"/>
      <Bond atomName1="C28" atomName2="H28B"/>
      <Bond atomName1="C29" atomName2="H29"/>
      <Bond atomName1="C29" atomName2="H29A"/>
      <Bond atomName1="C29" atomName2="H29B"/>
      <Bond atomName1="N31" atomName2="HN31"/>
      <Bond atomName1="C35" atomName2="H35"/>
      <Bond atomName1="C35" atomName2="H35A"/>
      <Bond atomName1="C36" atomName2="H36"/>
      <Bond atomName1="C36" atomName2="H36A"/>
      <Bond atomName1="C42" atomName2="H42"/>
      <Bond atomName1="C43" atomName2="H43"/>
      <Bond atomName1="C44" atomName2="H44"/>
      <Bond atomName1="C45" atomName2="H45"/>
      <Bond atomName1="C46" atomName2="H46"/>
      <Bond atomName1="C51" atomName2="H51"/>
      <Bond atomName1="C51" atomName2="H51A"/>
      <Bond atomName1="C52" atomName2="H52"/>
      <Bond atomName1="C53" atomName2="H53"/>
      <Bond atomName1="C54" atomName2="H54"/>
      <Bond atomName1="C55" atomName2="H55"/>
      <Bond atomName1="C57" atomName2="H57"/>
    </Residue>
  </Residues>
  <HarmonicBondForce>
    <Bond k="298068.1599999999" length="0.1379" type1="c" type2="ns"/>
    <Bond k="220747.83999999997" length="0.1462" type1="c3" type2="ns"/>
    <Bond k="441244.6399999999" length="0.1013" type1="hn" type2="ns"/>
    <Bond k="218572.15999999995" length="0.14650000000000002" type1="c3" type2="n7"/>
    <Bond k="427855.8399999999" length="0.10189999999999999" type1="hn" type2="n7"/>
  </HarmonicBondForce>
  <HarmonicAngleForce>
    <Angle angle="2.1064378742319563" k="546.4304" type1="c" type2="ns" type3="c3"/>
    <Angle angle="2.051634535719334" k="407.52160000000003" type1="c" type2="ns" type3="hn"/>
    <Angle angle="1.903456082225016" k="707.096" type1="c" type2="c3" type3="ns"/>
    <Angle angle="2.1476276445790226" k="952.2784" type1="ns" type2="c" type3="o"/>
    <Angle angle="2.010270232447069" k="705.4224" type1="c3" type2="c" type3="ns"/>
    <Angle angle="1.9479619781508712" k="696.2176000000001" type1="c3" type2="c3" type3="ns"/>
    <Angle angle="1.900314489571426" k="514.6320000000001" type1="h1" type2="c3" type3="ns"/>
    <Angle angle="2.053903463746927" k="385.76480000000004" type1="c3" type2="ns" type3="hn"/>
    <Angle angle="1.9380136014145037" k="697.0544" type1="c3" type2="c3" type3="n7"/>
    <Angle angle="1.9608774146156291" k="549.7776" type1="c3" type2="n7" type3="c3"/>
    <Angle angle="1.9074703395046029" k="399.99039999999997" type1="c3" type2="n7" type3="hn"/>
    <Angle angle="1.9177677820913692" k="512.1216000000001" type1="h1" type2="c3" type3="n7"/>
    <Angle angle="1.95756128903684" k="698.7280000000001" type1="ca" type2="c3" type3="n7"/>
    <Angle angle="1.9819958985647608" k="940.5632" type1="n" type2="c" type3="ns"/>
  </HarmonicAngleForce>
  <PeriodicTorsionForce>
    <Proper k1="0.41840000000000005" k2="0.7112800000000001" k3="4.26768" periodicity1="4" periodicity2="3" periodicity3="1" phase1="3.141592653589793" phase2="0.0" phase3="3.141592653589793" type1="c3" type2="c3" type3="ns" type4="c"/>
    <Proper k1="0.0" periodicity1="2" phase1="3.141592653589793" type1="h1" type2="c3" type3="ns" type4="c"/>
    <Proper k1="1.63176" k2="2.67776" periodicity1="2" periodicity2="1" phase1="3.141592653589793" phase2="0.0" type1="c" type2="c3" type3="ns" type4="c"/>
    <Proper k1="0.0" periodicity1="2" phase1="0.0" type1="c" type2="c3" type3="ns" type4="hn"/>
    <Proper k1="10.46" periodicity1="2" phase1="3.141592653589793" type1="o" type2="c" type3="ns" type4="c3"/>
    <Proper k1="10.46" k2="8.368" periodicity1="2" periodicity2="1" phase1="3.141592653589793" phase2="0.0" type1="o" type2="c" type3="ns" type4="hn"/>
    <Proper k1="0.41840000000000005" k2="8.870080000000002" periodicity1="1" periodicity2="2" phase1="3.141592653589793" phase2="3.141592653589793" type1="ns" type2="c" type3="c3" type4="ns"/>
    <Proper k1="0.0" k2="2.97064" periodicity1="4" periodicity2="2" phase1="3.141592653589793" phase2="3.141592653589793" type1="ns" type2="c" type3="c3" type4="c3"/>
    <Proper k1="0.87864" periodicity1="3" phase1="0.0" type1="ca" type2="c3" type3="c3" type4="ns"/>
    <Proper k1="0.42258400000000007" periodicity1="3" phase1="0.0" type1="ns" type2="c3" type3="c3" type4="oh"/>
    <Proper k1="0.41840000000000005" periodicity1="3" phase1="0.0" type1="c3" type2="c3" type3="c3" type4="ns"/>
    <Proper k1="1.0878400000000001" k2="2.092" periodicity1="2" periodicity2="1" phase1="3.141592653589793" phase2="0.0" type1="c3" type2="c" type3="ns" type4="c3"/>
    <Proper k1="0.87864" periodicity1="3" phase1="0.0" type1="c3" type2="c3" type3="c3" type4="n7"/>
    <Proper k1="0.0" periodicity1="2" phase1="0.0" type1="c3" type2="c3" type3="ns" type4="hn"/>
    <Proper k1="0.9079280000000001" periodicity1="3" phase1="0.0" type1="c3" type2="c3" type3="n7" type4="hn"/>
    <Proper k1="1.2552" periodicity1="3" phase1="0.0" type1="ca" type2="c3" type3="n7" type4="c3"/>
    <Proper k1="0.9414" periodicity1="3" phase1="0.0" type1="h1" type2="c3" type3="n7" type4="c3"/>
    <Proper k1="1.2552" periodicity1="3" phase1="0.0" type1="ca" type2="c3" type3="n7" type4="hn"/>
    <Proper k1="10.46" periodicity1="2" phase1="3.141592653589793" type1="c3" type2="c" type3="ns" type4="hn"/>
    <Proper k1="10.46" periodicity1="2" phase1="3.141592653589793" type1="n" type2="c" type3="ns" type4="c3"/>
    <Proper k1="10.46" periodicity1="2" phase1="3.141592653589793" type1="n" type2="c" type3="ns" type4="hn"/>
    <Proper k1="0.0" periodicity1="2" phase1="0.0" type1="h1" type2="c3" type3="ns" type4="hn"/>
    <Proper k1="1.2552" periodicity1="3" phase1="0.0" type1="h1" type2="c3" type3="n7" type4="hn"/>
    <Improper k1="43.932" periodicity1="2" phase1="3.141592653589793" type1="c" type2="c3" type3="ns" type4="o"/>
    <Improper k1="4.6024" periodicity1="2" phase1="3.141592653589793" type1="ns" type2="c" type3="c3" type4="hn"/>
    <Improper k1="4.6024" periodicity1="2" phase1="3.141592653589793" type1="ca" type2="ca" type3="ca" type4="ha"/>
    <Improper k1="4.6024" periodicity1="2" phase1="3.141592653589793" type1="ca" type2="ca" type3="ca" type4="nh"/>
    <Improper k1="4.6024" periodicity1="2" phase1="3.141592653589793" type1="nh" type2="c3" type3="c3" type4="ca"/>
    <Improper k1="43.932" periodicity1="2" phase1="3.141592653589793" type1="c" type2="n" type3="ns" type4="o"/>
    <Improper k1="4.6024" periodicity1="2" phase1="3.141592653589793" type1="n" type2="c" type3="c3" type4="c3"/>
  </PeriodicTorsionForce>
</ForceField>
