<ForceField>
  <Info>
    <DateGenerated>2019-07-05</DateGenerated>
  </Info>
  <Residues>
    <Residue name="MC_00G">
      <Atom charge="-0.1613" name="C17" type="cc"/>
      <Atom charge="-0.2045" name="C16" type="cd"/>
      <Atom charge="-0.2045" name="C15" type="cd"/>
      <Atom charge="-0.1613" name="C14" type="cc"/>
      <Atom charge="-0.0571" name="N13" type="na"/>
      <Atom charge="0.0453" name="C12" type="c3"/>
      <Atom charge="0.1184" name="C11" type="c3"/>
      <Atom charge="-0.3359" name="O10" type="os"/>
      <Atom charge="0.1101" name="C3" type="ca"/>
      <Atom charge="-0.191" name="C2" type="ca"/>
      <Atom charge="-0.115" name="C4" type="ca"/>
      <Atom charge="-0.0688" name="C5" type="ca"/>
      <Atom charge="-0.2052" name="C9" type="cc"/>
      <Atom charge="-0.0931" name="C8" type="cd"/>
      <Atom charge="-0.1854" name="N7" type="na"/>
      <Atom charge="-0.0682" name="C6" type="ca"/>
      <Atom charge="-0.106" name="C1" type="ca"/>
      <Atom charge="0.164" name="H17" type="h4"/>
      <Atom charge="0.147" name="H16" type="ha"/>
      <Atom charge="0.147" name="H15" type="ha"/>
      <Atom charge="0.164" name="H14" type="h4"/>
      <Atom charge="0.0727" name="H12" type="h1"/>
      <Atom charge="0.0727" name="H12A" type="h1"/>
      <Atom charge="0.0452" name="H11" type="h1"/>
      <Atom charge="0.0452" name="H11A" type="h1"/>
      <Atom charge="0.137" name="H2" type="ha"/>
      <Atom charge="0.145" name="H4" type="ha"/>
      <Atom charge="0.156" name="H9" type="ha"/>
      <Atom charge="0.165" name="H8" type="h4"/>
      <Atom charge="0.127" name="H1" type="ha"/>
      <Atom charge="0.2947" name="HN7" type="hn"/>
      <Bond atomName1="N13" atomName2="C17"/>
      <Bond atomName1="C17" atomName2="C16"/>
      <Bond atomName1="C17" atomName2="H17"/>
      <Bond atomName1="C15" atomName2="C16"/>
      <Bond atomName1="C16" atomName2="H16"/>
      <Bond atomName1="C14" atomName2="C15"/>
      <Bond atomName1="C15" atomName2="H15"/>
      <Bond atomName1="C14" atomName2="N13"/>
      <Bond atomName1="C14" atomName2="H14"/>
      <Bond atomName1="C12" atomName2="N13"/>
      <Bond atomName1="C12" atomName2="C11"/>
      <Bond atomName1="C12" atomName2="H12"/>
      <Bond atomName1="C12" atomName2="H12A"/>
      <Bond atomName1="C11" atomName2="O10"/>
      <Bond atomName1="C11" atomName2="H11"/>
      <Bond atomName1="C11" atomName2="H11A"/>
      <Bond atomName1="O10" atomName2="C3"/>
      <Bond atomName1="C3" atomName2="C4"/>
      <Bond atomName1="C3" atomName2="C2"/>
      <Bond atomName1="C2" atomName2="C1"/>
      <Bond atomName1="C2" atomName2="H2"/>
      <Bond atomName1="C4" atomName2="C5"/>
      <Bond atomName1="C4" atomName2="H4"/>
      <Bond atomName1="C5" atomName2="C9"/>
      <Bond atomName1="C5" atomName2="C6"/>
      <Bond atomName1="C9" atomName2="C8"/>
      <Bond atomName1="C9" atomName2="H9"/>
      <Bond atomName1="C8" atomName2="N7"/>
      <Bond atomName1="C8" atomName2="H8"/>
      <Bond atomName1="C6" atomName2="N7"/>
      <Bond atomName1="C1" atomName2="C6"/>
      <Bond atomName1="C1" atomName2="H1"/>
      <Bond atomName1="N7" atomName2="HN7"/>
    </Residue>
  </Residues>
  <PeriodicTorsionForce>
    <Proper k1="2.11292" periodicity1="2" phase1="3.141592653589793" type1="ca" type2="ca" type3="cc" type4="cd"/>
    <Proper k1="2.9288" periodicity1="2" phase1="3.141592653589793" type1="ca" type2="ca" type3="cc" type4="ha"/>
    <Improper k1="4.6024" periodicity1="2" phase1="3.141592653589793" type1="cc" type2="cd" type3="h4" type4="na"/>
    <Improper k1="4.6024" periodicity1="2" phase1="3.141592653589793" type1="cd" type2="cc" type3="cd" type4="ha"/>
    <Improper k1="4.6024" periodicity1="2" phase1="3.141592653589793" type1="na" type2="c3" type3="cc" type4="cc"/>
    <Improper k1="4.6024" periodicity1="2" phase1="3.141592653589793" type1="ca" type2="ca" type3="ca" type4="os"/>
    <Improper k1="4.6024" periodicity1="2" phase1="3.141592653589793" type1="ca" type2="ca" type3="ca" type4="ha"/>
    <Improper k1="4.6024" periodicity1="2" phase1="3.141592653589793" type1="ca" type2="ca" type3="ca" type4="cc"/>
    <Improper k1="4.6024" periodicity1="2" phase1="3.141592653589793" type1="cc" type2="ca" type3="cd" type4="ha"/>
    <Improper k1="4.6024" periodicity1="2" phase1="3.141592653589793" type1="cd" type2="cc" type3="h4" type4="na"/>
    <Improper k1="4.6024" periodicity1="2" phase1="3.141592653589793" type1="na" type2="ca" type3="cd" type4="hn"/>
    <Improper k1="4.6024" periodicity1="2" phase1="3.141592653589793" type1="ca" type2="ca" type3="ca" type4="na"/>
  </PeriodicTorsionForce>
</ForceField>
