<ForceField>
  <Info>
    <DateGenerated>2019-07-05</DateGenerated>
  </Info>
  <Residues>
    <Residue name="MC_00S">
      <Atom charge="-0.8096" name="N23" type="nz"/>
      <Atom charge="0.1541" name="C16" type="c3"/>
      <Atom charge="-0.1453" name="C17" type="ca"/>
      <Atom charge="-0.085" name="C22" type="ca"/>
      <Atom charge="-0.076" name="C21" type="ca"/>
      <Atom charge="-0.1379" name="C24" type="ca"/>
      <Atom charge="0.5198" name="C27" type="ce"/>
      <Atom charge="-0.6421" name="N35" type="n2"/>
      <Atom charge="-0.8016" name="N34" type="nz"/>
      <Atom charge="-0.076" name="C19" type="ca"/>
      <Atom charge="-0.085" name="C18" type="ca"/>
      <Atom charge="0.4638" name="HN23" type="hn"/>
      <Atom charge="0.1282" name="H16" type="hx"/>
      <Atom charge="0.1282" name="H16A" type="hx"/>
      <Atom charge="0.166" name="H22" type="ha"/>
      <Atom charge="0.165" name="H21" type="ha"/>
      <Atom charge="0.4574" name="HN35" type="hn"/>
      <Atom charge="0.4728" name="HN34" type="hn"/>
      <Atom charge="0.4728" name="HN3A" type="hn"/>
      <Atom charge="0.165" name="H19" type="ha"/>
      <Atom charge="0.166" name="H18" type="ha"/>
      <Atom charge="0.4638" name="H2" type="hn"/>
      <Atom charge="0.4638" name="H233" type="hn"/>
      <Atom charge="0.4728" name="H343" type="hn"/>
      <Bond atomName1="C16" atomName2="N23"/>
      <Bond atomName1="N23" atomName2="HN23"/>
      <Bond atomName1="C16" atomName2="C17"/>
      <Bond atomName1="C16" atomName2="H16"/>
      <Bond atomName1="C16" atomName2="H16A"/>
      <Bond atomName1="C17" atomName2="C18"/>
      <Bond atomName1="C17" atomName2="C22"/>
      <Bond atomName1="C22" atomName2="C21"/>
      <Bond atomName1="C22" atomName2="H22"/>
      <Bond atomName1="C21" atomName2="C24"/>
      <Bond atomName1="C21" atomName2="H21"/>
      <Bond atomName1="C19" atomName2="C24"/>
      <Bond atomName1="C24" atomName2="C27"/>
      <Bond atomName1="C27" atomName2="N35"/>
      <Bond atomName1="C27" atomName2="N34"/>
      <Bond atomName1="N35" atomName2="HN35"/>
      <Bond atomName1="N34" atomName2="HN34"/>
      <Bond atomName1="N34" atomName2="HN3A"/>
      <Bond atomName1="C18" atomName2="C19"/>
      <Bond atomName1="C19" atomName2="H19"/>
      <Bond atomName1="C18" atomName2="H18"/>
      <Bond atomName1="N23" atomName2="H2"/>
      <Bond atomName1="H233" atomName2="N23"/>
      <Bond atomName1="H343" atomName2="N34"/>
    </Residue>
  </Residues>
  <HarmonicBondForce>
    <Bond k="186271.67999999996" length="0.1511" type1="c3" type2="nz"/>
    <Bond k="404090.7199999999" length="0.10300000000000001" type1="hn" type2="nz"/>
    <Bond k="198070.55999999994" length="0.14930000000000002" type1="ce" type2="nz"/>
  </HarmonicBondForce>
  <HarmonicAngleForce>
    <Angle angle="1.986184688769547" k="683.6656" type1="ca" type2="c3" type3="nz"/>
    <Angle angle="1.8851301250790755" k="502.9168" type1="hx" type2="c3" type3="nz"/>
    <Angle angle="1.9217820393709562" k="386.6016" type1="c3" type2="nz" type3="hn"/>
    <Angle angle="2.0668189002116852" k="702.753008" type1="ca" type2="ce" type3="nz"/>
    <Angle angle="1.928588823453734" k="392.4592" type1="ce" type2="nz" type3="hn"/>
    <Angle angle="2.0666443672864854" k="904.0201440000001" type1="n2" type2="ce" type3="nz"/>
    <Angle angle="1.8901915799098588" k="334.72" type1="hn" type2="nz" type3="hn"/>
  </HarmonicAngleForce>
  <PeriodicTorsionForce>
    <Proper k1="0.6508444444444444" periodicity1="3" phase1="0.0" type1="ca" type2="c3" type3="nz" type4="hn"/>
    <Proper k1="2.9288" periodicity1="2" phase1="3.141592653589793" type1="ca" type2="ca" type3="ce" type4="n2"/>
    <Proper k1="2.9288" periodicity1="2" phase1="3.141592653589793" type1="ca" type2="ca" type3="ce" type4="nz"/>
    <Proper k1="3.3472000000000004" periodicity1="2" phase1="3.141592653589793" type1="ca" type2="ce" type3="n2" type4="hn"/>
    <Proper k1="0.343088" periodicity1="3" phase1="3.141592653589793" type1="ca" type2="ce" type3="nz" type4="hn"/>
    <Proper k1="0.0" periodicity1="3" phase1="3.141592653589793" type1="n2" type2="ce" type3="nz" type4="hn"/>
    <Proper k1="3.3472000000000004" periodicity1="2" phase1="3.141592653589793" type1="nz" type2="ce" type3="n2" type4="hn"/>
    <Proper k1="0.456056" periodicity1="3" phase1="0.0" type1="hx" type2="c3" type3="nz" type4="hn"/>
    <Improper k1="4.6024" periodicity1="2" phase1="3.141592653589793" type1="ca" type2="ca" type3="ca" type4="ha"/>
    <Improper k1="4.6024" periodicity1="2" phase1="3.141592653589793" type1="ca" type2="ca" type3="ca" type4="ce"/>
    <Improper k1="4.6024" periodicity1="2" phase1="3.141592653589793" type1="ce" type2="ca" type3="n2" type4="nz"/>
  </PeriodicTorsionForce>
</ForceField>
