<ForceField>
  <Info>
    <DateGenerated>2019-07-05</DateGenerated>
  </Info>
  <Residues>
    <Residue name="MC_00T">
      <Atom charge="-0.8176" name="N19" type="nz"/>
      <Atom charge="0.1611" name="C10" type="c3"/>
      <Atom charge="-0.1733" name="C6" type="ca"/>
      <Atom charge="-0.1963" name="C5" type="ca"/>
      <Atom charge="0.1621" name="C32" type="c3"/>
      <Atom charge="-0.8166" name="N33" type="nz"/>
      <Atom charge="-0.059" name="C4" type="ca"/>
      <Atom charge="-0.062" name="C3" type="ca"/>
      <Atom charge="0.0704" name="C2" type="ca"/>
      <Atom charge="0.0266" name="Cl1" type="cl"/>
      <Atom charge="-0.074" name="C7" type="ca"/>
      <Atom charge="0.468133" name="HN19" type="hn"/>
      <Atom charge="0.1052" name="H10" type="hx"/>
      <Atom charge="0.1052" name="H10A" type="hx"/>
      <Atom charge="0.1042" name="H32" type="hx"/>
      <Atom charge="0.1042" name="H32A" type="hx"/>
      <Atom charge="0.467467" name="HN33" type="hn"/>
      <Atom charge="0.467467" name="HN3A" type="hn"/>
      <Atom charge="0.173" name="H4" type="ha"/>
      <Atom charge="0.202" name="H3" type="ha"/>
      <Atom charge="0.178" name="H7" type="ha"/>
      <Atom charge="0.468133" name="H2" type="hn"/>
      <Atom charge="0.468133" name="H193" type="hn"/>
      <Atom charge="0.467467" name="H333" type="hn"/>
      <Bond atomName1="N19" atomName2="C10"/>
      <Bond atomName1="C10" atomName2="C6"/>
      <Bond atomName1="C6" atomName2="C5"/>
      <Bond atomName1="C6" atomName2="C7"/>
      <Bond atomName1="C5" atomName2="C32"/>
      <Bond atomName1="C5" atomName2="C4"/>
      <Bond atomName1="C32" atomName2="N33"/>
      <Bond atomName1="C4" atomName2="C3"/>
      <Bond atomName1="C3" atomName2="C2"/>
      <Bond atomName1="C2" atomName2="Cl1"/>
      <Bond atomName1="C2" atomName2="C7"/>
      <Bond atomName1="N19" atomName2="HN19"/>
      <Bond atomName1="C10" atomName2="H10"/>
      <Bond atomName1="C10" atomName2="H10A"/>
      <Bond atomName1="C32" atomName2="H32"/>
      <Bond atomName1="C32" atomName2="H32A"/>
      <Bond atomName1="N33" atomName2="HN33"/>
      <Bond atomName1="N33" atomName2="HN3A"/>
      <Bond atomName1="C4" atomName2="H4"/>
      <Bond atomName1="C3" atomName2="H3"/>
      <Bond atomName1="C7" atomName2="H7"/>
      <Bond atomName1="N19" atomName2="H2"/>
      <Bond atomName1="H193" atomName2="N19"/>
      <Bond atomName1="H333" atomName2="N33"/>
    </Residue>
  </Residues>
  <HarmonicBondForce>
    <Bond k="186271.67999999996" length="0.1511" type1="c3" type2="nz"/>
    <Bond k="404090.7199999999" length="0.10300000000000001" type1="hn" type2="nz"/>
  </HarmonicBondForce>
  <HarmonicAngleForce>
    <Angle angle="1.986184688769547" k="683.6656" type1="ca" type2="c3" type3="nz"/>
    <Angle angle="1.8851301250790755" k="502.9168" type1="hx" type2="c3" type3="nz"/>
    <Angle angle="1.9217820393709562" k="386.6016" type1="c3" type2="nz" type3="hn"/>
    <Angle angle="1.8901915799098588" k="334.72" type1="hn" type2="nz" type3="hn"/>
  </HarmonicAngleForce>
  <PeriodicTorsionForce>
    <Proper k1="0.6508444444444444" periodicity1="3" phase1="0.0" type1="ca" type2="c3" type3="nz" type4="hn"/>
    <Proper k1="0.456056" periodicity1="3" phase1="0.0" type1="hx" type2="c3" type3="nz" type4="hn"/>
    <Improper k1="4.6024" periodicity1="2" phase1="3.141592653589793" type1="ca" type2="ca" type3="ca" type4="ha"/>
  </PeriodicTorsionForce>
</ForceField>
