<ForceField>
  <Info>
    <DateGenerated>2019-07-05</DateGenerated>
  </Info>
  <Residues>
    <Residue name="MC_014">
      <Atom charge="-0.1379" name="F" type="f"/>
      <Atom charge="-0.1044" name="Cl" type="cl"/>
      <Atom charge="-0.5918" name="N1" type="nc"/>
      <Atom charge="-0.8338" name="O1" type="o"/>
      <Atom charge="-0.2929" name="C2" type="cd"/>
      <Atom charge="0.0433" name="N2" type="na"/>
      <Atom charge="-0.8338" name="O2" type="o"/>
      <Atom charge="0.4002" name="C3" type="cd"/>
      <Atom charge="-0.2643" name="N3" type="na"/>
      <Atom charge="-0.0763" name="C4" type="cc"/>
      <Atom charge="-0.6411" name="N4" type="nc"/>
      <Atom charge="0.5973" name="C5" type="cd"/>
      <Atom charge="-0.0822" name="C6" type="ca"/>
      <Atom charge="-0.156" name="C7" type="ca"/>
      <Atom charge="0.1279" name="C8" type="ca"/>
      <Atom charge="-0.0256" name="C10" type="ca"/>
      <Atom charge="-0.056" name="C11" type="ca"/>
      <Atom charge="0.1194" name="C12" type="ca"/>
      <Atom charge="0.0691" name="H3" type="h4"/>
      <Atom charge="0.202" name="H4" type="h4"/>
      <Atom charge="0.143" name="H7" type="ha"/>
      <Atom charge="0.161" name="H11" type="ha"/>
      <Atom charge="0.3217" name="HN3" type="hn"/>
      <Atom charge="0.9092" name="C1" type="c"/>
      <Bond atomName1="C8" atomName2="F"/>
      <Bond atomName1="Cl" atomName2="C10"/>
      <Bond atomName1="O2" atomName2="C1"/>
      <Bond atomName1="C1" atomName2="C2"/>
      <Bond atomName1="C1" atomName2="O1"/>
      <Bond atomName1="N2" atomName2="N1"/>
      <Bond atomName1="C3" atomName2="N1"/>
      <Bond atomName1="C4" atomName2="C2"/>
      <Bond atomName1="C2" atomName2="C3"/>
      <Bond atomName1="C4" atomName2="N2"/>
      <Bond atomName1="C5" atomName2="N2"/>
      <Bond atomName1="C3" atomName2="H3"/>
      <Bond atomName1="C6" atomName2="N3"/>
      <Bond atomName1="C5" atomName2="N3"/>
      <Bond atomName1="C4" atomName2="H4"/>
      <Bond atomName1="C12" atomName2="N4"/>
      <Bond atomName1="N4" atomName2="C5"/>
      <Bond atomName1="C12" atomName2="C6"/>
      <Bond atomName1="C6" atomName2="C7"/>
      <Bond atomName1="C8" atomName2="C7"/>
      <Bond atomName1="C7" atomName2="H7"/>
      <Bond atomName1="C10" atomName2="C8"/>
      <Bond atomName1="C11" atomName2="C10"/>
      <Bond atomName1="C11" atomName2="C12"/>
      <Bond atomName1="C11" atomName2="H11"/>
      <Bond atomName1="N3" atomName2="HN3"/>
    </Residue>
  </Residues>
  <PeriodicTorsionForce>
    <Improper k1="4.6024" periodicity1="2" phase1="3.141592653589793" type1="cd" type2="c" type3="cc" type4="cd"/>
    <Improper k1="4.6024" periodicity1="2" phase1="3.141592653589793" type1="na" type2="cc" type3="cd" type4="nc"/>
    <Improper k1="4.6024" periodicity1="2" phase1="3.141592653589793" type1="cd" type2="cd" type3="h4" type4="nc"/>
    <Improper k1="4.6024" periodicity1="2" phase1="3.141592653589793" type1="na" type2="ca" type3="cd" type4="hn"/>
    <Improper k1="4.6024" periodicity1="2" phase1="3.141592653589793" type1="cc" type2="cd" type3="h4" type4="na"/>
    <Improper k1="4.6024" periodicity1="2" phase1="3.141592653589793" type1="cd" type2="na" type3="na" type4="nc"/>
    <Improper k1="4.6024" periodicity1="2" phase1="3.141592653589793" type1="ca" type2="ca" type3="ca" type4="na"/>
    <Improper k1="4.6024" periodicity1="2" phase1="3.141592653589793" type1="ca" type2="ca" type3="ca" type4="ha"/>
    <Improper k1="4.6024" periodicity1="2" phase1="3.141592653589793" type1="ca" type2="ca" type3="ca" type4="nc"/>
    <Improper k1="4.6024" periodicity1="2" phase1="3.141592653589793" type1="c" type2="cd" type3="o" type4="o"/>
  </PeriodicTorsionForce>
</ForceField>
