<ForceField>
  <Info>
    <DateGenerated>2019-07-05</DateGenerated>
  </Info>
  <Residues>
    <Residue name="MC_018">
      <Atom charge="-0.2055" name="OAR" type="o"/>
      <Atom charge="0.3002" name="NAQ" type="no"/>
      <Atom charge="-0.2055" name="OAP" type="o"/>
      <Atom charge="-0.2432" name="CAI" type="ca"/>
      <Atom charge="0.022" name="CAH" type="ca"/>
      <Atom charge="-0.2523" name="CAD" type="ca"/>
      <Atom charge="0.6842" name="CAC" type="c3"/>
      <Atom charge="-0.221633" name="FAA" type="f"/>
      <Atom charge="-0.221633" name="FAG" type="f"/>
      <Atom charge="-0.221633" name="FAB" type="f"/>
      <Atom charge="0.2766" name="CAJ" type="ca"/>
      <Atom charge="-0.225" name="CAF" type="ca"/>
      <Atom charge="0.0" name="CAE" type="ca"/>
      <Atom charge="-0.7926" name="NAK" type="nu"/>
      <Atom charge="0.2971" name="CAL" type="c3"/>
      <Atom charge="-0.1533" name="CAM" type="cc"/>
      <Atom charge="-0.0451" name="CAN" type="cd"/>
      <Atom charge="-0.1378" name="SAO" type="ss"/>
      <Atom charge="-0.0681" name="CAT" type="cd"/>
      <Atom charge="-0.15" name="CAS" type="cc"/>
      <Atom charge="0.173" name="HAH" type="ha"/>
      <Atom charge="0.155" name="HAF" type="ha"/>
      <Atom charge="0.155" name="HAE" type="ha"/>
      <Atom charge="0.4738" name="HNAK" type="hn"/>
      <Atom charge="0.0507" name="HAL" type="h1"/>
      <Atom charge="0.0507" name="HALA" type="h1"/>
      <Atom charge="0.178" name="HAN" type="h4"/>
      <Atom charge="0.176" name="HAT" type="h4"/>
      <Atom charge="0.152" name="HAS" type="ha"/>
      <Bond atomName1="OAR" atomName2="NAQ"/>
      <Bond atomName1="NAQ" atomName2="OAP"/>
      <Bond atomName1="NAQ" atomName2="CAI"/>
      <Bond atomName1="CAI" atomName2="CAH"/>
      <Bond atomName1="CAI" atomName2="CAJ"/>
      <Bond atomName1="CAH" atomName2="CAD"/>
      <Bond atomName1="CAH" atomName2="HAH"/>
      <Bond atomName1="CAD" atomName2="CAC"/>
      <Bond atomName1="CAD" atomName2="CAE"/>
      <Bond atomName1="CAC" atomName2="FAA"/>
      <Bond atomName1="CAC" atomName2="FAG"/>
      <Bond atomName1="CAC" atomName2="FAB"/>
      <Bond atomName1="CAJ" atomName2="CAF"/>
      <Bond atomName1="CAJ" atomName2="NAK"/>
      <Bond atomName1="CAF" atomName2="CAE"/>
      <Bond atomName1="CAF" atomName2="HAF"/>
      <Bond atomName1="CAE" atomName2="HAE"/>
      <Bond atomName1="NAK" atomName2="CAL"/>
      <Bond atomName1="NAK" atomName2="HNAK"/>
      <Bond atomName1="CAL" atomName2="CAM"/>
      <Bond atomName1="CAL" atomName2="HAL"/>
      <Bond atomName1="CAL" atomName2="HALA"/>
      <Bond atomName1="CAM" atomName2="CAN"/>
      <Bond atomName1="CAM" atomName2="CAS"/>
      <Bond atomName1="CAN" atomName2="SAO"/>
      <Bond atomName1="CAN" atomName2="HAN"/>
      <Bond atomName1="SAO" atomName2="CAT"/>
      <Bond atomName1="CAT" atomName2="CAS"/>
      <Bond atomName1="CAT" atomName2="HAT"/>
      <Bond atomName1="CAS" atomName2="HAS"/>
    </Residue>
  </Residues>
  <HarmonicBondForce>
    <Bond k="290453.27999999997" length="0.1386" type1="ca" type2="nu"/>
    <Bond k="219074.23999999996" length="0.1464" type1="c3" type2="nu"/>
    <Bond k="443085.5999999999" length="0.10120000000000001" type1="hn" type2="nu"/>
  </HarmonicBondForce>
  <HarmonicAngleForce>
    <Angle angle="2.1109757302871417" k="721.3216000000001" type1="ca" type2="ca" type3="nu"/>
    <Angle angle="2.094046036542797" k="545.5936" type1="c3" type2="nu" type3="ca"/>
    <Angle angle="2.0258036627898184" k="408.3584" type1="ca" type2="nu" type3="hn"/>
    <Angle angle="1.96070288169043" k="702.0752000000001" type1="cc" type2="c3" type3="nu"/>
    <Angle angle="1.9161969857645744" k="512.1216000000001" type1="h1" type2="c3" type3="nu"/>
    <Angle angle="2.0244073993882226" k="388.2752" type1="c3" type2="nu" type3="hn"/>
  </HarmonicAngleForce>
  <PeriodicTorsionForce>
    <Proper k1="4.3932" periodicity1="2" phase1="3.141592653589793" type1="ca" type2="ca" type3="nu" type4="hn"/>
    <Proper k1="0.0" periodicity1="2" phase1="0.0" type1="cc" type2="c3" type3="nu" type4="ca"/>
    <Proper k1="1.389088" periodicity1="2" phase1="0.0" type1="h1" type2="c3" type3="nu" type4="ca"/>
    <Proper k1="0.0" periodicity1="2" phase1="0.0" type1="cc" type2="c3" type3="nu" type4="hn"/>
    <Proper k1="4.6024" periodicity1="2" phase1="3.141592653589793" type1="cc" type2="cd" type3="ss" type4="cd"/>
    <Proper k1="4.6024" periodicity1="2" phase1="3.141592653589793" type1="h4" type2="cd" type3="ss" type4="cd"/>
    <Proper k1="0.0" periodicity1="2" phase1="0.0" type1="h1" type2="c3" type3="nu" type4="hn"/>
    <Improper k1="4.6024" periodicity1="2" phase1="3.141592653589793" type1="no" type2="ca" type3="o" type4="o"/>
    <Improper k1="4.6024" periodicity1="2" phase1="3.141592653589793" type1="ca" type2="ca" type3="ca" type4="no"/>
    <Improper k1="4.6024" periodicity1="2" phase1="3.141592653589793" type1="ca" type2="ca" type3="ca" type4="ha"/>
    <Improper k1="4.6024" periodicity1="2" phase1="3.141592653589793" type1="ca" type2="ca" type3="ca" type4="nu"/>
    <Improper k1="4.6024" periodicity1="2" phase1="3.141592653589793" type1="nu" type2="c3" type3="ca" type4="hn"/>
    <Improper k1="4.6024" periodicity1="2" phase1="3.141592653589793" type1="cc" type2="c3" type3="cc" type4="cd"/>
    <Improper k1="4.6024" periodicity1="2" phase1="3.141592653589793" type1="cd" type2="cc" type3="h4" type4="ss"/>
    <Improper k1="4.6024" periodicity1="2" phase1="3.141592653589793" type1="cc" type2="cc" type3="cd" type4="ha"/>
  </PeriodicTorsionForce>
</ForceField>
