<ForceField>
  <Info>
    <DateGenerated>2019-07-05</DateGenerated>
  </Info>
  <Residues>
    <Residue name="MC_01H">
      <Atom charge="-0.8096" name="N1" type="nz"/>
      <Atom charge="0.0998" name="C2" type="c3"/>
      <Atom charge="-0.1124" name="C3" type="c3"/>
      <Atom charge="-0.0694" name="C4" type="c3"/>
      <Atom charge="0.1118" name="C5" type="c3"/>
      <Atom charge="-0.549" name="N6" type="n7"/>
      <Atom charge="-0.6084" name="N7" type="nz"/>
      <Atom charge="0.467133" name="HN11" type="hn"/>
      <Atom charge="0.467133" name="HN12" type="hn"/>
      <Atom charge="0.1212" name="H21A" type="hx"/>
      <Atom charge="0.1212" name="H22A" type="hx"/>
      <Atom charge="0.0747" name="H31" type="hc"/>
      <Atom charge="0.0747" name="H32" type="hc"/>
      <Atom charge="0.0842" name="H41" type="hc"/>
      <Atom charge="0.0842" name="H42" type="hc"/>
      <Atom charge="0.0742" name="H51" type="h1"/>
      <Atom charge="0.0742" name="H52" type="h1"/>
      <Atom charge="0.4208" name="HN6" type="hn"/>
      <Atom charge="0.469133" name="HN7" type="hn"/>
      <Atom charge="0.469133" name="H2" type="hn"/>
      <Atom charge="0.467133" name="H13" type="hn"/>
      <Atom charge="0.469133" name="H73" type="hn"/>
      <Bond atomName1="N1" atomName2="C2"/>
      <Bond atomName1="N1" atomName2="HN11"/>
      <Bond atomName1="N1" atomName2="HN12"/>
      <Bond atomName1="C2" atomName2="C3"/>
      <Bond atomName1="C2" atomName2="H21A"/>
      <Bond atomName1="C2" atomName2="H22A"/>
      <Bond atomName1="C3" atomName2="C4"/>
      <Bond atomName1="C3" atomName2="H31"/>
      <Bond atomName1="C3" atomName2="H32"/>
      <Bond atomName1="C4" atomName2="C5"/>
      <Bond atomName1="C4" atomName2="H41"/>
      <Bond atomName1="C4" atomName2="H42"/>
      <Bond atomName1="C5" atomName2="N6"/>
      <Bond atomName1="C5" atomName2="H51"/>
      <Bond atomName1="C5" atomName2="H52"/>
      <Bond atomName1="N6" atomName2="N7"/>
      <Bond atomName1="N6" atomName2="HN6"/>
      <Bond atomName1="N7" atomName2="HN7"/>
      <Bond atomName1="N7" atomName2="H2"/>
      <Bond atomName1="H13" atomName2="N1"/>
      <Bond atomName1="H73" atomName2="N7"/>
    </Residue>
  </Residues>
  <HarmonicBondForce>
    <Bond k="186271.67999999996" length="0.1511" type1="c3" type2="nz"/>
    <Bond k="404090.7199999999" length="0.10300000000000001" type1="hn" type2="nz"/>
    <Bond k="218572.15999999995" length="0.14650000000000002" type1="c3" type2="n7"/>
    <Bond k="191208.79999999996" length="0.143" type1="n7" type2="nz"/>
    <Bond k="427855.8399999999" length="0.10189999999999999" type1="hn" type2="n7"/>
  </HarmonicBondForce>
  <HarmonicAngleForce>
    <Angle angle="1.9933405387027237" k="677.808" type1="c3" type2="c3" type3="nz"/>
    <Angle angle="1.8851301250790755" k="502.9168" type1="hx" type2="c3" type3="nz"/>
    <Angle angle="1.9217820393709562" k="386.6016" type1="c3" type2="nz" type3="hn"/>
    <Angle angle="1.9380136014145037" k="697.0544" type1="c3" type2="c3" type3="n7"/>
    <Angle angle="1.9137535248117825" k="704.5856" type1="c3" type2="n7" type3="nz"/>
    <Angle angle="1.9074703395046029" k="399.99039999999997" type1="c3" type2="n7" type3="hn"/>
    <Angle angle="1.9177677820913692" k="512.1216000000001" type1="h1" type2="c3" type3="n7"/>
    <Angle angle="1.9268434942017398" k="508.7744" type1="hn" type2="nz" type3="n7"/>
    <Angle angle="1.8659315033071378" k="517.9792" type1="hn" type2="n7" type3="nz"/>
    <Angle angle="1.8901915799098588" k="334.72" type1="hn" type2="nz" type3="hn"/>
  </HarmonicAngleForce>
  <PeriodicTorsionForce>
    <Proper k1="0.87864" periodicity1="3" phase1="0.0" type1="c3" type2="c3" type3="c3" type4="nz"/>
    <Proper k1="0.6508444444444444" periodicity1="3" phase1="0.0" type1="c3" type2="c3" type3="nz" type4="hn"/>
    <Proper k1="0.87864" periodicity1="3" phase1="0.0" type1="c3" type2="c3" type3="c3" type4="n7"/>
    <Proper k1="1.2552" periodicity1="3" phase1="0.0" type1="c3" type2="c3" type3="n7" type4="nz"/>
    <Proper k1="0.9079280000000001" periodicity1="3" phase1="0.0" type1="c3" type2="c3" type3="n7" type4="hn"/>
    <Proper k1="0.7865920000000001" periodicity1="3" phase1="0.0" type1="c3" type2="n7" type3="nz" type4="hn"/>
    <Proper k1="0.41840000000000005" periodicity1="3" phase1="0.0" type1="hc" type2="c3" type3="c3" type4="n7"/>
    <Proper k1="1.2552" periodicity1="3" phase1="0.0" type1="h1" type2="c3" type3="n7" type4="nz"/>
    <Proper k1="0.456056" periodicity1="3" phase1="0.0" type1="hx" type2="c3" type3="nz" type4="hn"/>
    <Proper k1="1.2552" periodicity1="3" phase1="0.0" type1="h1" type2="c3" type3="n7" type4="hn"/>
    <Proper k1="1.046" periodicity1="3" phase1="0.0" type1="hn" type2="n7" type3="nz" type4="hn"/>
  </PeriodicTorsionForce>
</ForceField>
