<ForceField>
  <Info>
    <DateGenerated>2019-07-05</DateGenerated>
  </Info>
  <Residues>
    <Residue name="MC_01P">
      <Atom charge="-0.4906" name="C1" type="ca"/>
      <Atom charge="-0.585" name="N1" type="nh"/>
      <Atom charge="-0.4276" name="O1" type="os"/>
      <Atom charge="0.1379" name="C2" type="c3"/>
      <Atom charge="-0.7633" name="N2" type="nu"/>
      <Atom charge="-0.3179" name="O2" type="os"/>
      <Atom charge="0.1248" name="C3" type="c3"/>
      <Atom charge="-0.664" name="N3" type="nb"/>
      <Atom charge="0.9709" name="C4" type="ca"/>
      <Atom charge="-0.817" name="N4" type="nb"/>
      <Atom charge="0.1248" name="C5" type="c3"/>
      <Atom charge="-0.851" name="N5" type="nb"/>
      <Atom charge="0.1379" name="C6" type="c3"/>
      <Atom charge="-0.7523" name="N6" type="nu"/>
      <Atom charge="-0.113" name="C7" type="ca"/>
      <Atom charge="-0.123" name="C8" type="ca"/>
      <Atom charge="-0.126" name="C9" type="ca"/>
      <Atom charge="-0.1573" name="C10" type="ca"/>
      <Atom charge="-0.139" name="C11" type="ca"/>
      <Atom charge="0.1766" name="C12" type="ca"/>
      <Atom charge="-0.24" name="C13" type="ca"/>
      <Atom charge="0.1471" name="C14" type="ca"/>
      <Atom charge="0.0546" name="C15" type="ca"/>
      <Atom charge="-0.132" name="C16" type="ca"/>
      <Atom charge="0.1257" name="C17" type="c3"/>
      <Atom charge="0.0193" name="C18" type="ca"/>
      <Atom charge="-0.075" name="C19" type="ca"/>
      <Atom charge="-0.1383" name="C20" type="ca"/>
      <Atom charge="0.3996" name="C21" type="ca"/>
      <Atom charge="0.4082" name="C22" type="ca"/>
      <Atom charge="0.5232" name="C23" type="ca"/>
      <Atom charge="0.7562" name="C24" type="ca"/>
      <Atom charge="0.142" name="H1" type="ha"/>
      <Atom charge="0.05395" name="H2" type="h1"/>
      <Atom charge="0.05395" name="H2A" type="h1"/>
      <Atom charge="0.4608" name="HN2" type="hn"/>
      <Atom charge="0.05145" name="H3" type="h1"/>
      <Atom charge="0.05145" name="H3A" type="h1"/>
      <Atom charge="0.05145" name="H5" type="h1"/>
      <Atom charge="0.05145" name="H5A" type="h1"/>
      <Atom charge="0.05395" name="H6" type="h1"/>
      <Atom charge="0.05395" name="H6A" type="h1"/>
      <Atom charge="0.4658" name="HN6" type="hn"/>
      <Atom charge="0.133" name="H7" type="ha"/>
      <Atom charge="0.13" name="H8" type="ha"/>
      <Atom charge="0.133" name="H9" type="ha"/>
      <Atom charge="0.148" name="H10" type="ha"/>
      <Atom charge="0.161" name="H11" type="ha"/>
      <Atom charge="0.137" name="H13" type="ha"/>
      <Atom charge="0.144" name="H16" type="ha"/>
      <Atom charge="0.0407" name="H17" type="h1"/>
      <Atom charge="0.0407" name="H17A" type="h1"/>
      <Atom charge="0.0407" name="H17B" type="h1"/>
      <Atom charge="0.158" name="H19" type="ha"/>
      <Atom charge="0.0211" name="H22" type="h4"/>
      <Atom charge="0.0311" name="H23" type="h4"/>
      <Bond atomName1="C1" atomName2="C23"/>
      <Bond atomName1="C1" atomName2="C24"/>
      <Bond atomName1="N1" atomName2="C3"/>
      <Bond atomName1="N1" atomName2="C5"/>
      <Bond atomName1="N1" atomName2="C15"/>
      <Bond atomName1="O1" atomName2="C2"/>
      <Bond atomName1="O1" atomName2="C6"/>
      <Bond atomName1="C2" atomName2="C3"/>
      <Bond atomName1="N2" atomName2="C18"/>
      <Bond atomName1="N2" atomName2="C24"/>
      <Bond atomName1="O2" atomName2="C14"/>
      <Bond atomName1="O2" atomName2="C17"/>
      <Bond atomName1="N3" atomName2="C21"/>
      <Bond atomName1="N3" atomName2="C22"/>
      <Bond atomName1="C4" atomName2="N4"/>
      <Bond atomName1="C4" atomName2="N5"/>
      <Bond atomName1="C4" atomName2="N6"/>
      <Bond atomName1="N4" atomName2="C23"/>
      <Bond atomName1="C5" atomName2="C6"/>
      <Bond atomName1="N5" atomName2="C24"/>
      <Bond atomName1="N6" atomName2="C12"/>
      <Bond atomName1="C7" atomName2="C8"/>
      <Bond atomName1="C7" atomName2="C20"/>
      <Bond atomName1="C8" atomName2="C9"/>
      <Bond atomName1="C9" atomName2="C10"/>
      <Bond atomName1="C10" atomName2="C21"/>
      <Bond atomName1="C11" atomName2="C12"/>
      <Bond atomName1="C11" atomName2="C16"/>
      <Bond atomName1="C12" atomName2="C13"/>
      <Bond atomName1="C13" atomName2="C14"/>
      <Bond atomName1="C14" atomName2="C15"/>
      <Bond atomName1="C15" atomName2="C16"/>
      <Bond atomName1="C18" atomName2="C19"/>
      <Bond atomName1="C18" atomName2="C22"/>
      <Bond atomName1="C19" atomName2="C20"/>
      <Bond atomName1="C20" atomName2="C21"/>
      <Bond atomName1="C1" atomName2="H1"/>
      <Bond atomName1="C2" atomName2="H2"/>
      <Bond atomName1="C2" atomName2="H2A"/>
      <Bond atomName1="N2" atomName2="HN2"/>
      <Bond atomName1="C3" atomName2="H3"/>
      <Bond atomName1="C3" atomName2="H3A"/>
      <Bond atomName1="C5" atomName2="H5"/>
      <Bond atomName1="C5" atomName2="H5A"/>
      <Bond atomName1="C6" atomName2="H6"/>
      <Bond atomName1="C6" atomName2="H6A"/>
      <Bond atomName1="N6" atomName2="HN6"/>
      <Bond atomName1="C7" atomName2="H7"/>
      <Bond atomName1="C8" atomName2="H8"/>
      <Bond atomName1="C9" atomName2="H9"/>
      <Bond atomName1="C10" atomName2="H10"/>
      <Bond atomName1="C11" atomName2="H11"/>
      <Bond atomName1="C13" atomName2="H13"/>
      <Bond atomName1="C16" atomName2="H16"/>
      <Bond atomName1="C17" atomName2="H17"/>
      <Bond atomName1="C17" atomName2="H17A"/>
      <Bond atomName1="C17" atomName2="H17B"/>
      <Bond atomName1="C19" atomName2="H19"/>
      <Bond atomName1="C22" atomName2="H22"/>
      <Bond atomName1="C23" atomName2="H23"/>
    </Residue>
  </Residues>
  <HarmonicBondForce>
    <Bond k="290453.27999999997" length="0.1386" type1="ca" type2="nu"/>
    <Bond k="443085.5999999999" length="0.10120000000000001" type1="hn" type2="nu"/>
  </HarmonicBondForce>
  <HarmonicAngleForce>
    <Angle angle="2.1109757302871417" k="721.3216000000001" type1="ca" type2="ca" type3="nu"/>
    <Angle angle="2.040988027282169" k="938.0527999999999" type1="nb" type2="ca" type3="nu"/>
    <Angle angle="2.224596664591972" k="545.5936" type1="ca" type2="nu" type3="ca"/>
    <Angle angle="2.0258036627898184" k="408.3584" type1="ca" type2="nu" type3="hn"/>
  </HarmonicAngleForce>
  <PeriodicTorsionForce>
    <Proper k1="4.3932" periodicity1="2" phase1="3.141592653589793" type1="ca" type2="ca" type3="nu" type4="ca"/>
    <Proper k1="4.3932" periodicity1="2" phase1="3.141592653589793" type1="ca" type2="ca" type3="nu" type4="hn"/>
    <Proper k1="4.3932" periodicity1="2" phase1="3.141592653589793" type1="nb" type2="ca" type3="nu" type4="ca"/>
    <Proper k1="4.3932" periodicity1="2" phase1="3.141592653589793" type1="nb" type2="ca" type3="nu" type4="hn"/>
    <Improper k1="4.6024" periodicity1="2" phase1="3.141592653589793" type1="ca" type2="ca" type3="ca" type4="ha"/>
    <Improper k1="4.6024" periodicity1="2" phase1="3.141592653589793" type1="nh" type2="c3" type3="c3" type4="ca"/>
    <Improper k1="4.6024" periodicity1="2" phase1="3.141592653589793" type1="nu" type2="ca" type3="ca" type4="hn"/>
    <Improper k1="4.6024" periodicity1="2" phase1="3.141592653589793" type1="ca" type2="nb" type3="nb" type4="nu"/>
    <Improper k1="4.6024" periodicity1="2" phase1="3.141592653589793" type1="ca" type2="ca" type3="ca" type4="nu"/>
    <Improper k1="4.6024" periodicity1="2" phase1="3.141592653589793" type1="ca" type2="ca" type3="ca" type4="os"/>
    <Improper k1="4.6024" periodicity1="2" phase1="3.141592653589793" type1="ca" type2="ca" type3="ca" type4="nh"/>
    <Improper k1="4.6024" periodicity1="2" phase1="3.141592653589793" type1="ca" type2="ca" type3="ca" type4="ca"/>
    <Improper k1="4.6024" periodicity1="2" phase1="3.141592653589793" type1="ca" type2="ca" type3="ca" type4="nb"/>
    <Improper k1="4.6024" periodicity1="2" phase1="3.141592653589793" type1="ca" type2="ca" type3="h4" type4="nb"/>
    <Improper k1="4.6024" periodicity1="2" phase1="3.141592653589793" type1="ca" type2="ca" type3="nb" type4="nu"/>
  </PeriodicTorsionForce>
</ForceField>
