<ForceField>
  <Info>
    <DateGenerated>2019-07-05</DateGenerated>
  </Info>
  <Residues>
    <Residue name="MC_01Q">
      <Atom charge="-0.6551" name="N" type="n2"/>
      <Atom charge="0.5258" name="C" type="ce"/>
      <Atom charge="-0.7516" name="N1" type="nz"/>
      <Atom charge="-0.2272" name="C1" type="cc"/>
      <Atom charge="-0.0611" name="N2" type="na"/>
      <Atom charge="0.0046" name="C2" type="c3"/>
      <Atom charge="-0.098" name="C3" type="cd"/>
      <Atom charge="-0.114" name="C4" type="cd"/>
      <Atom charge="-0.1756" name="C5" type="cc"/>
      <Atom charge="0.1841" name="C6" type="c3"/>
      <Atom charge="-0.8146" name="N3" type="nz"/>
      <Atom charge="0.4944" name="H" type="hn"/>
      <Atom charge="0.4788" name="H11A" type="hn"/>
      <Atom charge="0.4788" name="H12" type="hn"/>
      <Atom charge="0.0667" name="H21" type="h1"/>
      <Atom charge="0.0667" name="H22" type="h1"/>
      <Atom charge="0.0667" name="H23" type="h1"/>
      <Atom charge="0.195" name="H3" type="ha"/>
      <Atom charge="0.197" name="H4" type="ha"/>
      <Atom charge="0.1322" name="H61" type="hx"/>
      <Atom charge="0.1322" name="H62" type="hx"/>
      <Atom charge="0.465133" name="HN3" type="hn"/>
      <Atom charge="0.465133" name="H2" type="hn"/>
      <Atom charge="0.4788" name="H13" type="hn"/>
      <Atom charge="0.465133" name="H33" type="hn"/>
      <Bond atomName1="N" atomName2="C"/>
      <Bond atomName1="N" atomName2="H"/>
      <Bond atomName1="C" atomName2="N1"/>
      <Bond atomName1="C" atomName2="C1"/>
      <Bond atomName1="N1" atomName2="H11A"/>
      <Bond atomName1="N1" atomName2="H12"/>
      <Bond atomName1="C1" atomName2="N2"/>
      <Bond atomName1="C1" atomName2="C3"/>
      <Bond atomName1="N2" atomName2="C2"/>
      <Bond atomName1="N2" atomName2="C5"/>
      <Bond atomName1="C2" atomName2="H21"/>
      <Bond atomName1="C2" atomName2="H22"/>
      <Bond atomName1="C2" atomName2="H23"/>
      <Bond atomName1="C3" atomName2="C4"/>
      <Bond atomName1="C3" atomName2="H3"/>
      <Bond atomName1="C4" atomName2="C5"/>
      <Bond atomName1="C4" atomName2="H4"/>
      <Bond atomName1="C5" atomName2="C6"/>
      <Bond atomName1="C6" atomName2="N3"/>
      <Bond atomName1="C6" atomName2="H61"/>
      <Bond atomName1="C6" atomName2="H62"/>
      <Bond atomName1="N3" atomName2="HN3"/>
      <Bond atomName1="N3" atomName2="H2"/>
      <Bond atomName1="H13" atomName2="N1"/>
      <Bond atomName1="H33" atomName2="N3"/>
    </Residue>
  </Residues>
  <HarmonicBondForce>
    <Bond k="198070.55999999994" length="0.14930000000000002" type1="ce" type2="nz"/>
    <Bond k="404090.7199999999" length="0.10300000000000001" type1="hn" type2="nz"/>
    <Bond k="186271.67999999996" length="0.1511" type1="c3" type2="nz"/>
  </HarmonicBondForce>
  <HarmonicAngleForce>
    <Angle angle="2.0666443672864854" k="904.0201440000001" type1="n2" type2="ce" type3="nz"/>
    <Angle angle="1.928588823453734" k="392.4592" type1="ce" type2="nz" type3="hn"/>
    <Angle angle="2.0668189002116852" k="702.753008" type1="cc" type2="ce" type3="nz"/>
    <Angle angle="2.0172515494550463" k="681.9920000000001" type1="cc" type2="c3" type3="nz"/>
    <Angle angle="1.9217820393709562" k="386.6016" type1="c3" type2="nz" type3="hn"/>
    <Angle angle="1.8851301250790755" k="502.9168" type1="hx" type2="c3" type3="nz"/>
    <Angle angle="1.8901915799098588" k="334.72" type1="hn" type2="nz" type3="hn"/>
  </HarmonicAngleForce>
  <PeriodicTorsionForce>
    <Proper k1="0.0" periodicity1="3" phase1="3.141592653589793" type1="n2" type2="ce" type3="nz" type4="hn"/>
    <Proper k1="4.184" periodicity1="2" phase1="3.141592653589793" type1="na" type2="cc" type3="ce" type4="n2"/>
    <Proper k1="4.184" periodicity1="2" phase1="3.141592653589793" type1="cd" type2="cc" type3="ce" type4="n2"/>
    <Proper k1="3.3472000000000004" periodicity1="2" phase1="3.141592653589793" type1="nz" type2="ce" type3="n2" type4="hn"/>
    <Proper k1="4.184" periodicity1="2" phase1="3.141592653589793" type1="na" type2="cc" type3="ce" type4="nz"/>
    <Proper k1="4.184" periodicity1="2" phase1="3.141592653589793" type1="cd" type2="cc" type3="ce" type4="nz"/>
    <Proper k1="3.3472000000000004" periodicity1="2" phase1="3.141592653589793" type1="cc" type2="ce" type3="n2" type4="hn"/>
    <Proper k1="0.343088" periodicity1="3" phase1="3.141592653589793" type1="cc" type2="ce" type3="nz" type4="hn"/>
    <Proper k1="0.6508444444444444" periodicity1="3" phase1="0.0" type1="cc" type2="c3" type3="nz" type4="hn"/>
    <Proper k1="0.456056" periodicity1="3" phase1="0.0" type1="hx" type2="c3" type3="nz" type4="hn"/>
    <Improper k1="4.6024" periodicity1="2" phase1="3.141592653589793" type1="ce" type2="cc" type3="n2" type4="nz"/>
    <Improper k1="4.6024" periodicity1="2" phase1="3.141592653589793" type1="cc" type2="cd" type3="ce" type4="na"/>
    <Improper k1="4.6024" periodicity1="2" phase1="3.141592653589793" type1="na" type2="c3" type3="cc" type4="cc"/>
    <Improper k1="4.6024" periodicity1="2" phase1="3.141592653589793" type1="cd" type2="cc" type3="cd" type4="ha"/>
    <Improper k1="4.6024" periodicity1="2" phase1="3.141592653589793" type1="cc" type2="c3" type3="cd" type4="na"/>
  </PeriodicTorsionForce>
</ForceField>
