<ForceField>
  <Info>
    <DateGenerated>2019-07-05</DateGenerated>
  </Info>
  <Residues>
    <Residue name="MC_01R">
      <Atom charge="-0.8066" name="N19" type="nz"/>
      <Atom charge="0.0728" name="C20" type="c3"/>
      <Atom charge="0.2288" name="C30" type="c3"/>
      <Atom charge="-0.8296" name="N27" type="nu"/>
      <Atom charge="0.2366" name="C21" type="ca"/>
      <Atom charge="-0.3398" name="C22" type="ca"/>
      <Atom charge="0.4657" name="C23" type="ca"/>
      <Atom charge="-0.706" name="N24" type="nb"/>
      <Atom charge="0.4657" name="C25" type="ca"/>
      <Atom charge="-0.3398" name="C26" type="ca"/>
      <Atom charge="0.4618" name="H19" type="hn"/>
      <Atom charge="0.1187" name="H201" type="hx"/>
      <Atom charge="0.1187" name="H202" type="hx"/>
      <Atom charge="0.0582" name="H301" type="h1"/>
      <Atom charge="0.0582" name="H302" type="h1"/>
      <Atom charge="0.4498" name="H27" type="hn"/>
      <Atom charge="0.1465" name="H22" type="ha"/>
      <Atom charge="0.0356" name="H23" type="h4"/>
      <Atom charge="0.0356" name="H25" type="h4"/>
      <Atom charge="0.1465" name="H26" type="ha"/>
      <Atom charge="0.4618" name="H2" type="hn"/>
      <Atom charge="0.4618" name="H193" type="hn"/>
      <Bond atomName1="N19" atomName2="C20"/>
      <Bond atomName1="N19" atomName2="H19"/>
      <Bond atomName1="C20" atomName2="C30"/>
      <Bond atomName1="C20" atomName2="H201"/>
      <Bond atomName1="C20" atomName2="H202"/>
      <Bond atomName1="C30" atomName2="N27"/>
      <Bond atomName1="C30" atomName2="H301"/>
      <Bond atomName1="C30" atomName2="H302"/>
      <Bond atomName1="N27" atomName2="C21"/>
      <Bond atomName1="N27" atomName2="H27"/>
      <Bond atomName1="C21" atomName2="C22"/>
      <Bond atomName1="C21" atomName2="C26"/>
      <Bond atomName1="C22" atomName2="C23"/>
      <Bond atomName1="C22" atomName2="H22"/>
      <Bond atomName1="C23" atomName2="N24"/>
      <Bond atomName1="C23" atomName2="H23"/>
      <Bond atomName1="N24" atomName2="C25"/>
      <Bond atomName1="C25" atomName2="C26"/>
      <Bond atomName1="C25" atomName2="H25"/>
      <Bond atomName1="C26" atomName2="H26"/>
      <Bond atomName1="N19" atomName2="H2"/>
      <Bond atomName1="H193" atomName2="N19"/>
    </Residue>
  </Residues>
  <HarmonicBondForce>
    <Bond k="186271.67999999996" length="0.1511" type1="c3" type2="nz"/>
    <Bond k="404090.7199999999" length="0.10300000000000001" type1="hn" type2="nz"/>
    <Bond k="219074.23999999996" length="0.1464" type1="c3" type2="nu"/>
    <Bond k="290453.27999999997" length="0.1386" type1="ca" type2="nu"/>
    <Bond k="443085.5999999999" length="0.10120000000000001" type1="hn" type2="nu"/>
  </HarmonicBondForce>
  <HarmonicAngleForce>
    <Angle angle="1.9933405387027237" k="677.808" type1="c3" type2="c3" type3="nz"/>
    <Angle angle="1.8851301250790755" k="502.9168" type1="hx" type2="c3" type3="nz"/>
    <Angle angle="1.9217820393709562" k="386.6016" type1="c3" type2="nz" type3="hn"/>
    <Angle angle="1.9278906917529364" k="698.7280000000001" type1="c3" type2="c3" type3="nu"/>
    <Angle angle="2.094046036542797" k="545.5936" type1="c3" type2="nu" type3="ca"/>
    <Angle angle="2.0244073993882226" k="388.2752" type1="c3" type2="nu" type3="hn"/>
    <Angle angle="1.9161969857645744" k="512.1216000000001" type1="h1" type2="c3" type3="nu"/>
    <Angle angle="2.1109757302871417" k="721.3216000000001" type1="ca" type2="ca" type3="nu"/>
    <Angle angle="2.0258036627898184" k="408.3584" type1="ca" type2="nu" type3="hn"/>
    <Angle angle="1.8901915799098588" k="334.72" type1="hn" type2="nz" type3="hn"/>
  </HarmonicAngleForce>
  <PeriodicTorsionForce>
    <Proper k1="0.0" periodicity1="2" phase1="0.0" type1="c3" type2="c3" type3="nu" type4="ca"/>
    <Proper k1="0.0" periodicity1="2" phase1="0.0" type1="c3" type2="c3" type3="nu" type4="hn"/>
    <Proper k1="0.6508444444444444" periodicity1="3" phase1="0.0" type1="c3" type2="c3" type3="nz" type4="hn"/>
    <Proper k1="1.389088" periodicity1="2" phase1="0.0" type1="h1" type2="c3" type3="nu" type4="ca"/>
    <Proper k1="4.3932" periodicity1="2" phase1="3.141592653589793" type1="ca" type2="ca" type3="nu" type4="hn"/>
    <Proper k1="0.456056" periodicity1="3" phase1="0.0" type1="hx" type2="c3" type3="nz" type4="hn"/>
    <Proper k1="0.0" periodicity1="2" phase1="0.0" type1="h1" type2="c3" type3="nu" type4="hn"/>
    <Improper k1="4.6024" periodicity1="2" phase1="3.141592653589793" type1="nu" type2="c3" type3="ca" type4="hn"/>
    <Improper k1="4.6024" periodicity1="2" phase1="3.141592653589793" type1="ca" type2="ca" type3="ca" type4="nu"/>
    <Improper k1="4.6024" periodicity1="2" phase1="3.141592653589793" type1="ca" type2="ca" type3="ca" type4="ha"/>
    <Improper k1="4.6024" periodicity1="2" phase1="3.141592653589793" type1="ca" type2="ca" type3="h4" type4="nb"/>
  </PeriodicTorsionForce>
</ForceField>
