<ForceField>
  <Info>
    <DateGenerated>2019-07-05</DateGenerated>
  </Info>
  <Residues>
    <Residue name="MC_01U">
      <Atom charge="-0.9872" name="N25" type="nv"/>
      <Atom charge="0.1526" name="C26" type="ca"/>
      <Atom charge="-0.095" name="C31" type="ca"/>
      <Atom charge="-0.0581" name="C30" type="ca"/>
      <Atom charge="-0.1831" name="S34" type="ss"/>
      <Atom charge="0.6751" name="C33" type="cc"/>
      <Atom charge="-0.9478" name="N35" type="nv"/>
      <Atom charge="-0.6741" name="N32" type="nd"/>
      <Atom charge="0.1634" name="C29" type="ca"/>
      <Atom charge="-0.094" name="C28" type="ca"/>
      <Atom charge="-0.13" name="C27" type="ca"/>
      <Atom charge="0.4278" name="H25" type="hn"/>
      <Atom charge="0.139" name="H31" type="ha"/>
      <Atom charge="0.4498" name="H351" type="hn"/>
      <Atom charge="0.4498" name="H352" type="hn"/>
      <Atom charge="0.144" name="H28" type="ha"/>
      <Atom charge="0.14" name="H27" type="ha"/>
      <Atom charge="0.4278" name="H2" type="hn"/>
      <Bond atomName1="N25" atomName2="C26"/>
      <Bond atomName1="N25" atomName2="H25"/>
      <Bond atomName1="C26" atomName2="C31"/>
      <Bond atomName1="C26" atomName2="C27"/>
      <Bond atomName1="C31" atomName2="C30"/>
      <Bond atomName1="C31" atomName2="H31"/>
      <Bond atomName1="C30" atomName2="S34"/>
      <Bond atomName1="C30" atomName2="C29"/>
      <Bond atomName1="S34" atomName2="C33"/>
      <Bond atomName1="C33" atomName2="N35"/>
      <Bond atomName1="C33" atomName2="N32"/>
      <Bond atomName1="N35" atomName2="H351"/>
      <Bond atomName1="N35" atomName2="H352"/>
      <Bond atomName1="N32" atomName2="C29"/>
      <Bond atomName1="C29" atomName2="C28"/>
      <Bond atomName1="C28" atomName2="C27"/>
      <Bond atomName1="C28" atomName2="H28"/>
      <Bond atomName1="C27" atomName2="H27"/>
      <Bond atomName1="N25" atomName2="H2"/>
    </Residue>
  </Residues>
  <HarmonicBondForce>
    <Bond k="290453.27999999997" length="0.1386" type1="ca" type2="nv"/>
    <Bond k="443085.5999999999" length="0.10120000000000001" type1="hn" type2="nv"/>
    <Bond k="304176.79999999993" length="0.1373" type1="cc" type2="nv"/>
  </HarmonicBondForce>
  <HarmonicAngleForce>
    <Angle angle="2.1109757302871417" k="721.3216000000001" type1="ca" type2="ca" type3="nv"/>
    <Angle angle="2.0258036627898184" k="408.3584" type1="ca" type2="nv" type3="hn"/>
    <Angle angle="2.125985561854293" k="670.2768" type1="nv" type2="cc" type3="ss"/>
    <Angle angle="2.0181242140810434" k="412.5424" type1="cc" type2="nv" type3="hn"/>
    <Angle angle="2.1057397425311586" k="934.7056" type1="nd" type2="cc" type3="nv"/>
    <Angle angle="2.0092230348958724" k="330.536" type1="hn" type2="nv" type3="hn"/>
  </HarmonicAngleForce>
  <PeriodicTorsionForce>
    <Proper k1="4.3932" periodicity1="2" phase1="3.141592653589793" type1="ca" type2="ca" type3="nv" type4="hn"/>
    <Proper k1="4.6024" periodicity1="2" phase1="3.141592653589793" type1="nv" type2="cc" type3="ss" type4="ca"/>
    <Proper k1="4.6024" periodicity1="2" phase1="3.141592653589793" type1="nd" type2="cc" type3="ss" type4="ca"/>
    <Proper k1="4.3932" periodicity1="2" phase1="3.141592653589793" type1="ss" type2="cc" type3="nv" type4="hn"/>
    <Proper k1="4.3932" periodicity1="2" phase1="3.141592653589793" type1="nd" type2="cc" type3="nv" type4="hn"/>
    <Improper k1="4.6024" periodicity1="2" phase1="3.141592653589793" type1="nv" type2="ca" type3="hn" type4="hn"/>
    <Improper k1="4.6024" periodicity1="2" phase1="3.141592653589793" type1="ca" type2="ca" type3="ca" type4="nv"/>
    <Improper k1="4.6024" periodicity1="2" phase1="3.141592653589793" type1="ca" type2="ca" type3="ca" type4="ha"/>
    <Improper k1="4.6024" periodicity1="2" phase1="3.141592653589793" type1="ca" type2="ca" type3="ca" type4="ss"/>
    <Improper k1="4.6024" periodicity1="2" phase1="3.141592653589793" type1="cc" type2="nd" type3="nv" type4="ss"/>
    <Improper k1="4.6024" periodicity1="2" phase1="3.141592653589793" type1="nv" type2="cc" type3="hn" type4="hn"/>
    <Improper k1="4.6024" periodicity1="2" phase1="3.141592653589793" type1="ca" type2="ca" type3="ca" type4="nd"/>
  </PeriodicTorsionForce>
</ForceField>
