<ForceField>
  <Info>
    <DateGenerated>2019-07-05</DateGenerated>
  </Info>
  <Residues>
    <Residue name="MC_01Y">
      <Atom charge="-0.8383" name="O32" type="o"/>
      <Atom charge="0.8956" name="C14" type="c"/>
      <Atom charge="0.0244" name="C5" type="c3"/>
      <Atom charge="-0.3896" name="O21" type="os"/>
      <Atom charge="0.1391" name="C44" type="c3"/>
      <Atom charge="-0.0939" name="C49" type="c3"/>
      <Atom charge="-0.0864" name="C48" type="c3"/>
      <Atom charge="-0.0864" name="C47" type="c3"/>
      <Atom charge="-0.0939" name="C45" type="c3"/>
      <Atom charge="0.0102" name="H5" type="h1"/>
      <Atom charge="0.0102" name="H5A" type="h1"/>
      <Atom charge="0.0267" name="H44" type="h1"/>
      <Atom charge="0.0507" name="H49" type="hc"/>
      <Atom charge="0.0507" name="H49A" type="hc"/>
      <Atom charge="0.0297" name="H48" type="hc"/>
      <Atom charge="0.0297" name="H48A" type="hc"/>
      <Atom charge="0.0297" name="H47" type="hc"/>
      <Atom charge="0.0297" name="H47A" type="hc"/>
      <Atom charge="0.0507" name="H45" type="hc"/>
      <Atom charge="0.0507" name="H45A" type="hc"/>
      <Atom charge="-0.8383" name="OXT" type="o"/>
      <Bond atomName1="C14" atomName2="O32"/>
      <Bond atomName1="C14" atomName2="C5"/>
      <Bond atomName1="C5" atomName2="O21"/>
      <Bond atomName1="O21" atomName2="C44"/>
      <Bond atomName1="C45" atomName2="C44"/>
      <Bond atomName1="C45" atomName2="C47"/>
      <Bond atomName1="C44" atomName2="C49"/>
      <Bond atomName1="C49" atomName2="C48"/>
      <Bond atomName1="C47" atomName2="C48"/>
      <Bond atomName1="C5" atomName2="H5"/>
      <Bond atomName1="C5" atomName2="H5A"/>
      <Bond atomName1="C44" atomName2="H44"/>
      <Bond atomName1="C49" atomName2="H49"/>
      <Bond atomName1="C49" atomName2="H49A"/>
      <Bond atomName1="C48" atomName2="H48"/>
      <Bond atomName1="C48" atomName2="H48A"/>
      <Bond atomName1="C47" atomName2="H47"/>
      <Bond atomName1="C47" atomName2="H47A"/>
      <Bond atomName1="C45" atomName2="H45"/>
      <Bond atomName1="C45" atomName2="H45A"/>
      <Bond atomName1="C14" atomName2="OXT"/>
    </Residue>
  </Residues>
  <PeriodicTorsionForce>
    <Improper k1="4.6024" periodicity1="2" phase1="3.141592653589793" type1="c" type2="c3" type3="o" type4="o"/>
  </PeriodicTorsionForce>
</ForceField>
