<ForceField>
  <Info>
    <DateGenerated>2019-07-05</DateGenerated>
  </Info>
  <Residues>
    <Residue name="MC_022">
      <Atom charge="0.3944" name="C1" type="cc"/>
      <Atom charge="-0.106" name="N2" type="na"/>
      <Atom charge="-0.2666" name="C3" type="cc"/>
      <Atom charge="0.3172" name="C4" type="cd"/>
      <Atom charge="-0.689" name="N5" type="nd"/>
      <Atom charge="-0.0012" name="C11" type="ca"/>
      <Atom charge="-0.137" name="C13" type="ca"/>
      <Atom charge="-0.1185" name="C14" type="ca"/>
      <Atom charge="0.011" name="C15" type="ca"/>
      <Atom charge="-0.1185" name="C16" type="ca"/>
      <Atom charge="-0.137" name="C17" type="ca"/>
      <Atom charge="-0.1143" name="C24" type="cd"/>
      <Atom charge="-0.143" name="C26" type="cc"/>
      <Atom charge="-0.209" name="C27" type="cc"/>
      <Atom charge="-0.0456" name="C28" type="cd"/>
      <Atom charge="-0.0232" name="N29" type="na"/>
      <Atom charge="-0.0081" name="C35" type="c3"/>
      <Atom charge="-0.1834" name="C37" type="c3"/>
      <Atom charge="0.8866" name="C38" type="c"/>
      <Atom charge="-0.8413" name="O41" type="o"/>
      <Atom charge="-0.8413" name="O43" type="o"/>
      <Atom charge="0.1118" name="C45" type="ca"/>
      <Atom charge="-0.0583" name="C47" type="ca"/>
      <Atom charge="-0.023" name="C48" type="ca"/>
      <Atom charge="-0.2206" name="C49" type="ca"/>
      <Atom charge="-0.119" name="C50" type="ca"/>
      <Atom charge="-0.106" name="C51" type="ca"/>
      <Atom charge="0.5097" name="C58" type="c"/>
      <Atom charge="-0.4311" name="O59" type="o"/>
      <Atom charge="-0.6794" name="N62" type="nz"/>
      <Atom charge="-0.0638" name="C64" type="c3"/>
      <Atom charge="0.0591" name="H1" type="h5"/>
      <Atom charge="0.179" name="H3" type="h4"/>
      <Atom charge="0.0451" name="H4" type="h4"/>
      <Atom charge="0.136" name="H13" type="ha"/>
      <Atom charge="0.1395" name="H14" type="ha"/>
      <Atom charge="0.1395" name="H16" type="ha"/>
      <Atom charge="0.136" name="H17" type="ha"/>
      <Atom charge="0.151" name="H26" type="ha"/>
      <Atom charge="0.169" name="H27" type="ha"/>
      <Atom charge="0.0647" name="H35" type="hc"/>
      <Atom charge="0.0647" name="H35A" type="hc"/>
      <Atom charge="0.0337" name="H37" type="hc"/>
      <Atom charge="0.0337" name="H37A" type="hc"/>
      <Atom charge="0.172" name="H48" type="ha"/>
      <Atom charge="0.105" name="H50" type="ha"/>
      <Atom charge="0.174" name="H51" type="ha"/>
      <Atom charge="0.474467" name="HN62" type="hn"/>
      <Atom charge="0.474467" name="HN6A" type="hn"/>
      <Atom charge="0.0757" name="H64" type="hc"/>
      <Atom charge="0.0757" name="H64A" type="hc"/>
      <Atom charge="0.0757" name="H64B" type="hc"/>
      <Atom charge="0.474467" name="H623" type="hn"/>
      <Bond atomName1="N2" atomName2="C1"/>
      <Bond atomName1="C1" atomName2="N5"/>
      <Bond atomName1="C1" atomName2="H1"/>
      <Bond atomName1="C3" atomName2="N2"/>
      <Bond atomName1="C11" atomName2="N2"/>
      <Bond atomName1="C3" atomName2="C4"/>
      <Bond atomName1="C3" atomName2="H3"/>
      <Bond atomName1="C4" atomName2="N5"/>
      <Bond atomName1="C4" atomName2="H4"/>
      <Bond atomName1="C13" atomName2="C11"/>
      <Bond atomName1="C11" atomName2="C17"/>
      <Bond atomName1="C14" atomName2="C13"/>
      <Bond atomName1="C13" atomName2="H13"/>
      <Bond atomName1="C14" atomName2="C15"/>
      <Bond atomName1="C14" atomName2="H14"/>
      <Bond atomName1="C24" atomName2="C15"/>
      <Bond atomName1="C15" atomName2="C16"/>
      <Bond atomName1="C16" atomName2="C17"/>
      <Bond atomName1="C16" atomName2="H16"/>
      <Bond atomName1="C17" atomName2="H17"/>
      <Bond atomName1="C26" atomName2="C24"/>
      <Bond atomName1="C24" atomName2="N29"/>
      <Bond atomName1="C26" atomName2="C27"/>
      <Bond atomName1="C26" atomName2="H26"/>
      <Bond atomName1="C27" atomName2="C28"/>
      <Bond atomName1="C27" atomName2="H27"/>
      <Bond atomName1="C28" atomName2="C35"/>
      <Bond atomName1="C28" atomName2="N29"/>
      <Bond atomName1="N29" atomName2="C45"/>
      <Bond atomName1="C37" atomName2="C35"/>
      <Bond atomName1="C35" atomName2="H35"/>
      <Bond atomName1="C35" atomName2="H35A"/>
      <Bond atomName1="C37" atomName2="C38"/>
      <Bond atomName1="C37" atomName2="H37"/>
      <Bond atomName1="C37" atomName2="H37A"/>
      <Bond atomName1="O41" atomName2="C38"/>
      <Bond atomName1="C38" atomName2="O43"/>
      <Bond atomName1="C45" atomName2="C51"/>
      <Bond atomName1="C45" atomName2="C47"/>
      <Bond atomName1="C64" atomName2="C47"/>
      <Bond atomName1="C47" atomName2="C48"/>
      <Bond atomName1="C48" atomName2="C49"/>
      <Bond atomName1="C48" atomName2="H48"/>
      <Bond atomName1="C50" atomName2="C49"/>
      <Bond atomName1="C49" atomName2="C58"/>
      <Bond atomName1="C51" atomName2="C50"/>
      <Bond atomName1="C50" atomName2="H50"/>
      <Bond atomName1="C51" atomName2="H51"/>
      <Bond atomName1="C58" atomName2="N62"/>
      <Bond atomName1="C58" atomName2="O59"/>
      <Bond atomName1="N62" atomName2="HN62"/>
      <Bond atomName1="N62" atomName2="HN6A"/>
      <Bond atomName1="C64" atomName2="H64"/>
      <Bond atomName1="C64" atomName2="H64A"/>
      <Bond atomName1="C64" atomName2="H64B"/>
      <Bond atomName1="H623" atomName2="N62"/>
    </Residue>
  </Residues>
  <HarmonicBondForce>
    <Bond k="165602.71999999997" length="0.15460000000000002" type1="c" type2="nz"/>
    <Bond k="404090.7199999999" length="0.10300000000000001" type1="hn" type2="nz"/>
  </HarmonicBondForce>
  <HarmonicAngleForce>
    <Angle angle="2.031126917008401" k="673.473376" type1="ca" type2="c" type3="nz"/>
    <Angle angle="1.9394098648160991" k="376.56" type1="c" type2="nz" type3="hn"/>
    <Angle angle="2.073974750144862" k="892.0287999999999" type1="nz" type2="c" type3="o"/>
    <Angle angle="1.8901915799098588" k="334.72" type1="hn" type2="nz" type3="hn"/>
  </HarmonicAngleForce>
  <PeriodicTorsionForce>
    <Proper k1="2.11292" periodicity1="2" phase1="3.141592653589793" type1="ca" type2="ca" type3="cd" type4="cc"/>
    <Proper k1="2.9288" periodicity1="2" phase1="3.141592653589793" type1="ca" type2="ca" type3="cd" type4="na"/>
    <Proper k1="0.343088" periodicity1="3" phase1="3.141592653589793" type1="ca" type2="c" type3="nz" type4="hn"/>
    <Proper k1="0.0" periodicity1="3" phase1="3.141592653589793" type1="o" type2="c" type3="nz" type4="hn"/>
    <Improper k1="4.6024" periodicity1="2" phase1="3.141592653589793" type1="cc" type2="h5" type3="na" type4="nd"/>
    <Improper k1="4.6024" periodicity1="2" phase1="3.141592653589793" type1="na" type2="ca" type3="cc" type4="cc"/>
    <Improper k1="4.6024" periodicity1="2" phase1="3.141592653589793" type1="cc" type2="cd" type3="h4" type4="na"/>
    <Improper k1="4.6024" periodicity1="2" phase1="3.141592653589793" type1="cd" type2="cc" type3="h4" type4="nd"/>
    <Improper k1="4.6024" periodicity1="2" phase1="3.141592653589793" type1="ca" type2="ca" type3="ca" type4="na"/>
    <Improper k1="4.6024" periodicity1="2" phase1="3.141592653589793" type1="ca" type2="ca" type3="ca" type4="ha"/>
    <Improper k1="4.6024" periodicity1="2" phase1="3.141592653589793" type1="ca" type2="ca" type3="ca" type4="cd"/>
    <Improper k1="4.6024" periodicity1="2" phase1="3.141592653589793" type1="cd" type2="ca" type3="cc" type4="na"/>
    <Improper k1="4.6024" periodicity1="2" phase1="3.141592653589793" type1="cc" type2="cc" type3="cd" type4="ha"/>
    <Improper k1="4.6024" periodicity1="2" phase1="3.141592653589793" type1="cd" type2="c3" type3="cc" type4="na"/>
    <Improper k1="4.6024" periodicity1="2" phase1="3.141592653589793" type1="na" type2="ca" type3="cd" type4="cd"/>
    <Improper k1="4.6024" periodicity1="2" phase1="3.141592653589793" type1="c" type2="c3" type3="o" type4="o"/>
    <Improper k1="4.6024" periodicity1="2" phase1="3.141592653589793" type1="ca" type2="c" type3="ca" type4="ca"/>
    <Improper k1="43.932" periodicity1="2" phase1="3.141592653589793" type1="c" type2="ca" type3="nz" type4="o"/>
  </PeriodicTorsionForce>
</ForceField>
