<ForceField>
  <Info>
    <DateGenerated>2019-07-05</DateGenerated>
  </Info>
  <Residues>
    <Residue name="MC_023">
      <Atom charge="0.1013" name="C25" type="c3"/>
      <Atom charge="-0.5819" name="N18" type="ns"/>
      <Atom charge="0.6561" name="C14" type="c"/>
      <Atom charge="-0.6161" name="O19" type="o"/>
      <Atom charge="0.0517" name="C10" type="c3"/>
      <Atom charge="-0.077" name="C15" type="c3"/>
      <Atom charge="-0.086767" name="C22" type="c3"/>
      <Atom charge="-0.086767" name="C21" type="c3"/>
      <Atom charge="-0.086767" name="C20" type="c3"/>
      <Atom charge="-0.5729" name="N5" type="ns"/>
      <Atom charge="0.6651" name="C2" type="c"/>
      <Atom charge="-0.6051" name="O6" type="o"/>
      <Atom charge="-0.1557" name="C1" type="c3"/>
      <Atom charge="0.1217" name="C3" type="c3"/>
      <Atom charge="-0.1311" name="C8" type="c3"/>
      <Atom charge="-0.3823" name="N7" type="n"/>
      <Atom charge="-0.3651" name="O12" type="oh"/>
      <Atom charge="0.6599" name="C11" type="c"/>
      <Atom charge="-0.5731" name="O16" type="o"/>
      <Atom charge="-0.0644" name="C4" type="c3"/>
      <Atom charge="-0.0994" name="C9" type="c3"/>
      <Atom charge="-0.0311" name="C13" type="c3"/>
      <Atom charge="-0.0773" name="C17" type="ca"/>
      <Atom charge="-0.121" name="C23" type="ca"/>
      <Atom charge="-0.1255" name="C26" type="ca"/>
      <Atom charge="-0.131" name="C28" type="ca"/>
      <Atom charge="-0.1255" name="C27" type="ca"/>
      <Atom charge="-0.121" name="C24" type="ca"/>
      <Atom charge="0.044367" name="H251" type="h1"/>
      <Atom charge="0.044367" name="H252" type="h1"/>
      <Atom charge="0.044367" name="H253" type="h1"/>
      <Atom charge="0.3185" name="H18" type="hn"/>
      <Atom charge="0.0877" name="H10" type="h1"/>
      <Atom charge="0.3375" name="H5" type="hn"/>
      <Atom charge="0.041256" name="H221" type="hc"/>
      <Atom charge="0.041256" name="H222" type="hc"/>
      <Atom charge="0.041256" name="H223" type="hc"/>
      <Atom charge="0.041256" name="H211" type="hc"/>
      <Atom charge="0.041256" name="H212" type="hc"/>
      <Atom charge="0.041256" name="H213" type="hc"/>
      <Atom charge="0.041256" name="H201" type="hc"/>
      <Atom charge="0.041256" name="H202" type="hc"/>
      <Atom charge="0.041256" name="H203" type="hc"/>
      <Atom charge="0.0617" name="H1" type="hc"/>
      <Atom charge="0.0907" name="H3" type="h1"/>
      <Atom charge="0.0577" name="H41C" type="hc"/>
      <Atom charge="0.0577" name="H42C" type="hc"/>
      <Atom charge="0.051033" name="H81C" type="hc"/>
      <Atom charge="0.051033" name="H82C" type="hc"/>
      <Atom charge="0.051033" name="H83C" type="hc"/>
      <Atom charge="0.397" name="H12" type="ho"/>
      <Atom charge="0.0402" name="H11" type="h5"/>
      <Atom charge="0.0642" name="H91C" type="hc"/>
      <Atom charge="0.0642" name="H92C" type="hc"/>
      <Atom charge="0.0457" name="H131" type="hc"/>
      <Atom charge="0.0457" name="H132" type="hc"/>
      <Atom charge="0.128" name="H23" type="ha"/>
      <Atom charge="0.128" name="H24" type="ha"/>
      <Atom charge="0.126" name="H26" type="ha"/>
      <Atom charge="0.125" name="H28" type="ha"/>
      <Atom charge="0.126" name="H27" type="ha"/>
      <Bond atomName1="C25" atomName2="N18"/>
      <Bond atomName1="N18" atomName2="C14"/>
      <Bond atomName1="C14" atomName2="O19"/>
      <Bond atomName1="C14" atomName2="C10"/>
      <Bond atomName1="C10" atomName2="C15"/>
      <Bond atomName1="C10" atomName2="N5"/>
      <Bond atomName1="C15" atomName2="C22"/>
      <Bond atomName1="C15" atomName2="C21"/>
      <Bond atomName1="C15" atomName2="C20"/>
      <Bond atomName1="N5" atomName2="C2"/>
      <Bond atomName1="C2" atomName2="O6"/>
      <Bond atomName1="C2" atomName2="C1"/>
      <Bond atomName1="C1" atomName2="C3"/>
      <Bond atomName1="C1" atomName2="C4"/>
      <Bond atomName1="C3" atomName2="C8"/>
      <Bond atomName1="C3" atomName2="N7"/>
      <Bond atomName1="N7" atomName2="O12"/>
      <Bond atomName1="N7" atomName2="C11"/>
      <Bond atomName1="C11" atomName2="O16"/>
      <Bond atomName1="C4" atomName2="C9"/>
      <Bond atomName1="C9" atomName2="C13"/>
      <Bond atomName1="C13" atomName2="C17"/>
      <Bond atomName1="C17" atomName2="C23"/>
      <Bond atomName1="C17" atomName2="C24"/>
      <Bond atomName1="C23" atomName2="C26"/>
      <Bond atomName1="C26" atomName2="C28"/>
      <Bond atomName1="C28" atomName2="C27"/>
      <Bond atomName1="C27" atomName2="C24"/>
      <Bond atomName1="C25" atomName2="H251"/>
      <Bond atomName1="C25" atomName2="H252"/>
      <Bond atomName1="C25" atomName2="H253"/>
      <Bond atomName1="N18" atomName2="H18"/>
      <Bond atomName1="C10" atomName2="H10"/>
      <Bond atomName1="N5" atomName2="H5"/>
      <Bond atomName1="C22" atomName2="H221"/>
      <Bond atomName1="C22" atomName2="H222"/>
      <Bond atomName1="C22" atomName2="H223"/>
      <Bond atomName1="C21" atomName2="H211"/>
      <Bond atomName1="C21" atomName2="H212"/>
      <Bond atomName1="C21" atomName2="H213"/>
      <Bond atomName1="C20" atomName2="H201"/>
      <Bond atomName1="C20" atomName2="H202"/>
      <Bond atomName1="C20" atomName2="H203"/>
      <Bond atomName1="C1" atomName2="H1"/>
      <Bond atomName1="C3" atomName2="H3"/>
      <Bond atomName1="C4" atomName2="H41C"/>
      <Bond atomName1="C4" atomName2="H42C"/>
      <Bond atomName1="C8" atomName2="H81C"/>
      <Bond atomName1="C8" atomName2="H82C"/>
      <Bond atomName1="C8" atomName2="H83C"/>
      <Bond atomName1="O12" atomName2="H12"/>
      <Bond atomName1="C11" atomName2="H11"/>
      <Bond atomName1="C9" atomName2="H91C"/>
      <Bond atomName1="C9" atomName2="H92C"/>
      <Bond atomName1="C13" atomName2="H131"/>
      <Bond atomName1="C13" atomName2="H132"/>
      <Bond atomName1="C23" atomName2="H23"/>
      <Bond atomName1="C24" atomName2="H24"/>
      <Bond atomName1="C26" atomName2="H26"/>
      <Bond atomName1="C28" atomName2="H28"/>
      <Bond atomName1="C27" atomName2="H27"/>
    </Residue>
  </Residues>
  <HarmonicBondForce>
    <Bond k="220747.83999999997" length="0.1462" type1="c3" type2="ns"/>
    <Bond k="298068.1599999999" length="0.1379" type1="c" type2="ns"/>
    <Bond k="441244.6399999999" length="0.1013" type1="hn" type2="ns"/>
  </HarmonicBondForce>
  <HarmonicAngleForce>
    <Angle angle="2.1064378742319563" k="546.4304" type1="c" type2="ns" type3="c3"/>
    <Angle angle="2.053903463746927" k="385.76480000000004" type1="c3" type2="ns" type3="hn"/>
    <Angle angle="1.900314489571426" k="514.6320000000001" type1="h1" type2="c3" type3="ns"/>
    <Angle angle="2.1476276445790226" k="952.2784" type1="ns" type2="c" type3="o"/>
    <Angle angle="2.010270232447069" k="705.4224" type1="c3" type2="c" type3="ns"/>
    <Angle angle="2.051634535719334" k="407.52160000000003" type1="c" type2="ns" type3="hn"/>
    <Angle angle="1.903456082225016" k="707.096" type1="c" type2="c3" type3="ns"/>
    <Angle angle="1.9479619781508712" k="696.2176000000001" type1="c3" type2="c3" type3="ns"/>
  </HarmonicAngleForce>
  <PeriodicTorsionForce>
    <Proper k1="10.46" periodicity1="2" phase1="3.141592653589793" type1="o" type2="c" type3="ns" type4="c3"/>
    <Proper k1="1.0878400000000001" k2="2.092" periodicity1="2" periodicity2="1" phase1="3.141592653589793" phase2="0.0" type1="c3" type2="c" type3="ns" type4="c3"/>
    <Proper k1="0.0" k2="2.97064" periodicity1="4" periodicity2="2" phase1="3.141592653589793" phase2="3.141592653589793" type1="ns" type2="c" type3="c3" type4="c3"/>
    <Proper k1="0.41840000000000005" k2="8.870080000000002" periodicity1="1" periodicity2="2" phase1="3.141592653589793" phase2="3.141592653589793" type1="ns" type2="c" type3="c3" type4="ns"/>
    <Proper k1="0.0" periodicity1="2" phase1="3.141592653589793" type1="h1" type2="c3" type3="ns" type4="c"/>
    <Proper k1="1.63176" k2="2.67776" periodicity1="2" periodicity2="1" phase1="3.141592653589793" phase2="0.0" type1="c" type2="c3" type3="ns" type4="c"/>
    <Proper k1="0.0" periodicity1="2" phase1="0.0" type1="c" type2="c3" type3="ns" type4="hn"/>
    <Proper k1="10.46" k2="8.368" periodicity1="2" periodicity2="1" phase1="3.141592653589793" phase2="0.0" type1="o" type2="c" type3="ns" type4="hn"/>
    <Proper k1="10.46" periodicity1="2" phase1="3.141592653589793" type1="c3" type2="c" type3="ns" type4="hn"/>
    <Proper k1="0.41840000000000005" k2="0.7112800000000001" k3="4.26768" periodicity1="4" periodicity2="3" periodicity3="1" phase1="3.141592653589793" phase2="0.0" phase3="3.141592653589793" type1="c3" type2="c3" type3="ns" type4="c"/>
    <Proper k1="0.0" periodicity1="2" phase1="0.0" type1="c3" type2="c3" type3="ns" type4="hn"/>
    <Proper k1="0.41840000000000005" periodicity1="3" phase1="0.0" type1="c3" type2="c3" type3="c3" type4="ns"/>
    <Proper k1="0.0" periodicity1="2" phase1="0.0" type1="h1" type2="c3" type3="ns" type4="hn"/>
    <Improper k1="4.6024" periodicity1="2" phase1="3.141592653589793" type1="ns" type2="c" type3="c3" type4="hn"/>
    <Improper k1="43.932" periodicity1="2" phase1="3.141592653589793" type1="c" type2="c3" type3="ns" type4="o"/>
    <Improper k1="4.6024" periodicity1="2" phase1="3.141592653589793" type1="n" type2="c" type3="c3" type4="oh"/>
    <Improper k1="43.932" periodicity1="2" phase1="3.141592653589793" type1="c" type2="h5" type3="n" type4="o"/>
    <Improper k1="4.6024" periodicity1="2" phase1="3.141592653589793" type1="ca" type2="ca" type3="ca" type4="ha"/>
  </PeriodicTorsionForce>
</ForceField>
