<ForceField>
  <Info>
    <DateGenerated>2019-07-05</DateGenerated>
  </Info>
  <Residues>
    <Residue name="MC_025">
      <Atom charge="-0.2585" name="C1" type="ca"/>
      <Atom charge="1.3181" name="S11" type="s6"/>
      <Atom charge="-0.704533" name="O24" type="o"/>
      <Atom charge="-0.704533" name="O25" type="o"/>
      <Atom charge="-0.01" name="C2" type="ca"/>
      <Atom charge="-0.176" name="C3" type="ca"/>
      <Atom charge="-0.077" name="C4" type="ca"/>
      <Atom charge="-0.2203" name="C5" type="ca"/>
      <Atom charge="0.6712" name="C6" type="c3"/>
      <Atom charge="-0.234633" name="F61" type="f"/>
      <Atom charge="-0.234633" name="F1" type="f"/>
      <Atom charge="-0.234633" name="F6" type="f"/>
      <Atom charge="0.012" name="C10" type="ca"/>
      <Atom charge="0.154" name="H2" type="ha"/>
      <Atom charge="0.118" name="H3" type="ha"/>
      <Atom charge="0.124" name="H4" type="ha"/>
      <Atom charge="0.162" name="H10" type="ha"/>
      <Atom charge="-0.704533" name="O1" type="o"/>
      <Bond atomName1="C1" atomName2="S11"/>
      <Bond atomName1="C1" atomName2="C2"/>
      <Bond atomName1="C1" atomName2="C10"/>
      <Bond atomName1="S11" atomName2="O24"/>
      <Bond atomName1="S11" atomName2="O25"/>
      <Bond atomName1="C2" atomName2="C3"/>
      <Bond atomName1="C2" atomName2="H2"/>
      <Bond atomName1="C3" atomName2="C4"/>
      <Bond atomName1="C3" atomName2="H3"/>
      <Bond atomName1="C4" atomName2="C5"/>
      <Bond atomName1="C4" atomName2="H4"/>
      <Bond atomName1="C5" atomName2="C6"/>
      <Bond atomName1="C5" atomName2="C10"/>
      <Bond atomName1="C6" atomName2="F61"/>
      <Bond atomName1="C6" atomName2="F1"/>
      <Bond atomName1="C6" atomName2="F6"/>
      <Bond atomName1="C10" atomName2="H10"/>
      <Bond atomName1="S11" atomName2="O1"/>
    </Residue>
  </Residues>
  <PeriodicTorsionForce>
    <Improper k1="4.6024" periodicity1="2" phase1="3.141592653589793" type1="ca" type2="ca" type3="ca" type4="s6"/>
    <Improper k1="4.6024" periodicity1="2" phase1="3.141592653589793" type1="ca" type2="ca" type3="ca" type4="ha"/>
  </PeriodicTorsionForce>
</ForceField>
