<ForceField>
  <Info>
    <DateGenerated>2019-07-05</DateGenerated>
  </Info>
  <Residues>
    <Residue name="MC_026">
      <Atom charge="-0.8192" name="N26" type="n7"/>
      <Atom charge="0.1608" name="C27" type="c3"/>
      <Atom charge="0.1608" name="C28" type="c3"/>
      <Atom charge="-0.7316" name="N29" type="n3"/>
      <Atom charge="0.1608" name="C30" type="c3"/>
      <Atom charge="0.1608" name="C31" type="c3"/>
      <Atom charge="0.1728" name="C32" type="c3"/>
      <Atom charge="-0.1154" name="C33" type="c3"/>
      <Atom charge="0.0888" name="C8" type="c3"/>
      <Atom charge="-0.8096" name="N9" type="nz"/>
      <Atom charge="0.04795" name="H271" type="h1"/>
      <Atom charge="0.04795" name="H272" type="h1"/>
      <Atom charge="0.0422" name="H281" type="h1"/>
      <Atom charge="0.0422" name="H282" type="h1"/>
      <Atom charge="0.0422" name="H301" type="h1"/>
      <Atom charge="0.0422" name="H302" type="h1"/>
      <Atom charge="0.04795" name="H311" type="h1"/>
      <Atom charge="0.04795" name="H312" type="h1"/>
      <Atom charge="0.0467" name="H321" type="h1"/>
      <Atom charge="0.0467" name="H322" type="h1"/>
      <Atom charge="0.0737" name="H331" type="hc"/>
      <Atom charge="0.0737" name="H332" type="hc"/>
      <Atom charge="0.1122" name="H8C1" type="hx"/>
      <Atom charge="0.1122" name="H8C2" type="hx"/>
      <Atom charge="0.457467" name="H9N1" type="hn"/>
      <Atom charge="0.457467" name="H9N2" type="hn"/>
      <Atom charge="0.3708" name="H2" type="hn"/>
      <Atom charge="0.457467" name="H93" type="hn"/>
      <Bond atomName1="N26" atomName2="C27"/>
      <Bond atomName1="N26" atomName2="C31"/>
      <Bond atomName1="C27" atomName2="C28"/>
      <Bond atomName1="C27" atomName2="H271"/>
      <Bond atomName1="C27" atomName2="H272"/>
      <Bond atomName1="C28" atomName2="N29"/>
      <Bond atomName1="C28" atomName2="H281"/>
      <Bond atomName1="C28" atomName2="H282"/>
      <Bond atomName1="N29" atomName2="C30"/>
      <Bond atomName1="N29" atomName2="C32"/>
      <Bond atomName1="C30" atomName2="C31"/>
      <Bond atomName1="C30" atomName2="H301"/>
      <Bond atomName1="C30" atomName2="H302"/>
      <Bond atomName1="C31" atomName2="H311"/>
      <Bond atomName1="C31" atomName2="H312"/>
      <Bond atomName1="C32" atomName2="C33"/>
      <Bond atomName1="C32" atomName2="H321"/>
      <Bond atomName1="C32" atomName2="H322"/>
      <Bond atomName1="C33" atomName2="C8"/>
      <Bond atomName1="C33" atomName2="H331"/>
      <Bond atomName1="C33" atomName2="H332"/>
      <Bond atomName1="C8" atomName2="N9"/>
      <Bond atomName1="C8" atomName2="H8C1"/>
      <Bond atomName1="C8" atomName2="H8C2"/>
      <Bond atomName1="N9" atomName2="H9N1"/>
      <Bond atomName1="N9" atomName2="H9N2"/>
      <Bond atomName1="N26" atomName2="H2"/>
      <Bond atomName1="H93" atomName2="N9"/>
    </Residue>
  </Residues>
  <HarmonicBondForce>
    <Bond k="218572.15999999995" length="0.14650000000000002" type1="c3" type2="n7"/>
    <Bond k="427855.8399999999" length="0.10189999999999999" type1="hn" type2="n7"/>
    <Bond k="186271.67999999996" length="0.1511" type1="c3" type2="nz"/>
    <Bond k="404090.7199999999" length="0.10300000000000001" type1="hn" type2="nz"/>
  </HarmonicBondForce>
  <HarmonicAngleForce>
    <Angle angle="1.9380136014145037" k="697.0544" type1="c3" type2="c3" type3="n7"/>
    <Angle angle="1.9177677820913692" k="512.1216000000001" type1="h1" type2="c3" type3="n7"/>
    <Angle angle="1.9608774146156291" k="549.7776" type1="c3" type2="n7" type3="c3"/>
    <Angle angle="1.9074703395046029" k="399.99039999999997" type1="c3" type2="n7" type3="hn"/>
    <Angle angle="1.9933405387027237" k="677.808" type1="c3" type2="c3" type3="nz"/>
    <Angle angle="1.9217820393709562" k="386.6016" type1="c3" type2="nz" type3="hn"/>
    <Angle angle="1.8851301250790755" k="502.9168" type1="hx" type2="c3" type3="nz"/>
    <Angle angle="1.8901915799098588" k="334.72" type1="hn" type2="nz" type3="hn"/>
  </HarmonicAngleForce>
  <PeriodicTorsionForce>
    <Proper k1="0.9414" periodicity1="3" phase1="0.0" type1="h1" type2="c3" type3="n7" type4="c3"/>
    <Proper k1="0.9079280000000001" periodicity1="3" phase1="0.0" type1="c3" type2="c3" type3="n7" type4="hn"/>
    <Proper k1="0.87864" periodicity1="3" phase1="0.0" type1="c3" type2="c3" type3="c3" type4="nz"/>
    <Proper k1="0.6508444444444444" periodicity1="3" phase1="0.0" type1="c3" type2="c3" type3="nz" type4="hn"/>
    <Proper k1="1.2552" periodicity1="3" phase1="0.0" type1="h1" type2="c3" type3="n7" type4="hn"/>
    <Proper k1="0.456056" periodicity1="3" phase1="0.0" type1="hx" type2="c3" type3="nz" type4="hn"/>
  </PeriodicTorsionForce>
</ForceField>
