<ForceField>
  <Info>
    <DateGenerated>2019-07-05</DateGenerated>
  </Info>
  <Residues>
    <Residue name="MC_027">
      <Atom charge="-0.5283" name="N1" type="nc"/>
      <Atom charge="-0.2028" name="N2" type="n"/>
      <Atom charge="0.6428" name="C3" type="cd"/>
      <Atom charge="0.6811" name="C4" type="c"/>
      <Atom charge="-0.0936" name="C5" type="ca"/>
      <Atom charge="-0.1759" name="C6" type="ca"/>
      <Atom charge="0.5902" name="C7" type="cd"/>
      <Atom charge="-0.8049" name="N8" type="nu"/>
      <Atom charge="-0.3513" name="C9" type="cd"/>
      <Atom charge="-0.0426" name="N10" type="na"/>
      <Atom charge="-0.5688" name="N11" type="nc"/>
      <Atom charge="-0.597" name="N12" type="nh"/>
      <Atom charge="-0.098" name="C13" type="ca"/>
      <Atom charge="0.1136" name="C14" type="ca"/>
      <Atom charge="-0.0686" name="C15" type="cc"/>
      <Atom charge="-0.093" name="C16" type="ca"/>
      <Atom charge="-0.7356" name="N17" type="n3"/>
      <Atom charge="-0.6465" name="O18" type="o"/>
      <Atom charge="0.1317" name="C19" type="c3"/>
      <Atom charge="-0.164" name="C20" type="ca"/>
      <Atom charge="0.1638" name="C21" type="c3"/>
      <Atom charge="0.1638" name="C22" type="c3"/>
      <Atom charge="0.1608" name="C23" type="c3"/>
      <Atom charge="0.1608" name="C24" type="c3"/>
      <Atom charge="0.1531" name="C25" type="c3"/>
      <Atom charge="-0.0278" name="C26" type="c3"/>
      <Atom charge="-0.1021" name="C27" type="c3"/>
      <Atom charge="-0.1021" name="C28" type="c3"/>
      <Atom charge="0.4668" name="HN8" type="hn"/>
      <Atom charge="0.198" name="H9" type="ha"/>
      <Atom charge="0.17" name="H13" type="ha"/>
      <Atom charge="0.131" name="H16" type="ha"/>
      <Atom charge="0.0967" name="H19" type="h1"/>
      <Atom charge="0.143" name="H20" type="ha"/>
      <Atom charge="0.0527" name="H21" type="h1"/>
      <Atom charge="0.0527" name="H21A" type="h1"/>
      <Atom charge="0.0527" name="H22" type="h1"/>
      <Atom charge="0.0527" name="H22A" type="h1"/>
      <Atom charge="0.04495" name="H23" type="h1"/>
      <Atom charge="0.04495" name="H23A" type="h1"/>
      <Atom charge="0.04495" name="H24" type="h1"/>
      <Atom charge="0.04495" name="H24A" type="h1"/>
      <Atom charge="0.034033" name="H25" type="h1"/>
      <Atom charge="0.034033" name="H25A" type="h1"/>
      <Atom charge="0.034033" name="H25B" type="h1"/>
      <Atom charge="0.050367" name="H26" type="hc"/>
      <Atom charge="0.050367" name="H26A" type="hc"/>
      <Atom charge="0.050367" name="H26B" type="hc"/>
      <Atom charge="0.043533" name="H27" type="hc"/>
      <Atom charge="0.043533" name="H27A" type="hc"/>
      <Atom charge="0.043533" name="H27B" type="hc"/>
      <Atom charge="0.043533" name="H28" type="hc"/>
      <Atom charge="0.043533" name="H28A" type="hc"/>
      <Atom charge="0.043533" name="H28B" type="hc"/>
      <Atom charge="0.3287" name="HN10" type="hn"/>
      <Bond atomName1="C3" atomName2="N1"/>
      <Bond atomName1="N2" atomName2="N1"/>
      <Bond atomName1="C4" atomName2="N2"/>
      <Bond atomName1="N2" atomName2="C19"/>
      <Bond atomName1="C6" atomName2="C3"/>
      <Bond atomName1="C3" atomName2="N8"/>
      <Bond atomName1="C5" atomName2="C4"/>
      <Bond atomName1="O18" atomName2="C4"/>
      <Bond atomName1="C13" atomName2="C5"/>
      <Bond atomName1="C5" atomName2="C6"/>
      <Bond atomName1="C16" atomName2="C6"/>
      <Bond atomName1="N8" atomName2="C7"/>
      <Bond atomName1="N11" atomName2="C7"/>
      <Bond atomName1="C7" atomName2="C9"/>
      <Bond atomName1="N8" atomName2="HN8"/>
      <Bond atomName1="C9" atomName2="C15"/>
      <Bond atomName1="C9" atomName2="H9"/>
      <Bond atomName1="N11" atomName2="N10"/>
      <Bond atomName1="N10" atomName2="C15"/>
      <Bond atomName1="C22" atomName2="N12"/>
      <Bond atomName1="N12" atomName2="C21"/>
      <Bond atomName1="N12" atomName2="C14"/>
      <Bond atomName1="C14" atomName2="C13"/>
      <Bond atomName1="C13" atomName2="H13"/>
      <Bond atomName1="C14" atomName2="C20"/>
      <Bond atomName1="C15" atomName2="C26"/>
      <Bond atomName1="C20" atomName2="C16"/>
      <Bond atomName1="C16" atomName2="H16"/>
      <Bond atomName1="C25" atomName2="N17"/>
      <Bond atomName1="C23" atomName2="N17"/>
      <Bond atomName1="N17" atomName2="C24"/>
      <Bond atomName1="C19" atomName2="C27"/>
      <Bond atomName1="C19" atomName2="C28"/>
      <Bond atomName1="C19" atomName2="H19"/>
      <Bond atomName1="C20" atomName2="H20"/>
      <Bond atomName1="C24" atomName2="C21"/>
      <Bond atomName1="C21" atomName2="H21"/>
      <Bond atomName1="C21" atomName2="H21A"/>
      <Bond atomName1="C23" atomName2="C22"/>
      <Bond atomName1="C22" atomName2="H22"/>
      <Bond atomName1="C22" atomName2="H22A"/>
      <Bond atomName1="C23" atomName2="H23"/>
      <Bond atomName1="C23" atomName2="H23A"/>
      <Bond atomName1="C24" atomName2="H24"/>
      <Bond atomName1="C24" atomName2="H24A"/>
      <Bond atomName1="C25" atomName2="H25"/>
      <Bond atomName1="C25" atomName2="H25A"/>
      <Bond atomName1="C25" atomName2="H25B"/>
      <Bond atomName1="C26" atomName2="H26"/>
      <Bond atomName1="C26" atomName2="H26A"/>
      <Bond atomName1="C26" atomName2="H26B"/>
      <Bond atomName1="C27" atomName2="H27"/>
      <Bond atomName1="C27" atomName2="H27A"/>
      <Bond atomName1="C27" atomName2="H27B"/>
      <Bond atomName1="C28" atomName2="H28"/>
      <Bond atomName1="C28" atomName2="H28A"/>
      <Bond atomName1="C28" atomName2="H28B"/>
      <Bond atomName1="N10" atomName2="HN10"/>
    </Residue>
  </Residues>
  <HarmonicBondForce>
    <Bond k="304176.79999999993" length="0.1373" type1="cd" type2="nu"/>
    <Bond k="443085.5999999999" length="0.10120000000000001" type1="hn" type2="nu"/>
  </HarmonicBondForce>
  <HarmonicAngleForce>
    <Angle angle="2.1057397425311586" k="934.7056" type1="nc" type2="cd" type3="nu"/>
    <Angle angle="2.26543736908864" k="543.0832" type1="cd" type2="nu" type3="cd"/>
    <Angle angle="2.0181242140810434" k="412.5424" type1="cd" type2="nu" type3="hn"/>
    <Angle angle="2.1315706154606744" k="705.4224" type1="ca" type2="cd" type3="nu"/>
    <Angle angle="2.0895081804876114" k="719.648" type1="cd" type2="cd" type3="nu"/>
  </HarmonicAngleForce>
  <PeriodicTorsionForce>
    <Proper k1="2.9288" periodicity1="2" phase1="3.141592653589793" type1="ca" type2="ca" type3="cd" type4="nc"/>
    <Proper k1="4.3932" periodicity1="2" phase1="3.141592653589793" type1="nc" type2="cd" type3="nu" type4="cd"/>
    <Proper k1="4.3932" periodicity1="2" phase1="3.141592653589793" type1="nc" type2="cd" type3="nu" type4="hn"/>
    <Proper k1="4.3932" periodicity1="2" phase1="3.141592653589793" type1="cd" type2="cd" type3="nu" type4="cd"/>
    <Proper k1="2.9288" periodicity1="2" phase1="3.141592653589793" type1="ca" type2="ca" type3="cd" type4="nu"/>
    <Proper k1="4.3932" periodicity1="2" phase1="3.141592653589793" type1="ca" type2="cd" type3="nu" type4="cd"/>
    <Proper k1="4.3932" periodicity1="2" phase1="3.141592653589793" type1="ca" type2="cd" type3="nu" type4="hn"/>
    <Proper k1="4.3932" periodicity1="2" phase1="3.141592653589793" type1="cd" type2="cd" type3="nu" type4="hn"/>
    <Improper k1="4.6024" periodicity1="2" phase1="3.141592653589793" type1="n" type2="c" type3="c3" type4="nc"/>
    <Improper k1="4.6024" periodicity1="2" phase1="3.141592653589793" type1="cd" type2="ca" type3="nc" type4="nu"/>
    <Improper k1="43.932" periodicity1="2" phase1="3.141592653589793" type1="c" type2="ca" type3="n" type4="o"/>
    <Improper k1="4.6024" periodicity1="2" phase1="3.141592653589793" type1="ca" type2="c" type3="ca" type4="ca"/>
    <Improper k1="4.6024" periodicity1="2" phase1="3.141592653589793" type1="ca" type2="ca" type3="ca" type4="cd"/>
    <Improper k1="4.6024" periodicity1="2" phase1="3.141592653589793" type1="cd" type2="cd" type3="nc" type4="nu"/>
    <Improper k1="4.6024" periodicity1="2" phase1="3.141592653589793" type1="nu" type2="cd" type3="cd" type4="hn"/>
    <Improper k1="4.6024" periodicity1="2" phase1="3.141592653589793" type1="cd" type2="cc" type3="cd" type4="ha"/>
    <Improper k1="4.6024" periodicity1="2" phase1="3.141592653589793" type1="na" type2="cc" type3="hn" type4="nc"/>
    <Improper k1="4.6024" periodicity1="2" phase1="3.141592653589793" type1="nh" type2="c3" type3="c3" type4="ca"/>
    <Improper k1="4.6024" periodicity1="2" phase1="3.141592653589793" type1="ca" type2="ca" type3="ca" type4="ha"/>
    <Improper k1="4.6024" periodicity1="2" phase1="3.141592653589793" type1="ca" type2="ca" type3="ca" type4="nh"/>
    <Improper k1="4.6024" periodicity1="2" phase1="3.141592653589793" type1="cc" type2="c3" type3="cd" type4="na"/>
  </PeriodicTorsionForce>
</ForceField>
