<ForceField>
  <Info>
    <DateGenerated>2019-07-05</DateGenerated>
  </Info>
  <Residues>
    <Residue name="MC_028">
      <Atom charge="-0.0921" name="CAA" type="c3"/>
      <Atom charge="-0.0914" name="CAI" type="c3"/>
      <Atom charge="-0.0784" name="CAJ" type="c3"/>
      <Atom charge="-0.0794" name="CAK" type="c3"/>
      <Atom charge="-0.1244" name="CAL" type="c3"/>
      <Atom charge="0.0036" name="CAM" type="c3"/>
      <Atom charge="-0.1746" name="CAN" type="c3"/>
      <Atom charge="1.1232" name="PAO" type="p5"/>
      <Atom charge="-0.948667" name="OAE" type="o"/>
      <Atom charge="-0.948667" name="OAF" type="o"/>
      <Atom charge="-0.948667" name="OAB" type="o"/>
      <Atom charge="1.1232" name="PAP" type="p5"/>
      <Atom charge="-0.948667" name="OAG" type="o"/>
      <Atom charge="-0.948667" name="OAH" type="o"/>
      <Atom charge="-0.948667" name="OAC" type="o"/>
      <Atom charge="-0.6488" name="OAD" type="oh"/>
      <Atom charge="0.007367" name="HAA1" type="hc"/>
      <Atom charge="0.007367" name="HAA2" type="hc"/>
      <Atom charge="0.007367" name="HAA3" type="hc"/>
      <Atom charge="0.0217" name="HAI1" type="hc"/>
      <Atom charge="0.0217" name="HAI2" type="hc"/>
      <Atom charge="0.0387" name="HAJ1" type="hc"/>
      <Atom charge="0.0387" name="HAJ2" type="hc"/>
      <Atom charge="0.0037" name="HAK1" type="hc"/>
      <Atom charge="0.0037" name="HAK2" type="hc"/>
      <Atom charge="0.0852" name="HAL1" type="hc"/>
      <Atom charge="0.0852" name="HAL2" type="hc"/>
      <Atom charge="0.0127" name="HAM1" type="hc"/>
      <Atom charge="0.0127" name="HAM2" type="hc"/>
      <Atom charge="0.383" name="HOAD" type="ho"/>
      <Bond atomName1="CAA" atomName2="CAI"/>
      <Bond atomName1="CAA" atomName2="HAA1"/>
      <Bond atomName1="CAA" atomName2="HAA2"/>
      <Bond atomName1="CAA" atomName2="HAA3"/>
      <Bond atomName1="CAI" atomName2="CAJ"/>
      <Bond atomName1="CAI" atomName2="HAI1"/>
      <Bond atomName1="CAI" atomName2="HAI2"/>
      <Bond atomName1="CAJ" atomName2="CAK"/>
      <Bond atomName1="CAJ" atomName2="HAJ1"/>
      <Bond atomName1="CAJ" atomName2="HAJ2"/>
      <Bond atomName1="CAK" atomName2="CAL"/>
      <Bond atomName1="CAK" atomName2="HAK1"/>
      <Bond atomName1="CAK" atomName2="HAK2"/>
      <Bond atomName1="CAL" atomName2="CAM"/>
      <Bond atomName1="CAL" atomName2="HAL1"/>
      <Bond atomName1="CAL" atomName2="HAL2"/>
      <Bond atomName1="CAM" atomName2="CAN"/>
      <Bond atomName1="CAM" atomName2="HAM1"/>
      <Bond atomName1="CAM" atomName2="HAM2"/>
      <Bond atomName1="CAN" atomName2="PAP"/>
      <Bond atomName1="CAN" atomName2="PAO"/>
      <Bond atomName1="CAN" atomName2="OAD"/>
      <Bond atomName1="PAO" atomName2="OAE"/>
      <Bond atomName1="PAO" atomName2="OAF"/>
      <Bond atomName1="PAO" atomName2="OAB"/>
      <Bond atomName1="PAP" atomName2="OAC"/>
      <Bond atomName1="PAP" atomName2="OAH"/>
      <Bond atomName1="PAP" atomName2="OAG"/>
      <Bond atomName1="OAD" atomName2="HOAD"/>
    </Residue>
  </Residues>
</ForceField>
