<ForceField>
  <Info>
    <DateGenerated>2019-07-05</DateGenerated>
  </Info>
  <Residues>
    <Residue name="MC_02C">
      <Atom charge="-0.0964" name="C1" type="cc"/>
      <Atom charge="0.272" name="C2" type="cd"/>
      <Atom charge="-0.674" name="N3" type="nd"/>
      <Atom charge="0.2877" name="C4" type="cc"/>
      <Atom charge="0.1017" name="S5" type="ss"/>
      <Atom charge="0.4492" name="C6" type="cf"/>
      <Atom charge="0.1005" name="C7" type="c3"/>
      <Atom charge="-0.8106" name="N8" type="nz"/>
      <Atom charge="-0.6451" name="N28" type="n2"/>
      <Atom charge="-0.7936" name="N29" type="nz"/>
      <Atom charge="0.245" name="H1" type="h4"/>
      <Atom charge="0.1382" name="H71" type="hx"/>
      <Atom charge="0.1382" name="H72" type="hx"/>
      <Atom charge="0.4678" name="HN8" type="hn"/>
      <Atom charge="0.4624" name="HN28" type="hn"/>
      <Atom charge="0.474467" name="H291" type="hn"/>
      <Atom charge="0.474467" name="H292" type="hn"/>
      <Atom charge="0.4678" name="H2" type="hn"/>
      <Atom charge="0.4678" name="H83" type="hn"/>
      <Atom charge="0.474467" name="H293" type="hn"/>
      <Bond atomName1="C1" atomName2="C2"/>
      <Bond atomName1="C1" atomName2="S5"/>
      <Bond atomName1="C1" atomName2="H1"/>
      <Bond atomName1="C2" atomName2="N3"/>
      <Bond atomName1="C2" atomName2="C6"/>
      <Bond atomName1="N3" atomName2="C4"/>
      <Bond atomName1="C4" atomName2="S5"/>
      <Bond atomName1="C4" atomName2="C7"/>
      <Bond atomName1="C6" atomName2="N28"/>
      <Bond atomName1="C6" atomName2="N29"/>
      <Bond atomName1="C7" atomName2="N8"/>
      <Bond atomName1="C7" atomName2="H71"/>
      <Bond atomName1="C7" atomName2="H72"/>
      <Bond atomName1="N8" atomName2="HN8"/>
      <Bond atomName1="N28" atomName2="HN28"/>
      <Bond atomName1="N29" atomName2="H291"/>
      <Bond atomName1="N29" atomName2="H292"/>
      <Bond atomName1="N8" atomName2="H2"/>
      <Bond atomName1="H83" atomName2="N8"/>
      <Bond atomName1="H293" atomName2="N29"/>
    </Residue>
  </Residues>
  <HarmonicBondForce>
    <Bond k="198070.55999999994" length="0.14930000000000002" type1="cf" type2="nz"/>
    <Bond k="186271.67999999996" length="0.1511" type1="c3" type2="nz"/>
    <Bond k="404090.7199999999" length="0.10300000000000001" type1="hn" type2="nz"/>
  </HarmonicBondForce>
  <HarmonicAngleForce>
    <Angle angle="2.0668189002116852" k="702.753008" type1="cd" type2="cf" type3="nz"/>
    <Angle angle="2.0172515494550463" k="681.9920000000001" type1="cc" type2="c3" type3="nz"/>
    <Angle angle="1.928588823453734" k="392.4592" type1="cf" type2="nz" type3="hn"/>
    <Angle angle="1.9217820393709562" k="386.6016" type1="c3" type2="nz" type3="hn"/>
    <Angle angle="1.8851301250790755" k="502.9168" type1="hx" type2="c3" type3="nz"/>
    <Angle angle="2.0666443672864854" k="904.0201440000001" type1="n2" type2="cf" type3="nz"/>
    <Angle angle="1.8901915799098588" k="334.72" type1="hn" type2="nz" type3="hn"/>
  </HarmonicAngleForce>
  <PeriodicTorsionForce>
    <Proper k1="4.184" periodicity1="2" phase1="3.141592653589793" type1="cc" type2="cd" type3="cf" type4="n2"/>
    <Proper k1="4.184" periodicity1="2" phase1="3.141592653589793" type1="cc" type2="cd" type3="cf" type4="nz"/>
    <Proper k1="4.6024" periodicity1="2" phase1="3.141592653589793" type1="nd" type2="cc" type3="ss" type4="cc"/>
    <Proper k1="4.6024" periodicity1="2" phase1="3.141592653589793" type1="c3" type2="cc" type3="ss" type4="cc"/>
    <Proper k1="4.6024" periodicity1="2" phase1="3.141592653589793" type1="cd" type2="cc" type3="ss" type4="cc"/>
    <Proper k1="3.3472000000000004" periodicity1="2" phase1="3.141592653589793" type1="cd" type2="cf" type3="n2" type4="hn"/>
    <Proper k1="0.343088" periodicity1="3" phase1="3.141592653589793" type1="cd" type2="cf" type3="nz" type4="hn"/>
    <Proper k1="4.184" periodicity1="2" phase1="3.141592653589793" type1="nd" type2="cd" type3="cf" type4="n2"/>
    <Proper k1="4.184" periodicity1="2" phase1="3.141592653589793" type1="nd" type2="cd" type3="cf" type4="nz"/>
    <Proper k1="4.6024" periodicity1="2" phase1="3.141592653589793" type1="h4" type2="cc" type3="ss" type4="cc"/>
    <Proper k1="0.6508444444444444" periodicity1="3" phase1="0.0" type1="cc" type2="c3" type3="nz" type4="hn"/>
    <Proper k1="0.0" periodicity1="3" phase1="3.141592653589793" type1="n2" type2="cf" type3="nz" type4="hn"/>
    <Proper k1="3.3472000000000004" periodicity1="2" phase1="3.141592653589793" type1="nz" type2="cf" type3="n2" type4="hn"/>
    <Proper k1="0.456056" periodicity1="3" phase1="0.0" type1="hx" type2="c3" type3="nz" type4="hn"/>
    <Improper k1="4.6024" periodicity1="2" phase1="3.141592653589793" type1="cc" type2="cd" type3="h4" type4="ss"/>
    <Improper k1="4.6024" periodicity1="2" phase1="3.141592653589793" type1="cd" type2="cc" type3="cf" type4="nd"/>
    <Improper k1="4.6024" periodicity1="2" phase1="3.141592653589793" type1="cc" type2="c3" type3="nd" type4="ss"/>
    <Improper k1="4.6024" periodicity1="2" phase1="3.141592653589793" type1="cf" type2="cd" type3="n2" type4="nz"/>
  </PeriodicTorsionForce>
</ForceField>
