<ForceField>
  <Info>
    <DateGenerated>2019-07-05</DateGenerated>
  </Info>
  <Residues>
    <Residue name="MC_02D">
      <Atom charge="-0.138" name="C1" type="cc"/>
      <Atom charge="-0.029" name="C2" type="cd"/>
      <Atom charge="-0.096" name="C3" type="cd"/>
      <Atom charge="-0.1374" name="C4" type="cc"/>
      <Atom charge="-0.0448" name="S5" type="ss"/>
      <Atom charge="0.5508" name="C6" type="ce"/>
      <Atom charge="-0.6311" name="N7" type="n2"/>
      <Atom charge="-0.8026" name="N8" type="nz"/>
      <Atom charge="0.1911" name="C9" type="c3"/>
      <Atom charge="-0.8116" name="N10" type="nz"/>
      <Atom charge="0.215" name="H2" type="ha"/>
      <Atom charge="0.191" name="H3" type="ha"/>
      <Atom charge="0.4594" name="HN7" type="hn"/>
      <Atom charge="0.473467" name="HN81" type="hn"/>
      <Atom charge="0.473467" name="HN82" type="hn"/>
      <Atom charge="0.1332" name="H91" type="hx"/>
      <Atom charge="0.1332" name="H92" type="hx"/>
      <Atom charge="0.465467" name="HN10" type="hn"/>
      <Atom charge="0.465467" name="H1" type="hn"/>
      <Atom charge="0.473467" name="H83" type="hn"/>
      <Atom charge="0.465467" name="H103" type="hn"/>
      <Bond atomName1="C1" atomName2="C2"/>
      <Bond atomName1="C1" atomName2="S5"/>
      <Bond atomName1="C1" atomName2="C6"/>
      <Bond atomName1="C2" atomName2="C3"/>
      <Bond atomName1="C2" atomName2="H2"/>
      <Bond atomName1="C3" atomName2="C4"/>
      <Bond atomName1="C3" atomName2="H3"/>
      <Bond atomName1="C4" atomName2="S5"/>
      <Bond atomName1="C4" atomName2="C9"/>
      <Bond atomName1="C6" atomName2="N7"/>
      <Bond atomName1="C6" atomName2="N8"/>
      <Bond atomName1="N7" atomName2="HN7"/>
      <Bond atomName1="N8" atomName2="HN81"/>
      <Bond atomName1="N8" atomName2="HN82"/>
      <Bond atomName1="C9" atomName2="N10"/>
      <Bond atomName1="C9" atomName2="H91"/>
      <Bond atomName1="C9" atomName2="H92"/>
      <Bond atomName1="N10" atomName2="HN10"/>
      <Bond atomName1="N10" atomName2="H1"/>
      <Bond atomName1="H83" atomName2="N8"/>
      <Bond atomName1="H103" atomName2="N10"/>
    </Residue>
  </Residues>
  <HarmonicBondForce>
    <Bond k="198070.55999999994" length="0.14930000000000002" type1="ce" type2="nz"/>
    <Bond k="404090.7199999999" length="0.10300000000000001" type1="hn" type2="nz"/>
    <Bond k="186271.67999999996" length="0.1511" type1="c3" type2="nz"/>
  </HarmonicBondForce>
  <HarmonicAngleForce>
    <Angle angle="2.0668189002116852" k="702.753008" type1="cc" type2="ce" type3="nz"/>
    <Angle angle="2.0172515494550463" k="681.9920000000001" type1="cc" type2="c3" type3="nz"/>
    <Angle angle="1.928588823453734" k="392.4592" type1="ce" type2="nz" type3="hn"/>
    <Angle angle="2.0666443672864854" k="904.0201440000001" type1="n2" type2="ce" type3="nz"/>
    <Angle angle="1.9217820393709562" k="386.6016" type1="c3" type2="nz" type3="hn"/>
    <Angle angle="1.8851301250790755" k="502.9168" type1="hx" type2="c3" type3="nz"/>
    <Angle angle="1.8901915799098588" k="334.72" type1="hn" type2="nz" type3="hn"/>
  </HarmonicAngleForce>
  <PeriodicTorsionForce>
    <Proper k1="4.6024" periodicity1="2" phase1="3.141592653589793" type1="cd" type2="cc" type3="ss" type4="cc"/>
    <Proper k1="4.6024" periodicity1="2" phase1="3.141592653589793" type1="c3" type2="cc" type3="ss" type4="cc"/>
    <Proper k1="3.3472000000000004" periodicity1="2" phase1="3.141592653589793" type1="cc" type2="ce" type3="n2" type4="hn"/>
    <Proper k1="0.343088" periodicity1="3" phase1="3.141592653589793" type1="cc" type2="ce" type3="nz" type4="hn"/>
    <Proper k1="4.184" periodicity1="2" phase1="3.141592653589793" type1="cd" type2="cc" type3="ce" type4="n2"/>
    <Proper k1="4.184" periodicity1="2" phase1="3.141592653589793" type1="cd" type2="cc" type3="ce" type4="nz"/>
    <Proper k1="4.6024" periodicity1="2" phase1="3.141592653589793" type1="ce" type2="cc" type3="ss" type4="cc"/>
    <Proper k1="0.6508444444444444" periodicity1="3" phase1="0.0" type1="cc" type2="c3" type3="nz" type4="hn"/>
    <Proper k1="4.184" periodicity1="2" phase1="3.141592653589793" type1="ss" type2="cc" type3="ce" type4="n2"/>
    <Proper k1="4.184" periodicity1="2" phase1="3.141592653589793" type1="ss" type2="cc" type3="ce" type4="nz"/>
    <Proper k1="0.0" periodicity1="3" phase1="3.141592653589793" type1="n2" type2="ce" type3="nz" type4="hn"/>
    <Proper k1="3.3472000000000004" periodicity1="2" phase1="3.141592653589793" type1="nz" type2="ce" type3="n2" type4="hn"/>
    <Proper k1="0.456056" periodicity1="3" phase1="0.0" type1="hx" type2="c3" type3="nz" type4="hn"/>
    <Improper k1="4.6024" periodicity1="2" phase1="3.141592653589793" type1="cc" type2="cd" type3="ce" type4="ss"/>
    <Improper k1="4.6024" periodicity1="2" phase1="3.141592653589793" type1="cd" type2="cc" type3="cd" type4="ha"/>
    <Improper k1="4.6024" periodicity1="2" phase1="3.141592653589793" type1="cc" type2="c3" type3="cd" type4="ss"/>
    <Improper k1="4.6024" periodicity1="2" phase1="3.141592653589793" type1="ce" type2="cc" type3="n2" type4="nz"/>
  </PeriodicTorsionForce>
</ForceField>
