<ForceField>
  <Info>
    <DateGenerated>2019-07-05</DateGenerated>
  </Info>
  <Residues>
    <Residue name="MC_02E">
      <Atom charge="-0.6911" name="OP1" type="oh"/>
      <Atom charge="-0.6911" name="OP4" type="oh"/>
      <Atom charge="-0.5642" name="OP3" type="os"/>
      <Atom charge="0.2137" name="C1" type="c3"/>
      <Atom charge="0.1171" name="C2" type="c2"/>
      <Atom charge="-0.1322" name="C4" type="c3"/>
      <Atom charge="-0.2376" name="C5" type="c3"/>
      <Atom charge="-0.3639" name="O2" type="os"/>
      <Atom charge="1.5015" name="P" type="p5"/>
      <Atom charge="0.1241" name="C61" type="ca"/>
      <Atom charge="-0.5642" name="OP2" type="os"/>
      <Atom charge="0.1241" name="C51" type="ca"/>
      <Atom charge="-0.15375" name="C52" type="ca"/>
      <Atom charge="-0.09975" name="C53" type="ca"/>
      <Atom charge="-0.116" name="C54" type="ca"/>
      <Atom charge="-0.09975" name="C55" type="ca"/>
      <Atom charge="-0.15375" name="C56" type="ca"/>
      <Atom charge="-0.7966" name="N6" type="nz"/>
      <Atom charge="-0.15375" name="C411" type="ca"/>
      <Atom charge="-0.15375" name="C421" type="ca"/>
      <Atom charge="-0.09975" name="C431" type="ca"/>
      <Atom charge="-0.116" name="C441" type="ca"/>
      <Atom charge="-0.09975" name="C451" type="ca"/>
      <Atom charge="0.426" name="HOP1" type="ho"/>
      <Atom charge="0.426" name="H50" type="ho"/>
      <Atom charge="0.011033" name="HC11" type="h1"/>
      <Atom charge="0.011033" name="HC12" type="h1"/>
      <Atom charge="0.011033" name="HC13" type="h1"/>
      <Atom charge="0.114" name="H2" type="h4"/>
      <Atom charge="0.146" name="H3" type="ha"/>
      <Atom charge="0.1587" name="HC41" type="hc"/>
      <Atom charge="0.1587" name="HC42" type="hc"/>
      <Atom charge="0.1407" name="HC5" type="hx"/>
      <Atom charge="0.1535" name="H52" type="ha"/>
      <Atom charge="0.15675" name="H53" type="ha"/>
      <Atom charge="0.159" name="H54" type="ha"/>
      <Atom charge="0.15675" name="H55" type="ha"/>
      <Atom charge="0.1535" name="H56" type="ha"/>
      <Atom charge="0.450133" name="HN6" type="hn"/>
      <Atom charge="0.1535" name="H441" type="ha"/>
      <Atom charge="0.1535" name="H451" type="ha"/>
      <Atom charge="0.15675" name="H461" type="ha"/>
      <Atom charge="0.159" name="H47" type="ha"/>
      <Atom charge="0.15675" name="H48" type="ha"/>
      <Atom charge="0.450133" name="H1" type="hn"/>
      <Atom charge="0.450133" name="H63" type="hn"/>
      <Atom charge="-0.3022" name="C3" type="c2"/>
      <Bond atomName1="OP1" atomName2="P"/>
      <Bond atomName1="OP4" atomName2="P"/>
      <Bond atomName1="OP3" atomName2="P"/>
      <Bond atomName1="OP3" atomName2="C61"/>
      <Bond atomName1="C1" atomName2="O2"/>
      <Bond atomName1="C2" atomName2="C3"/>
      <Bond atomName1="C2" atomName2="O2"/>
      <Bond atomName1="C3" atomName2="C4"/>
      <Bond atomName1="C4" atomName2="C5"/>
      <Bond atomName1="C5" atomName2="P"/>
      <Bond atomName1="C5" atomName2="N6"/>
      <Bond atomName1="P" atomName2="OP2"/>
      <Bond atomName1="C61" atomName2="C421"/>
      <Bond atomName1="OP2" atomName2="C51"/>
      <Bond atomName1="C51" atomName2="C52"/>
      <Bond atomName1="C51" atomName2="C56"/>
      <Bond atomName1="C52" atomName2="C53"/>
      <Bond atomName1="C53" atomName2="C54"/>
      <Bond atomName1="C54" atomName2="C55"/>
      <Bond atomName1="C55" atomName2="C56"/>
      <Bond atomName1="C411" atomName2="C61"/>
      <Bond atomName1="C411" atomName2="C451"/>
      <Bond atomName1="C421" atomName2="C431"/>
      <Bond atomName1="C431" atomName2="C441"/>
      <Bond atomName1="C441" atomName2="C451"/>
      <Bond atomName1="OP1" atomName2="HOP1"/>
      <Bond atomName1="OP4" atomName2="H50"/>
      <Bond atomName1="C1" atomName2="HC11"/>
      <Bond atomName1="C1" atomName2="HC12"/>
      <Bond atomName1="C1" atomName2="HC13"/>
      <Bond atomName1="C2" atomName2="H2"/>
      <Bond atomName1="C3" atomName2="H3"/>
      <Bond atomName1="C4" atomName2="HC41"/>
      <Bond atomName1="C4" atomName2="HC42"/>
      <Bond atomName1="C5" atomName2="HC5"/>
      <Bond atomName1="C52" atomName2="H52"/>
      <Bond atomName1="C53" atomName2="H53"/>
      <Bond atomName1="C54" atomName2="H54"/>
      <Bond atomName1="C55" atomName2="H55"/>
      <Bond atomName1="C56" atomName2="H56"/>
      <Bond atomName1="N6" atomName2="HN6"/>
      <Bond atomName1="C411" atomName2="H441"/>
      <Bond atomName1="C421" atomName2="H451"/>
      <Bond atomName1="C431" atomName2="H461"/>
      <Bond atomName1="C441" atomName2="H47"/>
      <Bond atomName1="C451" atomName2="H48"/>
      <Bond atomName1="N6" atomName2="H1"/>
      <Bond atomName1="H63" atomName2="N6"/>
    </Residue>
  </Residues>
  <HarmonicBondForce>
    <Bond k="186271.67999999996" length="0.1511" type1="c3" type2="nz"/>
    <Bond k="404090.7199999999" length="0.10300000000000001" type1="hn" type2="nz"/>
  </HarmonicBondForce>
  <HarmonicAngleForce>
    <Angle angle="1.9933405387027237" k="677.808" type1="c3" type2="c3" type3="nz"/>
    <Angle angle="1.9217820393709562" k="386.6016" type1="c3" type2="nz" type3="hn"/>
    <Angle angle="1.8516198034407843" k="871.1088" type1="nz" type2="c3" type3="p5"/>
    <Angle angle="1.8851301250790755" k="502.9168" type1="hx" type2="c3" type3="nz"/>
    <Angle angle="1.8901915799098588" k="334.72" type1="hn" type2="nz" type3="hn"/>
  </HarmonicAngleForce>
  <PeriodicTorsionForce>
    <Proper k1="0.6508444444444444" periodicity1="3" phase1="0.0" type1="c3" type2="c3" type3="nz" type4="hn"/>
    <Proper k1="0.6508444444444444" periodicity1="3" phase1="0.0" type1="p5" type2="c3" type3="nz" type4="hn"/>
    <Proper k1="0.456056" periodicity1="3" phase1="0.0" type1="hx" type2="c3" type3="nz" type4="hn"/>
    <Improper k1="4.6024" periodicity1="2" phase1="3.141592653589793" type1="c2" type2="c2" type3="h4" type4="os"/>
    <Improper k1="4.6024" periodicity1="2" phase1="3.141592653589793" type1="ca" type2="ca" type3="ca" type4="os"/>
    <Improper k1="4.6024" periodicity1="2" phase1="3.141592653589793" type1="ca" type2="ca" type3="ca" type4="ha"/>
    <Improper k1="4.6024" periodicity1="2" phase1="3.141592653589793" type1="c2" type2="c2" type3="c3" type4="ha"/>
  </PeriodicTorsionForce>
</ForceField>
