<ForceField>
  <Info>
    <DateGenerated>2019-07-05</DateGenerated>
  </Info>
  <Residues>
    <Residue name="MC_02G">
      <Atom charge="-0.2134" name="C2" type="c3"/>
      <Atom charge="0.0527" name="C7" type="c3"/>
      <Atom charge="-0.0322" name="C6" type="c3"/>
      <Atom charge="-0.0672" name="C5" type="c2"/>
      <Atom charge="-0.5682" name="C4" type="c2"/>
      <Atom charge="0.1403" name="C3" type="c3"/>
      <Atom charge="0.8986" name="C1" type="c"/>
      <Atom charge="-0.6388" name="O2" type="oh"/>
      <Atom charge="-0.8443" name="O1" type="o"/>
      <Atom charge="-0.4539" name="S" type="sh"/>
      <Atom charge="0.0542" name="H01" type="hc"/>
      <Atom charge="0.0542" name="H01A" type="hc"/>
      <Atom charge="0.0552" name="H02" type="h1"/>
      <Atom charge="0.0552" name="H02A" type="h1"/>
      <Atom charge="0.0687" name="H03" type="hc"/>
      <Atom charge="0.0687" name="H03A" type="hc"/>
      <Atom charge="0.082" name="H04" type="ha"/>
      <Atom charge="0.411" name="H05" type="ha"/>
      <Atom charge="0.1037" name="H06" type="h1"/>
      <Atom charge="0.2068" name="HS30" type="hs"/>
      <Atom charge="0.411" name="H2" type="ho"/>
      <Atom charge="-0.8443" name="OXT" type="o"/>
      <Bond atomName1="C2" atomName2="C3"/>
      <Bond atomName1="C2" atomName2="H01"/>
      <Bond atomName1="C2" atomName2="H01A"/>
      <Bond atomName1="C7" atomName2="S"/>
      <Bond atomName1="C7" atomName2="C6"/>
      <Bond atomName1="C7" atomName2="H02"/>
      <Bond atomName1="C7" atomName2="H02A"/>
      <Bond atomName1="C6" atomName2="H03"/>
      <Bond atomName1="C6" atomName2="H03A"/>
      <Bond atomName1="C5" atomName2="C6"/>
      <Bond atomName1="C5" atomName2="H04"/>
      <Bond atomName1="C4" atomName2="C5"/>
      <Bond atomName1="C4" atomName2="H05"/>
      <Bond atomName1="C3" atomName2="C4"/>
      <Bond atomName1="C3" atomName2="O2"/>
      <Bond atomName1="C3" atomName2="H06"/>
      <Bond atomName1="C1" atomName2="C2"/>
      <Bond atomName1="C1" atomName2="O1"/>
      <Bond atomName1="O2" atomName2="H2"/>
      <Bond atomName1="S" atomName2="HS30"/>
      <Bond atomName1="C1" atomName2="OXT"/>
    </Residue>
  </Residues>
  <PeriodicTorsionForce>
    <Improper k1="4.6024" periodicity1="2" phase1="3.141592653589793" type1="c2" type2="c2" type3="c3" type4="ha"/>
    <Improper k1="4.6024" periodicity1="2" phase1="3.141592653589793" type1="c" type2="c3" type3="o" type4="o"/>
  </PeriodicTorsionForce>
</ForceField>
