<ForceField>
  <Info>
    <DateGenerated>2019-07-05</DateGenerated>
  </Info>
  <Residues>
    <Residue name="MC_02R">
      <Atom charge="-0.065" name="C4" type="ca"/>
      <Atom charge="-0.102" name="C5" type="ca"/>
      <Atom charge="0.0374" name="C6" type="ca"/>
      <Atom charge="-0.8106" name="N30" type="nz"/>
      <Atom charge="-0.1913" name="C1" type="ca"/>
      <Atom charge="-0.087" name="C2" type="ca"/>
      <Atom charge="-0.11" name="C3" type="ca"/>
      <Atom charge="-0.0904" name="Cl7" type="cl"/>
      <Atom charge="0.169" name="H4" type="ha"/>
      <Atom charge="0.174" name="H5" type="ha"/>
      <Atom charge="0.1177" name="H8" type="hx"/>
      <Atom charge="0.1177" name="H8A" type="hx"/>
      <Atom charge="0.4568" name="HN30" type="hn"/>
      <Atom charge="0.147" name="H2" type="ha"/>
      <Atom charge="0.165" name="H3" type="ha"/>
      <Atom charge="0.4568" name="H1" type="hn"/>
      <Atom charge="0.1591" name="C8" type="c3"/>
      <Atom charge="0.4568" name="H303" type="hn"/>
      <Bond atomName1="C5" atomName2="C4"/>
      <Bond atomName1="C4" atomName2="C3"/>
      <Bond atomName1="C4" atomName2="H4"/>
      <Bond atomName1="C6" atomName2="C5"/>
      <Bond atomName1="C5" atomName2="H5"/>
      <Bond atomName1="Cl7" atomName2="C6"/>
      <Bond atomName1="C6" atomName2="C1"/>
      <Bond atomName1="C8" atomName2="C1"/>
      <Bond atomName1="C8" atomName2="N30"/>
      <Bond atomName1="C8" atomName2="H8"/>
      <Bond atomName1="C8" atomName2="H8A"/>
      <Bond atomName1="N30" atomName2="HN30"/>
      <Bond atomName1="C1" atomName2="C2"/>
      <Bond atomName1="C2" atomName2="C3"/>
      <Bond atomName1="C2" atomName2="H2"/>
      <Bond atomName1="C3" atomName2="H3"/>
      <Bond atomName1="N30" atomName2="H1"/>
      <Bond atomName1="H303" atomName2="N30"/>
    </Residue>
  </Residues>
  <HarmonicBondForce>
    <Bond k="404090.7199999999" length="0.10300000000000001" type1="hn" type2="nz"/>
    <Bond k="186271.67999999996" length="0.1511" type1="c3" type2="nz"/>
  </HarmonicBondForce>
  <HarmonicAngleForce>
    <Angle angle="1.986184688769547" k="683.6656" type1="ca" type2="c3" type3="nz"/>
    <Angle angle="1.8851301250790755" k="502.9168" type1="hx" type2="c3" type3="nz"/>
    <Angle angle="1.8901915799098588" k="334.72" type1="hn" type2="nz" type3="hn"/>
    <Angle angle="1.9217820393709562" k="386.6016" type1="c3" type2="nz" type3="hn"/>
  </HarmonicAngleForce>
  <PeriodicTorsionForce>
    <Proper k1="0.6508444444444444" periodicity1="3" phase1="0.0" type1="ca" type2="c3" type3="nz" type4="hn"/>
    <Proper k1="0.456056" periodicity1="3" phase1="0.0" type1="hx" type2="c3" type3="nz" type4="hn"/>
    <Improper k1="4.6024" periodicity1="2" phase1="3.141592653589793" type1="ca" type2="ca" type3="ca" type4="ha"/>
  </PeriodicTorsionForce>
</ForceField>
