<ForceField>
  <Info>
    <DateGenerated>2019-07-05</DateGenerated>
  </Info>
  <Residues>
    <Residue name="MC_02S">
      <Atom charge="-0.1346" name="C8" type="ca"/>
      <Atom charge="0.8852" name="C27" type="c"/>
      <Atom charge="-0.8408" name="O28" type="o"/>
      <Atom charge="-0.068" name="C34" type="ca"/>
      <Atom charge="-0.2175" name="C33" type="ca"/>
      <Atom charge="-0.068" name="C30" type="ca"/>
      <Atom charge="-0.2175" name="C31" type="ca"/>
      <Atom charge="0.1011" name="C32" type="ca"/>
      <Atom charge="-0.3399" name="O35" type="os"/>
      <Atom charge="0.1887" name="C36" type="c3"/>
      <Atom charge="-0.0793" name="C37" type="ca"/>
      <Atom charge="-0.105" name="C38" type="ca"/>
      <Atom charge="-0.138" name="C39" type="ca"/>
      <Atom charge="-0.131" name="C40" type="ca"/>
      <Atom charge="-0.138" name="C41" type="ca"/>
      <Atom charge="-0.105" name="C42" type="ca"/>
      <Atom charge="0.1525" name="H34" type="ha"/>
      <Atom charge="0.114" name="H33" type="ha"/>
      <Atom charge="0.1525" name="H30" type="ha"/>
      <Atom charge="0.114" name="H31" type="ha"/>
      <Atom charge="0.0387" name="H36" type="h1"/>
      <Atom charge="0.0387" name="H36A" type="h1"/>
      <Atom charge="0.136" name="H38" type="ha"/>
      <Atom charge="0.1235" name="H39" type="ha"/>
      <Atom charge="0.12" name="H40" type="ha"/>
      <Atom charge="0.1235" name="H41" type="ha"/>
      <Atom charge="0.136" name="H42" type="ha"/>
      <Atom charge="-0.8408" name="OXT" type="o"/>
      <Bond atomName1="C27" atomName2="C8"/>
      <Bond atomName1="C8" atomName2="C34"/>
      <Bond atomName1="C8" atomName2="C30"/>
      <Bond atomName1="O28" atomName2="C27"/>
      <Bond atomName1="C34" atomName2="C33"/>
      <Bond atomName1="C34" atomName2="H34"/>
      <Bond atomName1="C33" atomName2="C32"/>
      <Bond atomName1="C33" atomName2="H33"/>
      <Bond atomName1="C30" atomName2="C31"/>
      <Bond atomName1="C30" atomName2="H30"/>
      <Bond atomName1="C31" atomName2="C32"/>
      <Bond atomName1="C31" atomName2="H31"/>
      <Bond atomName1="C32" atomName2="O35"/>
      <Bond atomName1="O35" atomName2="C36"/>
      <Bond atomName1="C36" atomName2="C37"/>
      <Bond atomName1="C36" atomName2="H36"/>
      <Bond atomName1="C36" atomName2="H36A"/>
      <Bond atomName1="C37" atomName2="C42"/>
      <Bond atomName1="C37" atomName2="C38"/>
      <Bond atomName1="C38" atomName2="C39"/>
      <Bond atomName1="C38" atomName2="H38"/>
      <Bond atomName1="C39" atomName2="C40"/>
      <Bond atomName1="C39" atomName2="H39"/>
      <Bond atomName1="C41" atomName2="C40"/>
      <Bond atomName1="C40" atomName2="H40"/>
      <Bond atomName1="C42" atomName2="C41"/>
      <Bond atomName1="C41" atomName2="H41"/>
      <Bond atomName1="C42" atomName2="H42"/>
      <Bond atomName1="C27" atomName2="OXT"/>
    </Residue>
  </Residues>
  <PeriodicTorsionForce>
    <Improper k1="4.6024" periodicity1="2" phase1="3.141592653589793" type1="ca" type2="c" type3="ca" type4="ca"/>
    <Improper k1="4.6024" periodicity1="2" phase1="3.141592653589793" type1="c" type2="ca" type3="o" type4="o"/>
    <Improper k1="4.6024" periodicity1="2" phase1="3.141592653589793" type1="ca" type2="ca" type3="ca" type4="ha"/>
    <Improper k1="4.6024" periodicity1="2" phase1="3.141592653589793" type1="ca" type2="ca" type3="ca" type4="os"/>
  </PeriodicTorsionForce>
</ForceField>
