<ForceField>
  <Info>
    <DateGenerated>2019-07-05</DateGenerated>
  </Info>
  <Residues>
    <Residue name="MC_02T">
      <Atom charge="0.0039" name="C4" type="cc"/>
      <Atom charge="-0.168" name="C5" type="cd"/>
      <Atom charge="-0.0273" name="C6" type="cd"/>
      <Atom charge="-0.0528" name="C7" type="c3"/>
      <Atom charge="-0.0918" name="S3" type="ss"/>
      <Atom charge="-0.2014" name="C1" type="cc"/>
      <Atom charge="0.2021" name="C2" type="c3"/>
      <Atom charge="-0.8126" name="N29" type="nz"/>
      <Atom charge="0.202" name="H4" type="h4"/>
      <Atom charge="0.18" name="H5" type="ha"/>
      <Atom charge="0.057367" name="H7" type="hc"/>
      <Atom charge="0.057367" name="H7A" type="hc"/>
      <Atom charge="0.057367" name="H7B" type="hc"/>
      <Atom charge="0.1147" name="H2" type="hx"/>
      <Atom charge="0.1147" name="H2A" type="hx"/>
      <Atom charge="0.455467" name="HN29" type="hn"/>
      <Atom charge="0.455467" name="H1" type="hn"/>
      <Atom charge="0.455467" name="H293" type="hn"/>
      <Bond atomName1="C5" atomName2="C4"/>
      <Bond atomName1="C4" atomName2="S3"/>
      <Bond atomName1="C4" atomName2="H4"/>
      <Bond atomName1="C6" atomName2="C5"/>
      <Bond atomName1="C5" atomName2="H5"/>
      <Bond atomName1="C7" atomName2="C6"/>
      <Bond atomName1="C6" atomName2="C1"/>
      <Bond atomName1="C7" atomName2="H7"/>
      <Bond atomName1="C7" atomName2="H7A"/>
      <Bond atomName1="C7" atomName2="H7B"/>
      <Bond atomName1="C1" atomName2="S3"/>
      <Bond atomName1="C2" atomName2="C1"/>
      <Bond atomName1="C2" atomName2="N29"/>
      <Bond atomName1="C2" atomName2="H2"/>
      <Bond atomName1="C2" atomName2="H2A"/>
      <Bond atomName1="N29" atomName2="HN29"/>
      <Bond atomName1="N29" atomName2="H1"/>
      <Bond atomName1="H293" atomName2="N29"/>
    </Residue>
  </Residues>
  <HarmonicBondForce>
    <Bond k="186271.67999999996" length="0.1511" type1="c3" type2="nz"/>
    <Bond k="404090.7199999999" length="0.10300000000000001" type1="hn" type2="nz"/>
  </HarmonicBondForce>
  <HarmonicAngleForce>
    <Angle angle="2.0172515494550463" k="681.9920000000001" type1="cc" type2="c3" type3="nz"/>
    <Angle angle="1.9217820393709562" k="386.6016" type1="c3" type2="nz" type3="hn"/>
    <Angle angle="1.8851301250790755" k="502.9168" type1="hx" type2="c3" type3="nz"/>
    <Angle angle="1.8901915799098588" k="334.72" type1="hn" type2="nz" type3="hn"/>
  </HarmonicAngleForce>
  <PeriodicTorsionForce>
    <Proper k1="4.6024" periodicity1="2" phase1="3.141592653589793" type1="cd" type2="cc" type3="ss" type4="cc"/>
    <Proper k1="4.6024" periodicity1="2" phase1="3.141592653589793" type1="c3" type2="cc" type3="ss" type4="cc"/>
    <Proper k1="4.6024" periodicity1="2" phase1="3.141592653589793" type1="h4" type2="cc" type3="ss" type4="cc"/>
    <Proper k1="0.6508444444444444" periodicity1="3" phase1="0.0" type1="cc" type2="c3" type3="nz" type4="hn"/>
    <Proper k1="0.456056" periodicity1="3" phase1="0.0" type1="hx" type2="c3" type3="nz" type4="hn"/>
    <Improper k1="4.6024" periodicity1="2" phase1="3.141592653589793" type1="cc" type2="cd" type3="h4" type4="ss"/>
    <Improper k1="4.6024" periodicity1="2" phase1="3.141592653589793" type1="cd" type2="cc" type3="cd" type4="ha"/>
    <Improper k1="4.6024" periodicity1="2" phase1="3.141592653589793" type1="cd" type2="c3" type3="cc" type4="cd"/>
    <Improper k1="4.6024" periodicity1="2" phase1="3.141592653589793" type1="cc" type2="c3" type3="cd" type4="ss"/>
  </PeriodicTorsionForce>
</ForceField>
