<ForceField>
  <Info>
    <DateGenerated>2019-07-05</DateGenerated>
  </Info>
  <Residues>
    <Residue name="MC_02W">
      <Atom charge="0.0423" name="C1" type="c3"/>
      <Atom charge="0.0608" name="C2" type="c3"/>
      <Atom charge="-0.8086" name="N1" type="nz"/>
      <Atom charge="0.1044" name="C14" type="ca"/>
      <Atom charge="-0.051" name="C15" type="ca"/>
      <Atom charge="-0.131" name="C16" type="ca"/>
      <Atom charge="-0.086" name="C17" type="ca"/>
      <Atom charge="-0.15" name="C18" type="ca"/>
      <Atom charge="-0.1052" name="C19" type="ca"/>
      <Atom charge="-0.5501" name="N3" type="nc"/>
      <Atom charge="-0.1773" name="N4" type="na"/>
      <Atom charge="0.4108" name="C20" type="cd"/>
      <Atom charge="-0.0994" name="C21" type="c3"/>
      <Atom charge="0.0777" name="H1" type="h1"/>
      <Atom charge="0.0777" name="H1A" type="h1"/>
      <Atom charge="0.1242" name="H2" type="hx"/>
      <Atom charge="0.1242" name="H2A" type="hx"/>
      <Atom charge="0.459467" name="HN1" type="hn"/>
      <Atom charge="0.147" name="H17" type="ha"/>
      <Atom charge="0.112" name="H18" type="ha"/>
      <Atom charge="0.0617" name="H21" type="hc"/>
      <Atom charge="0.0617" name="H21A" type="hc"/>
      <Atom charge="0.0617" name="H21B" type="hc"/>
      <Atom charge="0.459467" name="H3" type="hn"/>
      <Atom charge="0.161" name="H15" type="ha"/>
      <Atom charge="0.459467" name="H13" type="hn"/>
      <Atom charge="0.153" name="H16" type="ha"/>
      <Bond atomName1="C2" atomName2="C1"/>
      <Bond atomName1="C1" atomName2="N4"/>
      <Bond atomName1="C1" atomName2="H1"/>
      <Bond atomName1="C1" atomName2="H1A"/>
      <Bond atomName1="N1" atomName2="C2"/>
      <Bond atomName1="C2" atomName2="H2"/>
      <Bond atomName1="C2" atomName2="H2A"/>
      <Bond atomName1="N1" atomName2="HN1"/>
      <Bond atomName1="C19" atomName2="C14"/>
      <Bond atomName1="C15" atomName2="C14"/>
      <Bond atomName1="C14" atomName2="N3"/>
      <Bond atomName1="C16" atomName2="C15"/>
      <Bond atomName1="C15" atomName2="H15"/>
      <Bond atomName1="C17" atomName2="C16"/>
      <Bond atomName1="C16" atomName2="H16"/>
      <Bond atomName1="C17" atomName2="C18"/>
      <Bond atomName1="C17" atomName2="H17"/>
      <Bond atomName1="C18" atomName2="C19"/>
      <Bond atomName1="C18" atomName2="H18"/>
      <Bond atomName1="C19" atomName2="N4"/>
      <Bond atomName1="C20" atomName2="N3"/>
      <Bond atomName1="N4" atomName2="C20"/>
      <Bond atomName1="C20" atomName2="C21"/>
      <Bond atomName1="C21" atomName2="H21"/>
      <Bond atomName1="C21" atomName2="H21A"/>
      <Bond atomName1="C21" atomName2="H21B"/>
      <Bond atomName1="N1" atomName2="H3"/>
      <Bond atomName1="H13" atomName2="N1"/>
    </Residue>
  </Residues>
  <HarmonicBondForce>
    <Bond k="186271.67999999996" length="0.1511" type1="c3" type2="nz"/>
    <Bond k="404090.7199999999" length="0.10300000000000001" type1="hn" type2="nz"/>
  </HarmonicBondForce>
  <HarmonicAngleForce>
    <Angle angle="1.9933405387027237" k="677.808" type1="c3" type2="c3" type3="nz"/>
    <Angle angle="1.9217820393709562" k="386.6016" type1="c3" type2="nz" type3="hn"/>
    <Angle angle="1.8851301250790755" k="502.9168" type1="hx" type2="c3" type3="nz"/>
    <Angle angle="1.8901915799098588" k="334.72" type1="hn" type2="nz" type3="hn"/>
  </HarmonicAngleForce>
  <PeriodicTorsionForce>
    <Proper k1="0.6508444444444444" periodicity1="3" phase1="0.0" type1="c3" type2="c3" type3="nz" type4="hn"/>
    <Proper k1="0.456056" periodicity1="3" phase1="0.0" type1="hx" type2="c3" type3="nz" type4="hn"/>
    <Improper k1="4.6024" periodicity1="2" phase1="3.141592653589793" type1="ca" type2="ca" type3="ca" type4="nc"/>
    <Improper k1="4.6024" periodicity1="2" phase1="3.141592653589793" type1="ca" type2="ca" type3="ca" type4="ha"/>
    <Improper k1="4.6024" periodicity1="2" phase1="3.141592653589793" type1="ca" type2="ca" type3="ca" type4="na"/>
    <Improper k1="4.6024" periodicity1="2" phase1="3.141592653589793" type1="na" type2="c3" type3="ca" type4="cd"/>
    <Improper k1="4.6024" periodicity1="2" phase1="3.141592653589793" type1="cd" type2="c3" type3="na" type4="nc"/>
  </PeriodicTorsionForce>
</ForceField>
