<ForceField>
  <Info>
    <DateGenerated>2019-07-05</DateGenerated>
  </Info>
  <Residues>
    <Residue name="MC_02X">
      <Atom charge="0.9166" name="C3" type="c"/>
      <Atom charge="-0.8808" name="O1" type="o"/>
      <Atom charge="-0.1594" name="C4" type="c3"/>
      <Atom charge="-0.1477" name="C5" type="c3"/>
      <Atom charge="-0.0537" name="C6" type="c3"/>
      <Atom charge="0.9166" name="C7" type="c"/>
      <Atom charge="-0.8718" name="O2" type="o"/>
      <Atom charge="-0.0801" name="C8" type="c3"/>
      <Atom charge="-0.0801" name="C9" type="c3"/>
      <Atom charge="0.0107" name="H4" type="hc"/>
      <Atom charge="0.0107" name="H4A" type="hc"/>
      <Atom charge="0.0517" name="H5" type="hc"/>
      <Atom charge="0.0297" name="H6" type="hc"/>
      <Atom charge="0.0147" name="H8" type="hc"/>
      <Atom charge="0.0147" name="H8A" type="hc"/>
      <Atom charge="0.0147" name="H8B" type="hc"/>
      <Atom charge="0.0147" name="H9" type="hc"/>
      <Atom charge="0.0147" name="H9A" type="hc"/>
      <Atom charge="0.0147" name="H9B" type="hc"/>
      <Atom charge="-0.8808" name="OXT" type="o"/>
      <Atom charge="-0.8718" name="O3" type="o"/>
      <Bond atomName1="O1" atomName2="C3"/>
      <Bond atomName1="C4" atomName2="C3"/>
      <Bond atomName1="C5" atomName2="C4"/>
      <Bond atomName1="C4" atomName2="H4"/>
      <Bond atomName1="C4" atomName2="H4A"/>
      <Bond atomName1="C7" atomName2="C5"/>
      <Bond atomName1="C5" atomName2="C6"/>
      <Bond atomName1="C5" atomName2="H5"/>
      <Bond atomName1="C6" atomName2="C8"/>
      <Bond atomName1="C6" atomName2="C9"/>
      <Bond atomName1="C6" atomName2="H6"/>
      <Bond atomName1="O2" atomName2="C7"/>
      <Bond atomName1="C8" atomName2="H8"/>
      <Bond atomName1="C8" atomName2="H8A"/>
      <Bond atomName1="C8" atomName2="H8B"/>
      <Bond atomName1="C9" atomName2="H9"/>
      <Bond atomName1="C9" atomName2="H9A"/>
      <Bond atomName1="C9" atomName2="H9B"/>
      <Bond atomName1="C3" atomName2="OXT"/>
      <Bond atomName1="C7" atomName2="O3"/>
    </Residue>
  </Residues>
  <PeriodicTorsionForce>
    <Improper k1="4.6024" periodicity1="2" phase1="3.141592653589793" type1="c" type2="c3" type3="o" type4="o"/>
  </PeriodicTorsionForce>
</ForceField>
