<ForceField>
  <Info>
    <DateGenerated>2019-07-05</DateGenerated>
  </Info>
  <Residues>
    <Residue name="MC_030">
      <Atom charge="0.4691" name="C21" type="c"/>
      <Atom charge="-0.5825" name="O22" type="o"/>
      <Atom charge="-0.4649" name="O23" type="os"/>
      <Atom charge="0.1701" name="C24" type="c3"/>
      <Atom charge="-0.0984" name="C25" type="c3"/>
      <Atom charge="0.1271" name="C26" type="c3"/>
      <Atom charge="-0.4046" name="O27" type="os"/>
      <Atom charge="0.1054" name="C28" type="c3"/>
      <Atom charge="0.1091" name="C29" type="c3"/>
      <Atom charge="-0.1107" name="C30" type="c3"/>
      <Atom charge="-0.0804" name="C31" type="c3"/>
      <Atom charge="-0.6088" name="O41" type="oh"/>
      <Atom charge="0.0657" name="H24" type="h1"/>
      <Atom charge="0.0682" name="H25" type="hc"/>
      <Atom charge="0.0682" name="H25A" type="hc"/>
      <Atom charge="0.0427" name="H26" type="h1"/>
      <Atom charge="0.0452" name="H28" type="h1"/>
      <Atom charge="0.0452" name="H28A" type="h1"/>
      <Atom charge="0.0477" name="H29" type="h1"/>
      <Atom charge="0.0777" name="H30" type="hc"/>
      <Atom charge="0.0502" name="H31" type="hc"/>
      <Atom charge="0.0502" name="H31A" type="hc"/>
      <Atom charge="0.393" name="HO41" type="ho"/>
      <Atom charge="-0.5825" name="OXT" type="o"/>
      <Bond atomName1="C21" atomName2="O22"/>
      <Bond atomName1="C21" atomName2="O23"/>
      <Bond atomName1="O23" atomName2="C24"/>
      <Bond atomName1="C24" atomName2="C25"/>
      <Bond atomName1="C24" atomName2="C31"/>
      <Bond atomName1="C25" atomName2="C26"/>
      <Bond atomName1="C26" atomName2="O27"/>
      <Bond atomName1="C26" atomName2="C30"/>
      <Bond atomName1="O27" atomName2="C28"/>
      <Bond atomName1="C28" atomName2="C29"/>
      <Bond atomName1="C29" atomName2="C30"/>
      <Bond atomName1="C29" atomName2="O41"/>
      <Bond atomName1="C30" atomName2="C31"/>
      <Bond atomName1="C24" atomName2="H24"/>
      <Bond atomName1="C25" atomName2="H25"/>
      <Bond atomName1="C25" atomName2="H25A"/>
      <Bond atomName1="C26" atomName2="H26"/>
      <Bond atomName1="C28" atomName2="H28"/>
      <Bond atomName1="C28" atomName2="H28A"/>
      <Bond atomName1="C29" atomName2="H29"/>
      <Bond atomName1="C30" atomName2="H30"/>
      <Bond atomName1="C31" atomName2="H31"/>
      <Bond atomName1="C31" atomName2="H31A"/>
      <Bond atomName1="O41" atomName2="HO41"/>
      <Bond atomName1="C21" atomName2="OXT"/>
    </Residue>
  </Residues>
  <PeriodicTorsionForce>
    <Improper k1="4.6024" periodicity1="2" phase1="3.141592653589793" type1="c" type2="o" type3="o" type4="os"/>
  </PeriodicTorsionForce>
</ForceField>
