<ForceField>
  <Info>
    <DateGenerated>2019-07-05</DateGenerated>
  </Info>
  <Residues>
    <Residue name="MC_032">
      <Atom charge="0.0284" name="C10" type="ca"/>
      <Atom charge="-0.0301" name="C15" type="cc"/>
      <Atom charge="0.6179" name="C17" type="c"/>
      <Atom charge="0.1729" name="C20" type="ca"/>
      <Atom charge="0.0966" name="C21" type="ca"/>
      <Atom charge="-0.136" name="C22" type="ca"/>
      <Atom charge="0.1259" name="C24" type="ca"/>
      <Atom charge="-0.1833" name="C01" type="cp"/>
      <Atom charge="0.4602" name="C02" type="ca"/>
      <Atom charge="-0.706" name="N03" type="nb"/>
      <Atom charge="-0.03" name="C04" type="ca"/>
      <Atom charge="-0.2611" name="N14" type="na"/>
      <Atom charge="-0.2134" name="C16" type="cd"/>
      <Atom charge="-0.1731" name="C05" type="ca"/>
      <Atom charge="0.4588" name="C06" type="ca"/>
      <Atom charge="-0.027" name="C07" type="cp"/>
      <Atom charge="-0.2016" name="C18" type="ca"/>
      <Atom charge="-0.156" name="C23" type="ca"/>
      <Atom charge="-0.1229" name="F26" type="f"/>
      <Atom charge="-0.7605" name="N27" type="nu"/>
      <Atom charge="1.3289" name="S28" type="s6"/>
      <Atom charge="-0.6223" name="O29" type="o"/>
      <Atom charge="-0.6223" name="O30" type="o"/>
      <Atom charge="-0.2226" name="C31" type="c3"/>
      <Atom charge="-0.0634" name="C32" type="c3"/>
      <Atom charge="-0.0821" name="C33" type="c3"/>
      <Atom charge="-0.1135" name="C08" type="ca"/>
      <Atom charge="-0.117" name="C09" type="ca"/>
      <Atom charge="-0.117" name="C11" type="ca"/>
      <Atom charge="-0.1135" name="C12" type="ca"/>
      <Atom charge="-0.1084" name="Cl13" type="cl"/>
      <Atom charge="0.178" name="H15" type="h4"/>
      <Atom charge="0.199" name="H22" type="ha"/>
      <Atom charge="0.0321" name="H02" type="h4"/>
      <Atom charge="0.165" name="H04" type="ha"/>
      <Atom charge="0.158" name="H23" type="ha"/>
      <Atom charge="0.4768" name="HN27" type="hn"/>
      <Atom charge="0.1002" name="H31" type="h1"/>
      <Atom charge="0.1002" name="H31A" type="h1"/>
      <Atom charge="0.0572" name="H32" type="hc"/>
      <Atom charge="0.0572" name="H32A" type="hc"/>
      <Atom charge="0.039033" name="H33" type="hc"/>
      <Atom charge="0.039033" name="H33A" type="hc"/>
      <Atom charge="0.039033" name="H33B" type="hc"/>
      <Atom charge="0.1415" name="H08" type="ha"/>
      <Atom charge="0.146" name="H09" type="ha"/>
      <Atom charge="0.146" name="H11" type="ha"/>
      <Atom charge="0.1415" name="H12" type="ha"/>
      <Atom charge="-0.5091" name="O19" type="o"/>
      <Atom charge="0.3117" name="H18" type="hn"/>
      <Atom charge="-0.1259" name="F25" type="f"/>
      <Bond atomName1="C10" atomName2="C09"/>
      <Bond atomName1="C10" atomName2="C11"/>
      <Bond atomName1="C10" atomName2="Cl13"/>
      <Bond atomName1="C15" atomName2="N14"/>
      <Bond atomName1="C15" atomName2="C16"/>
      <Bond atomName1="C15" atomName2="H15"/>
      <Bond atomName1="C17" atomName2="C16"/>
      <Bond atomName1="C17" atomName2="C18"/>
      <Bond atomName1="C17" atomName2="O19"/>
      <Bond atomName1="C20" atomName2="C21"/>
      <Bond atomName1="C20" atomName2="C18"/>
      <Bond atomName1="C20" atomName2="F26"/>
      <Bond atomName1="C21" atomName2="C22"/>
      <Bond atomName1="C21" atomName2="N27"/>
      <Bond atomName1="C22" atomName2="C23"/>
      <Bond atomName1="C22" atomName2="H22"/>
      <Bond atomName1="C24" atomName2="C18"/>
      <Bond atomName1="C24" atomName2="C23"/>
      <Bond atomName1="C24" atomName2="F25"/>
      <Bond atomName1="C01" atomName2="C02"/>
      <Bond atomName1="C01" atomName2="C04"/>
      <Bond atomName1="C01" atomName2="C07"/>
      <Bond atomName1="C02" atomName2="N03"/>
      <Bond atomName1="C02" atomName2="H02"/>
      <Bond atomName1="N03" atomName2="C06"/>
      <Bond atomName1="C04" atomName2="C05"/>
      <Bond atomName1="C04" atomName2="H04"/>
      <Bond atomName1="N14" atomName2="C06"/>
      <Bond atomName1="N14" atomName2="H18"/>
      <Bond atomName1="C16" atomName2="C05"/>
      <Bond atomName1="C05" atomName2="C06"/>
      <Bond atomName1="C07" atomName2="C08"/>
      <Bond atomName1="C07" atomName2="C12"/>
      <Bond atomName1="C23" atomName2="H23"/>
      <Bond atomName1="N27" atomName2="S28"/>
      <Bond atomName1="N27" atomName2="HN27"/>
      <Bond atomName1="S28" atomName2="O29"/>
      <Bond atomName1="S28" atomName2="O30"/>
      <Bond atomName1="S28" atomName2="C31"/>
      <Bond atomName1="C31" atomName2="C32"/>
      <Bond atomName1="C31" atomName2="H31"/>
      <Bond atomName1="C31" atomName2="H31A"/>
      <Bond atomName1="C32" atomName2="C33"/>
      <Bond atomName1="C32" atomName2="H32"/>
      <Bond atomName1="C32" atomName2="H32A"/>
      <Bond atomName1="C33" atomName2="H33"/>
      <Bond atomName1="C33" atomName2="H33A"/>
      <Bond atomName1="C33" atomName2="H33B"/>
      <Bond atomName1="C08" atomName2="C09"/>
      <Bond atomName1="C08" atomName2="H08"/>
      <Bond atomName1="C09" atomName2="H09"/>
      <Bond atomName1="C11" atomName2="C12"/>
      <Bond atomName1="C11" atomName2="H11"/>
      <Bond atomName1="C12" atomName2="H12"/>
    </Residue>
  </Residues>
  <HarmonicBondForce>
    <Bond k="290453.27999999997" length="0.1386" type1="ca" type2="nu"/>
    <Bond k="252629.91999999993" length="0.1698" type1="nu" type2="s6"/>
    <Bond k="443085.5999999999" length="0.10120000000000001" type1="hn" type2="nu"/>
  </HarmonicBondForce>
  <HarmonicAngleForce>
    <Angle angle="2.1109757302871417" k="721.3216000000001" type1="ca" type2="ca" type3="nu"/>
    <Angle angle="2.1441369860750337" k="528.8576" type1="ca" type2="nu" type3="s6"/>
    <Angle angle="2.0258036627898184" k="408.3584" type1="ca" type2="nu" type3="hn"/>
    <Angle angle="1.8711674910631206" k="1035.1216000000002" type1="nu" type2="s6" type3="o"/>
    <Angle angle="1.8207274756804845" k="760.6512000000001" type1="c3" type2="s6" type3="nu"/>
    <Angle angle="1.9184659137921671" k="370.7024" type1="hn" type2="nu" type3="s6"/>
  </HarmonicAngleForce>
  <PeriodicTorsionForce>
    <Proper k1="2.11292" periodicity1="2" phase1="3.141592653589793" type1="ca" type2="ca" type3="cd" type4="cc"/>
    <Proper k1="2.11292" periodicity1="2" phase1="3.141592653589793" type1="ca" type2="ca" type3="cd" type4="c"/>
    <Proper k1="4.3932" periodicity1="2" phase1="3.141592653589793" type1="ca" type2="ca" type3="nu" type4="s6"/>
    <Proper k1="4.3932" periodicity1="2" phase1="3.141592653589793" type1="ca" type2="ca" type3="nu" type4="hn"/>
    <Proper k1="0.4184" periodicity1="2" phase1="3.141592653589793" type1="ca" type2="nu" type3="s6" type4="o"/>
    <Proper k1="8.07512" periodicity1="3" phase1="0.0" type1="ca" type2="nu" type3="s6" type4="c3"/>
    <Proper k1="0.4184" periodicity1="2" phase1="3.141592653589793" type1="hn" type2="nu" type3="s6" type4="o"/>
    <Proper k1="0.4184" periodicity1="2" phase1="3.141592653589793" type1="hn" type2="nu" type3="s6" type4="c3"/>
    <Improper k1="4.6024" periodicity1="2" phase1="3.141592653589793" type1="cc" type2="cd" type3="h4" type4="na"/>
    <Improper k1="43.932" periodicity1="2" phase1="3.141592653589793" type1="c" type2="ca" type3="cd" type4="o"/>
    <Improper k1="4.6024" periodicity1="2" phase1="3.141592653589793" type1="ca" type2="ca" type3="ca" type4="nu"/>
    <Improper k1="4.6024" periodicity1="2" phase1="3.141592653589793" type1="ca" type2="ca" type3="ca" type4="ha"/>
    <Improper k1="4.6024" periodicity1="2" phase1="3.141592653589793" type1="cp" type2="ca" type3="ca" type4="cp"/>
    <Improper k1="4.6024" periodicity1="2" phase1="3.141592653589793" type1="ca" type2="cp" type3="h4" type4="nb"/>
    <Improper k1="4.6024" periodicity1="2" phase1="3.141592653589793" type1="ca" type2="ca" type3="cp" type4="ha"/>
    <Improper k1="4.6024" periodicity1="2" phase1="3.141592653589793" type1="na" type2="ca" type3="cc" type4="hn"/>
    <Improper k1="4.6024" periodicity1="2" phase1="3.141592653589793" type1="cd" type2="c" type3="ca" type4="cc"/>
    <Improper k1="4.6024" periodicity1="2" phase1="3.141592653589793" type1="ca" type2="ca" type3="ca" type4="cd"/>
    <Improper k1="4.6024" periodicity1="2" phase1="3.141592653589793" type1="ca" type2="ca" type3="na" type4="nb"/>
    <Improper k1="4.6024" periodicity1="2" phase1="3.141592653589793" type1="ca" type2="c" type3="ca" type4="ca"/>
    <Improper k1="4.6024" periodicity1="2" phase1="3.141592653589793" type1="nu" type2="ca" type3="hn" type4="s6"/>
  </PeriodicTorsionForce>
</ForceField>
