<ForceField>
  <Info>
    <DateGenerated>2019-07-05</DateGenerated>
  </Info>
  <Residues>
    <Residue name="MC_035">
      <Atom charge="0.8966" name="C1" type="c"/>
      <Atom charge="0.1411" name="C2" type="c3"/>
      <Atom charge="-0.0754" name="C3" type="c3"/>
      <Atom charge="-0.0794" name="C4" type="c3"/>
      <Atom charge="-0.0854" name="C5" type="c3"/>
      <Atom charge="-0.0884" name="C6" type="c3"/>
      <Atom charge="0.2184" name="C7" type="c3"/>
      <Atom charge="-0.9088" name="O8" type="o"/>
      <Atom charge="-0.9088" name="O9" type="o"/>
      <Atom charge="-0.5792" name="O10" type="os"/>
      <Atom charge="-0.5972" name="O11" type="os"/>
      <Atom charge="1.2399" name="P12" type="p5"/>
      <Atom charge="-0.946833" name="O13" type="o"/>
      <Atom charge="-0.946833" name="O14" type="o"/>
      <Atom charge="-0.946833" name="O15" type="o"/>
      <Atom charge="1.2349" name="P16" type="p5"/>
      <Atom charge="-0.9435" name="O17" type="o"/>
      <Atom charge="-0.9435" name="O18" type="o"/>
      <Atom charge="-0.9435" name="O19" type="o"/>
      <Atom charge="0.0297" name="H2" type="h1"/>
      <Atom charge="0.0092" name="H3" type="hc"/>
      <Atom charge="0.0092" name="H3A" type="hc"/>
      <Atom charge="0.0677" name="H4" type="hc"/>
      <Atom charge="0.0677" name="H4A" type="hc"/>
      <Atom charge="0.0047" name="H5" type="hc"/>
      <Atom charge="0.0047" name="H5A" type="hc"/>
      <Atom charge="0.0412" name="H6" type="hc"/>
      <Atom charge="0.0412" name="H6A" type="hc"/>
      <Atom charge="-0.0058" name="H7" type="h1"/>
      <Atom charge="-0.0058" name="H7A" type="h1"/>
      <Bond atomName1="C1" atomName2="C2"/>
      <Bond atomName1="C1" atomName2="O8"/>
      <Bond atomName1="C1" atomName2="O9"/>
      <Bond atomName1="C2" atomName2="C3"/>
      <Bond atomName1="C2" atomName2="O10"/>
      <Bond atomName1="C3" atomName2="C4"/>
      <Bond atomName1="C4" atomName2="C5"/>
      <Bond atomName1="C5" atomName2="C6"/>
      <Bond atomName1="C6" atomName2="C7"/>
      <Bond atomName1="C7" atomName2="O11"/>
      <Bond atomName1="O10" atomName2="P12"/>
      <Bond atomName1="O11" atomName2="P16"/>
      <Bond atomName1="P12" atomName2="O13"/>
      <Bond atomName1="P12" atomName2="O14"/>
      <Bond atomName1="P12" atomName2="O15"/>
      <Bond atomName1="P16" atomName2="O17"/>
      <Bond atomName1="P16" atomName2="O18"/>
      <Bond atomName1="P16" atomName2="O19"/>
      <Bond atomName1="C2" atomName2="H2"/>
      <Bond atomName1="C3" atomName2="H3"/>
      <Bond atomName1="C3" atomName2="H3A"/>
      <Bond atomName1="C4" atomName2="H4"/>
      <Bond atomName1="C4" atomName2="H4A"/>
      <Bond atomName1="C5" atomName2="H5"/>
      <Bond atomName1="C5" atomName2="H5A"/>
      <Bond atomName1="C6" atomName2="H6"/>
      <Bond atomName1="C6" atomName2="H6A"/>
      <Bond atomName1="C7" atomName2="H7"/>
      <Bond atomName1="C7" atomName2="H7A"/>
    </Residue>
  </Residues>
  <PeriodicTorsionForce>
    <Improper k1="4.6024" periodicity1="2" phase1="3.141592653589793" type1="c" type2="c3" type3="o" type4="o"/>
  </PeriodicTorsionForce>
</ForceField>
