<ForceField>
  <Info>
    <DateGenerated>2019-07-05</DateGenerated>
  </Info>
  <Residues>
    <Residue name="MC_03A">
      <Atom charge="-0.4969" name="NAA" type="ns"/>
      <Atom charge="-0.8116" name="NAE" type="nz"/>
      <Atom charge="0.0155" name="CAH" type="c3"/>
      <Atom charge="0.4891" name="CAI" type="c"/>
      <Atom charge="-0.1034" name="CAJ" type="c3"/>
      <Atom charge="-0.0944" name="CAK" type="c3"/>
      <Atom charge="-0.0891" name="CAL" type="c3"/>
      <Atom charge="0.5781" name="CAM" type="c"/>
      <Atom charge="0.0197" name="CAN" type="cx"/>
      <Atom charge="-0.1324" name="CAO" type="cx"/>
      <Atom charge="-0.1324" name="CAP" type="cx"/>
      <Atom charge="-0.5681" name="OBS" type="o"/>
      <Atom charge="0.3395" name="HNAA" type="hn"/>
      <Atom charge="0.1487" name="HAH" type="hx"/>
      <Atom charge="-0.4891" name="OBR" type="o"/>
      <Atom charge="0.0972" name="HAJ" type="hc"/>
      <Atom charge="0.0972" name="HAJA" type="hc"/>
      <Atom charge="0.0417" name="HAK" type="hc"/>
      <Atom charge="0.0417" name="HAKA" type="hc"/>
      <Atom charge="0.056367" name="HAL" type="hc"/>
      <Atom charge="0.056367" name="HALA" type="hc"/>
      <Atom charge="0.056367" name="HALB" type="hc"/>
      <Atom charge="0.1337" name="HAN" type="h1"/>
      <Atom charge="0.0897" name="HAO" type="hc"/>
      <Atom charge="0.0897" name="HAOA" type="hc"/>
      <Atom charge="0.0897" name="HAP" type="hc"/>
      <Atom charge="0.0897" name="HAPA" type="hc"/>
      <Atom charge="0.463133" name="HNAE" type="hn"/>
      <Atom charge="0.463133" name="HAE2" type="hn"/>
      <Atom charge="0.463133" name="H2" type="hn"/>
      <Bond atomName1="NAA" atomName2="CAM"/>
      <Bond atomName1="CAH" atomName2="NAE"/>
      <Bond atomName1="CAH" atomName2="CAI"/>
      <Bond atomName1="CAH" atomName2="CAJ"/>
      <Bond atomName1="CAK" atomName2="CAJ"/>
      <Bond atomName1="CAK" atomName2="CAL"/>
      <Bond atomName1="CAM" atomName2="CAI"/>
      <Bond atomName1="CAM" atomName2="OBS"/>
      <Bond atomName1="CAN" atomName2="NAA"/>
      <Bond atomName1="CAO" atomName2="CAN"/>
      <Bond atomName1="CAP" atomName2="CAN"/>
      <Bond atomName1="CAP" atomName2="CAO"/>
      <Bond atomName1="NAA" atomName2="HNAA"/>
      <Bond atomName1="NAE" atomName2="HNAE"/>
      <Bond atomName1="NAE" atomName2="H2"/>
      <Bond atomName1="CAH" atomName2="HAH"/>
      <Bond atomName1="CAI" atomName2="OBR"/>
      <Bond atomName1="CAJ" atomName2="HAJ"/>
      <Bond atomName1="CAJ" atomName2="HAJA"/>
      <Bond atomName1="CAK" atomName2="HAK"/>
      <Bond atomName1="CAK" atomName2="HAKA"/>
      <Bond atomName1="CAL" atomName2="HAL"/>
      <Bond atomName1="CAL" atomName2="HALA"/>
      <Bond atomName1="CAL" atomName2="HALB"/>
      <Bond atomName1="CAN" atomName2="HAN"/>
      <Bond atomName1="CAO" atomName2="HAO"/>
      <Bond atomName1="CAO" atomName2="HAOA"/>
      <Bond atomName1="CAP" atomName2="HAP"/>
      <Bond atomName1="CAP" atomName2="HAPA"/>
      <Bond atomName1="HAE2" atomName2="NAE"/>
    </Residue>
  </Residues>
  <HarmonicBondForce>
    <Bond k="298068.1599999999" length="0.1379" type1="c" type2="ns"/>
    <Bond k="243676.15999999995" length="0.1434" type1="cx" type2="ns"/>
    <Bond k="441244.6399999999" length="0.1013" type1="hn" type2="ns"/>
    <Bond k="186271.67999999996" length="0.1511" type1="c3" type2="nz"/>
    <Bond k="404090.7199999999" length="0.10300000000000001" type1="hn" type2="nz"/>
  </HarmonicBondForce>
  <HarmonicAngleForce>
    <Angle angle="1.967684198698407" k="705.4224" type1="c" type2="c" type3="ns"/>
    <Angle angle="2.1476276445790226" k="952.2784" type1="ns" type2="c" type3="o"/>
    <Angle angle="2.077290875723651" k="687.0128" type1="cx" type2="cx" type3="ns"/>
    <Angle angle="1.994213203328721" k="511.2848" type1="h1" type2="cx" type3="ns"/>
    <Angle angle="1.9326030807333212" k="691.1967999999999" type1="c" type2="c3" type3="nz"/>
    <Angle angle="1.9933405387027237" k="677.808" type1="c3" type2="c3" type3="nz"/>
    <Angle angle="1.8851301250790755" k="502.9168" type1="hx" type2="c3" type3="nz"/>
    <Angle angle="1.9217820393709562" k="386.6016" type1="c3" type2="nz" type3="hn"/>
    <Angle angle="2.1319196813110737" k="548.9408" type1="c" type2="ns" type3="cx"/>
    <Angle angle="2.051634535719334" k="407.52160000000003" type1="c" type2="ns" type3="hn"/>
    <Angle angle="2.067167966062084" k="391.62239999999997" type1="cx" type2="ns" type3="hn"/>
    <Angle angle="1.8901915799098588" k="334.72" type1="hn" type2="nz" type3="hn"/>
  </HarmonicAngleForce>
  <PeriodicTorsionForce>
    <Proper k1="0.87864" periodicity1="3" phase1="0.0" type1="c3" type2="c3" type3="c3" type4="nz"/>
    <Proper k1="0.6508444444444444" periodicity1="3" phase1="0.0" type1="c" type2="c3" type3="nz" type4="hn"/>
    <Proper k1="10.46" periodicity1="2" phase1="3.141592653589793" type1="c" type2="c" type3="ns" type4="cx"/>
    <Proper k1="10.46" periodicity1="2" phase1="3.141592653589793" type1="c" type2="c" type3="ns" type4="hn"/>
    <Proper k1="0.6508444444444444" periodicity1="3" phase1="0.0" type1="c3" type2="c3" type3="nz" type4="hn"/>
    <Proper k1="0.0" periodicity1="2" phase1="0.0" type1="cx" type2="cx" type3="ns" type4="c"/>
    <Proper k1="0.0" periodicity1="2" phase1="0.0" type1="h1" type2="cx" type3="ns" type4="c"/>
    <Proper k1="10.46" periodicity1="2" phase1="3.141592653589793" type1="o" type2="c" type3="ns" type4="cx"/>
    <Proper k1="0.0" periodicity1="2" phase1="0.0" type1="cx" type2="cx" type3="ns" type4="hn"/>
    <Proper k1="10.46" k2="8.368" periodicity1="2" periodicity2="1" phase1="3.141592653589793" phase2="0.0" type1="o" type2="c" type3="ns" type4="hn"/>
    <Proper k1="0.0" periodicity1="2" phase1="0.0" type1="h1" type2="cx" type3="ns" type4="hn"/>
    <Proper k1="0.456056" periodicity1="3" phase1="0.0" type1="hx" type2="c3" type3="nz" type4="hn"/>
    <Improper k1="4.6024" periodicity1="2" phase1="3.141592653589793" type1="ns" type2="c" type3="cx" type4="hn"/>
    <Improper k1="43.932" periodicity1="2" phase1="3.141592653589793" type1="c" type2="c" type3="c3" type4="o"/>
    <Improper k1="43.932" periodicity1="2" phase1="3.141592653589793" type1="c" type2="c" type3="ns" type4="o"/>
  </PeriodicTorsionForce>
</ForceField>
