<ForceField>
  <Info>
    <DateGenerated>2019-07-05</DateGenerated>
  </Info>
  <Residues>
    <Residue name="MC_03H">
      <Atom charge="-0.2664" name="Cl" type="cl"/>
      <Atom charge="0.8886" name="C1" type="c"/>
      <Atom charge="-0.8308" name="O1" type="o"/>
      <Atom charge="-0.0183" name="C2" type="c3"/>
      <Atom charge="-0.8308" name="O2" type="o"/>
      <Atom charge="-0.0704" name="C3" type="c3"/>
      <Atom charge="-0.0877" name="C4" type="c3"/>
      <Atom charge="-0.0861" name="C5" type="c3"/>
      <Atom charge="-0.0861" name="C6" type="c3"/>
      <Atom charge="0.0627" name="H2" type="h1"/>
      <Atom charge="0.0577" name="H3" type="hc"/>
      <Atom charge="0.0577" name="H3A" type="hc"/>
      <Atom charge="0.0577" name="H4" type="hc"/>
      <Atom charge="0.0252" name="H5" type="hc"/>
      <Atom charge="0.0252" name="H5A" type="hc"/>
      <Atom charge="0.0252" name="H5B" type="hc"/>
      <Atom charge="0.0252" name="H6" type="hc"/>
      <Atom charge="0.0252" name="H6A" type="hc"/>
      <Atom charge="0.0252" name="H6B" type="hc"/>
      <Bond atomName1="Cl" atomName2="C2"/>
      <Bond atomName1="O2" atomName2="C1"/>
      <Bond atomName1="O1" atomName2="C1"/>
      <Bond atomName1="C1" atomName2="C2"/>
      <Bond atomName1="C2" atomName2="C3"/>
      <Bond atomName1="C2" atomName2="H2"/>
      <Bond atomName1="C3" atomName2="C4"/>
      <Bond atomName1="C3" atomName2="H3"/>
      <Bond atomName1="C3" atomName2="H3A"/>
      <Bond atomName1="C4" atomName2="C6"/>
      <Bond atomName1="C4" atomName2="C5"/>
      <Bond atomName1="C4" atomName2="H4"/>
      <Bond atomName1="C5" atomName2="H5"/>
      <Bond atomName1="C5" atomName2="H5A"/>
      <Bond atomName1="C5" atomName2="H5B"/>
      <Bond atomName1="C6" atomName2="H6"/>
      <Bond atomName1="C6" atomName2="H6A"/>
      <Bond atomName1="C6" atomName2="H6B"/>
    </Residue>
  </Residues>
  <PeriodicTorsionForce>
    <Improper k1="4.6024" periodicity1="2" phase1="3.141592653589793" type1="c" type2="c3" type3="o" type4="o"/>
  </PeriodicTorsionForce>
</ForceField>
