<ForceField>
  <Info>
    <DateGenerated>2019-07-05</DateGenerated>
  </Info>
  <Residues>
    <Residue name="MC_03K">
      <Atom charge="-0.5114" name="N1L" type="ns"/>
      <Atom charge="-0.6794" name="N2A" type="nz"/>
      <Atom charge="-0.0316" name="N3K" type="na"/>
      <Atom charge="-0.5478" name="N4M" type="nc"/>
      <Atom charge="-0.4111" name="OAB" type="o"/>
      <Atom charge="-0.0745" name="CAD" type="ca"/>
      <Atom charge="-0.0745" name="CAE" type="ca"/>
      <Atom charge="-0.082" name="CAF" type="ca"/>
      <Atom charge="-0.082" name="CAG" type="ca"/>
      <Atom charge="-0.3343" name="CAH" type="cd"/>
      <Atom charge="-0.1269" name="CAI" type="cx"/>
      <Atom charge="-0.1269" name="CAJ" type="cx"/>
      <Atom charge="0.6637" name="CAO" type="c"/>
      <Atom charge="-0.2026" name="CAP" type="ca"/>
      <Atom charge="-0.0596" name="CAQ" type="ca"/>
      <Atom charge="0.4472" name="CAR" type="cd"/>
      <Atom charge="-0.0136" name="CAS" type="cc"/>
      <Atom charge="-0.0784" name="CAT" type="cx"/>
      <Atom charge="0.3285" name="HN1L" type="hn"/>
      <Atom charge="0.478133" name="HN2A" type="hn"/>
      <Atom charge="0.478133" name="HN2B" type="hn"/>
      <Atom charge="0.144" name="HAD" type="ha"/>
      <Atom charge="0.144" name="HAE" type="ha"/>
      <Atom charge="0.177" name="HAF" type="ha"/>
      <Atom charge="0.177" name="HAG" type="ha"/>
      <Atom charge="0.195" name="HAH" type="ha"/>
      <Atom charge="0.08145" name="HAI" type="hc"/>
      <Atom charge="0.08145" name="HAIA" type="hc"/>
      <Atom charge="0.08145" name="HAJ" type="hc"/>
      <Atom charge="0.08145" name="HAJA" type="hc"/>
      <Atom charge="0.1057" name="HAT" type="hc"/>
      <Atom charge="0.3397" name="HN3K" type="hn"/>
      <Atom charge="0.478133" name="H2A3" type="hn"/>
      <Atom charge="0.5077" name="CAN" type="c"/>
      <Atom charge="-0.5521" name="OAC" type="o"/>
      <Bond atomName1="CAO" atomName2="N1L"/>
      <Bond atomName1="CAR" atomName2="N1L"/>
      <Bond atomName1="N1L" atomName2="HN1L"/>
      <Bond atomName1="N2A" atomName2="CAN"/>
      <Bond atomName1="N2A" atomName2="HN2A"/>
      <Bond atomName1="N2A" atomName2="HN2B"/>
      <Bond atomName1="CAS" atomName2="N3K"/>
      <Bond atomName1="N3K" atomName2="N4M"/>
      <Bond atomName1="CAR" atomName2="N4M"/>
      <Bond atomName1="CAN" atomName2="OAB"/>
      <Bond atomName1="OAC" atomName2="CAO"/>
      <Bond atomName1="CAF" atomName2="CAD"/>
      <Bond atomName1="CAD" atomName2="CAP"/>
      <Bond atomName1="CAD" atomName2="HAD"/>
      <Bond atomName1="CAP" atomName2="CAE"/>
      <Bond atomName1="CAG" atomName2="CAE"/>
      <Bond atomName1="CAE" atomName2="HAE"/>
      <Bond atomName1="CAF" atomName2="CAQ"/>
      <Bond atomName1="CAF" atomName2="HAF"/>
      <Bond atomName1="CAQ" atomName2="CAG"/>
      <Bond atomName1="CAG" atomName2="HAG"/>
      <Bond atomName1="CAS" atomName2="CAH"/>
      <Bond atomName1="CAH" atomName2="CAR"/>
      <Bond atomName1="CAH" atomName2="HAH"/>
      <Bond atomName1="CAI" atomName2="CAJ"/>
      <Bond atomName1="CAI" atomName2="CAT"/>
      <Bond atomName1="CAI" atomName2="HAI"/>
      <Bond atomName1="CAI" atomName2="HAIA"/>
      <Bond atomName1="CAJ" atomName2="CAT"/>
      <Bond atomName1="CAJ" atomName2="HAJ"/>
      <Bond atomName1="CAJ" atomName2="HAJA"/>
      <Bond atomName1="CAP" atomName2="CAN"/>
      <Bond atomName1="CAO" atomName2="CAQ"/>
      <Bond atomName1="CAT" atomName2="CAS"/>
      <Bond atomName1="CAT" atomName2="HAT"/>
      <Bond atomName1="N3K" atomName2="HN3K"/>
      <Bond atomName1="H2A3" atomName2="N2A"/>
    </Residue>
  </Residues>
  <HarmonicBondForce>
    <Bond k="298068.1599999999" length="0.1379" type1="c" type2="ns"/>
    <Bond k="296059.83999999997" length="0.1381" type1="cd" type2="ns"/>
    <Bond k="441244.6399999999" length="0.1013" type1="hn" type2="ns"/>
    <Bond k="404090.7199999999" length="0.10300000000000001" type1="hn" type2="nz"/>
    <Bond k="165602.71999999997" length="0.15460000000000002" type1="c" type2="nz"/>
  </HarmonicBondForce>
  <HarmonicAngleForce>
    <Angle angle="2.011491962923465" k="714.6272000000001" type1="ca" type2="c" type3="ns"/>
    <Angle angle="2.1476276445790226" k="952.2784" type1="ns" type2="c" type3="o"/>
    <Angle angle="2.1467549799530254" k="922.9904" type1="nc" type2="cd" type3="ns"/>
    <Angle angle="2.0924752402160016" k="717.9744000000001" type1="cd" type2="cd" type3="ns"/>
    <Angle angle="2.073974750144862" k="892.0287999999999" type1="nz" type2="c" type3="o"/>
    <Angle angle="2.031126917008401" k="673.473376" type1="ca" type2="c" type3="nz"/>
    <Angle angle="2.15146736893341" k="557.3088" type1="c" type2="ns" type3="cd"/>
    <Angle angle="2.051634535719334" k="407.52160000000003" type1="c" type2="ns" type3="hn"/>
    <Angle angle="2.0814796659284376" k="404.1744" type1="cd" type2="ns" type3="hn"/>
    <Angle angle="1.8901915799098588" k="334.72" type1="hn" type2="nz" type3="hn"/>
    <Angle angle="1.9394098648160991" k="376.56" type1="c" type2="nz" type3="hn"/>
  </HarmonicAngleForce>
  <PeriodicTorsionForce>
    <Proper k1="0.0" periodicity1="3" phase1="0.0" type1="na" type2="cc" type3="cx" type4="cx"/>
    <Proper k1="0.0" periodicity1="3" phase1="0.0" type1="na" type2="cc" type3="cx" type4="hc"/>
    <Proper k1="6.9036" periodicity1="2" phase1="3.141592653589793" type1="nc" type2="cd" type3="ns" type4="c"/>
    <Proper k1="6.9036" periodicity1="2" phase1="3.141592653589793" type1="nc" type2="cd" type3="ns" type4="hn"/>
    <Proper k1="0.0" periodicity1="3" phase1="3.141592653589793" type1="o" type2="c" type3="nz" type4="hn"/>
    <Proper k1="6.9036" periodicity1="2" phase1="3.141592653589793" type1="cd" type2="cd" type3="ns" type4="c"/>
    <Proper k1="6.9036" periodicity1="2" phase1="3.141592653589793" type1="cd" type2="cd" type3="ns" type4="hn"/>
    <Proper k1="0.656888" periodicity1="3" phase1="3.141592653589793" type1="cd" type2="cc" type3="cx" type4="cx"/>
    <Proper k1="1.50624" k2="6.15048" periodicity1="3" periodicity2="1" phase1="3.141592653589793" phase2="0.0" type1="cd" type2="cc" type3="cx" type4="hc"/>
    <Proper k1="0.343088" periodicity1="3" phase1="3.141592653589793" type1="ca" type2="c" type3="nz" type4="hn"/>
    <Proper k1="10.46" periodicity1="2" phase1="3.141592653589793" type1="ca" type2="c" type3="ns" type4="cd"/>
    <Proper k1="10.46" periodicity1="2" phase1="3.141592653589793" type1="ca" type2="c" type3="ns" type4="hn"/>
    <Proper k1="10.46" periodicity1="2" phase1="3.141592653589793" type1="o" type2="c" type3="ns" type4="cd"/>
    <Proper k1="10.46" k2="8.368" periodicity1="2" periodicity2="1" phase1="3.141592653589793" phase2="0.0" type1="o" type2="c" type3="ns" type4="hn"/>
    <Improper k1="4.6024" periodicity1="2" phase1="3.141592653589793" type1="ns" type2="c" type3="cd" type4="hn"/>
    <Improper k1="4.6024" periodicity1="2" phase1="3.141592653589793" type1="na" type2="cc" type3="hn" type4="nc"/>
    <Improper k1="4.6024" periodicity1="2" phase1="3.141592653589793" type1="ca" type2="ca" type3="ca" type4="ha"/>
    <Improper k1="4.6024" periodicity1="2" phase1="3.141592653589793" type1="cd" type2="cc" type3="cd" type4="ha"/>
    <Improper k1="43.932" periodicity1="2" phase1="3.141592653589793" type1="c" type2="ca" type3="ns" type4="o"/>
    <Improper k1="4.6024" periodicity1="2" phase1="3.141592653589793" type1="ca" type2="c" type3="ca" type4="ca"/>
    <Improper k1="4.6024" periodicity1="2" phase1="3.141592653589793" type1="cd" type2="cd" type3="nc" type4="ns"/>
    <Improper k1="4.6024" periodicity1="2" phase1="3.141592653589793" type1="cc" type2="cd" type3="cx" type4="na"/>
    <Improper k1="43.932" periodicity1="2" phase1="3.141592653589793" type1="c" type2="ca" type3="nz" type4="o"/>
  </PeriodicTorsionForce>
</ForceField>
