<ForceField>
  <Info>
    <DateGenerated>2019-07-05</DateGenerated>
  </Info>
  <Residues>
    <Residue name="MC_03M">
      <Atom charge="-0.076" name="C4" type="ca"/>
      <Atom charge="-0.0841" name="C6" type="cc"/>
      <Atom charge="-0.1402" name="C7" type="cd"/>
      <Atom charge="-0.0798" name="C8" type="ca"/>
      <Atom charge="-0.006" name="C10" type="cf"/>
      <Atom charge="-0.4951" name="N12" type="ns"/>
      <Atom charge="0.8145" name="C13" type="c"/>
      <Atom charge="0.7147" name="C15" type="c"/>
      <Atom charge="-0.094" name="C20" type="ca"/>
      <Atom charge="-0.151" name="C21" type="ca"/>
      <Atom charge="0.1069" name="C22" type="ca"/>
      <Atom charge="-0.122" name="C24" type="ca"/>
      <Atom charge="-0.136" name="C1" type="ca"/>
      <Atom charge="0.0474" name="C2" type="ca"/>
      <Atom charge="-0.0843" name="C3" type="ca"/>
      <Atom charge="-0.1604" name="N5" type="na"/>
      <Atom charge="-0.0352" name="C9" type="ca"/>
      <Atom charge="-0.1196" name="C11" type="cc"/>
      <Atom charge="-0.4944" name="N14" type="n"/>
      <Atom charge="-0.5905" name="O17" type="o"/>
      <Atom charge="0.1753" name="C18" type="c3"/>
      <Atom charge="-0.1173" name="C19" type="ca"/>
      <Atom charge="0.0929" name="C23" type="ca"/>
      <Atom charge="-0.1269" name="F25" type="f"/>
      <Atom charge="-0.0568" name="C27" type="c3"/>
      <Atom charge="-0.1014" name="Cl" type="cl"/>
      <Atom charge="0.143" name="H4" type="ha"/>
      <Atom charge="0.172" name="H6" type="h4"/>
      <Atom charge="0.171" name="H10" type="ha"/>
      <Atom charge="0.157" name="H20" type="ha"/>
      <Atom charge="0.154" name="H21" type="ha"/>
      <Atom charge="0.165" name="H24" type="ha"/>
      <Atom charge="0.149" name="H1" type="ha"/>
      <Atom charge="0.0802" name="H18" type="h1"/>
      <Atom charge="0.0802" name="H18A" type="h1"/>
      <Atom charge="0.050367" name="H27" type="hc"/>
      <Atom charge="0.050367" name="H27A" type="hc"/>
      <Atom charge="0.050367" name="H27B" type="hc"/>
      <Atom charge="0.3047" name="HN5" type="hn"/>
      <Atom charge="0.3625" name="H14" type="hn"/>
      <Atom charge="-0.6445" name="O16" type="o"/>
      <Atom charge="-0.1269" name="F26" type="f"/>
      <Bond atomName1="C4" atomName2="C1"/>
      <Bond atomName1="C4" atomName2="H4"/>
      <Bond atomName1="C6" atomName2="C7"/>
      <Bond atomName1="C6" atomName2="N5"/>
      <Bond atomName1="C6" atomName2="H6"/>
      <Bond atomName1="C7" atomName2="C8"/>
      <Bond atomName1="C8" atomName2="C4"/>
      <Bond atomName1="C8" atomName2="C9"/>
      <Bond atomName1="C10" atomName2="C7"/>
      <Bond atomName1="C10" atomName2="H10"/>
      <Bond atomName1="N12" atomName2="C11"/>
      <Bond atomName1="C13" atomName2="N12"/>
      <Bond atomName1="C15" atomName2="O17"/>
      <Bond atomName1="C15" atomName2="C11"/>
      <Bond atomName1="C20" atomName2="C21"/>
      <Bond atomName1="C20" atomName2="H20"/>
      <Bond atomName1="C21" atomName2="H21"/>
      <Bond atomName1="C22" atomName2="C21"/>
      <Bond atomName1="C22" atomName2="F26"/>
      <Bond atomName1="C24" atomName2="C19"/>
      <Bond atomName1="C24" atomName2="C23"/>
      <Bond atomName1="C24" atomName2="H24"/>
      <Bond atomName1="C1" atomName2="C2"/>
      <Bond atomName1="C1" atomName2="H1"/>
      <Bond atomName1="C2" atomName2="Cl"/>
      <Bond atomName1="C3" atomName2="C2"/>
      <Bond atomName1="C3" atomName2="C27"/>
      <Bond atomName1="N5" atomName2="C9"/>
      <Bond atomName1="N5" atomName2="HN5"/>
      <Bond atomName1="C9" atomName2="C3"/>
      <Bond atomName1="C11" atomName2="C10"/>
      <Bond atomName1="N14" atomName2="C13"/>
      <Bond atomName1="N14" atomName2="C15"/>
      <Bond atomName1="O16" atomName2="C13"/>
      <Bond atomName1="C18" atomName2="N14"/>
      <Bond atomName1="C18" atomName2="C19"/>
      <Bond atomName1="C18" atomName2="H18"/>
      <Bond atomName1="C18" atomName2="H18A"/>
      <Bond atomName1="C19" atomName2="C20"/>
      <Bond atomName1="C23" atomName2="C22"/>
      <Bond atomName1="F25" atomName2="C23"/>
      <Bond atomName1="C27" atomName2="H27"/>
      <Bond atomName1="C27" atomName2="H27A"/>
      <Bond atomName1="C27" atomName2="H27B"/>
      <Bond atomName1="N12" atomName2="H14"/>
    </Residue>
  </Residues>
  <HarmonicBondForce>
    <Bond k="298068.1599999999" length="0.1379" type1="c" type2="ns"/>
    <Bond k="296059.83999999997" length="0.1381" type1="cc" type2="ns"/>
    <Bond k="441244.6399999999" length="0.1013" type1="hn" type2="ns"/>
  </HarmonicBondForce>
  <HarmonicAngleForce>
    <Angle angle="2.1676989309769574" k="721.3216000000001" type1="cf" type2="cc" type3="ns"/>
    <Angle angle="2.1217967716495063" k="547.2672000000001" type1="c" type2="cc" type3="cf"/>
    <Angle angle="1.9819958985647608" k="940.5632" type1="n" type2="c" type3="ns"/>
    <Angle angle="2.1476276445790226" k="952.2784" type1="ns" type2="c" type3="o"/>
    <Angle angle="2.0310396505458015" k="717.1376" type1="c" type2="cc" type3="ns"/>
    <Angle angle="2.15146736893341" k="557.3088" type1="c" type2="ns" type3="cc"/>
    <Angle angle="2.051634535719334" k="407.52160000000003" type1="c" type2="ns" type3="hn"/>
    <Angle angle="2.0814796659284376" k="404.1744" type1="cc" type2="ns" type3="hn"/>
  </HarmonicAngleForce>
  <PeriodicTorsionForce>
    <Proper k1="2.11292" periodicity1="2" phase1="3.141592653589793" type1="ca" type2="ca" type3="cd" type4="cc"/>
    <Proper k1="2.11292" periodicity1="2" phase1="3.141592653589793" type1="ca" type2="ca" type3="cd" type4="cf"/>
    <Proper k1="2.092" periodicity1="2" phase1="3.141592653589793" type1="cc" type2="cd" type3="cf" type4="cc"/>
    <Proper k1="4.184" periodicity1="2" phase1="3.141592653589793" type1="cc" type2="cd" type3="cf" type4="ha"/>
    <Proper k1="27.823600000000003" periodicity1="2" phase1="3.141592653589793" type1="ns" type2="cc" type3="cf" type4="cd"/>
    <Proper k1="2.092" periodicity1="2" phase1="3.141592653589793" type1="c" type2="cc" type3="cf" type4="cd"/>
    <Proper k1="2.092" periodicity1="2" phase1="3.141592653589793" type1="ca" type2="cd" type3="cf" type4="cc"/>
    <Proper k1="4.184" periodicity1="2" phase1="3.141592653589793" type1="ca" type2="cd" type3="cf" type4="ha"/>
    <Proper k1="6.9036" periodicity1="2" phase1="3.141592653589793" type1="cf" type2="cc" type3="ns" type4="c"/>
    <Proper k1="6.9036" periodicity1="2" phase1="3.141592653589793" type1="cf" type2="cc" type3="ns" type4="hn"/>
    <Proper k1="16.736" periodicity1="2" phase1="3.141592653589793" type1="ns" type2="cc" type3="cf" type4="ha"/>
    <Proper k1="6.9036" periodicity1="2" phase1="3.141592653589793" type1="c" type2="cc" type3="ns" type4="c"/>
    <Proper k1="16.736" periodicity1="2" phase1="3.141592653589793" type1="c" type2="cc" type3="cf" type4="ha"/>
    <Proper k1="6.9036" periodicity1="2" phase1="3.141592653589793" type1="c" type2="cc" type3="ns" type4="hn"/>
    <Proper k1="10.46" periodicity1="2" phase1="3.141592653589793" type1="n" type2="c" type3="ns" type4="cc"/>
    <Proper k1="10.46" periodicity1="2" phase1="3.141592653589793" type1="o" type2="c" type3="ns" type4="cc"/>
    <Proper k1="10.46" periodicity1="2" phase1="3.141592653589793" type1="n" type2="c" type3="ns" type4="hn"/>
    <Proper k1="10.46" k2="8.368" periodicity1="2" periodicity2="1" phase1="3.141592653589793" phase2="0.0" type1="o" type2="c" type3="ns" type4="hn"/>
    <Improper k1="4.6024" periodicity1="2" phase1="3.141592653589793" type1="ca" type2="ca" type3="ca" type4="ha"/>
    <Improper k1="4.6024" periodicity1="2" phase1="3.141592653589793" type1="cc" type2="cd" type3="h4" type4="na"/>
    <Improper k1="4.6024" periodicity1="2" phase1="3.141592653589793" type1="cd" type2="ca" type3="cc" type4="cf"/>
    <Improper k1="4.6024" periodicity1="2" phase1="3.141592653589793" type1="ca" type2="ca" type3="ca" type4="cd"/>
    <Improper k1="4.6024" periodicity1="2" phase1="3.141592653589793" type1="cf" type2="cc" type3="cd" type4="ha"/>
    <Improper k1="4.6024" periodicity1="2" phase1="3.141592653589793" type1="ns" type2="c" type3="cc" type4="hn"/>
    <Improper k1="43.932" periodicity1="2" phase1="3.141592653589793" type1="c" type2="n" type3="ns" type4="o"/>
    <Improper k1="43.932" periodicity1="2" phase1="3.141592653589793" type1="c" type2="cc" type3="n" type4="o"/>
    <Improper k1="4.6024" periodicity1="2" phase1="3.141592653589793" type1="na" type2="ca" type3="cc" type4="hn"/>
    <Improper k1="4.6024" periodicity1="2" phase1="3.141592653589793" type1="ca" type2="ca" type3="ca" type4="na"/>
    <Improper k1="4.6024" periodicity1="2" phase1="3.141592653589793" type1="cc" type2="c" type3="cf" type4="ns"/>
    <Improper k1="4.6024" periodicity1="2" phase1="3.141592653589793" type1="n" type2="c" type3="c" type4="c3"/>
  </PeriodicTorsionForce>
</ForceField>
