<ForceField>
  <Info>
    <DateGenerated>2019-07-05</DateGenerated>
  </Info>
  <Residues>
    <Residue name="MC_03N">
      <Atom charge="-0.8106" name="N24" type="nz"/>
      <Atom charge="0.1008" name="C25" type="c3"/>
      <Atom charge="-0.1067" name="C26" type="c3"/>
      <Atom charge="-0.1014" name="C27" type="c3"/>
      <Atom charge="0.2393" name="C28" type="c3"/>
      <Atom charge="-0.7906" name="N29" type="nh"/>
      <Atom charge="0.2393" name="C30" type="c3"/>
      <Atom charge="-0.1014" name="C31" type="c3"/>
      <Atom charge="0.6981" name="C32" type="c2"/>
      <Atom charge="-0.8066" name="N33" type="nz"/>
      <Atom charge="-0.7671" name="N34" type="n2"/>
      <Atom charge="0.465133" name="HN24" type="hn"/>
      <Atom charge="0.1197" name="H125" type="hx"/>
      <Atom charge="0.1197" name="H225" type="hx"/>
      <Atom charge="0.0807" name="H26" type="hc"/>
      <Atom charge="0.0727" name="H127" type="hc"/>
      <Atom charge="0.0727" name="H227" type="hc"/>
      <Atom charge="0.08095" name="H128" type="h1"/>
      <Atom charge="0.08095" name="H228" type="h1"/>
      <Atom charge="0.08095" name="H130" type="h1"/>
      <Atom charge="0.08095" name="H230" type="h1"/>
      <Atom charge="0.0727" name="H131" type="hc"/>
      <Atom charge="0.0727" name="H231" type="hc"/>
      <Atom charge="0.473467" name="H133" type="hn"/>
      <Atom charge="0.473467" name="H233" type="hn"/>
      <Atom charge="0.4564" name="H134" type="hn"/>
      <Atom charge="0.465133" name="H2" type="hn"/>
      <Atom charge="0.465133" name="H243" type="hn"/>
      <Atom charge="0.473467" name="H333" type="hn"/>
      <Bond atomName1="N24" atomName2="HN24"/>
      <Bond atomName1="C25" atomName2="N24"/>
      <Bond atomName1="C25" atomName2="H125"/>
      <Bond atomName1="C25" atomName2="H225"/>
      <Bond atomName1="C26" atomName2="C25"/>
      <Bond atomName1="C26" atomName2="C31"/>
      <Bond atomName1="C26" atomName2="H26"/>
      <Bond atomName1="C27" atomName2="C26"/>
      <Bond atomName1="C27" atomName2="H127"/>
      <Bond atomName1="C27" atomName2="H227"/>
      <Bond atomName1="C28" atomName2="C27"/>
      <Bond atomName1="C28" atomName2="N29"/>
      <Bond atomName1="C28" atomName2="H128"/>
      <Bond atomName1="C28" atomName2="H228"/>
      <Bond atomName1="N29" atomName2="C30"/>
      <Bond atomName1="C30" atomName2="C31"/>
      <Bond atomName1="C30" atomName2="H130"/>
      <Bond atomName1="C30" atomName2="H230"/>
      <Bond atomName1="C31" atomName2="H131"/>
      <Bond atomName1="C31" atomName2="H231"/>
      <Bond atomName1="C32" atomName2="N29"/>
      <Bond atomName1="C32" atomName2="N33"/>
      <Bond atomName1="N33" atomName2="H133"/>
      <Bond atomName1="N33" atomName2="H233"/>
      <Bond atomName1="N34" atomName2="C32"/>
      <Bond atomName1="N34" atomName2="H134"/>
      <Bond atomName1="N24" atomName2="H2"/>
      <Bond atomName1="H243" atomName2="N24"/>
      <Bond atomName1="H333" atomName2="N33"/>
    </Residue>
  </Residues>
  <HarmonicBondForce>
    <Bond k="186271.67999999996" length="0.1511" type1="c3" type2="nz"/>
    <Bond k="404090.7199999999" length="0.10300000000000001" type1="hn" type2="nz"/>
    <Bond k="185267.51999999996" length="0.1512" type1="c2" type2="nz"/>
  </HarmonicBondForce>
  <HarmonicAngleForce>
    <Angle angle="1.9933405387027237" k="677.808" type1="c3" type2="c3" type3="nz"/>
    <Angle angle="1.8851301250790755" k="502.9168" type1="hx" type2="c3" type3="nz"/>
    <Angle angle="1.9217820393709562" k="386.6016" type1="c3" type2="nz" type3="hn"/>
    <Angle angle="1.9884536167971398" k="856.0464000000001" type1="nh" type2="c2" type3="nz"/>
    <Angle angle="1.9263198954261416" k="385.76480000000004" type1="c2" type2="nz" type3="hn"/>
    <Angle angle="1.971698455977994" k="917.9696" type1="n2" type2="c2" type3="nz"/>
    <Angle angle="1.8901915799098588" k="334.72" type1="hn" type2="nz" type3="hn"/>
  </HarmonicAngleForce>
  <PeriodicTorsionForce>
    <Proper k1="0.87864" periodicity1="3" phase1="0.0" type1="c3" type2="c3" type3="c3" type4="nz"/>
    <Proper k1="0.6508444444444444" periodicity1="3" phase1="0.0" type1="c3" type2="c3" type3="nz" type4="hn"/>
    <Proper k1="0.0" periodicity1="3" phase1="3.141592653589793" type1="nh" type2="c2" type3="nz" type4="hn"/>
    <Proper k1="0.0" periodicity1="3" phase1="3.141592653589793" type1="n2" type2="c2" type3="nz" type4="hn"/>
    <Proper k1="0.456056" periodicity1="3" phase1="0.0" type1="hx" type2="c3" type3="nz" type4="hn"/>
    <Improper k1="4.6024" periodicity1="2" phase1="3.141592653589793" type1="nh" type2="c2" type3="c3" type4="c3"/>
    <Improper k1="4.6024" periodicity1="2" phase1="3.141592653589793" type1="c2" type2="n2" type3="nh" type4="nz"/>
  </PeriodicTorsionForce>
</ForceField>
