<ForceField>
  <Info>
    <DateGenerated>2019-07-05</DateGenerated>
  </Info>
  <Residues>
    <Residue name="MC_03O">
      <Atom charge="-0.5663" name="N1" type="nc"/>
      <Atom charge="0.3418" name="C2" type="cd"/>
      <Atom charge="-0.7056" name="NA2" type="nz"/>
      <Atom charge="-0.4424" name="N3" type="ns"/>
      <Atom charge="0.6977" name="C4" type="c"/>
      <Atom charge="-0.5985" name="O4" type="o"/>
      <Atom charge="0.0718" name="C4A" type="cd"/>
      <Atom charge="-0.6254" name="N5" type="nh"/>
      <Atom charge="0.1735" name="C6" type="c3"/>
      <Atom charge="0.2018" name="C7" type="c3"/>
      <Atom charge="-0.76" name="N8" type="nu"/>
      <Atom charge="0.2886" name="C8A" type="cc"/>
      <Atom charge="0.2338" name="C9" type="c3"/>
      <Atom charge="-0.8486" name="N10" type="nu"/>
      <Atom charge="0.2121" name="C11" type="c3"/>
      <Atom charge="-0.1346" name="C12" type="ca"/>
      <Atom charge="-0.0605" name="C13" type="ca"/>
      <Atom charge="-0.228" name="C14" type="ca"/>
      <Atom charge="0.1506" name="C15" type="ca"/>
      <Atom charge="-0.228" name="C16" type="ca"/>
      <Atom charge="-0.0605" name="C17" type="ca"/>
      <Atom charge="-0.8338" name="O" type="o"/>
      <Atom charge="0.4638" name="HN21" type="hn"/>
      <Atom charge="0.4638" name="HN22" type="hn"/>
      <Atom charge="0.3405" name="HN3" type="hn"/>
      <Atom charge="0.0897" name="H6" type="h1"/>
      <Atom charge="0.0767" name="H71" type="h1"/>
      <Atom charge="0.0767" name="H72" type="h1"/>
      <Atom charge="0.4718" name="HN8" type="hn"/>
      <Atom charge="0.0492" name="H91" type="h1"/>
      <Atom charge="0.0492" name="H92" type="h1"/>
      <Atom charge="0.4228" name="HN1" type="hn"/>
      <Atom charge="0.064033" name="H111" type="h1"/>
      <Atom charge="0.064033" name="H112" type="h1"/>
      <Atom charge="0.064033" name="H113" type="h1"/>
      <Atom charge="0.1555" name="H13" type="ha"/>
      <Atom charge="0.1005" name="H14" type="ha"/>
      <Atom charge="0.1005" name="H16" type="ha"/>
      <Atom charge="0.1555" name="H17" type="ha"/>
      <Atom charge="-0.8338" name="OXT" type="o"/>
      <Atom charge="0.4638" name="HA23" type="hn"/>
      <Atom charge="0.8822" name="C" type="c"/>
      <Bond atomName1="N1" atomName2="C2"/>
      <Bond atomName1="N1" atomName2="C8A"/>
      <Bond atomName1="C2" atomName2="NA2"/>
      <Bond atomName1="C2" atomName2="N3"/>
      <Bond atomName1="NA2" atomName2="HN21"/>
      <Bond atomName1="NA2" atomName2="HN22"/>
      <Bond atomName1="N3" atomName2="C4"/>
      <Bond atomName1="N3" atomName2="HN3"/>
      <Bond atomName1="C4" atomName2="O4"/>
      <Bond atomName1="C4" atomName2="C4A"/>
      <Bond atomName1="C4A" atomName2="N5"/>
      <Bond atomName1="C4A" atomName2="C8A"/>
      <Bond atomName1="N5" atomName2="C6"/>
      <Bond atomName1="N5" atomName2="C11"/>
      <Bond atomName1="C6" atomName2="C7"/>
      <Bond atomName1="C6" atomName2="C9"/>
      <Bond atomName1="C6" atomName2="H6"/>
      <Bond atomName1="C7" atomName2="N8"/>
      <Bond atomName1="C7" atomName2="H71"/>
      <Bond atomName1="C7" atomName2="H72"/>
      <Bond atomName1="N8" atomName2="C8A"/>
      <Bond atomName1="N8" atomName2="HN8"/>
      <Bond atomName1="C9" atomName2="N10"/>
      <Bond atomName1="C9" atomName2="H91"/>
      <Bond atomName1="C9" atomName2="H92"/>
      <Bond atomName1="N10" atomName2="C15"/>
      <Bond atomName1="N10" atomName2="HN1"/>
      <Bond atomName1="C11" atomName2="H111"/>
      <Bond atomName1="C11" atomName2="H112"/>
      <Bond atomName1="C11" atomName2="H113"/>
      <Bond atomName1="C12" atomName2="C13"/>
      <Bond atomName1="C12" atomName2="C17"/>
      <Bond atomName1="C12" atomName2="C"/>
      <Bond atomName1="C13" atomName2="C14"/>
      <Bond atomName1="C13" atomName2="H13"/>
      <Bond atomName1="C14" atomName2="C15"/>
      <Bond atomName1="C14" atomName2="H14"/>
      <Bond atomName1="C15" atomName2="C16"/>
      <Bond atomName1="C16" atomName2="C17"/>
      <Bond atomName1="C16" atomName2="H16"/>
      <Bond atomName1="C17" atomName2="H17"/>
      <Bond atomName1="C" atomName2="O"/>
      <Bond atomName1="C" atomName2="OXT"/>
      <Bond atomName1="HA23" atomName2="NA2"/>
    </Residue>
  </Residues>
  <HarmonicBondForce>
    <Bond k="198070.55999999994" length="0.14930000000000002" type1="cd" type2="nz"/>
    <Bond k="296059.83999999997" length="0.1381" type1="cd" type2="ns"/>
    <Bond k="404090.7199999999" length="0.10300000000000001" type1="hn" type2="nz"/>
    <Bond k="298068.1599999999" length="0.1379" type1="c" type2="ns"/>
    <Bond k="441244.6399999999" length="0.1013" type1="hn" type2="ns"/>
    <Bond k="219074.23999999996" length="0.1464" type1="c3" type2="nu"/>
    <Bond k="304176.79999999993" length="0.1373" type1="cc" type2="nu"/>
    <Bond k="443085.5999999999" length="0.10120000000000001" type1="hn" type2="nu"/>
    <Bond k="290453.27999999997" length="0.1386" type1="ca" type2="nu"/>
  </HarmonicBondForce>
  <HarmonicAngleForce>
    <Angle angle="2.1429152555986377" k="876.037552" type1="nc" type2="cd" type3="nz"/>
    <Angle angle="2.1467549799530254" k="922.9904" type1="nc" type2="cd" type3="ns"/>
    <Angle angle="2.0460494821129527" k="931.3584" type1="nc" type2="cc" type3="nu"/>
    <Angle angle="1.928588823453734" k="392.4592" type1="cd" type2="nz" type3="hn"/>
    <Angle angle="2.15146736893341" k="557.3088" type1="c" type2="ns" type3="cd"/>
    <Angle angle="2.0814796659284376" k="404.1744" type1="cd" type2="ns" type3="hn"/>
    <Angle angle="1.9823449644151594" k="888.530976" type1="ns" type2="cd" type3="nz"/>
    <Angle angle="2.1476276445790226" k="952.2784" type1="ns" type2="c" type3="o"/>
    <Angle angle="1.9669860669976094" k="728.8528" type1="cd" type2="c" type3="ns"/>
    <Angle angle="2.051634535719334" k="407.52160000000003" type1="c" type2="ns" type3="hn"/>
    <Angle angle="2.15146736893341" k="725.5056000000001" type1="c" type2="cd" type3="nh"/>
    <Angle angle="2.161415745669778" k="722.1584" type1="cd" type2="cc" type3="nu"/>
    <Angle angle="1.9278906917529364" k="698.7280000000001" type1="c3" type2="c3" type3="nu"/>
    <Angle angle="2.0895081804876114" k="548.9408" type1="c3" type2="nu" type3="cc"/>
    <Angle angle="2.0244073993882226" k="388.2752" type1="c3" type2="nu" type3="hn"/>
    <Angle angle="1.9161969857645744" k="512.1216000000001" type1="h1" type2="c3" type3="nu"/>
    <Angle angle="2.0181242140810434" k="412.5424" type1="cc" type2="nu" type3="hn"/>
    <Angle angle="2.094046036542797" k="545.5936" type1="c3" type2="nu" type3="ca"/>
    <Angle angle="2.1109757302871417" k="721.3216000000001" type1="ca" type2="ca" type3="nu"/>
    <Angle angle="2.0258036627898184" k="408.3584" type1="ca" type2="nu" type3="hn"/>
    <Angle angle="1.8901915799098588" k="334.72" type1="hn" type2="nz" type3="hn"/>
  </HarmonicAngleForce>
  <PeriodicTorsionForce>
    <Proper k1="0.0" periodicity1="3" phase1="3.141592653589793" type1="nc" type2="cd" type3="nz" type4="hn"/>
    <Proper k1="6.9036" periodicity1="2" phase1="3.141592653589793" type1="nc" type2="cd" type3="ns" type4="c"/>
    <Proper k1="6.9036" periodicity1="2" phase1="3.141592653589793" type1="nc" type2="cd" type3="ns" type4="hn"/>
    <Proper k1="4.3932" periodicity1="2" phase1="3.141592653589793" type1="nc" type2="cc" type3="nu" type4="c3"/>
    <Proper k1="4.3932" periodicity1="2" phase1="3.141592653589793" type1="nc" type2="cc" type3="nu" type4="hn"/>
    <Proper k1="10.46" periodicity1="2" phase1="3.141592653589793" type1="o" type2="c" type3="ns" type4="cd"/>
    <Proper k1="10.46" periodicity1="2" phase1="3.141592653589793" type1="cd" type2="c" type3="ns" type4="cd"/>
    <Proper k1="6.9036" periodicity1="2" phase1="3.141592653589793" type1="nz" type2="cd" type3="ns" type4="c"/>
    <Proper k1="6.9036" periodicity1="2" phase1="3.141592653589793" type1="nz" type2="cd" type3="ns" type4="hn"/>
    <Proper k1="0.0" periodicity1="3" phase1="3.141592653589793" type1="ns" type2="cd" type3="nz" type4="hn"/>
    <Proper k1="10.46" k2="8.368" periodicity1="2" periodicity2="1" phase1="3.141592653589793" phase2="0.0" type1="o" type2="c" type3="ns" type4="hn"/>
    <Proper k1="10.46" periodicity1="2" phase1="3.141592653589793" type1="cd" type2="c" type3="ns" type4="hn"/>
    <Proper k1="4.3932" periodicity1="2" phase1="3.141592653589793" type1="cd" type2="cc" type3="nu" type4="c3"/>
    <Proper k1="4.3932" periodicity1="2" phase1="3.141592653589793" type1="cd" type2="cc" type3="nu" type4="hn"/>
    <Proper k1="0.0" periodicity1="2" phase1="0.0" type1="c3" type2="c3" type3="nu" type4="cc"/>
    <Proper k1="0.0" periodicity1="2" phase1="0.0" type1="c3" type2="c3" type3="nu" type4="hn"/>
    <Proper k1="0.0" periodicity1="2" phase1="0.0" type1="c3" type2="c3" type3="nu" type4="ca"/>
    <Proper k1="0.87864" periodicity1="3" phase1="0.0" type1="c3" type2="c3" type3="c3" type4="nu"/>
    <Proper k1="0.0" periodicity1="2" phase1="0.0" type1="h1" type2="c3" type3="nu" type4="cc"/>
    <Proper k1="4.3932" periodicity1="2" phase1="3.141592653589793" type1="ca" type2="ca" type3="nu" type4="hn"/>
    <Proper k1="1.389088" periodicity1="2" phase1="0.0" type1="h1" type2="c3" type3="nu" type4="ca"/>
    <Proper k1="0.0" periodicity1="2" phase1="0.0" type1="h1" type2="c3" type3="nu" type4="hn"/>
    <Improper k1="4.6024" periodicity1="2" phase1="3.141592653589793" type1="cd" type2="nc" type3="ns" type4="nz"/>
    <Improper k1="4.6024" periodicity1="2" phase1="3.141592653589793" type1="ns" type2="c" type3="cd" type4="hn"/>
    <Improper k1="43.932" periodicity1="2" phase1="3.141592653589793" type1="c" type2="cd" type3="ns" type4="o"/>
    <Improper k1="4.6024" periodicity1="2" phase1="3.141592653589793" type1="cd" type2="c" type3="cc" type4="nh"/>
    <Improper k1="4.6024" periodicity1="2" phase1="3.141592653589793" type1="nh" type2="c3" type3="c3" type4="cd"/>
    <Improper k1="4.6024" periodicity1="2" phase1="3.141592653589793" type1="nu" type2="c3" type3="cc" type4="hn"/>
    <Improper k1="4.6024" periodicity1="2" phase1="3.141592653589793" type1="cc" type2="cd" type3="nc" type4="nu"/>
    <Improper k1="4.6024" periodicity1="2" phase1="3.141592653589793" type1="nu" type2="c3" type3="ca" type4="hn"/>
    <Improper k1="4.6024" periodicity1="2" phase1="3.141592653589793" type1="ca" type2="c" type3="ca" type4="ca"/>
    <Improper k1="4.6024" periodicity1="2" phase1="3.141592653589793" type1="ca" type2="ca" type3="ca" type4="ha"/>
    <Improper k1="4.6024" periodicity1="2" phase1="3.141592653589793" type1="ca" type2="ca" type3="ca" type4="nu"/>
    <Improper k1="4.6024" periodicity1="2" phase1="3.141592653589793" type1="c" type2="ca" type3="o" type4="o"/>
  </PeriodicTorsionForce>
</ForceField>
