<ForceField>
  <Info>
    <DateGenerated>2019-07-05</DateGenerated>
  </Info>
  <Residues>
    <Residue name="MC_03Q">
      <Atom charge="-0.6028" name="O1" type="oh"/>
      <Atom charge="0.1434" name="C2" type="c3"/>
      <Atom charge="0.1444" name="C3" type="c3"/>
      <Atom charge="-0.4246" name="O4" type="os"/>
      <Atom charge="0.1054" name="C5" type="c3"/>
      <Atom charge="0.0443" name="C6" type="c3"/>
      <Atom charge="-0.0614" name="N7" type="na"/>
      <Atom charge="-0.0771" name="C8" type="cc"/>
      <Atom charge="-0.3118" name="C9" type="cd"/>
      <Atom charge="0.4831" name="C10" type="ca"/>
      <Atom charge="-0.732" name="N11" type="nb"/>
      <Atom charge="0.6959" name="C12" type="ca"/>
      <Atom charge="-0.8" name="N13" type="nb"/>
      <Atom charge="0.7232" name="C14" type="ca"/>
      <Atom charge="-0.7743" name="N15" type="nu"/>
      <Atom charge="0.0133" name="C16" type="ca"/>
      <Atom charge="0.4622" name="C17" type="ca"/>
      <Atom charge="-0.727" name="N18" type="nb"/>
      <Atom charge="0.6326" name="C19" type="ca"/>
      <Atom charge="-0.3474" name="O20" type="os"/>
      <Atom charge="0.1111" name="C21" type="ca"/>
      <Atom charge="-0.098" name="C22" type="ca"/>
      <Atom charge="-0.127" name="C23" type="ca"/>
      <Atom charge="-0.085" name="C24" type="ca"/>
      <Atom charge="-0.1713" name="C25" type="ca"/>
      <Atom charge="-0.076" name="C26" type="ca"/>
      <Atom charge="0.6752" name="C27" type="c3"/>
      <Atom charge="-0.222633" name="F28" type="f"/>
      <Atom charge="-0.222633" name="F29" type="f"/>
      <Atom charge="-0.222633" name="F30" type="f"/>
      <Atom charge="-0.0889" name="C31" type="ca"/>
      <Atom charge="-0.0794" name="Cl32" type="cl"/>
      <Atom charge="-0.103" name="C33" type="ca"/>
      <Atom charge="-0.3378" name="C34" type="ca"/>
      <Atom charge="0.405" name="HO1" type="ho"/>
      <Atom charge="0.0327" name="H2" type="h1"/>
      <Atom charge="0.0327" name="H2A" type="h1"/>
      <Atom charge="0.0372" name="H3" type="h1"/>
      <Atom charge="0.0372" name="H3A" type="h1"/>
      <Atom charge="0.0407" name="H5" type="h1"/>
      <Atom charge="0.0407" name="H5A" type="h1"/>
      <Atom charge="0.0717" name="H6" type="h1"/>
      <Atom charge="0.0717" name="H6A" type="h1"/>
      <Atom charge="0.174" name="H8" type="h4"/>
      <Atom charge="0.171" name="H9" type="ha"/>
      <Atom charge="0.0651" name="H12" type="h5"/>
      <Atom charge="0.4638" name="HN15" type="hn"/>
      <Atom charge="0.0611" name="H17" type="h4"/>
      <Atom charge="0.147" name="H22" type="ha"/>
      <Atom charge="0.142" name="H23" type="ha"/>
      <Atom charge="0.151" name="H24" type="ha"/>
      <Atom charge="0.157" name="H26" type="ha"/>
      <Atom charge="0.158" name="H33" type="ha"/>
      <Bond atomName1="O1" atomName2="C2"/>
      <Bond atomName1="O1" atomName2="HO1"/>
      <Bond atomName1="C2" atomName2="C3"/>
      <Bond atomName1="C2" atomName2="H2"/>
      <Bond atomName1="C2" atomName2="H2A"/>
      <Bond atomName1="O4" atomName2="C3"/>
      <Bond atomName1="C3" atomName2="H3"/>
      <Bond atomName1="C3" atomName2="H3A"/>
      <Bond atomName1="O4" atomName2="C5"/>
      <Bond atomName1="C6" atomName2="C5"/>
      <Bond atomName1="C5" atomName2="H5"/>
      <Bond atomName1="C5" atomName2="H5A"/>
      <Bond atomName1="C6" atomName2="N7"/>
      <Bond atomName1="C6" atomName2="H6"/>
      <Bond atomName1="C6" atomName2="H6A"/>
      <Bond atomName1="C34" atomName2="N7"/>
      <Bond atomName1="N7" atomName2="C8"/>
      <Bond atomName1="C8" atomName2="C9"/>
      <Bond atomName1="C8" atomName2="H8"/>
      <Bond atomName1="C10" atomName2="C9"/>
      <Bond atomName1="C9" atomName2="H9"/>
      <Bond atomName1="C34" atomName2="C10"/>
      <Bond atomName1="N11" atomName2="C10"/>
      <Bond atomName1="C12" atomName2="N11"/>
      <Bond atomName1="N13" atomName2="C12"/>
      <Bond atomName1="C12" atomName2="H12"/>
      <Bond atomName1="N13" atomName2="C14"/>
      <Bond atomName1="N15" atomName2="C14"/>
      <Bond atomName1="C14" atomName2="C34"/>
      <Bond atomName1="C16" atomName2="N15"/>
      <Bond atomName1="N15" atomName2="HN15"/>
      <Bond atomName1="C33" atomName2="C16"/>
      <Bond atomName1="C16" atomName2="C17"/>
      <Bond atomName1="N18" atomName2="C17"/>
      <Bond atomName1="C17" atomName2="H17"/>
      <Bond atomName1="C19" atomName2="N18"/>
      <Bond atomName1="O20" atomName2="C19"/>
      <Bond atomName1="C31" atomName2="C19"/>
      <Bond atomName1="O20" atomName2="C21"/>
      <Bond atomName1="C26" atomName2="C21"/>
      <Bond atomName1="C21" atomName2="C22"/>
      <Bond atomName1="C22" atomName2="C23"/>
      <Bond atomName1="C22" atomName2="H22"/>
      <Bond atomName1="C24" atomName2="C23"/>
      <Bond atomName1="C23" atomName2="H23"/>
      <Bond atomName1="C25" atomName2="C24"/>
      <Bond atomName1="C24" atomName2="H24"/>
      <Bond atomName1="C27" atomName2="C25"/>
      <Bond atomName1="C26" atomName2="C25"/>
      <Bond atomName1="C26" atomName2="H26"/>
      <Bond atomName1="F29" atomName2="C27"/>
      <Bond atomName1="F28" atomName2="C27"/>
      <Bond atomName1="C27" atomName2="F30"/>
      <Bond atomName1="Cl32" atomName2="C31"/>
      <Bond atomName1="C31" atomName2="C33"/>
      <Bond atomName1="C33" atomName2="H33"/>
    </Residue>
  </Residues>
  <HarmonicBondForce>
    <Bond k="290453.27999999997" length="0.1386" type1="ca" type2="nu"/>
    <Bond k="443085.5999999999" length="0.10120000000000001" type1="hn" type2="nu"/>
  </HarmonicBondForce>
  <HarmonicAngleForce>
    <Angle angle="2.040988027282169" k="938.0527999999999" type1="nb" type2="ca" type3="nu"/>
    <Angle angle="2.224596664591972" k="545.5936" type1="ca" type2="nu" type3="ca"/>
    <Angle angle="2.0258036627898184" k="408.3584" type1="ca" type2="nu" type3="hn"/>
    <Angle angle="2.1109757302871417" k="721.3216000000001" type1="ca" type2="ca" type3="nu"/>
  </HarmonicAngleForce>
  <PeriodicTorsionForce>
    <Proper k1="2.9288" periodicity1="2" phase1="3.141592653589793" type1="nb" type2="ca" type3="cd" type4="cc"/>
    <Proper k1="2.11292" periodicity1="2" phase1="3.141592653589793" type1="ca" type2="ca" type3="cd" type4="cc"/>
    <Proper k1="2.9288" periodicity1="2" phase1="3.141592653589793" type1="nb" type2="ca" type3="cd" type4="ha"/>
    <Proper k1="4.3932" periodicity1="2" phase1="3.141592653589793" type1="nb" type2="ca" type3="nu" type4="ca"/>
    <Proper k1="4.3932" periodicity1="2" phase1="3.141592653589793" type1="nb" type2="ca" type3="nu" type4="hn"/>
    <Proper k1="4.3932" periodicity1="2" phase1="3.141592653589793" type1="ca" type2="ca" type3="nu" type4="ca"/>
    <Proper k1="4.3932" periodicity1="2" phase1="3.141592653589793" type1="ca" type2="ca" type3="nu" type4="hn"/>
    <Proper k1="2.9288" periodicity1="2" phase1="3.141592653589793" type1="ca" type2="ca" type3="cd" type4="ha"/>
    <Improper k1="4.6024" periodicity1="2" phase1="3.141592653589793" type1="na" type2="c3" type3="ca" type4="cc"/>
    <Improper k1="4.6024" periodicity1="2" phase1="3.141592653589793" type1="cc" type2="cd" type3="h4" type4="na"/>
    <Improper k1="4.6024" periodicity1="2" phase1="3.141592653589793" type1="cd" type2="ca" type3="cc" type4="ha"/>
    <Improper k1="4.6024" periodicity1="2" phase1="3.141592653589793" type1="ca" type2="ca" type3="cd" type4="nb"/>
    <Improper k1="4.6024" periodicity1="2" phase1="3.141592653589793" type1="ca" type2="h5" type3="nb" type4="nb"/>
    <Improper k1="4.6024" periodicity1="2" phase1="3.141592653589793" type1="ca" type2="ca" type3="nb" type4="nu"/>
    <Improper k1="4.6024" periodicity1="2" phase1="3.141592653589793" type1="nu" type2="ca" type3="ca" type4="hn"/>
    <Improper k1="4.6024" periodicity1="2" phase1="3.141592653589793" type1="ca" type2="ca" type3="ca" type4="nu"/>
    <Improper k1="4.6024" periodicity1="2" phase1="3.141592653589793" type1="ca" type2="ca" type3="h4" type4="nb"/>
    <Improper k1="4.6024" periodicity1="2" phase1="3.141592653589793" type1="ca" type2="ca" type3="nb" type4="os"/>
    <Improper k1="4.6024" periodicity1="2" phase1="3.141592653589793" type1="ca" type2="ca" type3="ca" type4="os"/>
    <Improper k1="4.6024" periodicity1="2" phase1="3.141592653589793" type1="ca" type2="ca" type3="ca" type4="ha"/>
    <Improper k1="4.6024" periodicity1="2" phase1="3.141592653589793" type1="ca" type2="ca" type3="ca" type4="na"/>
  </PeriodicTorsionForce>
</ForceField>
