<ForceField>
  <Info>
    <DateGenerated>2019-07-05</DateGenerated>
  </Info>
  <Residues>
    <Residue name="MC_03R">
      <Atom charge="0.7196" name="C1" type="ca"/>
      <Atom charge="-0.755" name="N2" type="nb"/>
      <Atom charge="-0.0354" name="C3" type="ca"/>
      <Atom charge="-0.3354" name="O4" type="os"/>
      <Atom charge="0.6466" name="C5" type="ca"/>
      <Atom charge="0.1706" name="C6" type="ca"/>
      <Atom charge="-0.1069" name="F7" type="f"/>
      <Atom charge="0.1331" name="C8" type="ca"/>
      <Atom charge="-0.0564" name="C9" type="ca"/>
      <Atom charge="-0.3834" name="O10" type="os"/>
      <Atom charge="-0.8226" name="N11" type="nu"/>
      <Atom charge="-0.0666" name="C12" type="ca"/>
      <Atom charge="-0.163" name="C13" type="ca"/>
      <Atom charge="-0.1239" name="F14" type="f"/>
      <Atom charge="0.1841" name="C15" type="ca"/>
      <Atom charge="0.2655" name="C16" type="c3"/>
      <Atom charge="-0.098" name="C17" type="ca"/>
      <Atom charge="0.8582" name="C18" type="c"/>
      <Atom charge="-0.141" name="C19" type="ca"/>
      <Atom charge="-0.136" name="C20" type="ca"/>
      <Atom charge="-0.071" name="C21" type="ca"/>
      <Atom charge="-0.1004" name="C22" type="c3"/>
      <Atom charge="-0.1061" name="C23" type="c3"/>
      <Atom charge="-0.16" name="C24" type="ca"/>
      <Atom charge="-0.8373" name="O25" type="o"/>
      <Atom charge="-0.8373" name="O26" type="o"/>
      <Atom charge="-0.2369" name="C27" type="ca"/>
      <Atom charge="-0.1" name="C28" type="ca"/>
      <Atom charge="-0.0251" name="C29" type="c3"/>
      <Atom charge="-0.071" name="C30" type="ca"/>
      <Atom charge="0.5618" name="C31" type="ce"/>
      <Atom charge="-0.0693" name="C32" type="ca"/>
      <Atom charge="-0.6881" name="N33" type="n2"/>
      <Atom charge="-0.7976" name="N34" type="nz"/>
      <Atom charge="-0.116" name="C35" type="ca"/>
      <Atom charge="-0.116" name="C36" type="ca"/>
      <Atom charge="-0.1325" name="C37" type="ca"/>
      <Atom charge="-0.1325" name="C38" type="ca"/>
      <Atom charge="-0.145" name="C39" type="ca"/>
      <Atom charge="0.4348" name="H11" type="hn"/>
      <Atom charge="0.128" name="H13" type="ha"/>
      <Atom charge="0.0417" name="H16" type="h1"/>
      <Atom charge="0.156" name="H17" type="ha"/>
      <Atom charge="0.118" name="H19" type="ha"/>
      <Atom charge="0.129" name="H20" type="ha"/>
      <Atom charge="0.219" name="H21" type="ha"/>
      <Atom charge="0.0467" name="H221" type="hc"/>
      <Atom charge="0.0467" name="H222" type="hc"/>
      <Atom charge="0.053367" name="H231" type="hc"/>
      <Atom charge="0.053367" name="H232" type="hc"/>
      <Atom charge="0.053367" name="H233" type="hc"/>
      <Atom charge="0.118" name="H24" type="ha"/>
      <Atom charge="0.176" name="H28" type="ha"/>
      <Atom charge="0.0447" name="H291" type="hc"/>
      <Atom charge="0.0447" name="H292" type="hc"/>
      <Atom charge="0.136" name="H30" type="ha"/>
      <Atom charge="0.4084" name="H33" type="hn"/>
      <Atom charge="0.4618" name="H341" type="hn"/>
      <Atom charge="0.4618" name="H342" type="hn"/>
      <Atom charge="0.136" name="H35" type="ha"/>
      <Atom charge="0.136" name="H36" type="ha"/>
      <Atom charge="0.123" name="H37" type="ha"/>
      <Atom charge="0.123" name="H38" type="ha"/>
      <Atom charge="0.114" name="H39" type="ha"/>
      <Atom charge="0.4618" name="H343" type="hn"/>
      <Bond atomName1="C1" atomName2="N2"/>
      <Bond atomName1="C1" atomName2="C3"/>
      <Bond atomName1="C1" atomName2="O4"/>
      <Bond atomName1="N2" atomName2="C5"/>
      <Bond atomName1="C3" atomName2="C6"/>
      <Bond atomName1="C3" atomName2="F7"/>
      <Bond atomName1="O4" atomName2="C8"/>
      <Bond atomName1="C5" atomName2="C9"/>
      <Bond atomName1="C5" atomName2="O10"/>
      <Bond atomName1="C6" atomName2="C9"/>
      <Bond atomName1="C6" atomName2="N11"/>
      <Bond atomName1="C8" atomName2="C12"/>
      <Bond atomName1="C8" atomName2="C13"/>
      <Bond atomName1="C9" atomName2="F14"/>
      <Bond atomName1="O10" atomName2="C15"/>
      <Bond atomName1="N11" atomName2="C16"/>
      <Bond atomName1="N11" atomName2="H11"/>
      <Bond atomName1="C12" atomName2="C17"/>
      <Bond atomName1="C12" atomName2="C18"/>
      <Bond atomName1="C13" atomName2="C19"/>
      <Bond atomName1="C13" atomName2="H13"/>
      <Bond atomName1="C15" atomName2="C20"/>
      <Bond atomName1="C15" atomName2="C21"/>
      <Bond atomName1="C16" atomName2="C22"/>
      <Bond atomName1="C16" atomName2="C23"/>
      <Bond atomName1="C16" atomName2="H16"/>
      <Bond atomName1="C17" atomName2="C24"/>
      <Bond atomName1="C17" atomName2="H17"/>
      <Bond atomName1="C18" atomName2="O25"/>
      <Bond atomName1="C18" atomName2="O26"/>
      <Bond atomName1="C19" atomName2="C24"/>
      <Bond atomName1="C19" atomName2="H19"/>
      <Bond atomName1="C20" atomName2="C27"/>
      <Bond atomName1="C20" atomName2="H20"/>
      <Bond atomName1="C21" atomName2="C28"/>
      <Bond atomName1="C21" atomName2="H21"/>
      <Bond atomName1="C22" atomName2="C29"/>
      <Bond atomName1="C22" atomName2="H221"/>
      <Bond atomName1="C22" atomName2="H222"/>
      <Bond atomName1="C23" atomName2="H231"/>
      <Bond atomName1="C23" atomName2="H232"/>
      <Bond atomName1="C23" atomName2="H233"/>
      <Bond atomName1="C24" atomName2="H24"/>
      <Bond atomName1="C27" atomName2="C30"/>
      <Bond atomName1="C27" atomName2="C31"/>
      <Bond atomName1="C28" atomName2="C30"/>
      <Bond atomName1="C28" atomName2="H28"/>
      <Bond atomName1="C29" atomName2="C32"/>
      <Bond atomName1="C29" atomName2="H291"/>
      <Bond atomName1="C29" atomName2="H292"/>
      <Bond atomName1="C30" atomName2="H30"/>
      <Bond atomName1="C31" atomName2="N33"/>
      <Bond atomName1="C31" atomName2="N34"/>
      <Bond atomName1="C32" atomName2="C35"/>
      <Bond atomName1="C32" atomName2="C36"/>
      <Bond atomName1="N33" atomName2="H33"/>
      <Bond atomName1="N34" atomName2="H341"/>
      <Bond atomName1="N34" atomName2="H342"/>
      <Bond atomName1="C35" atomName2="C37"/>
      <Bond atomName1="C35" atomName2="H35"/>
      <Bond atomName1="C36" atomName2="C38"/>
      <Bond atomName1="C36" atomName2="H36"/>
      <Bond atomName1="C37" atomName2="C39"/>
      <Bond atomName1="C37" atomName2="H37"/>
      <Bond atomName1="C38" atomName2="C39"/>
      <Bond atomName1="C38" atomName2="H38"/>
      <Bond atomName1="C39" atomName2="H39"/>
      <Bond atomName1="H343" atomName2="N34"/>
    </Residue>
  </Residues>
  <HarmonicBondForce>
    <Bond k="290453.27999999997" length="0.1386" type1="ca" type2="nu"/>
    <Bond k="219074.23999999996" length="0.1464" type1="c3" type2="nu"/>
    <Bond k="443085.5999999999" length="0.10120000000000001" type1="hn" type2="nu"/>
    <Bond k="198070.55999999994" length="0.14930000000000002" type1="ce" type2="nz"/>
    <Bond k="404090.7199999999" length="0.10300000000000001" type1="hn" type2="nz"/>
  </HarmonicBondForce>
  <HarmonicAngleForce>
    <Angle angle="2.1109757302871417" k="721.3216000000001" type1="ca" type2="ca" type3="nu"/>
    <Angle angle="2.094046036542797" k="545.5936" type1="c3" type2="nu" type3="ca"/>
    <Angle angle="2.0258036627898184" k="408.3584" type1="ca" type2="nu" type3="hn"/>
    <Angle angle="1.9278906917529364" k="698.7280000000001" type1="c3" type2="c3" type3="nu"/>
    <Angle angle="1.9161969857645744" k="512.1216000000001" type1="h1" type2="c3" type3="nu"/>
    <Angle angle="2.0244073993882226" k="388.2752" type1="c3" type2="nu" type3="hn"/>
    <Angle angle="2.0668189002116852" k="702.753008" type1="ca" type2="ce" type3="nz"/>
    <Angle angle="1.928588823453734" k="392.4592" type1="ce" type2="nz" type3="hn"/>
    <Angle angle="2.0666443672864854" k="904.0201440000001" type1="n2" type2="ce" type3="nz"/>
    <Angle angle="1.8901915799098588" k="334.72" type1="hn" type2="nz" type3="hn"/>
  </HarmonicAngleForce>
  <PeriodicTorsionForce>
    <Proper k1="4.3932" periodicity1="2" phase1="3.141592653589793" type1="ca" type2="ca" type3="nu" type4="hn"/>
    <Proper k1="0.0" periodicity1="2" phase1="0.0" type1="c3" type2="c3" type3="nu" type4="ca"/>
    <Proper k1="1.389088" periodicity1="2" phase1="0.0" type1="h1" type2="c3" type3="nu" type4="ca"/>
    <Proper k1="0.87864" periodicity1="3" phase1="0.0" type1="c3" type2="c3" type3="c3" type4="nu"/>
    <Proper k1="2.9288" periodicity1="2" phase1="3.141592653589793" type1="ca" type2="ca" type3="ce" type4="n2"/>
    <Proper k1="2.9288" periodicity1="2" phase1="3.141592653589793" type1="ca" type2="ca" type3="ce" type4="nz"/>
    <Proper k1="0.0" periodicity1="2" phase1="0.0" type1="c3" type2="c3" type3="nu" type4="hn"/>
    <Proper k1="3.3472000000000004" periodicity1="2" phase1="3.141592653589793" type1="ca" type2="ce" type3="n2" type4="hn"/>
    <Proper k1="0.343088" periodicity1="3" phase1="3.141592653589793" type1="ca" type2="ce" type3="nz" type4="hn"/>
    <Proper k1="0.0" periodicity1="3" phase1="3.141592653589793" type1="n2" type2="ce" type3="nz" type4="hn"/>
    <Proper k1="3.3472000000000004" periodicity1="2" phase1="3.141592653589793" type1="nz" type2="ce" type3="n2" type4="hn"/>
    <Proper k1="0.0" periodicity1="2" phase1="0.0" type1="h1" type2="c3" type3="nu" type4="hn"/>
    <Improper k1="4.6024" periodicity1="2" phase1="3.141592653589793" type1="ca" type2="ca" type3="nb" type4="os"/>
    <Improper k1="4.6024" periodicity1="2" phase1="3.141592653589793" type1="ca" type2="ca" type3="ca" type4="nu"/>
    <Improper k1="4.6024" periodicity1="2" phase1="3.141592653589793" type1="ca" type2="ca" type3="ca" type4="os"/>
    <Improper k1="4.6024" periodicity1="2" phase1="3.141592653589793" type1="nu" type2="c3" type3="ca" type4="hn"/>
    <Improper k1="4.6024" periodicity1="2" phase1="3.141592653589793" type1="ca" type2="c" type3="ca" type4="ca"/>
    <Improper k1="4.6024" periodicity1="2" phase1="3.141592653589793" type1="ca" type2="ca" type3="ca" type4="ha"/>
    <Improper k1="4.6024" periodicity1="2" phase1="3.141592653589793" type1="c" type2="ca" type3="o" type4="o"/>
    <Improper k1="4.6024" periodicity1="2" phase1="3.141592653589793" type1="ca" type2="ca" type3="ca" type4="ce"/>
    <Improper k1="4.6024" periodicity1="2" phase1="3.141592653589793" type1="ce" type2="ca" type3="n2" type4="nz"/>
  </PeriodicTorsionForce>
</ForceField>
