<ForceField>
  <Info>
    <DateGenerated>2019-07-05</DateGenerated>
  </Info>
  <Residues>
    <Residue name="MC_03S">
      <Atom charge="1.2558" name="S10" type="s6"/>
      <Atom charge="-0.7142" name="O11" type="o"/>
      <Atom charge="-0.7142" name="O12" type="o"/>
      <Atom charge="-0.2773" name="C13" type="c3"/>
      <Atom charge="0.0547" name="H113" type="h1"/>
      <Atom charge="0.0547" name="H213" type="h1"/>
      <Atom charge="0.0547" name="H313" type="h1"/>
      <Atom charge="-0.7142" name="OXT" type="o"/>
      <Bond atomName1="S10" atomName2="O11"/>
      <Bond atomName1="O12" atomName2="S10"/>
      <Bond atomName1="C13" atomName2="S10"/>
      <Bond atomName1="C13" atomName2="H113"/>
      <Bond atomName1="C13" atomName2="H213"/>
      <Bond atomName1="C13" atomName2="H313"/>
      <Bond atomName1="S10" atomName2="OXT"/>
    </Residue>
  </Residues>
</ForceField>
