<ForceField>
  <Info>
    <DateGenerated>2019-07-05</DateGenerated>
  </Info>
  <Residues>
    <Residue name="MC_03T">
      <Atom charge="-0.8075" name="N" type="nz"/>
      <Atom charge="1.2568" name="S" type="sy"/>
      <Atom charge="-0.5118" name="O1" type="o"/>
      <Atom charge="0.0325" name="S1" type="ss"/>
      <Atom charge="-0.3495" name="C2" type="cc"/>
      <Atom charge="-0.5118" name="O2" type="o"/>
      <Atom charge="0.0658" name="C3" type="cd"/>
      <Atom charge="-0.058" name="C4" type="ca"/>
      <Atom charge="-0.122" name="C5" type="ca"/>
      <Atom charge="-0.056" name="C6" type="ca"/>
      <Atom charge="-0.111" name="C7" type="ca"/>
      <Atom charge="0.0309" name="C8" type="ca"/>
      <Atom charge="-0.1298" name="C9" type="ca"/>
      <Atom charge="0.493467" name="HN" type="hn"/>
      <Atom charge="0.493467" name="HNA" type="hn"/>
      <Atom charge="0.167" name="H3" type="ha"/>
      <Atom charge="0.149" name="H4" type="ha"/>
      <Atom charge="0.159" name="H5" type="ha"/>
      <Atom charge="0.161" name="H6" type="ha"/>
      <Atom charge="0.157" name="H7" type="ha"/>
      <Atom charge="0.493467" name="HN3" type="hn"/>
      <Bond atomName1="N" atomName2="S"/>
      <Bond atomName1="N" atomName2="HN"/>
      <Bond atomName1="N" atomName2="HNA"/>
      <Bond atomName1="C2" atomName2="S"/>
      <Bond atomName1="O2" atomName2="S"/>
      <Bond atomName1="S" atomName2="O1"/>
      <Bond atomName1="C8" atomName2="S1"/>
      <Bond atomName1="S1" atomName2="C2"/>
      <Bond atomName1="C3" atomName2="C2"/>
      <Bond atomName1="C9" atomName2="C3"/>
      <Bond atomName1="C3" atomName2="H3"/>
      <Bond atomName1="C5" atomName2="C4"/>
      <Bond atomName1="C4" atomName2="C9"/>
      <Bond atomName1="C4" atomName2="H4"/>
      <Bond atomName1="C5" atomName2="C6"/>
      <Bond atomName1="C5" atomName2="H5"/>
      <Bond atomName1="C6" atomName2="C7"/>
      <Bond atomName1="C6" atomName2="H6"/>
      <Bond atomName1="C7" atomName2="C8"/>
      <Bond atomName1="C7" atomName2="H7"/>
      <Bond atomName1="C9" atomName2="C8"/>
      <Bond atomName1="HN3" atomName2="N"/>
    </Residue>
  </Residues>
  <HarmonicBondForce>
    <Bond k="116900.95999999996" length="0.19720000000000001" type1="nz" type2="sy"/>
    <Bond k="404090.7199999999" length="0.10300000000000001" type1="hn" type2="nz"/>
  </HarmonicBondForce>
  <HarmonicAngleForce>
    <Angle angle="1.796292866152564" k="963.1568" type1="nz" type2="sy" type3="o"/>
    <Angle angle="1.7883516180559897" k="729.8653280000001" type1="cc" type2="sy" type3="nz"/>
    <Angle angle="1.9013616871226227" k="325.5152" type1="hn" type2="nz" type3="sy"/>
    <Angle angle="1.8901915799098588" k="334.72" type1="hn" type2="nz" type3="hn"/>
  </HarmonicAngleForce>
  <PeriodicTorsionForce>
    <Proper k1="5.299733333333333" periodicity1="2" phase1="3.141592653589793" type1="ss" type2="cc" type3="sy" type4="nz"/>
    <Proper k1="5.299733333333333" periodicity1="2" phase1="3.141592653589793" type1="cd" type2="cc" type3="sy" type4="nz"/>
    <Proper k1="4.6024" periodicity1="2" phase1="3.141592653589793" type1="sy" type2="cc" type3="ss" type4="ca"/>
    <Proper k1="0.5578666666666667" periodicity1="3" phase1="0.0" type1="hn" type2="nz" type3="sy" type4="o"/>
    <Proper k1="5.299733333333333" periodicity1="2" phase1="3.141592653589793" type1="ss" type2="cc" type3="sy" type4="o"/>
    <Proper k1="5.299733333333333" periodicity1="2" phase1="3.141592653589793" type1="cd" type2="cc" type3="sy" type4="o"/>
    <Proper k1="0.5578666666666667" periodicity1="3" phase1="0.0" type1="hn" type2="nz" type3="sy" type4="cc"/>
    <Proper k1="2.11292" periodicity1="2" phase1="3.141592653589793" type1="ca" type2="ca" type3="cd" type4="cc"/>
    <Proper k1="4.6024" periodicity1="2" phase1="3.141592653589793" type1="cd" type2="cc" type3="ss" type4="ca"/>
    <Proper k1="2.9288" periodicity1="2" phase1="3.141592653589793" type1="ca" type2="ca" type3="cd" type4="ha"/>
    <Improper k1="4.6024" periodicity1="2" phase1="3.141592653589793" type1="cc" type2="cd" type3="ss" type4="sy"/>
    <Improper k1="4.6024" periodicity1="2" phase1="3.141592653589793" type1="cd" type2="ca" type3="cc" type4="ha"/>
    <Improper k1="4.6024" periodicity1="2" phase1="3.141592653589793" type1="ca" type2="ca" type3="ca" type4="ha"/>
    <Improper k1="4.6024" periodicity1="2" phase1="3.141592653589793" type1="ca" type2="ca" type3="ca" type4="ss"/>
    <Improper k1="4.6024" periodicity1="2" phase1="3.141592653589793" type1="ca" type2="ca" type3="ca" type4="cd"/>
  </PeriodicTorsionForce>
</ForceField>
