<ForceField>
  <Info>
    <DateGenerated>2019-07-05</DateGenerated>
  </Info>
  <Residues>
    <Residue name="MC_03U">
      <Atom charge="-0.0635" name="C1" type="ca"/>
      <Atom charge="-0.058" name="C2" type="cp"/>
      <Atom charge="-0.1725" name="C3" type="ca"/>
      <Atom charge="-0.0635" name="C4" type="ca"/>
      <Atom charge="0.1399" name="C5" type="ca"/>
      <Atom charge="-0.1725" name="C6" type="ca"/>
      <Atom charge="0.003" name="C7" type="cp"/>
      <Atom charge="-0.1056" name="C8" type="ca"/>
      <Atom charge="-0.11" name="C9" type="ca"/>
      <Atom charge="-0.079" name="C10" type="ca"/>
      <Atom charge="-0.142" name="C11" type="ca"/>
      <Atom charge="0.0456" name="C12" type="ca"/>
      <Atom charge="-0.1459" name="F13" type="f"/>
      <Atom charge="0.6467" name="C14" type="c"/>
      <Atom charge="-0.4219" name="O15" type="os"/>
      <Atom charge="-0.542" name="O16" type="o"/>
      <Atom charge="0.1367" name="C17" type="c3"/>
      <Atom charge="-0.4551" name="N18" type="ns"/>
      <Atom charge="0.6733" name="C19" type="c"/>
      <Atom charge="-0.1879" name="C20" type="ce"/>
      <Atom charge="-0.5681" name="O21" type="o"/>
      <Atom charge="0.2749" name="C22" type="c2"/>
      <Atom charge="0.2045" name="C23" type="cg"/>
      <Atom charge="-0.3718" name="N24" type="n1"/>
      <Atom charge="-0.4921" name="O25" type="oh"/>
      <Atom charge="-0.4502" name="C26" type="c3"/>
      <Atom charge="0.0199" name="C27" type="c3"/>
      <Atom charge="0.1365" name="H1" type="ha"/>
      <Atom charge="0.1425" name="H3" type="ha"/>
      <Atom charge="0.1365" name="H4" type="ha"/>
      <Atom charge="0.1425" name="H6" type="ha"/>
      <Atom charge="0.145" name="H9" type="ha"/>
      <Atom charge="0.178" name="H10" type="ha"/>
      <Atom charge="0.134" name="H11" type="ha"/>
      <Atom charge="0.0507" name="H17" type="h1"/>
      <Atom charge="0.0507" name="H17A" type="h1"/>
      <Atom charge="0.0507" name="H17B" type="h1"/>
      <Atom charge="0.3215" name="HN18" type="hn"/>
      <Atom charge="0.1732" name="H26" type="hc"/>
      <Atom charge="0.1732" name="H26A" type="hc"/>
      <Atom charge="0.0567" name="H27" type="hc"/>
      <Atom charge="0.0567" name="H27A" type="hc"/>
      <Atom charge="0.0567" name="H27B" type="hc"/>
      <Atom charge="0.455" name="H171" type="ho"/>
      <Bond atomName1="C1" atomName2="C3"/>
      <Bond atomName1="C1" atomName2="H1"/>
      <Bond atomName1="C2" atomName2="C1"/>
      <Bond atomName1="C3" atomName2="H3"/>
      <Bond atomName1="C4" atomName2="C2"/>
      <Bond atomName1="C4" atomName2="C6"/>
      <Bond atomName1="C4" atomName2="H4"/>
      <Bond atomName1="C5" atomName2="C3"/>
      <Bond atomName1="C5" atomName2="F13"/>
      <Bond atomName1="C6" atomName2="C5"/>
      <Bond atomName1="C6" atomName2="H6"/>
      <Bond atomName1="C7" atomName2="C2"/>
      <Bond atomName1="C7" atomName2="C8"/>
      <Bond atomName1="C8" atomName2="C14"/>
      <Bond atomName1="C9" atomName2="C7"/>
      <Bond atomName1="C9" atomName2="H9"/>
      <Bond atomName1="C10" atomName2="C8"/>
      <Bond atomName1="C10" atomName2="H10"/>
      <Bond atomName1="C11" atomName2="C9"/>
      <Bond atomName1="C11" atomName2="C12"/>
      <Bond atomName1="C11" atomName2="H11"/>
      <Bond atomName1="C12" atomName2="C10"/>
      <Bond atomName1="C14" atomName2="O16"/>
      <Bond atomName1="C14" atomName2="O15"/>
      <Bond atomName1="O15" atomName2="C17"/>
      <Bond atomName1="C17" atomName2="H17"/>
      <Bond atomName1="C17" atomName2="H17A"/>
      <Bond atomName1="C17" atomName2="H17B"/>
      <Bond atomName1="N18" atomName2="C12"/>
      <Bond atomName1="N18" atomName2="HN18"/>
      <Bond atomName1="C19" atomName2="N18"/>
      <Bond atomName1="C19" atomName2="C20"/>
      <Bond atomName1="C20" atomName2="C22"/>
      <Bond atomName1="O21" atomName2="C19"/>
      <Bond atomName1="C22" atomName2="C26"/>
      <Bond atomName1="C22" atomName2="O25"/>
      <Bond atomName1="C23" atomName2="C20"/>
      <Bond atomName1="N24" atomName2="C23"/>
      <Bond atomName1="C26" atomName2="C27"/>
      <Bond atomName1="C26" atomName2="H26"/>
      <Bond atomName1="C26" atomName2="H26A"/>
      <Bond atomName1="C27" atomName2="H27"/>
      <Bond atomName1="C27" atomName2="H27A"/>
      <Bond atomName1="C27" atomName2="H27B"/>
      <Bond atomName1="O25" atomName2="H171"/>
    </Residue>
  </Residues>
  <HarmonicBondForce>
    <Bond k="263759.3599999999" length="0.1412" type1="ca" type2="ns"/>
    <Bond k="298068.1599999999" length="0.1379" type1="c" type2="ns"/>
    <Bond k="441244.6399999999" length="0.1013" type1="hn" type2="ns"/>
  </HarmonicBondForce>
  <HarmonicAngleForce>
    <Angle angle="2.1001546889247766" k="555.6352" type1="c" type2="ca" type3="cp"/>
    <Angle angle="2.0977112279719847" k="716.3008" type1="ca" type2="ca" type3="ns"/>
    <Angle angle="2.159146817642185" k="549.7776" type1="c" type2="ns" type3="ca"/>
    <Angle angle="2.0245819323134224" k="401.664" type1="ca" type2="ns" type3="hn"/>
    <Angle angle="2.0109683641478666" k="717.1376" type1="ce" type2="c" type3="ns"/>
    <Angle angle="2.1476276445790226" k="952.2784" type1="ns" type2="c" type3="o"/>
    <Angle angle="2.051634535719334" k="407.52160000000003" type1="c" type2="ns" type3="hn"/>
  </HarmonicAngleForce>
  <PeriodicTorsionForce>
    <Proper k1="3.9748" periodicity1="2" phase1="3.141592653589793" type1="ca" type2="ca" type3="ns" type4="c"/>
    <Proper k1="1.8828" periodicity1="2" phase1="3.141592653589793" type1="ca" type2="ca" type3="ns" type4="hn"/>
    <Proper k1="10.46" periodicity1="2" phase1="3.141592653589793" type1="ce" type2="c" type3="ns" type4="ca"/>
    <Proper k1="10.46" periodicity1="2" phase1="3.141592653589793" type1="o" type2="c" type3="ns" type4="ca"/>
    <Proper k1="0.0" periodicity1="2" phase1="3.141592653589793" type1="c" type2="ce" type3="cg" type4="n1"/>
    <Proper k1="10.46" periodicity1="2" phase1="3.141592653589793" type1="ce" type2="c" type3="ns" type4="hn"/>
    <Proper k1="10.46" k2="8.368" periodicity1="2" periodicity2="1" phase1="3.141592653589793" phase2="0.0" type1="o" type2="c" type3="ns" type4="hn"/>
    <Proper k1="0.0" periodicity1="2" phase1="3.141592653589793" type1="c2" type2="ce" type3="cg" type4="n1"/>
    <Improper k1="4.6024" periodicity1="2" phase1="3.141592653589793" type1="ca" type2="ca" type3="cp" type4="ha"/>
    <Improper k1="4.6024" periodicity1="2" phase1="3.141592653589793" type1="cp" type2="ca" type3="ca" type4="cp"/>
    <Improper k1="4.6024" periodicity1="2" phase1="3.141592653589793" type1="ca" type2="ca" type3="ca" type4="ha"/>
    <Improper k1="4.6024" periodicity1="2" phase1="3.141592653589793" type1="ca" type2="c" type3="ca" type4="cp"/>
    <Improper k1="4.6024" periodicity1="2" phase1="3.141592653589793" type1="ca" type2="ca" type3="ca" type4="ns"/>
    <Improper k1="4.6024" periodicity1="2" phase1="3.141592653589793" type1="c" type2="ca" type3="o" type4="os"/>
    <Improper k1="4.6024" periodicity1="2" phase1="3.141592653589793" type1="ns" type2="c" type3="ca" type4="hn"/>
    <Improper k1="43.932" periodicity1="2" phase1="3.141592653589793" type1="c" type2="ce" type3="ns" type4="o"/>
    <Improper k1="4.6024" periodicity1="2" phase1="3.141592653589793" type1="ce" type2="c" type3="c2" type4="cg"/>
    <Improper k1="4.6024" periodicity1="2" phase1="3.141592653589793" type1="c2" type2="c3" type3="ce" type4="oh"/>
  </PeriodicTorsionForce>
</ForceField>
