<ForceField>
  <Info>
    <DateGenerated>2019-07-05</DateGenerated>
  </Info>
  <Residues>
    <Residue name="MC_03V">
      <Atom charge="-0.148" name="C1" type="ca"/>
      <Atom charge="-0.5241" name="O1" type="oh"/>
      <Atom charge="0.1071" name="C2" type="ca"/>
      <Atom charge="-0.146" name="C3" type="ca"/>
      <Atom charge="-0.024" name="C4" type="ca"/>
      <Atom charge="-0.044" name="C5" type="ca"/>
      <Atom charge="-0.103" name="C7" type="ca"/>
      <Atom charge="-0.113" name="C8" type="ca"/>
      <Atom charge="-0.127" name="C9" type="ca"/>
      <Atom charge="-0.122" name="C10" type="ca"/>
      <Atom charge="-0.117" name="C11" type="ca"/>
      <Atom charge="0.139" name="H1" type="ha"/>
      <Atom charge="0.419" name="HO1" type="ho"/>
      <Atom charge="0.143" name="H3" type="ha"/>
      <Atom charge="0.136" name="H7" type="ha"/>
      <Atom charge="0.133" name="H8" type="ha"/>
      <Atom charge="0.129" name="H9" type="ha"/>
      <Atom charge="0.129" name="H10" type="ha"/>
      <Atom charge="0.134" name="H11" type="ha"/>
      <Bond atomName1="C2" atomName2="C1"/>
      <Bond atomName1="C1" atomName2="C7"/>
      <Bond atomName1="C1" atomName2="H1"/>
      <Bond atomName1="O1" atomName2="C2"/>
      <Bond atomName1="O1" atomName2="HO1"/>
      <Bond atomName1="C3" atomName2="C2"/>
      <Bond atomName1="C3" atomName2="C4"/>
      <Bond atomName1="C3" atomName2="H3"/>
      <Bond atomName1="C11" atomName2="C4"/>
      <Bond atomName1="C4" atomName2="C5"/>
      <Bond atomName1="C5" atomName2="C8"/>
      <Bond atomName1="C5" atomName2="C7"/>
      <Bond atomName1="C7" atomName2="H7"/>
      <Bond atomName1="C9" atomName2="C8"/>
      <Bond atomName1="C8" atomName2="H8"/>
      <Bond atomName1="C10" atomName2="C9"/>
      <Bond atomName1="C9" atomName2="H9"/>
      <Bond atomName1="C11" atomName2="C10"/>
      <Bond atomName1="C10" atomName2="H10"/>
      <Bond atomName1="C11" atomName2="H11"/>
    </Residue>
  </Residues>
  <PeriodicTorsionForce>
    <Improper k1="4.6024" periodicity1="2" phase1="3.141592653589793" type1="ca" type2="ca" type3="ca" type4="ha"/>
    <Improper k1="4.6024" periodicity1="2" phase1="3.141592653589793" type1="ca" type2="ca" type3="ca" type4="oh"/>
    <Improper k1="4.6024" periodicity1="2" phase1="3.141592653589793" type1="ca" type2="ca" type3="ca" type4="ca"/>
  </PeriodicTorsionForce>
</ForceField>
