<ForceField>
  <Info>
    <DateGenerated>2019-07-05</DateGenerated>
  </Info>
  <Residues>
    <Residue name="MC_03X">
      <Atom charge="-0.712" name="N1" type="nb"/>
      <Atom charge="-0.4414" name="N3" type="na"/>
      <Atom charge="-0.174" name="C4" type="ca"/>
      <Atom charge="-0.1613" name="C5" type="ca"/>
      <Atom charge="0.4566" name="C6" type="ca"/>
      <Atom charge="0.4632" name="C7" type="ca"/>
      <Atom charge="-0.3533" name="C8" type="ca"/>
      <Atom charge="0.0331" name="C10" type="ca"/>
      <Atom charge="0.1459" name="C13" type="ca"/>
      <Atom charge="0.1016" name="C15" type="ca"/>
      <Atom charge="-0.089" name="C17" type="ca"/>
      <Atom charge="0.1888" name="C20" type="cc"/>
      <Atom charge="0.6987" name="C21" type="c"/>
      <Atom charge="-0.0359" name="C22" type="c3"/>
      <Atom charge="0.0586" name="C24" type="ca"/>
      <Atom charge="-0.1155" name="C26" type="ca"/>
      <Atom charge="-0.1155" name="C28" type="ca"/>
      <Atom charge="0.1237" name="C11" type="c3"/>
      <Atom charge="0.1521" name="C2" type="ca"/>
      <Atom charge="-0.2633" name="C3" type="ca"/>
      <Atom charge="0.1201" name="C1" type="ca"/>
      <Atom charge="-0.3149" name="O2" type="os"/>
      <Atom charge="0.1257" name="C12" type="c3"/>
      <Atom charge="0.1811" name="C9" type="ca"/>
      <Atom charge="-0.2302" name="O1" type="os"/>
      <Atom charge="-0.171" name="C14" type="ca"/>
      <Atom charge="-0.1219" name="F1" type="f"/>
      <Atom charge="-0.17" name="C16" type="ca"/>
      <Atom charge="-0.4531" name="N2" type="ns"/>
      <Atom charge="0.7043" name="C18" type="c"/>
      <Atom charge="-0.5951" name="O4" type="o"/>
      <Atom charge="-0.3624" name="C19" type="cd"/>
      <Atom charge="0.2341" name="C23" type="c3"/>
      <Atom charge="-0.2104" name="N4" type="n"/>
      <Atom charge="-0.1295" name="C25" type="ca"/>
      <Atom charge="-0.129" name="C27" type="ca"/>
      <Atom charge="-0.1295" name="C29" type="ca"/>
      <Atom charge="0.158" name="H4" type="ha"/>
      <Atom charge="0.0221" name="H7" type="h4"/>
      <Atom charge="0.146" name="H8" type="ha"/>
      <Atom charge="0.154" name="H17" type="ha"/>
      <Atom charge="0.065033" name="H22" type="hc"/>
      <Atom charge="0.065033" name="H22A" type="hc"/>
      <Atom charge="0.065033" name="H22B" type="hc"/>
      <Atom charge="0.1375" name="H26" type="ha"/>
      <Atom charge="0.1375" name="H28" type="ha"/>
      <Atom charge="0.0447" name="H11" type="h1"/>
      <Atom charge="0.0447" name="H11A" type="h1"/>
      <Atom charge="0.0447" name="H11B" type="h1"/>
      <Atom charge="0.161" name="H3" type="ha"/>
      <Atom charge="0.0427" name="H12" type="h1"/>
      <Atom charge="0.0427" name="H12A" type="h1"/>
      <Atom charge="0.0427" name="H12B" type="h1"/>
      <Atom charge="0.181" name="H14" type="ha"/>
      <Atom charge="0.146" name="H16" type="ha"/>
      <Atom charge="0.3565" name="HN2" type="hn"/>
      <Atom charge="0.058033" name="H23" type="h1"/>
      <Atom charge="0.058033" name="H23A" type="h1"/>
      <Atom charge="0.058033" name="H23B" type="h1"/>
      <Atom charge="0.145" name="H25" type="ha"/>
      <Atom charge="0.135" name="H27" type="ha"/>
      <Atom charge="0.145" name="H29" type="ha"/>
      <Atom charge="-0.3099" name="O3" type="os"/>
      <Atom charge="-0.6555" name="O5" type="o"/>
      <Bond atomName1="C7" atomName2="N1"/>
      <Bond atomName1="C6" atomName2="N1"/>
      <Bond atomName1="C23" atomName2="N3"/>
      <Bond atomName1="N3" atomName2="C20"/>
      <Bond atomName1="N3" atomName2="N4"/>
      <Bond atomName1="C4" atomName2="C5"/>
      <Bond atomName1="C4" atomName2="C1"/>
      <Bond atomName1="C4" atomName2="H4"/>
      <Bond atomName1="C9" atomName2="C5"/>
      <Bond atomName1="C5" atomName2="C6"/>
      <Bond atomName1="C6" atomName2="C3"/>
      <Bond atomName1="C8" atomName2="C7"/>
      <Bond atomName1="C7" atomName2="H7"/>
      <Bond atomName1="C9" atomName2="C8"/>
      <Bond atomName1="C8" atomName2="H8"/>
      <Bond atomName1="C13" atomName2="C10"/>
      <Bond atomName1="C17" atomName2="C10"/>
      <Bond atomName1="C10" atomName2="O1"/>
      <Bond atomName1="C14" atomName2="C13"/>
      <Bond atomName1="C13" atomName2="F1"/>
      <Bond atomName1="N2" atomName2="C15"/>
      <Bond atomName1="C15" atomName2="C14"/>
      <Bond atomName1="C15" atomName2="C16"/>
      <Bond atomName1="C16" atomName2="C17"/>
      <Bond atomName1="C17" atomName2="H17"/>
      <Bond atomName1="C22" atomName2="C20"/>
      <Bond atomName1="C20" atomName2="C19"/>
      <Bond atomName1="N4" atomName2="C21"/>
      <Bond atomName1="C19" atomName2="C21"/>
      <Bond atomName1="C21" atomName2="O5"/>
      <Bond atomName1="C22" atomName2="H22"/>
      <Bond atomName1="C22" atomName2="H22A"/>
      <Bond atomName1="C22" atomName2="H22B"/>
      <Bond atomName1="C29" atomName2="C24"/>
      <Bond atomName1="N4" atomName2="C24"/>
      <Bond atomName1="C24" atomName2="C25"/>
      <Bond atomName1="C27" atomName2="C26"/>
      <Bond atomName1="C25" atomName2="C26"/>
      <Bond atomName1="C26" atomName2="H26"/>
      <Bond atomName1="C29" atomName2="C28"/>
      <Bond atomName1="C28" atomName2="C27"/>
      <Bond atomName1="C28" atomName2="H28"/>
      <Bond atomName1="O3" atomName2="C11"/>
      <Bond atomName1="C11" atomName2="H11"/>
      <Bond atomName1="C11" atomName2="H11A"/>
      <Bond atomName1="C11" atomName2="H11B"/>
      <Bond atomName1="C2" atomName2="O3"/>
      <Bond atomName1="C1" atomName2="C2"/>
      <Bond atomName1="C2" atomName2="C3"/>
      <Bond atomName1="C3" atomName2="H3"/>
      <Bond atomName1="O2" atomName2="C1"/>
      <Bond atomName1="C12" atomName2="O2"/>
      <Bond atomName1="C12" atomName2="H12"/>
      <Bond atomName1="C12" atomName2="H12A"/>
      <Bond atomName1="C12" atomName2="H12B"/>
      <Bond atomName1="O1" atomName2="C9"/>
      <Bond atomName1="C14" atomName2="H14"/>
      <Bond atomName1="C16" atomName2="H16"/>
      <Bond atomName1="C18" atomName2="N2"/>
      <Bond atomName1="N2" atomName2="HN2"/>
      <Bond atomName1="C19" atomName2="C18"/>
      <Bond atomName1="O4" atomName2="C18"/>
      <Bond atomName1="C23" atomName2="H23"/>
      <Bond atomName1="C23" atomName2="H23A"/>
      <Bond atomName1="C23" atomName2="H23B"/>
      <Bond atomName1="C25" atomName2="H25"/>
      <Bond atomName1="C27" atomName2="H27"/>
      <Bond atomName1="C29" atomName2="H29"/>
    </Residue>
  </Residues>
  <HarmonicBondForce>
    <Bond k="263759.3599999999" length="0.1412" type1="ca" type2="ns"/>
    <Bond k="298068.1599999999" length="0.1379" type1="c" type2="ns"/>
    <Bond k="441244.6399999999" length="0.1013" type1="hn" type2="ns"/>
  </HarmonicBondForce>
  <HarmonicAngleForce>
    <Angle angle="2.159146817642185" k="549.7776" type1="c" type2="ns" type3="ca"/>
    <Angle angle="2.0245819323134224" k="401.664" type1="ca" type2="ns" type3="hn"/>
    <Angle angle="2.0977112279719847" k="716.3008" type1="ca" type2="ca" type3="ns"/>
    <Angle angle="2.1476276445790226" k="952.2784" type1="ns" type2="c" type3="o"/>
    <Angle angle="1.9669860669976094" k="728.8528" type1="cd" type2="c" type3="ns"/>
    <Angle angle="2.051634535719334" k="407.52160000000003" type1="c" type2="ns" type3="hn"/>
  </HarmonicAngleForce>
  <PeriodicTorsionForce>
    <Proper k1="10.46" periodicity1="2" phase1="3.141592653589793" type1="o" type2="c" type3="ns" type4="ca"/>
    <Proper k1="10.46" periodicity1="2" phase1="3.141592653589793" type1="cd" type2="c" type3="ns" type4="ca"/>
    <Proper k1="3.9748" periodicity1="2" phase1="3.141592653589793" type1="ca" type2="ca" type3="ns" type4="c"/>
    <Proper k1="1.8828" periodicity1="2" phase1="3.141592653589793" type1="ca" type2="ca" type3="ns" type4="hn"/>
    <Proper k1="10.46" k2="8.368" periodicity1="2" periodicity2="1" phase1="3.141592653589793" phase2="0.0" type1="o" type2="c" type3="ns" type4="hn"/>
    <Proper k1="10.46" periodicity1="2" phase1="3.141592653589793" type1="cd" type2="c" type3="ns" type4="hn"/>
    <Improper k1="4.6024" periodicity1="2" phase1="3.141592653589793" type1="na" type2="c3" type3="cc" type4="n"/>
    <Improper k1="4.6024" periodicity1="2" phase1="3.141592653589793" type1="ca" type2="ca" type3="ca" type4="ha"/>
    <Improper k1="4.6024" periodicity1="2" phase1="3.141592653589793" type1="ca" type2="ca" type3="ca" type4="ca"/>
    <Improper k1="4.6024" periodicity1="2" phase1="3.141592653589793" type1="ca" type2="ca" type3="ca" type4="nb"/>
    <Improper k1="4.6024" periodicity1="2" phase1="3.141592653589793" type1="ca" type2="ca" type3="h4" type4="nb"/>
    <Improper k1="4.6024" periodicity1="2" phase1="3.141592653589793" type1="ca" type2="ca" type3="ca" type4="os"/>
    <Improper k1="4.6024" periodicity1="2" phase1="3.141592653589793" type1="ca" type2="ca" type3="ca" type4="ns"/>
    <Improper k1="4.6024" periodicity1="2" phase1="3.141592653589793" type1="cc" type2="c3" type3="cd" type4="na"/>
    <Improper k1="43.932" periodicity1="2" phase1="3.141592653589793" type1="c" type2="cd" type3="n" type4="o"/>
    <Improper k1="4.6024" periodicity1="2" phase1="3.141592653589793" type1="ca" type2="ca" type3="ca" type4="n"/>
    <Improper k1="4.6024" periodicity1="2" phase1="3.141592653589793" type1="ns" type2="c" type3="ca" type4="hn"/>
    <Improper k1="43.932" periodicity1="2" phase1="3.141592653589793" type1="c" type2="cd" type3="ns" type4="o"/>
    <Improper k1="4.6024" periodicity1="2" phase1="3.141592653589793" type1="cd" type2="c" type3="c" type4="cc"/>
    <Improper k1="4.6024" periodicity1="2" phase1="3.141592653589793" type1="n" type2="c" type3="ca" type4="na"/>
  </PeriodicTorsionForce>
</ForceField>
