<ForceField>
  <Info>
    <DateGenerated>2019-07-05</DateGenerated>
  </Info>
  <Residues>
    <Residue name="MC_03Z">
      <Atom charge="-0.098" name="C1" type="ca"/>
      <Atom charge="-0.8" name="N1" type="nc"/>
      <Atom charge="-0.5228" name="O1" type="o"/>
      <Atom charge="-0.1153" name="S1" type="ss"/>
      <Atom charge="-0.131" name="C2" type="ca"/>
      <Atom charge="-1.0105" name="N2" type="nv"/>
      <Atom charge="-0.5228" name="O2" type="o"/>
      <Atom charge="1.2222" name="S2" type="sy"/>
      <Atom charge="-0.09" name="C3" type="ca"/>
      <Atom charge="-0.7373" name="N3" type="nu"/>
      <Atom charge="-0.5251" name="O3" type="o"/>
      <Atom charge="-0.09" name="C4" type="ca"/>
      <Atom charge="-0.8055" name="N4" type="nz"/>
      <Atom charge="-0.131" name="C5" type="ca"/>
      <Atom charge="-0.1696" name="C10" type="ca"/>
      <Atom charge="0.6283" name="C11" type="c"/>
      <Atom charge="-0.299" name="C12" type="cd"/>
      <Atom charge="0.7442" name="C13" type="cc"/>
      <Atom charge="0.6753" name="C14" type="cd"/>
      <Atom charge="0.2646" name="C15" type="ca"/>
      <Atom charge="-0.1625" name="C16" type="ca"/>
      <Atom charge="-0.0075" name="C17" type="ca"/>
      <Atom charge="-0.3745" name="C18" type="ca"/>
      <Atom charge="-0.0075" name="C19" type="ca"/>
      <Atom charge="-0.1625" name="C20" type="ca"/>
      <Atom charge="0.139" name="H1" type="ha"/>
      <Atom charge="0.139" name="H2" type="ha"/>
      <Atom charge="0.4553" name="HN2" type="hn"/>
      <Atom charge="0.4553" name="HN2A" type="hn"/>
      <Atom charge="0.141" name="H3" type="ha"/>
      <Atom charge="0.4788" name="HN3" type="hn"/>
      <Atom charge="0.141" name="H4" type="ha"/>
      <Atom charge="0.4898" name="HN4" type="hn"/>
      <Atom charge="0.4898" name="HN4A" type="hn"/>
      <Atom charge="0.139" name="H5" type="ha"/>
      <Atom charge="0.179" name="H16" type="ha"/>
      <Atom charge="0.156" name="H17" type="ha"/>
      <Atom charge="0.156" name="H19" type="ha"/>
      <Atom charge="0.179" name="H20" type="ha"/>
      <Atom charge="0.4898" name="H43" type="hn"/>
      <Bond atomName1="C2" atomName2="C1"/>
      <Bond atomName1="C5" atomName2="C1"/>
      <Bond atomName1="C1" atomName2="H1"/>
      <Bond atomName1="C13" atomName2="N1"/>
      <Bond atomName1="N1" atomName2="C14"/>
      <Bond atomName1="O1" atomName2="S2"/>
      <Bond atomName1="C12" atomName2="S1"/>
      <Bond atomName1="C14" atomName2="S1"/>
      <Bond atomName1="C3" atomName2="C2"/>
      <Bond atomName1="C2" atomName2="H2"/>
      <Bond atomName1="N2" atomName2="C13"/>
      <Bond atomName1="N2" atomName2="HN2"/>
      <Bond atomName1="N2" atomName2="HN2A"/>
      <Bond atomName1="S2" atomName2="O2"/>
      <Bond atomName1="C18" atomName2="S2"/>
      <Bond atomName1="S2" atomName2="N4"/>
      <Bond atomName1="C10" atomName2="C3"/>
      <Bond atomName1="C3" atomName2="H3"/>
      <Bond atomName1="C14" atomName2="N3"/>
      <Bond atomName1="N3" atomName2="C15"/>
      <Bond atomName1="N3" atomName2="HN3"/>
      <Bond atomName1="O3" atomName2="C11"/>
      <Bond atomName1="C10" atomName2="C4"/>
      <Bond atomName1="C4" atomName2="C5"/>
      <Bond atomName1="C4" atomName2="H4"/>
      <Bond atomName1="N4" atomName2="HN4"/>
      <Bond atomName1="N4" atomName2="HN4A"/>
      <Bond atomName1="C5" atomName2="H5"/>
      <Bond atomName1="C11" atomName2="C10"/>
      <Bond atomName1="C11" atomName2="C12"/>
      <Bond atomName1="C13" atomName2="C12"/>
      <Bond atomName1="C15" atomName2="C20"/>
      <Bond atomName1="C15" atomName2="C16"/>
      <Bond atomName1="C16" atomName2="C17"/>
      <Bond atomName1="C16" atomName2="H16"/>
      <Bond atomName1="C17" atomName2="C18"/>
      <Bond atomName1="C17" atomName2="H17"/>
      <Bond atomName1="C19" atomName2="C18"/>
      <Bond atomName1="C20" atomName2="C19"/>
      <Bond atomName1="C19" atomName2="H19"/>
      <Bond atomName1="C20" atomName2="H20"/>
      <Bond atomName1="H43" atomName2="N4"/>
    </Residue>
  </Residues>
  <HarmonicBondForce>
    <Bond k="304176.79999999993" length="0.1373" type1="cc" type2="nv"/>
    <Bond k="443085.5999999999" length="0.10120000000000001" type1="hn" type2="nv"/>
    <Bond k="116900.95999999996" length="0.19720000000000001" type1="nz" type2="sy"/>
    <Bond k="304176.79999999993" length="0.1373" type1="cd" type2="nu"/>
    <Bond k="290453.27999999997" length="0.1386" type1="ca" type2="nu"/>
    <Bond k="443085.5999999999" length="0.10120000000000001" type1="hn" type2="nu"/>
    <Bond k="404090.7199999999" length="0.10300000000000001" type1="hn" type2="nz"/>
  </HarmonicBondForce>
  <HarmonicAngleForce>
    <Angle angle="2.0460494821129527" k="931.3584" type1="nc" type2="cc" type3="nv"/>
    <Angle angle="2.1057397425311586" k="934.7056" type1="nc" type2="cd" type3="nu"/>
    <Angle angle="1.796292866152564" k="963.1568" type1="nz" type2="sy" type3="o"/>
    <Angle angle="2.125985561854293" k="670.2768" type1="nu" type2="cd" type3="ss"/>
    <Angle angle="2.161415745669778" k="722.1584" type1="cd" type2="cc" type3="nv"/>
    <Angle angle="1.9013616871226227" k="325.5152" type1="hn" type2="nz" type3="sy"/>
    <Angle angle="2.1109757302871417" k="721.3216000000001" type1="ca" type2="ca" type3="nu"/>
    <Angle angle="1.7883516180559897" k="729.8653280000001" type1="ca" type2="sy" type3="nz"/>
    <Angle angle="2.0181242140810434" k="412.5424" type1="cc" type2="nv" type3="hn"/>
    <Angle angle="2.26543736908864" k="543.0832" type1="ca" type2="nu" type3="cd"/>
    <Angle angle="2.0181242140810434" k="412.5424" type1="cd" type2="nu" type3="hn"/>
    <Angle angle="2.0258036627898184" k="408.3584" type1="ca" type2="nu" type3="hn"/>
    <Angle angle="2.0092230348958724" k="330.536" type1="hn" type2="nv" type3="hn"/>
    <Angle angle="1.8901915799098588" k="334.72" type1="hn" type2="nz" type3="hn"/>
  </HarmonicAngleForce>
  <PeriodicTorsionForce>
    <Proper k1="4.3932" periodicity1="2" phase1="3.141592653589793" type1="nc" type2="cc" type3="nv" type4="hn"/>
    <Proper k1="4.6024" periodicity1="2" phase1="3.141592653589793" type1="nc" type2="cd" type3="ss" type4="cd"/>
    <Proper k1="4.3932" periodicity1="2" phase1="3.141592653589793" type1="nc" type2="cd" type3="nu" type4="ca"/>
    <Proper k1="4.3932" periodicity1="2" phase1="3.141592653589793" type1="nc" type2="cd" type3="nu" type4="hn"/>
    <Proper k1="0.5578666666666667" periodicity1="3" phase1="0.0" type1="hn" type2="nz" type3="sy" type4="o"/>
    <Proper k1="4.3932" periodicity1="2" phase1="3.141592653589793" type1="ss" type2="cd" type3="nu" type4="ca"/>
    <Proper k1="4.3932" periodicity1="2" phase1="3.141592653589793" type1="ss" type2="cd" type3="nu" type4="hn"/>
    <Proper k1="4.6024" periodicity1="2" phase1="3.141592653589793" type1="nu" type2="cd" type3="ss" type4="cd"/>
    <Proper k1="4.6024" periodicity1="2" phase1="3.141592653589793" type1="c" type2="cd" type3="ss" type4="cd"/>
    <Proper k1="4.3932" periodicity1="2" phase1="3.141592653589793" type1="cd" type2="cc" type3="nv" type4="hn"/>
    <Proper k1="4.6024" periodicity1="2" phase1="3.141592653589793" type1="cc" type2="cd" type3="ss" type4="cd"/>
    <Proper k1="4.3932" periodicity1="2" phase1="3.141592653589793" type1="ca" type2="ca" type3="nu" type4="cd"/>
    <Proper k1="4.3932" periodicity1="2" phase1="3.141592653589793" type1="ca" type2="ca" type3="nu" type4="hn"/>
    <Proper k1="0.5578666666666667" periodicity1="3" phase1="0.0" type1="hn" type2="nz" type3="sy" type4="ca"/>
    <Improper k1="4.6024" periodicity1="2" phase1="3.141592653589793" type1="ca" type2="ca" type3="ca" type4="ha"/>
    <Improper k1="4.6024" periodicity1="2" phase1="3.141592653589793" type1="nv" type2="cc" type3="hn" type4="hn"/>
    <Improper k1="4.6024" periodicity1="2" phase1="3.141592653589793" type1="nu" type2="ca" type3="cd" type4="hn"/>
    <Improper k1="4.6024" periodicity1="2" phase1="3.141592653589793" type1="ca" type2="c" type3="ca" type4="ca"/>
    <Improper k1="43.932" periodicity1="2" phase1="3.141592653589793" type1="c" type2="ca" type3="cd" type4="o"/>
    <Improper k1="4.6024" periodicity1="2" phase1="3.141592653589793" type1="cd" type2="c" type3="cc" type4="ss"/>
    <Improper k1="4.6024" periodicity1="2" phase1="3.141592653589793" type1="cc" type2="cd" type3="nc" type4="nv"/>
    <Improper k1="4.6024" periodicity1="2" phase1="3.141592653589793" type1="cd" type2="nc" type3="nu" type4="ss"/>
    <Improper k1="4.6024" periodicity1="2" phase1="3.141592653589793" type1="ca" type2="ca" type3="ca" type4="nu"/>
    <Improper k1="4.6024" periodicity1="2" phase1="3.141592653589793" type1="ca" type2="ca" type3="ca" type4="sy"/>
  </PeriodicTorsionForce>
</ForceField>
