<ForceField>
  <Info>
    <DateGenerated>2019-07-05</DateGenerated>
  </Info>
  <Residues>
    <Residue name="MC_040">
      <Atom charge="-0.0438" name="C01" type="c3"/>
      <Atom charge="-0.0293" name="C02" type="ca"/>
      <Atom charge="-0.1676" name="C03" type="ca"/>
      <Atom charge="0.5567" name="C04" type="c"/>
      <Atom charge="-0.4921" name="O05" type="o"/>
      <Atom charge="-0.2824" name="C06" type="c3"/>
      <Atom charge="0.4631" name="C07" type="c"/>
      <Atom charge="0.8086" name="C08" type="c"/>
      <Atom charge="-0.8143" name="O09" type="o"/>
      <Atom charge="-0.8143" name="O10" type="o"/>
      <Atom charge="-0.5011" name="O11" type="o"/>
      <Atom charge="-0.086" name="C12" type="ca"/>
      <Atom charge="-0.157" name="C13" type="ca"/>
      <Atom charge="-0.115" name="C14" type="ca"/>
      <Atom charge="-0.153" name="C15" type="ca"/>
      <Atom charge="0.051033" name="H01" type="hc"/>
      <Atom charge="0.051033" name="H01A" type="hc"/>
      <Atom charge="0.051033" name="H01B" type="hc"/>
      <Atom charge="0.0832" name="H06" type="hc"/>
      <Atom charge="0.0832" name="H06A" type="hc"/>
      <Atom charge="0.145" name="H12" type="ha"/>
      <Atom charge="0.123" name="H13" type="ha"/>
      <Atom charge="0.117" name="H14" type="ha"/>
      <Atom charge="0.123" name="H15" type="ha"/>
      <Bond atomName1="C01" atomName2="C02"/>
      <Bond atomName1="C01" atomName2="H01"/>
      <Bond atomName1="C01" atomName2="H01A"/>
      <Bond atomName1="C01" atomName2="H01B"/>
      <Bond atomName1="C02" atomName2="C15"/>
      <Bond atomName1="C02" atomName2="C03"/>
      <Bond atomName1="C04" atomName2="C03"/>
      <Bond atomName1="C03" atomName2="C12"/>
      <Bond atomName1="O05" atomName2="C04"/>
      <Bond atomName1="C04" atomName2="C06"/>
      <Bond atomName1="C07" atomName2="C06"/>
      <Bond atomName1="C06" atomName2="H06"/>
      <Bond atomName1="C06" atomName2="H06A"/>
      <Bond atomName1="O11" atomName2="C07"/>
      <Bond atomName1="C07" atomName2="C08"/>
      <Bond atomName1="O09" atomName2="C08"/>
      <Bond atomName1="C08" atomName2="O10"/>
      <Bond atomName1="C12" atomName2="C13"/>
      <Bond atomName1="C12" atomName2="H12"/>
      <Bond atomName1="C14" atomName2="C13"/>
      <Bond atomName1="C13" atomName2="H13"/>
      <Bond atomName1="C15" atomName2="C14"/>
      <Bond atomName1="C14" atomName2="H14"/>
      <Bond atomName1="C15" atomName2="H15"/>
    </Residue>
  </Residues>
  <PeriodicTorsionForce>
    <Improper k1="4.6024" periodicity1="2" phase1="3.141592653589793" type1="ca" type2="c" type3="ca" type4="ca"/>
    <Improper k1="43.932" periodicity1="2" phase1="3.141592653589793" type1="c" type2="c3" type3="ca" type4="o"/>
    <Improper k1="43.932" periodicity1="2" phase1="3.141592653589793" type1="c" type2="c" type3="c3" type4="o"/>
    <Improper k1="4.6024" periodicity1="2" phase1="3.141592653589793" type1="c" type2="c" type3="o" type4="o"/>
    <Improper k1="4.6024" periodicity1="2" phase1="3.141592653589793" type1="ca" type2="ca" type3="ca" type4="ha"/>
  </PeriodicTorsionForce>
</ForceField>
