<ForceField>
  <Info>
    <DateGenerated>2019-07-05</DateGenerated>
  </Info>
  <Residues>
    <Residue name="MC_042">
      <Atom charge="0.1564" name="C10" type="c3"/>
      <Atom charge="-0.0971" name="C11" type="c3"/>
      <Atom charge="-0.0059" name="C3" type="cx"/>
      <Atom charge="0.0031" name="C2" type="cx"/>
      <Atom charge="-0.3256" name="O1" type="op"/>
      <Atom charge="-0.6091" name="O4" type="o"/>
      <Atom charge="-0.5369" name="N1" type="ns"/>
      <Atom charge="0.0477" name="C5" type="c3"/>
      <Atom charge="0.6661" name="C6" type="c"/>
      <Atom charge="-0.6191" name="O5" type="o"/>
      <Atom charge="0.1371" name="C12" type="c3"/>
      <Atom charge="-0.5738" name="O8" type="oh"/>
      <Atom charge="-0.1371" name="C13" type="c3"/>
      <Atom charge="-0.5349" name="N2" type="ns"/>
      <Atom charge="0.0077" name="C7" type="c3"/>
      <Atom charge="0.8876" name="C8" type="c"/>
      <Atom charge="-0.8363" name="O7" type="o"/>
      <Atom charge="-0.0597" name="C14" type="c3"/>
      <Atom charge="-0.0834" name="C16" type="c3"/>
      <Atom charge="-0.0941" name="C15" type="c3"/>
      <Atom charge="-0.0951" name="C17" type="c3"/>
      <Atom charge="-0.8363" name="O6" type="o"/>
      <Atom charge="0.6521" name="C9" type="c"/>
      <Atom charge="-0.53" name="O2" type="o"/>
      <Atom charge="-0.4299" name="O3" type="os"/>
      <Atom charge="0.0442" name="H101" type="h1"/>
      <Atom charge="0.0442" name="H102" type="h1"/>
      <Atom charge="0.051033" name="H111" type="hc"/>
      <Atom charge="0.051033" name="H112" type="hc"/>
      <Atom charge="0.051033" name="H113" type="hc"/>
      <Atom charge="0.1147" name="H3" type="h1"/>
      <Atom charge="0.1357" name="H2" type="h1"/>
      <Atom charge="0.3515" name="HN1" type="hn"/>
      <Atom charge="0.0837" name="H5" type="h1"/>
      <Atom charge="0.0397" name="H12" type="h1"/>
      <Atom charge="0.4" name="HO8" type="ho"/>
      <Atom charge="0.0437" name="H131" type="hc"/>
      <Atom charge="0.0437" name="H132" type="hc"/>
      <Atom charge="0.0437" name="H133" type="hc"/>
      <Atom charge="0.2975" name="HN2" type="hn"/>
      <Atom charge="0.0727" name="H7" type="h1"/>
      <Atom charge="0.0127" name="H14" type="hc"/>
      <Atom charge="0.0767" name="H161" type="hc"/>
      <Atom charge="0.0767" name="H162" type="hc"/>
      <Atom charge="0.032367" name="H151" type="hc"/>
      <Atom charge="0.032367" name="H152" type="hc"/>
      <Atom charge="0.032367" name="H153" type="hc"/>
      <Atom charge="0.0167" name="H171" type="hc"/>
      <Atom charge="0.0167" name="H172" type="hc"/>
      <Atom charge="0.0167" name="H173" type="hc"/>
      <Atom charge="0.6671" name="C4" type="c"/>
      <Bond atomName1="C10" atomName2="C11"/>
      <Bond atomName1="C10" atomName2="O3"/>
      <Bond atomName1="C10" atomName2="H101"/>
      <Bond atomName1="C10" atomName2="H102"/>
      <Bond atomName1="C11" atomName2="H111"/>
      <Bond atomName1="C11" atomName2="H112"/>
      <Bond atomName1="C11" atomName2="H113"/>
      <Bond atomName1="C3" atomName2="C2"/>
      <Bond atomName1="C3" atomName2="O1"/>
      <Bond atomName1="C3" atomName2="C4"/>
      <Bond atomName1="C3" atomName2="H3"/>
      <Bond atomName1="C2" atomName2="O1"/>
      <Bond atomName1="C2" atomName2="C9"/>
      <Bond atomName1="C2" atomName2="H2"/>
      <Bond atomName1="C4" atomName2="O4"/>
      <Bond atomName1="C4" atomName2="N1"/>
      <Bond atomName1="N1" atomName2="C5"/>
      <Bond atomName1="N1" atomName2="HN1"/>
      <Bond atomName1="C5" atomName2="C6"/>
      <Bond atomName1="C5" atomName2="C12"/>
      <Bond atomName1="C5" atomName2="H5"/>
      <Bond atomName1="C6" atomName2="O5"/>
      <Bond atomName1="C6" atomName2="N2"/>
      <Bond atomName1="C12" atomName2="O8"/>
      <Bond atomName1="C12" atomName2="C13"/>
      <Bond atomName1="C12" atomName2="H12"/>
      <Bond atomName1="O8" atomName2="HO8"/>
      <Bond atomName1="C13" atomName2="H131"/>
      <Bond atomName1="C13" atomName2="H132"/>
      <Bond atomName1="C13" atomName2="H133"/>
      <Bond atomName1="N2" atomName2="C7"/>
      <Bond atomName1="N2" atomName2="HN2"/>
      <Bond atomName1="C7" atomName2="C8"/>
      <Bond atomName1="C7" atomName2="C14"/>
      <Bond atomName1="C7" atomName2="H7"/>
      <Bond atomName1="C8" atomName2="O7"/>
      <Bond atomName1="C8" atomName2="O6"/>
      <Bond atomName1="C14" atomName2="C16"/>
      <Bond atomName1="C14" atomName2="C15"/>
      <Bond atomName1="C14" atomName2="H14"/>
      <Bond atomName1="C16" atomName2="C17"/>
      <Bond atomName1="C16" atomName2="H161"/>
      <Bond atomName1="C16" atomName2="H162"/>
      <Bond atomName1="C15" atomName2="H151"/>
      <Bond atomName1="C15" atomName2="H152"/>
      <Bond atomName1="C15" atomName2="H153"/>
      <Bond atomName1="C17" atomName2="H171"/>
      <Bond atomName1="C17" atomName2="H172"/>
      <Bond atomName1="C17" atomName2="H173"/>
      <Bond atomName1="C9" atomName2="O2"/>
      <Bond atomName1="C9" atomName2="O3"/>
    </Residue>
  </Residues>
  <HarmonicBondForce>
    <Bond k="220747.83999999997" length="0.1462" type1="c3" type2="ns"/>
    <Bond k="441244.6399999999" length="0.1013" type1="hn" type2="ns"/>
    <Bond k="298068.1599999999" length="0.1379" type1="c" type2="ns"/>
  </HarmonicBondForce>
  <HarmonicAngleForce>
    <Angle angle="1.9996237240099033" k="712.9536" type1="cx" type2="c" type3="ns"/>
    <Angle angle="2.1476276445790226" k="952.2784" type1="ns" type2="c" type3="o"/>
    <Angle angle="1.903456082225016" k="707.096" type1="c" type2="c3" type3="ns"/>
    <Angle angle="1.9479619781508712" k="696.2176000000001" type1="c3" type2="c3" type3="ns"/>
    <Angle angle="1.900314489571426" k="514.6320000000001" type1="h1" type2="c3" type3="ns"/>
    <Angle angle="2.053903463746927" k="385.76480000000004" type1="c3" type2="ns" type3="hn"/>
    <Angle angle="2.1064378742319563" k="546.4304" type1="c" type2="ns" type3="c3"/>
    <Angle angle="2.010270232447069" k="705.4224" type1="c3" type2="c" type3="ns"/>
    <Angle angle="2.051634535719334" k="407.52160000000003" type1="c" type2="ns" type3="hn"/>
  </HarmonicAngleForce>
  <PeriodicTorsionForce>
    <Proper k1="1.00416" k2="0.66944" periodicity1="3" periodicity2="2" phase1="0.0" phase2="0.0" type1="cx" type2="cx" type3="op" type4="cx"/>
    <Proper k1="1.6038666666666666" periodicity1="3" phase1="0.0" type1="c" type2="cx" type3="op" type4="cx"/>
    <Proper k1="1.4100080000000002" periodicity1="3" phase1="0.0" type1="h1" type2="cx" type3="op" type4="cx"/>
    <Proper k1="10.46" periodicity1="2" phase1="3.141592653589793" type1="cx" type2="c" type3="ns" type4="c3"/>
    <Proper k1="10.46" periodicity1="2" phase1="3.141592653589793" type1="cx" type2="c" type3="ns" type4="hn"/>
    <Proper k1="10.46" periodicity1="2" phase1="3.141592653589793" type1="o" type2="c" type3="ns" type4="c3"/>
    <Proper k1="10.46" k2="8.368" periodicity1="2" periodicity2="1" phase1="3.141592653589793" phase2="0.0" type1="o" type2="c" type3="ns" type4="hn"/>
    <Proper k1="0.41840000000000005" k2="8.870080000000002" periodicity1="1" periodicity2="2" phase1="3.141592653589793" phase2="3.141592653589793" type1="ns" type2="c" type3="c3" type4="ns"/>
    <Proper k1="0.42258400000000007" periodicity1="3" phase1="0.0" type1="ns" type2="c3" type3="c3" type4="oh"/>
    <Proper k1="0.41840000000000005" periodicity1="3" phase1="0.0" type1="c3" type2="c3" type3="c3" type4="ns"/>
    <Proper k1="1.0878400000000001" k2="2.092" periodicity1="2" periodicity2="1" phase1="3.141592653589793" phase2="0.0" type1="c3" type2="c" type3="ns" type4="c3"/>
    <Proper k1="10.46" periodicity1="2" phase1="3.141592653589793" type1="c3" type2="c" type3="ns" type4="hn"/>
    <Proper k1="0.0" periodicity1="2" phase1="0.0" type1="c" type2="c3" type3="ns" type4="hn"/>
    <Proper k1="1.63176" k2="2.67776" periodicity1="2" periodicity2="1" phase1="3.141592653589793" phase2="0.0" type1="c" type2="c3" type3="ns" type4="c"/>
    <Proper k1="0.41840000000000005" k2="0.7112800000000001" k3="4.26768" periodicity1="4" periodicity2="3" periodicity3="1" phase1="3.141592653589793" phase2="0.0" phase3="3.141592653589793" type1="c3" type2="c3" type3="ns" type4="c"/>
    <Proper k1="0.0" periodicity1="2" phase1="3.141592653589793" type1="h1" type2="c3" type3="ns" type4="c"/>
    <Proper k1="0.0" periodicity1="2" phase1="0.0" type1="c3" type2="c3" type3="ns" type4="hn"/>
    <Proper k1="0.0" k2="2.97064" periodicity1="4" periodicity2="2" phase1="3.141592653589793" phase2="3.141592653589793" type1="ns" type2="c" type3="c3" type4="c3"/>
    <Proper k1="0.0" periodicity1="2" phase1="0.0" type1="h1" type2="c3" type3="ns" type4="hn"/>
    <Improper k1="4.6024" periodicity1="2" phase1="3.141592653589793" type1="ns" type2="c" type3="c3" type4="hn"/>
    <Improper k1="43.932" periodicity1="2" phase1="3.141592653589793" type1="c" type2="c3" type3="ns" type4="o"/>
    <Improper k1="4.6024" periodicity1="2" phase1="3.141592653589793" type1="c" type2="c3" type3="o" type4="o"/>
    <Improper k1="4.6024" periodicity1="2" phase1="3.141592653589793" type1="c" type2="cx" type3="o" type4="os"/>
    <Improper k1="43.932" periodicity1="2" phase1="3.141592653589793" type1="c" type2="cx" type3="ns" type4="o"/>
  </PeriodicTorsionForce>
</ForceField>
