<ForceField>
  <Info>
    <DateGenerated>2019-07-05</DateGenerated>
  </Info>
  <Residues>
    <Residue name="MC_043">
      <Atom charge="-0.8123" name="O01" type="o"/>
      <Atom charge="0.8086" name="C02" type="c"/>
      <Atom charge="-0.8123" name="O03" type="o"/>
      <Atom charge="0.4641" name="C04" type="c"/>
      <Atom charge="-0.5011" name="O05" type="o"/>
      <Atom charge="-0.2824" name="C06" type="c3"/>
      <Atom charge="0.5547" name="C07" type="c"/>
      <Atom charge="-0.4811" name="O08" type="o"/>
      <Atom charge="-0.1596" name="C09" type="ca"/>
      <Atom charge="-0.069" name="C10" type="ca"/>
      <Atom charge="-0.15" name="C11" type="ca"/>
      <Atom charge="-0.096" name="C12" type="ca"/>
      <Atom charge="-0.0339" name="C13" type="ca"/>
      <Atom charge="-0.1111" name="Br14" type="br"/>
      <Atom charge="-0.066" name="C15" type="ca"/>
      <Atom charge="0.0847" name="H06" type="hc"/>
      <Atom charge="0.0847" name="H06A" type="hc"/>
      <Atom charge="0.155" name="H10" type="ha"/>
      <Atom charge="0.13" name="H11" type="ha"/>
      <Atom charge="0.133" name="H12" type="ha"/>
      <Atom charge="0.161" name="H15" type="ha"/>
      <Bond atomName1="O01" atomName2="C02"/>
      <Bond atomName1="C04" atomName2="C02"/>
      <Bond atomName1="C02" atomName2="O03"/>
      <Bond atomName1="O05" atomName2="C04"/>
      <Bond atomName1="C04" atomName2="C06"/>
      <Bond atomName1="C07" atomName2="C06"/>
      <Bond atomName1="C06" atomName2="H06"/>
      <Bond atomName1="C06" atomName2="H06A"/>
      <Bond atomName1="O08" atomName2="C07"/>
      <Bond atomName1="C07" atomName2="C09"/>
      <Bond atomName1="C15" atomName2="C09"/>
      <Bond atomName1="C09" atomName2="C10"/>
      <Bond atomName1="C10" atomName2="C11"/>
      <Bond atomName1="C10" atomName2="H10"/>
      <Bond atomName1="C12" atomName2="C11"/>
      <Bond atomName1="C11" atomName2="H11"/>
      <Bond atomName1="C13" atomName2="C12"/>
      <Bond atomName1="C12" atomName2="H12"/>
      <Bond atomName1="Br14" atomName2="C13"/>
      <Bond atomName1="C15" atomName2="C13"/>
      <Bond atomName1="C15" atomName2="H15"/>
    </Residue>
  </Residues>
  <PeriodicTorsionForce>
    <Improper k1="4.6024" periodicity1="2" phase1="3.141592653589793" type1="c" type2="c" type3="o" type4="o"/>
    <Improper k1="43.932" periodicity1="2" phase1="3.141592653589793" type1="c" type2="c" type3="c3" type4="o"/>
    <Improper k1="43.932" periodicity1="2" phase1="3.141592653589793" type1="c" type2="c3" type3="ca" type4="o"/>
    <Improper k1="4.6024" periodicity1="2" phase1="3.141592653589793" type1="ca" type2="c" type3="ca" type4="ca"/>
    <Improper k1="4.6024" periodicity1="2" phase1="3.141592653589793" type1="ca" type2="ca" type3="ca" type4="ha"/>
  </PeriodicTorsionForce>
</ForceField>
