<ForceField>
  <Info>
    <DateGenerated>2019-07-05</DateGenerated>
  </Info>
  <Residues>
    <Residue name="MC_044">
      <Atom charge="0.1561" name="CAA" type="ca"/>
      <Atom charge="-0.3653" name="CAB" type="ca"/>
      <Atom charge="0.4772" name="CAC" type="ca"/>
      <Atom charge="-0.718" name="NAD" type="nb"/>
      <Atom charge="0.4816" name="CAE" type="ca"/>
      <Atom charge="-0.2033" name="CAF" type="ca"/>
      <Atom charge="0.1961" name="CAG" type="ca"/>
      <Atom charge="-0.2233" name="CAH" type="ca"/>
      <Atom charge="-0.222" name="CAI" type="ca"/>
      <Atom charge="-0.049" name="CAJ" type="ca"/>
      <Atom charge="-0.2282" name="OAK" type="os"/>
      <Atom charge="0.0261" name="CAL" type="ca"/>
      <Atom charge="-0.09" name="CAM" type="ca"/>
      <Atom charge="0.1419" name="CAN" type="ca"/>
      <Atom charge="-0.172" name="CAO" type="ca"/>
      <Atom charge="0.0986" name="CAP" type="ca"/>
      <Atom charge="-0.171" name="CAQ" type="ca"/>
      <Atom charge="-0.4711" name="NAR" type="ns"/>
      <Atom charge="0.7217" name="CAS" type="c"/>
      <Atom charge="-0.4224" name="CAT" type="cc"/>
      <Atom charge="0.7333" name="CAU" type="c"/>
      <Atom charge="-0.6331" name="OAV" type="o"/>
      <Atom charge="-0.4164" name="NAW" type="na"/>
      <Atom charge="0.2158" name="CAX" type="cd"/>
      <Atom charge="-0.1984" name="NAY" type="n"/>
      <Atom charge="0.0736" name="CBA" type="ca"/>
      <Atom charge="-0.1225" name="CBB" type="ca"/>
      <Atom charge="-0.1225" name="CBC" type="ca"/>
      <Atom charge="-0.116" name="CBD" type="ca"/>
      <Atom charge="-0.116" name="CBE" type="ca"/>
      <Atom charge="-0.127" name="CBF" type="ca"/>
      <Atom charge="-0.1249" name="FBG" type="f"/>
      <Atom charge="-0.0409" name="CBH" type="c3"/>
      <Atom charge="0.2408" name="CBI" type="c3"/>
      <Atom charge="0.1201" name="CBJ" type="c3"/>
      <Atom charge="-0.1301" name="CBK" type="c3"/>
      <Atom charge="-0.5958" name="OBL" type="oh"/>
      <Atom charge="-0.3259" name="OBM" type="os"/>
      <Atom charge="0.1287" name="CBN" type="c3"/>
      <Atom charge="0.148" name="HAB" type="ha"/>
      <Atom charge="0.0221" name="HAC" type="h4"/>
      <Atom charge="0.164" name="HAH" type="ha"/>
      <Atom charge="0.136" name="HAI" type="ha"/>
      <Atom charge="0.147" name="HAJ" type="ha"/>
      <Atom charge="0.151" name="HAM" type="ha"/>
      <Atom charge="0.185" name="HAO" type="ha"/>
      <Atom charge="0.147" name="HAQ" type="ha"/>
      <Atom charge="0.3575" name="HNAR" type="hn"/>
      <Atom charge="0.142" name="HBB" type="ha"/>
      <Atom charge="0.142" name="HBC" type="ha"/>
      <Atom charge="0.1355" name="HBD" type="ha"/>
      <Atom charge="0.1355" name="HBE" type="ha"/>
      <Atom charge="0.133" name="HBF" type="ha"/>
      <Atom charge="0.069033" name="HBH" type="hc"/>
      <Atom charge="0.069033" name="HBHA" type="hc"/>
      <Atom charge="0.069033" name="HBHB" type="hc"/>
      <Atom charge="0.0827" name="HBI" type="h1"/>
      <Atom charge="0.0827" name="HBIA" type="h1"/>
      <Atom charge="0.0417" name="HBJ" type="h1"/>
      <Atom charge="0.0487" name="HBK" type="hc"/>
      <Atom charge="0.0487" name="HBKA" type="hc"/>
      <Atom charge="0.0487" name="HBKB" type="hc"/>
      <Atom charge="0.411" name="HOBL" type="ho"/>
      <Atom charge="0.0417" name="HBN" type="h1"/>
      <Atom charge="0.0417" name="HBNA" type="h1"/>
      <Atom charge="0.0417" name="HBNB" type="h1"/>
      <Atom charge="-0.6485" name="OAZ" type="o"/>
      <Bond atomName1="CAI" atomName2="CAA"/>
      <Bond atomName1="CAH" atomName2="CAA"/>
      <Bond atomName1="CAA" atomName2="OBM"/>
      <Bond atomName1="CAG" atomName2="CAB"/>
      <Bond atomName1="CAB" atomName2="CAC"/>
      <Bond atomName1="CAB" atomName2="HAB"/>
      <Bond atomName1="CAC" atomName2="NAD"/>
      <Bond atomName1="CAC" atomName2="HAC"/>
      <Bond atomName1="NAD" atomName2="CAE"/>
      <Bond atomName1="CAF" atomName2="CAE"/>
      <Bond atomName1="CAE" atomName2="CAH"/>
      <Bond atomName1="CAG" atomName2="CAF"/>
      <Bond atomName1="CAF" atomName2="CAJ"/>
      <Bond atomName1="OAK" atomName2="CAG"/>
      <Bond atomName1="CAH" atomName2="HAH"/>
      <Bond atomName1="CAJ" atomName2="CAI"/>
      <Bond atomName1="CAI" atomName2="HAI"/>
      <Bond atomName1="CAJ" atomName2="HAJ"/>
      <Bond atomName1="CAL" atomName2="OAK"/>
      <Bond atomName1="CAN" atomName2="CAL"/>
      <Bond atomName1="CAM" atomName2="CAL"/>
      <Bond atomName1="CAQ" atomName2="CAM"/>
      <Bond atomName1="CAM" atomName2="HAM"/>
      <Bond atomName1="CAO" atomName2="CAN"/>
      <Bond atomName1="CAN" atomName2="FBG"/>
      <Bond atomName1="CAP" atomName2="CAO"/>
      <Bond atomName1="CAO" atomName2="HAO"/>
      <Bond atomName1="NAR" atomName2="CAP"/>
      <Bond atomName1="CAP" atomName2="CAQ"/>
      <Bond atomName1="CAQ" atomName2="HAQ"/>
      <Bond atomName1="CAU" atomName2="NAR"/>
      <Bond atomName1="NAR" atomName2="HNAR"/>
      <Bond atomName1="NAY" atomName2="CAS"/>
      <Bond atomName1="CAS" atomName2="OAZ"/>
      <Bond atomName1="CAS" atomName2="CAT"/>
      <Bond atomName1="CAX" atomName2="CAT"/>
      <Bond atomName1="CAT" atomName2="CAU"/>
      <Bond atomName1="CAU" atomName2="OAV"/>
      <Bond atomName1="CBI" atomName2="NAW"/>
      <Bond atomName1="NAY" atomName2="NAW"/>
      <Bond atomName1="NAW" atomName2="CAX"/>
      <Bond atomName1="CAX" atomName2="CBH"/>
      <Bond atomName1="CBA" atomName2="NAY"/>
      <Bond atomName1="CBC" atomName2="CBA"/>
      <Bond atomName1="CBA" atomName2="CBB"/>
      <Bond atomName1="CBE" atomName2="CBB"/>
      <Bond atomName1="CBB" atomName2="HBB"/>
      <Bond atomName1="CBD" atomName2="CBC"/>
      <Bond atomName1="CBC" atomName2="HBC"/>
      <Bond atomName1="CBD" atomName2="CBF"/>
      <Bond atomName1="CBD" atomName2="HBD"/>
      <Bond atomName1="CBF" atomName2="CBE"/>
      <Bond atomName1="CBE" atomName2="HBE"/>
      <Bond atomName1="CBF" atomName2="HBF"/>
      <Bond atomName1="CBH" atomName2="HBH"/>
      <Bond atomName1="CBH" atomName2="HBHA"/>
      <Bond atomName1="CBH" atomName2="HBHB"/>
      <Bond atomName1="CBJ" atomName2="CBI"/>
      <Bond atomName1="CBI" atomName2="HBI"/>
      <Bond atomName1="CBI" atomName2="HBIA"/>
      <Bond atomName1="OBL" atomName2="CBJ"/>
      <Bond atomName1="CBK" atomName2="CBJ"/>
      <Bond atomName1="CBJ" atomName2="HBJ"/>
      <Bond atomName1="CBK" atomName2="HBK"/>
      <Bond atomName1="CBK" atomName2="HBKA"/>
      <Bond atomName1="CBK" atomName2="HBKB"/>
      <Bond atomName1="OBL" atomName2="HOBL"/>
      <Bond atomName1="OBM" atomName2="CBN"/>
      <Bond atomName1="CBN" atomName2="HBN"/>
      <Bond atomName1="CBN" atomName2="HBNA"/>
      <Bond atomName1="CBN" atomName2="HBNB"/>
    </Residue>
  </Residues>
  <HarmonicBondForce>
    <Bond k="263759.3599999999" length="0.1412" type1="ca" type2="ns"/>
    <Bond k="298068.1599999999" length="0.1379" type1="c" type2="ns"/>
    <Bond k="441244.6399999999" length="0.1013" type1="hn" type2="ns"/>
  </HarmonicBondForce>
  <HarmonicAngleForce>
    <Angle angle="2.0977112279719847" k="716.3008" type1="ca" type2="ca" type3="ns"/>
    <Angle angle="2.159146817642185" k="549.7776" type1="c" type2="ns" type3="ca"/>
    <Angle angle="2.0245819323134224" k="401.664" type1="ca" type2="ns" type3="hn"/>
    <Angle angle="1.9669860669976094" k="728.8528" type1="cc" type2="c" type3="ns"/>
    <Angle angle="2.1476276445790226" k="952.2784" type1="ns" type2="c" type3="o"/>
    <Angle angle="2.051634535719334" k="407.52160000000003" type1="c" type2="ns" type3="hn"/>
  </HarmonicAngleForce>
  <PeriodicTorsionForce>
    <Proper k1="3.9748" periodicity1="2" phase1="3.141592653589793" type1="ca" type2="ca" type3="ns" type4="c"/>
    <Proper k1="1.8828" periodicity1="2" phase1="3.141592653589793" type1="ca" type2="ca" type3="ns" type4="hn"/>
    <Proper k1="10.46" periodicity1="2" phase1="3.141592653589793" type1="cc" type2="c" type3="ns" type4="ca"/>
    <Proper k1="10.46" periodicity1="2" phase1="3.141592653589793" type1="o" type2="c" type3="ns" type4="ca"/>
    <Proper k1="10.46" periodicity1="2" phase1="3.141592653589793" type1="cc" type2="c" type3="ns" type4="hn"/>
    <Proper k1="10.46" k2="8.368" periodicity1="2" periodicity2="1" phase1="3.141592653589793" phase2="0.0" type1="o" type2="c" type3="ns" type4="hn"/>
    <Improper k1="4.6024" periodicity1="2" phase1="3.141592653589793" type1="ca" type2="ca" type3="ca" type4="os"/>
    <Improper k1="4.6024" periodicity1="2" phase1="3.141592653589793" type1="ca" type2="ca" type3="ca" type4="ha"/>
    <Improper k1="4.6024" periodicity1="2" phase1="3.141592653589793" type1="ca" type2="ca" type3="h4" type4="nb"/>
    <Improper k1="4.6024" periodicity1="2" phase1="3.141592653589793" type1="ca" type2="ca" type3="ca" type4="nb"/>
    <Improper k1="4.6024" periodicity1="2" phase1="3.141592653589793" type1="ca" type2="ca" type3="ca" type4="ca"/>
    <Improper k1="4.6024" periodicity1="2" phase1="3.141592653589793" type1="ca" type2="ca" type3="ca" type4="ns"/>
    <Improper k1="4.6024" periodicity1="2" phase1="3.141592653589793" type1="ns" type2="c" type3="ca" type4="hn"/>
    <Improper k1="43.932" periodicity1="2" phase1="3.141592653589793" type1="c" type2="cc" type3="n" type4="o"/>
    <Improper k1="4.6024" periodicity1="2" phase1="3.141592653589793" type1="cc" type2="c" type3="c" type4="cd"/>
    <Improper k1="43.932" periodicity1="2" phase1="3.141592653589793" type1="c" type2="cc" type3="ns" type4="o"/>
    <Improper k1="4.6024" periodicity1="2" phase1="3.141592653589793" type1="na" type2="c3" type3="cd" type4="n"/>
    <Improper k1="4.6024" periodicity1="2" phase1="3.141592653589793" type1="cd" type2="c3" type3="cc" type4="na"/>
    <Improper k1="4.6024" periodicity1="2" phase1="3.141592653589793" type1="n" type2="c" type3="ca" type4="na"/>
    <Improper k1="4.6024" periodicity1="2" phase1="3.141592653589793" type1="ca" type2="ca" type3="ca" type4="n"/>
  </PeriodicTorsionForce>
</ForceField>
