<ForceField>
  <Info>
    <DateGenerated>2019-07-05</DateGenerated>
  </Info>
  <Residues>
    <Residue name="MC_046">
      <Atom charge="-0.2203" name="F1" type="f"/>
      <Atom charge="0.6752" name="C2" type="c3"/>
      <Atom charge="-0.2203" name="F3" type="f"/>
      <Atom charge="-0.2203" name="F4" type="f"/>
      <Atom charge="-0.1423" name="C5" type="ca"/>
      <Atom charge="-0.0513" name="C6" type="ca"/>
      <Atom charge="-0.116" name="C7" type="ca"/>
      <Atom charge="-0.113" name="C9" type="ca"/>
      <Atom charge="0.0636" name="C11" type="ca"/>
      <Atom charge="-0.126" name="C12" type="ca"/>
      <Atom charge="-0.4831" name="N14" type="ns"/>
      <Atom charge="0.8031" name="C16" type="c"/>
      <Atom charge="-0.6341" name="O17" type="o"/>
      <Atom charge="-0.387" name="N18" type="n"/>
      <Atom charge="0.09" name="C19" type="c3"/>
      <Atom charge="-0.0361" name="C22" type="c3"/>
      <Atom charge="-0.1373" name="C25" type="ca"/>
      <Atom charge="0.0806" name="C26" type="ca"/>
      <Atom charge="-0.128" name="C27" type="ca"/>
      <Atom charge="-0.099" name="C29" type="ca"/>
      <Atom charge="0.0831" name="C31" type="ca"/>
      <Atom charge="-0.083" name="C32" type="ca"/>
      <Atom charge="-0.3504" name="O34" type="os"/>
      <Atom charge="0.7056" name="C35" type="ca"/>
      <Atom charge="-0.829" name="N36" type="nb"/>
      <Atom charge="0.7439" name="C37" type="ca"/>
      <Atom charge="-0.758" name="N39" type="nb"/>
      <Atom charge="0.6132" name="C40" type="ca"/>
      <Atom charge="-0.4466" name="C41" type="ca"/>
      <Atom charge="-0.5534" name="N43" type="ns"/>
      <Atom charge="0.6451" name="C45" type="c"/>
      <Atom charge="-0.5231" name="O46" type="o"/>
      <Atom charge="-0.1711" name="C47" type="c3"/>
      <Atom charge="0.1911" name="C51" type="c3"/>
      <Atom charge="-0.7226" name="N54" type="n3"/>
      <Atom charge="0.1628" name="C55" type="c3"/>
      <Atom charge="0.1643" name="C58" type="c3"/>
      <Atom charge="-0.7356" name="N61" type="n3"/>
      <Atom charge="0.1643" name="C62" type="c3"/>
      <Atom charge="0.1628" name="C65" type="c3"/>
      <Atom charge="0.1531" name="C68" type="c3"/>
      <Atom charge="0.144" name="H1" type="ha"/>
      <Atom charge="0.188" name="H2" type="ha"/>
      <Atom charge="0.147" name="H3" type="ha"/>
      <Atom charge="0.3265" name="H4" type="hn"/>
      <Atom charge="0.0527" name="H5" type="h1"/>
      <Atom charge="0.0667" name="H6" type="hc"/>
      <Atom charge="0.173" name="H7" type="ha"/>
      <Atom charge="0.147" name="H8" type="ha"/>
      <Atom charge="0.143" name="H9" type="ha"/>
      <Atom charge="0.0681" name="H10" type="h5"/>
      <Atom charge="0.152" name="H11" type="ha"/>
      <Atom charge="0.3325" name="H12" type="hn"/>
      <Atom charge="0.064033" name="H13" type="hc"/>
      <Atom charge="0.064033" name="H14" type="hc"/>
      <Atom charge="0.064033" name="H15" type="hc"/>
      <Atom charge="0.0517" name="H16" type="h1"/>
      <Atom charge="0.0517" name="H17" type="h1"/>
      <Atom charge="0.0417" name="H19" type="h1"/>
      <Atom charge="0.0417" name="H20" type="h1"/>
      <Atom charge="0.0417" name="H21" type="h1"/>
      <Atom charge="0.0417" name="H22" type="h1"/>
      <Atom charge="0.0417" name="H24" type="h1"/>
      <Atom charge="0.0417" name="H25" type="h1"/>
      <Atom charge="0.0417" name="H26" type="h1"/>
      <Atom charge="0.0417" name="H27" type="h1"/>
      <Atom charge="0.032033" name="H28" type="h1"/>
      <Atom charge="0.032033" name="H29" type="h1"/>
      <Atom charge="0.032033" name="H30" type="h1"/>
      <Atom charge="0.0527" name="H31" type="h1"/>
      <Atom charge="0.0667" name="H32" type="hc"/>
      <Bond atomName1="C22" atomName2="C25"/>
      <Bond atomName1="C22" atomName2="C19"/>
      <Bond atomName1="C32" atomName2="C25"/>
      <Bond atomName1="C32" atomName2="C31"/>
      <Bond atomName1="C25" atomName2="C26"/>
      <Bond atomName1="O34" atomName2="C31"/>
      <Bond atomName1="O34" atomName2="C35"/>
      <Bond atomName1="C19" atomName2="N18"/>
      <Bond atomName1="O46" atomName2="C45"/>
      <Bond atomName1="C31" atomName2="C29"/>
      <Bond atomName1="C41" atomName2="C35"/>
      <Bond atomName1="C41" atomName2="C40"/>
      <Bond atomName1="C35" atomName2="N36"/>
      <Bond atomName1="C45" atomName2="C47"/>
      <Bond atomName1="C45" atomName2="N43"/>
      <Bond atomName1="C40" atomName2="N43"/>
      <Bond atomName1="C40" atomName2="N39"/>
      <Bond atomName1="C26" atomName2="N18"/>
      <Bond atomName1="C26" atomName2="C27"/>
      <Bond atomName1="N36" atomName2="C37"/>
      <Bond atomName1="N18" atomName2="C16"/>
      <Bond atomName1="C29" atomName2="C27"/>
      <Bond atomName1="N39" atomName2="C37"/>
      <Bond atomName1="N14" atomName2="C16"/>
      <Bond atomName1="N14" atomName2="C11"/>
      <Bond atomName1="C16" atomName2="O17"/>
      <Bond atomName1="C9" atomName2="C11"/>
      <Bond atomName1="C9" atomName2="C7"/>
      <Bond atomName1="C11" atomName2="C12"/>
      <Bond atomName1="C7" atomName2="C6"/>
      <Bond atomName1="C12" atomName2="C5"/>
      <Bond atomName1="C6" atomName2="C5"/>
      <Bond atomName1="C6" atomName2="C51"/>
      <Bond atomName1="C62" atomName2="C65"/>
      <Bond atomName1="C62" atomName2="N61"/>
      <Bond atomName1="C5" atomName2="C2"/>
      <Bond atomName1="C68" atomName2="N61"/>
      <Bond atomName1="C65" atomName2="N54"/>
      <Bond atomName1="N54" atomName2="C51"/>
      <Bond atomName1="N54" atomName2="C55"/>
      <Bond atomName1="N61" atomName2="C58"/>
      <Bond atomName1="C58" atomName2="C55"/>
      <Bond atomName1="C2" atomName2="F4"/>
      <Bond atomName1="C2" atomName2="F3"/>
      <Bond atomName1="C2" atomName2="F1"/>
      <Bond atomName1="C7" atomName2="H1"/>
      <Bond atomName1="C9" atomName2="H2"/>
      <Bond atomName1="C12" atomName2="H3"/>
      <Bond atomName1="N14" atomName2="H4"/>
      <Bond atomName1="C19" atomName2="H5"/>
      <Bond atomName1="C22" atomName2="H6"/>
      <Bond atomName1="C27" atomName2="H7"/>
      <Bond atomName1="C29" atomName2="H8"/>
      <Bond atomName1="C32" atomName2="H9"/>
      <Bond atomName1="C37" atomName2="H10"/>
      <Bond atomName1="C41" atomName2="H11"/>
      <Bond atomName1="N43" atomName2="H12"/>
      <Bond atomName1="C47" atomName2="H13"/>
      <Bond atomName1="C47" atomName2="H14"/>
      <Bond atomName1="C47" atomName2="H15"/>
      <Bond atomName1="C51" atomName2="H16"/>
      <Bond atomName1="C51" atomName2="H17"/>
      <Bond atomName1="C55" atomName2="H19"/>
      <Bond atomName1="C55" atomName2="H20"/>
      <Bond atomName1="C58" atomName2="H21"/>
      <Bond atomName1="C58" atomName2="H22"/>
      <Bond atomName1="C62" atomName2="H24"/>
      <Bond atomName1="C62" atomName2="H25"/>
      <Bond atomName1="C65" atomName2="H26"/>
      <Bond atomName1="C65" atomName2="H27"/>
      <Bond atomName1="C68" atomName2="H28"/>
      <Bond atomName1="C68" atomName2="H29"/>
      <Bond atomName1="C68" atomName2="H30"/>
      <Bond atomName1="C19" atomName2="H31"/>
      <Bond atomName1="C22" atomName2="H32"/>
    </Residue>
  </Residues>
  <HarmonicBondForce>
    <Bond k="263759.3599999999" length="0.1412" type1="ca" type2="ns"/>
    <Bond k="298068.1599999999" length="0.1379" type1="c" type2="ns"/>
    <Bond k="441244.6399999999" length="0.1013" type1="hn" type2="ns"/>
  </HarmonicBondForce>
  <HarmonicAngleForce>
    <Angle angle="2.0977112279719847" k="716.3008" type1="ca" type2="ca" type3="ns"/>
    <Angle angle="2.159146817642185" k="549.7776" type1="c" type2="ns" type3="ca"/>
    <Angle angle="2.0245819323134224" k="401.664" type1="ca" type2="ns" type3="hn"/>
    <Angle angle="2.1476276445790226" k="952.2784" type1="ns" type2="c" type3="o"/>
    <Angle angle="1.9819958985647608" k="940.5632" type1="n" type2="c" type3="ns"/>
    <Angle angle="2.051634535719334" k="407.52160000000003" type1="c" type2="ns" type3="hn"/>
    <Angle angle="2.1617648115201766" k="897.8864" type1="nb" type2="ca" type3="ns"/>
    <Angle angle="2.010270232447069" k="705.4224" type1="c3" type2="c" type3="ns"/>
  </HarmonicAngleForce>
  <PeriodicTorsionForce>
    <Proper k1="3.9748" periodicity1="2" phase1="3.141592653589793" type1="ca" type2="ca" type3="ns" type4="c"/>
    <Proper k1="1.8828" periodicity1="2" phase1="3.141592653589793" type1="ca" type2="ca" type3="ns" type4="hn"/>
    <Proper k1="10.46" periodicity1="2" phase1="3.141592653589793" type1="o" type2="c" type3="ns" type4="ca"/>
    <Proper k1="10.46" periodicity1="2" phase1="3.141592653589793" type1="n" type2="c" type3="ns" type4="ca"/>
    <Proper k1="10.46" k2="8.368" periodicity1="2" periodicity2="1" phase1="3.141592653589793" phase2="0.0" type1="o" type2="c" type3="ns" type4="hn"/>
    <Proper k1="10.46" periodicity1="2" phase1="3.141592653589793" type1="n" type2="c" type3="ns" type4="hn"/>
    <Proper k1="1.8828" periodicity1="2" phase1="3.141592653589793" type1="nb" type2="ca" type3="ns" type4="c"/>
    <Proper k1="1.8828" periodicity1="2" phase1="3.141592653589793" type1="nb" type2="ca" type3="ns" type4="hn"/>
    <Proper k1="3.138" k2="2.092" periodicity1="2" periodicity2="3" phase1="3.141592653589793" phase2="0.0" type1="c3" type2="c" type3="ns" type4="ca"/>
    <Proper k1="10.46" periodicity1="2" phase1="3.141592653589793" type1="c3" type2="c" type3="ns" type4="hn"/>
    <Improper k1="4.6024" periodicity1="2" phase1="3.141592653589793" type1="ca" type2="ca" type3="ca" type4="ha"/>
    <Improper k1="4.6024" periodicity1="2" phase1="3.141592653589793" type1="ca" type2="ca" type3="ca" type4="ns"/>
    <Improper k1="4.6024" periodicity1="2" phase1="3.141592653589793" type1="ns" type2="c" type3="ca" type4="hn"/>
    <Improper k1="43.932" periodicity1="2" phase1="3.141592653589793" type1="c" type2="n" type3="ns" type4="o"/>
    <Improper k1="4.6024" periodicity1="2" phase1="3.141592653589793" type1="n" type2="c" type3="c3" type4="ca"/>
    <Improper k1="4.6024" periodicity1="2" phase1="3.141592653589793" type1="ca" type2="ca" type3="ca" type4="n"/>
    <Improper k1="4.6024" periodicity1="2" phase1="3.141592653589793" type1="ca" type2="ca" type3="ca" type4="os"/>
    <Improper k1="4.6024" periodicity1="2" phase1="3.141592653589793" type1="ca" type2="ca" type3="nb" type4="os"/>
    <Improper k1="4.6024" periodicity1="2" phase1="3.141592653589793" type1="ca" type2="h5" type3="nb" type4="nb"/>
    <Improper k1="4.6024" periodicity1="2" phase1="3.141592653589793" type1="ca" type2="ca" type3="nb" type4="ns"/>
    <Improper k1="43.932" periodicity1="2" phase1="3.141592653589793" type1="c" type2="c3" type3="ns" type4="o"/>
  </PeriodicTorsionForce>
</ForceField>
