<ForceField>
  <Info>
    <DateGenerated>2019-07-05</DateGenerated>
  </Info>
  <Residues>
    <Residue name="MC_047">
      <Atom charge="0.0135" name="N1" type="na"/>
      <Atom charge="-0.0352" name="C2" type="ca"/>
      <Atom charge="-0.0828" name="C3" type="ca"/>
      <Atom charge="-0.1334" name="C4" type="cc"/>
      <Atom charge="-0.1091" name="C5" type="cd"/>
      <Atom charge="0.234" name="C7" type="c3"/>
      <Atom charge="-0.8192" name="N10" type="n7"/>
      <Atom charge="0.1698" name="C12" type="c3"/>
      <Atom charge="-0.0677" name="C15" type="c3"/>
      <Atom charge="-0.0694" name="C17" type="c3"/>
      <Atom charge="-0.0769" name="C20" type="c3"/>
      <Atom charge="-0.0774" name="C23" type="c3"/>
      <Atom charge="-0.0769" name="C26" type="c3"/>
      <Atom charge="-0.0694" name="C29" type="c3"/>
      <Atom charge="-0.069" name="C32" type="ca"/>
      <Atom charge="-0.159" name="C34" type="ca"/>
      <Atom charge="-0.107" name="C36" type="ca"/>
      <Atom charge="-0.152" name="C38" type="ca"/>
      <Atom charge="0.0158" name="C40" type="ca"/>
      <Atom charge="-0.1495" name="C41" type="ca"/>
      <Atom charge="-0.107" name="C43" type="ca"/>
      <Atom charge="-0.0953" name="C45" type="ca"/>
      <Atom charge="-0.107" name="C46" type="ca"/>
      <Atom charge="-0.1495" name="C48" type="ca"/>
      <Atom charge="-0.0478" name="C50" type="c3"/>
      <Atom charge="0.172" name="H5" type="h4"/>
      <Atom charge="0.0322" name="H71" type="h1"/>
      <Atom charge="0.0322" name="H72" type="h1"/>
      <Atom charge="0.3588" name="HN10" type="hn"/>
      <Atom charge="0.0262" name="H121" type="h1"/>
      <Atom charge="0.0262" name="H122" type="h1"/>
      <Atom charge="0.0427" name="H15" type="hc"/>
      <Atom charge="0.04395" name="H171" type="hc"/>
      <Atom charge="0.04395" name="H172" type="hc"/>
      <Atom charge="0.03845" name="H201" type="hc"/>
      <Atom charge="0.03845" name="H202" type="hc"/>
      <Atom charge="0.0377" name="H231" type="hc"/>
      <Atom charge="0.0377" name="H232" type="hc"/>
      <Atom charge="0.03845" name="H261" type="hc"/>
      <Atom charge="0.03845" name="H262" type="hc"/>
      <Atom charge="0.04395" name="H291" type="hc"/>
      <Atom charge="0.04395" name="H292" type="hc"/>
      <Atom charge="0.137" name="H32" type="ha"/>
      <Atom charge="0.13" name="H34" type="ha"/>
      <Atom charge="0.129" name="H36" type="ha"/>
      <Atom charge="0.14" name="H38" type="ha"/>
      <Atom charge="0.1445" name="H41" type="ha"/>
      <Atom charge="0.1365" name="H43" type="ha"/>
      <Atom charge="0.1365" name="H46" type="ha"/>
      <Atom charge="0.1445" name="H48" type="ha"/>
      <Atom charge="0.0447" name="H501" type="hc"/>
      <Atom charge="0.0447" name="H502" type="hc"/>
      <Atom charge="0.0447" name="H503" type="hc"/>
      <Bond atomName1="N1" atomName2="C2"/>
      <Bond atomName1="N1" atomName2="C40"/>
      <Bond atomName1="N1" atomName2="C5"/>
      <Bond atomName1="C2" atomName2="C38"/>
      <Bond atomName1="C2" atomName2="C3"/>
      <Bond atomName1="C3" atomName2="C32"/>
      <Bond atomName1="C3" atomName2="C4"/>
      <Bond atomName1="C4" atomName2="C7"/>
      <Bond atomName1="C4" atomName2="C5"/>
      <Bond atomName1="C5" atomName2="H5"/>
      <Bond atomName1="C7" atomName2="N10"/>
      <Bond atomName1="C7" atomName2="H71"/>
      <Bond atomName1="C7" atomName2="H72"/>
      <Bond atomName1="N10" atomName2="C12"/>
      <Bond atomName1="N10" atomName2="HN10"/>
      <Bond atomName1="C12" atomName2="C15"/>
      <Bond atomName1="C12" atomName2="H121"/>
      <Bond atomName1="C12" atomName2="H122"/>
      <Bond atomName1="C15" atomName2="C29"/>
      <Bond atomName1="C15" atomName2="C17"/>
      <Bond atomName1="C15" atomName2="H15"/>
      <Bond atomName1="C17" atomName2="C20"/>
      <Bond atomName1="C17" atomName2="H171"/>
      <Bond atomName1="C17" atomName2="H172"/>
      <Bond atomName1="C20" atomName2="C23"/>
      <Bond atomName1="C20" atomName2="H201"/>
      <Bond atomName1="C20" atomName2="H202"/>
      <Bond atomName1="C23" atomName2="C26"/>
      <Bond atomName1="C23" atomName2="H231"/>
      <Bond atomName1="C23" atomName2="H232"/>
      <Bond atomName1="C26" atomName2="C29"/>
      <Bond atomName1="C26" atomName2="H261"/>
      <Bond atomName1="C26" atomName2="H262"/>
      <Bond atomName1="C29" atomName2="H291"/>
      <Bond atomName1="C29" atomName2="H292"/>
      <Bond atomName1="C32" atomName2="C34"/>
      <Bond atomName1="C32" atomName2="H32"/>
      <Bond atomName1="C34" atomName2="C36"/>
      <Bond atomName1="C34" atomName2="H34"/>
      <Bond atomName1="C36" atomName2="C38"/>
      <Bond atomName1="C36" atomName2="H36"/>
      <Bond atomName1="C38" atomName2="H38"/>
      <Bond atomName1="C40" atomName2="C41"/>
      <Bond atomName1="C40" atomName2="C48"/>
      <Bond atomName1="C41" atomName2="C43"/>
      <Bond atomName1="C41" atomName2="H41"/>
      <Bond atomName1="C43" atomName2="C45"/>
      <Bond atomName1="C43" atomName2="H43"/>
      <Bond atomName1="C45" atomName2="C46"/>
      <Bond atomName1="C45" atomName2="C50"/>
      <Bond atomName1="C46" atomName2="C48"/>
      <Bond atomName1="C46" atomName2="H46"/>
      <Bond atomName1="C48" atomName2="H48"/>
      <Bond atomName1="C50" atomName2="H501"/>
      <Bond atomName1="C50" atomName2="H502"/>
      <Bond atomName1="C50" atomName2="H503"/>
    </Residue>
  </Residues>
  <HarmonicBondForce>
    <Bond k="218572.15999999995" length="0.14650000000000002" type1="c3" type2="n7"/>
    <Bond k="427855.8399999999" length="0.10189999999999999" type1="hn" type2="n7"/>
  </HarmonicBondForce>
  <HarmonicAngleForce>
    <Angle angle="1.9388862660405008" k="706.2592000000001" type1="cc" type2="c3" type3="n7"/>
    <Angle angle="1.9608774146156291" k="549.7776" type1="c3" type2="n7" type3="c3"/>
    <Angle angle="1.9074703395046029" k="399.99039999999997" type1="c3" type2="n7" type3="hn"/>
    <Angle angle="1.9177677820913692" k="512.1216000000001" type1="h1" type2="c3" type3="n7"/>
    <Angle angle="1.9380136014145037" k="697.0544" type1="c3" type2="c3" type3="n7"/>
  </HarmonicAngleForce>
  <PeriodicTorsionForce>
    <Proper k1="2.11292" periodicity1="2" phase1="3.141592653589793" type1="ca" type2="ca" type3="cc" type4="cd"/>
    <Proper k1="2.25936" periodicity1="2" phase1="3.141592653589793" type1="ca" type2="ca" type3="cc" type4="c3"/>
    <Proper k1="1.2552" periodicity1="3" phase1="0.0" type1="cc" type2="c3" type3="n7" type4="c3"/>
    <Proper k1="1.2552" periodicity1="3" phase1="0.0" type1="cc" type2="c3" type3="n7" type4="hn"/>
    <Proper k1="0.9414" periodicity1="3" phase1="0.0" type1="h1" type2="c3" type3="n7" type4="c3"/>
    <Proper k1="0.87864" periodicity1="3" phase1="0.0" type1="c3" type2="c3" type3="c3" type4="n7"/>
    <Proper k1="0.41840000000000005" periodicity1="3" phase1="0.0" type1="hc" type2="c3" type3="c3" type4="n7"/>
    <Proper k1="0.9079280000000001" periodicity1="3" phase1="0.0" type1="c3" type2="c3" type3="n7" type4="hn"/>
    <Proper k1="1.2552" periodicity1="3" phase1="0.0" type1="h1" type2="c3" type3="n7" type4="hn"/>
    <Improper k1="4.6024" periodicity1="2" phase1="3.141592653589793" type1="na" type2="ca" type3="ca" type4="cd"/>
    <Improper k1="4.6024" periodicity1="2" phase1="3.141592653589793" type1="ca" type2="ca" type3="ca" type4="na"/>
    <Improper k1="4.6024" periodicity1="2" phase1="3.141592653589793" type1="ca" type2="ca" type3="ca" type4="cc"/>
    <Improper k1="4.6024" periodicity1="2" phase1="3.141592653589793" type1="cc" type2="c3" type3="ca" type4="cd"/>
    <Improper k1="4.6024" periodicity1="2" phase1="3.141592653589793" type1="cd" type2="cc" type3="h4" type4="na"/>
    <Improper k1="4.6024" periodicity1="2" phase1="3.141592653589793" type1="ca" type2="ca" type3="ca" type4="ha"/>
  </PeriodicTorsionForce>
</ForceField>
