<ForceField>
  <Info>
    <DateGenerated>2019-07-05</DateGenerated>
  </Info>
  <Residues>
    <Residue name="MC_048">
      <Atom charge="-0.5131" name="OAA" type="o"/>
      <Atom charge="-0.5991" name="OAB" type="o"/>
      <Atom charge="-0.126" name="CAD" type="ca"/>
      <Atom charge="-0.122" name="CAE" type="ca"/>
      <Atom charge="-0.122" name="CAF" type="ca"/>
      <Atom charge="-0.117" name="CAG" type="ca"/>
      <Atom charge="-0.117" name="CAH" type="ca"/>
      <Atom charge="-0.093" name="CAI" type="ca"/>
      <Atom charge="-0.242" name="CAJ" type="ca"/>
      <Atom charge="-0.167" name="CAK" type="ca"/>
      <Atom charge="-0.063" name="CAL" type="ca"/>
      <Atom charge="-0.163" name="CAM" type="ca"/>
      <Atom charge="-0.203" name="CAN" type="ca"/>
      <Atom charge="-0.0744" name="CAO" type="c3"/>
      <Atom charge="-0.0834" name="CAP" type="c3"/>
      <Atom charge="-0.1724" name="CAQ" type="c3"/>
      <Atom charge="-0.0411" name="CAR" type="c3"/>
      <Atom charge="-0.595" name="NAT" type="nu"/>
      <Atom charge="0.5847" name="CAU" type="c"/>
      <Atom charge="0.5977" name="CAV" type="c"/>
      <Atom charge="0.0409" name="CAW" type="ca"/>
      <Atom charge="0.1636" name="CAX" type="ca"/>
      <Atom charge="0.2016" name="CAY" type="ca"/>
      <Atom charge="-0.0256" name="CAZ" type="ca"/>
      <Atom charge="-0.0263" name="CBA" type="ca"/>
      <Atom charge="0.0966" name="CBB" type="ca"/>
      <Atom charge="-0.1846" name="CBC" type="ca"/>
      <Atom charge="0.135" name="HAD" type="ha"/>
      <Atom charge="0.1385" name="HAE" type="ha"/>
      <Atom charge="0.1385" name="HAF" type="ha"/>
      <Atom charge="0.142" name="HAG" type="ha"/>
      <Atom charge="0.142" name="HAH" type="ha"/>
      <Atom charge="0.144" name="HAI" type="ha"/>
      <Atom charge="0.132" name="HAJ" type="ha"/>
      <Atom charge="0.15" name="HAK" type="ha"/>
      <Atom charge="0.144" name="HAL" type="ha"/>
      <Atom charge="0.139" name="HAM" type="ha"/>
      <Atom charge="0.17" name="HAN" type="ha"/>
      <Atom charge="0.0482" name="HAO" type="hc"/>
      <Atom charge="0.0482" name="HAOA" type="hc"/>
      <Atom charge="0.0502" name="HAP" type="hc"/>
      <Atom charge="0.0502" name="HAPA" type="hc"/>
      <Atom charge="0.0677" name="HAQ" type="hc"/>
      <Atom charge="0.0677" name="HAQA" type="hc"/>
      <Atom charge="0.0587" name="HAR" type="hc"/>
      <Atom charge="0.0587" name="HARA" type="hc"/>
      <Atom charge="0.2995" name="HNAS" type="hn"/>
      <Atom charge="0.4418" name="HNAT" type="hn"/>
      <Atom charge="-0.1489" name="FAC" type="f"/>
      <Atom charge="-0.4531" name="NAS" type="ns"/>
      <Bond atomName1="OAA" atomName2="CAU"/>
      <Bond atomName1="OAB" atomName2="CAV"/>
      <Bond atomName1="FAC" atomName2="CAW"/>
      <Bond atomName1="CAD" atomName2="CAE"/>
      <Bond atomName1="CAD" atomName2="CAF"/>
      <Bond atomName1="CAE" atomName2="CAG"/>
      <Bond atomName1="CAF" atomName2="CAH"/>
      <Bond atomName1="CAG" atomName2="CAZ"/>
      <Bond atomName1="CAH" atomName2="CAZ"/>
      <Bond atomName1="CAI" atomName2="CAJ"/>
      <Bond atomName1="CAI" atomName2="CAW"/>
      <Bond atomName1="CAJ" atomName2="CAY"/>
      <Bond atomName1="CAK" atomName2="CAL"/>
      <Bond atomName1="CAK" atomName2="CAX"/>
      <Bond atomName1="CAL" atomName2="CBC"/>
      <Bond atomName1="CAM" atomName2="CAX"/>
      <Bond atomName1="CAM" atomName2="CBA"/>
      <Bond atomName1="CAN" atomName2="CAY"/>
      <Bond atomName1="CAN" atomName2="CBB"/>
      <Bond atomName1="CAO" atomName2="CAP"/>
      <Bond atomName1="CAO" atomName2="CAQ"/>
      <Bond atomName1="CAP" atomName2="CAR"/>
      <Bond atomName1="CAQ" atomName2="CAU"/>
      <Bond atomName1="CAR" atomName2="CBA"/>
      <Bond atomName1="NAS" atomName2="CAV"/>
      <Bond atomName1="NAS" atomName2="CBB"/>
      <Bond atomName1="NAT" atomName2="CAX"/>
      <Bond atomName1="NAT" atomName2="CAY"/>
      <Bond atomName1="CAU" atomName2="CBC"/>
      <Bond atomName1="CAV" atomName2="CAZ"/>
      <Bond atomName1="CAW" atomName2="CBB"/>
      <Bond atomName1="CBA" atomName2="CBC"/>
      <Bond atomName1="CAD" atomName2="HAD"/>
      <Bond atomName1="CAE" atomName2="HAE"/>
      <Bond atomName1="CAF" atomName2="HAF"/>
      <Bond atomName1="CAG" atomName2="HAG"/>
      <Bond atomName1="CAH" atomName2="HAH"/>
      <Bond atomName1="CAI" atomName2="HAI"/>
      <Bond atomName1="CAJ" atomName2="HAJ"/>
      <Bond atomName1="CAK" atomName2="HAK"/>
      <Bond atomName1="CAL" atomName2="HAL"/>
      <Bond atomName1="CAM" atomName2="HAM"/>
      <Bond atomName1="CAN" atomName2="HAN"/>
      <Bond atomName1="CAO" atomName2="HAO"/>
      <Bond atomName1="CAO" atomName2="HAOA"/>
      <Bond atomName1="CAP" atomName2="HAP"/>
      <Bond atomName1="CAP" atomName2="HAPA"/>
      <Bond atomName1="CAQ" atomName2="HAQ"/>
      <Bond atomName1="CAQ" atomName2="HAQA"/>
      <Bond atomName1="CAR" atomName2="HAR"/>
      <Bond atomName1="CAR" atomName2="HARA"/>
      <Bond atomName1="NAS" atomName2="HNAS"/>
      <Bond atomName1="NAT" atomName2="HNAT"/>
    </Residue>
  </Residues>
  <HarmonicBondForce>
    <Bond k="290453.27999999997" length="0.1386" type1="ca" type2="nu"/>
    <Bond k="443085.5999999999" length="0.10120000000000001" type1="hn" type2="nu"/>
    <Bond k="298068.1599999999" length="0.1379" type1="c" type2="ns"/>
    <Bond k="263759.3599999999" length="0.1412" type1="ca" type2="ns"/>
    <Bond k="441244.6399999999" length="0.1013" type1="hn" type2="ns"/>
  </HarmonicBondForce>
  <HarmonicAngleForce>
    <Angle angle="2.1476276445790226" k="952.2784" type1="ns" type2="c" type3="o"/>
    <Angle angle="2.1109757302871417" k="721.3216000000001" type1="ca" type2="ca" type3="nu"/>
    <Angle angle="2.0977112279719847" k="716.3008" type1="ca" type2="ca" type3="ns"/>
    <Angle angle="2.159146817642185" k="549.7776" type1="c" type2="ns" type3="ca"/>
    <Angle angle="2.051634535719334" k="407.52160000000003" type1="c" type2="ns" type3="hn"/>
    <Angle angle="2.224596664591972" k="545.5936" type1="ca" type2="nu" type3="ca"/>
    <Angle angle="2.0258036627898184" k="408.3584" type1="ca" type2="nu" type3="hn"/>
    <Angle angle="2.011491962923465" k="714.6272000000001" type1="ca" type2="c" type3="ns"/>
    <Angle angle="2.0245819323134224" k="401.664" type1="ca" type2="ns" type3="hn"/>
  </HarmonicAngleForce>
  <PeriodicTorsionForce>
    <Proper k1="10.46" periodicity1="2" phase1="3.141592653589793" type1="o" type2="c" type3="ns" type4="ca"/>
    <Proper k1="10.46" k2="8.368" periodicity1="2" periodicity2="1" phase1="3.141592653589793" phase2="0.0" type1="o" type2="c" type3="ns" type4="hn"/>
    <Proper k1="4.3932" periodicity1="2" phase1="3.141592653589793" type1="ca" type2="ca" type3="nu" type4="ca"/>
    <Proper k1="4.3932" periodicity1="2" phase1="3.141592653589793" type1="ca" type2="ca" type3="nu" type4="hn"/>
    <Proper k1="3.9748" periodicity1="2" phase1="3.141592653589793" type1="ca" type2="ca" type3="ns" type4="c"/>
    <Proper k1="1.8828" periodicity1="2" phase1="3.141592653589793" type1="ca" type2="ca" type3="ns" type4="hn"/>
    <Proper k1="10.46" periodicity1="2" phase1="3.141592653589793" type1="ca" type2="c" type3="ns" type4="ca"/>
    <Proper k1="10.46" periodicity1="2" phase1="3.141592653589793" type1="ca" type2="c" type3="ns" type4="hn"/>
    <Improper k1="4.6024" periodicity1="2" phase1="3.141592653589793" type1="ca" type2="ca" type3="ca" type4="ha"/>
    <Improper k1="4.6024" periodicity1="2" phase1="3.141592653589793" type1="nu" type2="ca" type3="ca" type4="hn"/>
    <Improper k1="43.932" periodicity1="2" phase1="3.141592653589793" type1="c" type2="c3" type3="ca" type4="o"/>
    <Improper k1="43.932" periodicity1="2" phase1="3.141592653589793" type1="c" type2="ca" type3="ns" type4="o"/>
    <Improper k1="4.6024" periodicity1="2" phase1="3.141592653589793" type1="ca" type2="ca" type3="ca" type4="nu"/>
    <Improper k1="4.6024" periodicity1="2" phase1="3.141592653589793" type1="ca" type2="c" type3="ca" type4="ca"/>
    <Improper k1="4.6024" periodicity1="2" phase1="3.141592653589793" type1="ca" type2="ca" type3="ca" type4="ns"/>
    <Improper k1="4.6024" periodicity1="2" phase1="3.141592653589793" type1="ns" type2="c" type3="ca" type4="hn"/>
  </PeriodicTorsionForce>
</ForceField>
