<ForceField>
  <Info>
    <DateGenerated>2019-07-05</DateGenerated>
  </Info>
  <Residues>
    <Residue name="MC_049">
      <Atom charge="-0.124" name="C4" type="ca"/>
      <Atom charge="-0.1265" name="C5" type="ca"/>
      <Atom charge="-0.0823" name="C6" type="ca"/>
      <Atom charge="0.1117" name="C7" type="c3"/>
      <Atom charge="-0.0461" name="C8" type="c3"/>
      <Atom charge="0.0278" name="C10" type="cx"/>
      <Atom charge="0.1551" name="C9" type="c3"/>
      <Atom charge="0.0564" name="C12" type="cx"/>
      <Atom charge="-0.3676" name="O13" type="op"/>
      <Atom charge="-0.0611" name="C11" type="c3"/>
      <Atom charge="-0.5829" name="N22" type="ns"/>
      <Atom charge="0.6541" name="C23" type="c"/>
      <Atom charge="-0.1681" name="C18" type="c3"/>
      <Atom charge="-0.6191" name="O49" type="o"/>
      <Atom charge="-0.13" name="C3" type="ca"/>
      <Atom charge="-0.124" name="C2" type="ca"/>
      <Atom charge="-0.1265" name="C1" type="ca"/>
      <Atom charge="0.129" name="H4" type="ha"/>
      <Atom charge="0.1265" name="H5" type="ha"/>
      <Atom charge="0.0807" name="H7" type="h1"/>
      <Atom charge="0.0757" name="H8" type="hc"/>
      <Atom charge="0.0757" name="H8A" type="hc"/>
      <Atom charge="0.0707" name="H9" type="h1"/>
      <Atom charge="0.0827" name="H12" type="h1"/>
      <Atom charge="0.0827" name="H12A" type="h1"/>
      <Atom charge="0.0447" name="H11" type="hc"/>
      <Atom charge="0.0447" name="H11A" type="hc"/>
      <Atom charge="0.0447" name="H11B" type="hc"/>
      <Atom charge="0.3205" name="HN22" type="hn"/>
      <Atom charge="0.060033" name="H18" type="hc"/>
      <Atom charge="0.060033" name="H18A" type="hc"/>
      <Atom charge="0.060033" name="H18B" type="hc"/>
      <Atom charge="0.129" name="H3" type="ha"/>
      <Atom charge="0.129" name="H2" type="ha"/>
      <Atom charge="0.1265" name="H1" type="ha"/>
      <Atom charge="-0.5958" name="O21" type="oh"/>
      <Atom charge="0.407" name="HO21" type="ho"/>
      <Bond atomName1="C3" atomName2="C4"/>
      <Bond atomName1="C4" atomName2="C5"/>
      <Bond atomName1="C4" atomName2="H4"/>
      <Bond atomName1="C6" atomName2="C5"/>
      <Bond atomName1="C5" atomName2="H5"/>
      <Bond atomName1="C1" atomName2="C6"/>
      <Bond atomName1="C6" atomName2="C8"/>
      <Bond atomName1="C9" atomName2="C7"/>
      <Bond atomName1="C7" atomName2="C8"/>
      <Bond atomName1="C7" atomName2="N22"/>
      <Bond atomName1="C7" atomName2="H7"/>
      <Bond atomName1="C8" atomName2="H8"/>
      <Bond atomName1="C8" atomName2="H8A"/>
      <Bond atomName1="C9" atomName2="C10"/>
      <Bond atomName1="C12" atomName2="C10"/>
      <Bond atomName1="C10" atomName2="C11"/>
      <Bond atomName1="C10" atomName2="O13"/>
      <Bond atomName1="O21" atomName2="C9"/>
      <Bond atomName1="O21" atomName2="HO21"/>
      <Bond atomName1="C9" atomName2="H9"/>
      <Bond atomName1="C12" atomName2="O13"/>
      <Bond atomName1="C12" atomName2="H12"/>
      <Bond atomName1="C12" atomName2="H12A"/>
      <Bond atomName1="C11" atomName2="H11"/>
      <Bond atomName1="C11" atomName2="H11A"/>
      <Bond atomName1="C11" atomName2="H11B"/>
      <Bond atomName1="N22" atomName2="C23"/>
      <Bond atomName1="N22" atomName2="HN22"/>
      <Bond atomName1="C23" atomName2="C18"/>
      <Bond atomName1="C23" atomName2="O49"/>
      <Bond atomName1="C18" atomName2="H18"/>
      <Bond atomName1="C18" atomName2="H18A"/>
      <Bond atomName1="C18" atomName2="H18B"/>
      <Bond atomName1="C2" atomName2="C3"/>
      <Bond atomName1="C3" atomName2="H3"/>
      <Bond atomName1="C2" atomName2="C1"/>
      <Bond atomName1="C2" atomName2="H2"/>
      <Bond atomName1="C1" atomName2="H1"/>
    </Residue>
  </Residues>
  <HarmonicBondForce>
    <Bond k="220747.83999999997" length="0.1462" type1="c3" type2="ns"/>
    <Bond k="298068.1599999999" length="0.1379" type1="c" type2="ns"/>
    <Bond k="441244.6399999999" length="0.1013" type1="hn" type2="ns"/>
  </HarmonicBondForce>
  <HarmonicAngleForce>
    <Angle angle="2.1064378742319563" k="546.4304" type1="c" type2="ns" type3="c3"/>
    <Angle angle="2.053903463746927" k="385.76480000000004" type1="c3" type2="ns" type3="hn"/>
    <Angle angle="1.9479619781508712" k="696.2176000000001" type1="c3" type2="c3" type3="ns"/>
    <Angle angle="1.900314489571426" k="514.6320000000001" type1="h1" type2="c3" type3="ns"/>
    <Angle angle="2.010270232447069" k="705.4224" type1="c3" type2="c" type3="ns"/>
    <Angle angle="2.1476276445790226" k="952.2784" type1="ns" type2="c" type3="o"/>
    <Angle angle="2.051634535719334" k="407.52160000000003" type1="c" type2="ns" type3="hn"/>
  </HarmonicAngleForce>
  <PeriodicTorsionForce>
    <Proper k1="0.87864" periodicity1="3" phase1="0.0" type1="ca" type2="c3" type3="c3" type4="ns"/>
    <Proper k1="0.5439200000000001" k2="1.21336" k3="0.46024000000000004" periodicity1="3" periodicity2="2" periodicity3="1" phase1="0.0" phase2="3.141592653589793" phase3="0.0" type1="c3" type2="c3" type3="cx" type4="cx"/>
    <Proper k1="0.6508444444444444" periodicity1="3" phase1="0.0" type1="c3" type2="c3" type3="cx" type4="op"/>
    <Proper k1="0.5439200000000001" k2="1.21336" k3="0.46024000000000004" periodicity1="3" periodicity2="2" periodicity3="1" phase1="0.0" phase2="3.141592653589793" phase3="0.0" type1="c3" type2="c3" type3="cx" type4="c3"/>
    <Proper k1="1.0878400000000001" k2="2.092" periodicity1="2" periodicity2="1" phase1="3.141592653589793" phase2="0.0" type1="c3" type2="c" type3="ns" type4="c3"/>
    <Proper k1="10.46" periodicity1="2" phase1="3.141592653589793" type1="o" type2="c" type3="ns" type4="c3"/>
    <Proper k1="0.41840000000000005" k2="0.7112800000000001" k3="4.26768" periodicity1="4" periodicity2="3" periodicity3="1" phase1="3.141592653589793" phase2="0.0" phase3="3.141592653589793" type1="c3" type2="c3" type3="ns" type4="c"/>
    <Proper k1="0.0" periodicity1="2" phase1="0.0" type1="c3" type2="c3" type3="ns" type4="hn"/>
    <Proper k1="1.00416" k2="0.66944" periodicity1="3" periodicity2="2" phase1="0.0" phase2="0.0" type1="cx" type2="cx" type3="op" type4="cx"/>
    <Proper k1="1.4100080000000002" periodicity1="3" phase1="0.0" type1="h1" type2="cx" type3="op" type4="cx"/>
    <Proper k1="1.00416" k2="0.66944" periodicity1="3" periodicity2="2" phase1="0.0" phase2="0.0" type1="c3" type2="cx" type3="op" type4="cx"/>
    <Proper k1="0.33472" periodicity1="3" phase1="0.0" type1="hc" type2="c3" type3="cx" type4="c3"/>
    <Proper k1="0.33472" periodicity1="3" phase1="0.0" type1="h1" type2="c3" type3="cx" type4="cx"/>
    <Proper k1="0.87864" periodicity1="3" phase1="0.0" type1="oh" type2="c3" type3="cx" type4="cx"/>
    <Proper k1="0.33472" periodicity1="3" phase1="0.0" type1="hc" type2="c3" type3="cx" type4="cx"/>
    <Proper k1="0.0" k2="1.046" periodicity1="3" periodicity2="1" phase1="0.0" phase2="0.0" type1="h1" type2="c3" type3="cx" type4="op"/>
    <Proper k1="4.22584" k2="0.0" k3="0.08368" periodicity1="3" periodicity2="2" periodicity3="1" phase1="0.0" phase2="0.0" phase3="3.141592653589793" type1="oh" type2="c3" type3="cx" type4="op"/>
    <Proper k1="0.0" k2="1.046" periodicity1="3" periodicity2="1" phase1="0.0" phase2="0.0" type1="hc" type2="c3" type3="cx" type4="op"/>
    <Proper k1="0.33472" periodicity1="3" phase1="0.0" type1="h1" type2="c3" type3="cx" type4="c3"/>
    <Proper k1="0.87864" periodicity1="3" phase1="0.0" type1="oh" type2="c3" type3="cx" type4="c3"/>
    <Proper k1="0.42258400000000007" periodicity1="3" phase1="0.0" type1="ns" type2="c3" type3="c3" type4="oh"/>
    <Proper k1="0.0" periodicity1="2" phase1="3.141592653589793" type1="h1" type2="c3" type3="ns" type4="c"/>
    <Proper k1="10.46" periodicity1="2" phase1="3.141592653589793" type1="c3" type2="c" type3="ns" type4="hn"/>
    <Proper k1="10.46" k2="8.368" periodicity1="2" periodicity2="1" phase1="3.141592653589793" phase2="0.0" type1="o" type2="c" type3="ns" type4="hn"/>
    <Proper k1="0.0" periodicity1="2" phase1="0.0" type1="h1" type2="c3" type3="ns" type4="hn"/>
    <Improper k1="4.6024" periodicity1="2" phase1="3.141592653589793" type1="ca" type2="ca" type3="ca" type4="ha"/>
    <Improper k1="4.6024" periodicity1="2" phase1="3.141592653589793" type1="ns" type2="c" type3="c3" type4="hn"/>
    <Improper k1="43.932" periodicity1="2" phase1="3.141592653589793" type1="c" type2="c3" type3="ns" type4="o"/>
  </PeriodicTorsionForce>
</ForceField>
