<ForceField>
  <Info>
    <DateGenerated>2019-07-05</DateGenerated>
  </Info>
  <Residues>
    <Residue name="MC_04A">
      <Atom charge="-0.5041" name="OAA" type="o"/>
      <Atom charge="-0.5041" name="OAB" type="o"/>
      <Atom charge="-0.12" name="CAC" type="ca"/>
      <Atom charge="-0.12" name="CAD" type="ca"/>
      <Atom charge="-0.12425" name="CAE" type="ca"/>
      <Atom charge="-0.12425" name="CAF" type="ca"/>
      <Atom charge="-0.12425" name="CAG" type="ca"/>
      <Atom charge="-0.12425" name="CAH" type="ca"/>
      <Atom charge="-0.10725" name="CAI" type="ca"/>
      <Atom charge="-0.10725" name="CAJ" type="ca"/>
      <Atom charge="-0.10725" name="CAK" type="ca"/>
      <Atom charge="-0.10725" name="CAL" type="ca"/>
      <Atom charge="0.0177" name="CAM" type="c3"/>
      <Atom charge="0.0177" name="CAN" type="c3"/>
      <Atom charge="-0.0772" name="CAP" type="c3"/>
      <Atom charge="-0.1031" name="CAQ" type="c3"/>
      <Atom charge="-0.1031" name="CAR" type="c3"/>
      <Atom charge="-0.2855" name="NAS" type="nc"/>
      <Atom charge="-0.2855" name="NAT" type="nc"/>
      <Atom charge="-0.337" name="NAU" type="nc"/>
      <Atom charge="-0.337" name="NAV" type="nc"/>
      <Atom charge="-0.5324" name="NAW" type="ns"/>
      <Atom charge="-0.5324" name="NAX" type="ns"/>
      <Atom charge="-0.3512" name="SAY" type="ss"/>
      <Atom charge="-0.3223" name="SAZ" type="ss"/>
      <Atom charge="-0.3223" name="SBA" type="ss"/>
      <Atom charge="0.6406" name="CBB" type="c"/>
      <Atom charge="0.6406" name="CBC" type="c"/>
      <Atom charge="-0.0748" name="CBD" type="ca"/>
      <Atom charge="-0.0748" name="CBE" type="ca"/>
      <Atom charge="0.3932" name="CBF" type="cd"/>
      <Atom charge="0.3932" name="CBG" type="cd"/>
      <Atom charge="0.5313" name="CBH" type="cd"/>
      <Atom charge="0.5313" name="CBI" type="cd"/>
      <Atom charge="0.13" name="HAC" type="ha"/>
      <Atom charge="0.131" name="HAE" type="ha"/>
      <Atom charge="0.131" name="HAF" type="ha"/>
      <Atom charge="0.131" name="HAG" type="ha"/>
      <Atom charge="0.131" name="HAH" type="ha"/>
      <Atom charge="0.1285" name="HAI" type="ha"/>
      <Atom charge="0.1285" name="HAJ" type="ha"/>
      <Atom charge="0.1285" name="HAK" type="ha"/>
      <Atom charge="0.1285" name="HAL" type="ha"/>
      <Atom charge="0.0677" name="HAM" type="h1"/>
      <Atom charge="0.0677" name="HAMA" type="h1"/>
      <Atom charge="0.0677" name="HAN" type="h1"/>
      <Atom charge="0.0677" name="HANA" type="h1"/>
      <Atom charge="0.07945" name="HAP" type="hc"/>
      <Atom charge="0.07945" name="HAPA" type="hc"/>
      <Atom charge="0.06745" name="HAQ" type="hc"/>
      <Atom charge="0.06745" name="HAQA" type="hc"/>
      <Atom charge="0.06745" name="HAR" type="hc"/>
      <Atom charge="0.06745" name="HARA" type="hc"/>
      <Atom charge="0.3355" name="HNAW" type="hn"/>
      <Atom charge="0.3355" name="HNAX" type="hn"/>
      <Atom charge="-0.0772" name="CAO" type="c3"/>
      <Atom charge="0.13" name="HAD" type="ha"/>
      <Atom charge="0.07945" name="HAO" type="hc"/>
      <Atom charge="0.07945" name="HAOA" type="hc"/>
      <Bond atomName1="OAA" atomName2="CBB"/>
      <Bond atomName1="CBC" atomName2="OAB"/>
      <Bond atomName1="CAF" atomName2="CAC"/>
      <Bond atomName1="CAC" atomName2="CAE"/>
      <Bond atomName1="CAC" atomName2="HAC"/>
      <Bond atomName1="CAG" atomName2="CAD"/>
      <Bond atomName1="CAH" atomName2="CAD"/>
      <Bond atomName1="CAD" atomName2="HAD"/>
      <Bond atomName1="CAE" atomName2="CAI"/>
      <Bond atomName1="CAE" atomName2="HAE"/>
      <Bond atomName1="CAF" atomName2="CAJ"/>
      <Bond atomName1="CAF" atomName2="HAF"/>
      <Bond atomName1="CAK" atomName2="CAG"/>
      <Bond atomName1="CAG" atomName2="HAG"/>
      <Bond atomName1="CAL" atomName2="CAH"/>
      <Bond atomName1="CAH" atomName2="HAH"/>
      <Bond atomName1="CBD" atomName2="CAI"/>
      <Bond atomName1="CAI" atomName2="HAI"/>
      <Bond atomName1="CAJ" atomName2="CBD"/>
      <Bond atomName1="CAJ" atomName2="HAJ"/>
      <Bond atomName1="CBE" atomName2="CAK"/>
      <Bond atomName1="CAK" atomName2="HAK"/>
      <Bond atomName1="CBE" atomName2="CAL"/>
      <Bond atomName1="CAL" atomName2="HAL"/>
      <Bond atomName1="CAO" atomName2="CAM"/>
      <Bond atomName1="CAM" atomName2="SAY"/>
      <Bond atomName1="CAM" atomName2="HAM"/>
      <Bond atomName1="CAM" atomName2="HAMA"/>
      <Bond atomName1="SAY" atomName2="CAN"/>
      <Bond atomName1="CAP" atomName2="CAN"/>
      <Bond atomName1="CAN" atomName2="HAN"/>
      <Bond atomName1="CAN" atomName2="HANA"/>
      <Bond atomName1="CAO" atomName2="CBF"/>
      <Bond atomName1="CAO" atomName2="HAO"/>
      <Bond atomName1="CAO" atomName2="HAOA"/>
      <Bond atomName1="CBG" atomName2="CAP"/>
      <Bond atomName1="CAP" atomName2="HAP"/>
      <Bond atomName1="CAP" atomName2="HAPA"/>
      <Bond atomName1="CBB" atomName2="CAQ"/>
      <Bond atomName1="CBD" atomName2="CAQ"/>
      <Bond atomName1="CAQ" atomName2="HAQ"/>
      <Bond atomName1="CAQ" atomName2="HAQA"/>
      <Bond atomName1="CAR" atomName2="CBE"/>
      <Bond atomName1="CAR" atomName2="CBC"/>
      <Bond atomName1="CAR" atomName2="HAR"/>
      <Bond atomName1="CAR" atomName2="HARA"/>
      <Bond atomName1="CBF" atomName2="NAS"/>
      <Bond atomName1="NAS" atomName2="NAU"/>
      <Bond atomName1="NAV" atomName2="NAT"/>
      <Bond atomName1="NAT" atomName2="CBG"/>
      <Bond atomName1="CBH" atomName2="NAU"/>
      <Bond atomName1="NAV" atomName2="CBI"/>
      <Bond atomName1="CBB" atomName2="NAW"/>
      <Bond atomName1="CBH" atomName2="NAW"/>
      <Bond atomName1="NAW" atomName2="HNAW"/>
      <Bond atomName1="NAX" atomName2="CBI"/>
      <Bond atomName1="NAX" atomName2="CBC"/>
      <Bond atomName1="NAX" atomName2="HNAX"/>
      <Bond atomName1="SAZ" atomName2="CBF"/>
      <Bond atomName1="SAZ" atomName2="CBH"/>
      <Bond atomName1="CBI" atomName2="SBA"/>
      <Bond atomName1="CBG" atomName2="SBA"/>
    </Residue>
  </Residues>
  <HarmonicBondForce>
    <Bond k="298068.1599999999" length="0.1379" type1="c" type2="ns"/>
    <Bond k="296059.83999999997" length="0.1381" type1="cd" type2="ns"/>
    <Bond k="441244.6399999999" length="0.1013" type1="hn" type2="ns"/>
  </HarmonicBondForce>
  <HarmonicAngleForce>
    <Angle angle="2.1476276445790226" k="952.2784" type1="ns" type2="c" type3="o"/>
    <Angle angle="2.010270232447069" k="705.4224" type1="c3" type2="c" type3="ns"/>
    <Angle angle="2.1467549799530254" k="922.9904" type1="nc" type2="cd" type3="ns"/>
    <Angle angle="2.144660584850632" k="666.9296" type1="ns" type2="cd" type3="ss"/>
    <Angle angle="2.15146736893341" k="557.3088" type1="c" type2="ns" type3="cd"/>
    <Angle angle="2.051634535719334" k="407.52160000000003" type1="c" type2="ns" type3="hn"/>
    <Angle angle="2.0814796659284376" k="404.1744" type1="cd" type2="ns" type3="hn"/>
  </HarmonicAngleForce>
  <PeriodicTorsionForce>
    <Proper k1="10.46" periodicity1="2" phase1="3.141592653589793" type1="o" type2="c" type3="ns" type4="cd"/>
    <Proper k1="10.46" k2="8.368" periodicity1="2" periodicity2="1" phase1="3.141592653589793" phase2="0.0" type1="o" type2="c" type3="ns" type4="hn"/>
    <Proper k1="4.6024" periodicity1="2" phase1="3.141592653589793" type1="c3" type2="cd" type3="ss" type4="cd"/>
    <Proper k1="10.46" periodicity1="2" phase1="3.141592653589793" type1="c3" type2="c" type3="ns" type4="cd"/>
    <Proper k1="10.46" periodicity1="2" phase1="3.141592653589793" type1="c3" type2="c" type3="ns" type4="hn"/>
    <Proper k1="4.6024" periodicity1="2" phase1="3.141592653589793" type1="nc" type2="cd" type3="ss" type4="cd"/>
    <Proper k1="6.9036" periodicity1="2" phase1="3.141592653589793" type1="nc" type2="cd" type3="ns" type4="c"/>
    <Proper k1="6.9036" periodicity1="2" phase1="3.141592653589793" type1="nc" type2="cd" type3="ns" type4="hn"/>
    <Proper k1="4.6024" periodicity1="2" phase1="3.141592653589793" type1="ns" type2="cd" type3="ss" type4="cd"/>
    <Proper k1="6.9036" periodicity1="2" phase1="3.141592653589793" type1="ss" type2="cd" type3="ns" type4="c"/>
    <Proper k1="6.9036" periodicity1="2" phase1="3.141592653589793" type1="ss" type2="cd" type3="ns" type4="hn"/>
    <Improper k1="4.6024" periodicity1="2" phase1="3.141592653589793" type1="ca" type2="ca" type3="ca" type4="ha"/>
    <Improper k1="4.6024" periodicity1="2" phase1="3.141592653589793" type1="ns" type2="c" type3="cd" type4="hn"/>
    <Improper k1="43.932" periodicity1="2" phase1="3.141592653589793" type1="c" type2="c3" type3="ns" type4="o"/>
    <Improper k1="4.6024" periodicity1="2" phase1="3.141592653589793" type1="cd" type2="c3" type3="nc" type4="ss"/>
    <Improper k1="4.6024" periodicity1="2" phase1="3.141592653589793" type1="cd" type2="nc" type3="ns" type4="ss"/>
  </PeriodicTorsionForce>
</ForceField>
