<ForceField>
  <Info>
    <DateGenerated>2019-07-05</DateGenerated>
  </Info>
  <Residues>
    <Residue name="MC_04D">
      <Atom charge="-0.8166" name="N5" type="nz"/>
      <Atom charge="-0.5578" name="O6" type="oh"/>
      <Atom charge="-0.6018" name="O7" type="oh"/>
      <Atom charge="0.0385" name="C20" type="c3"/>
      <Atom charge="0.1501" name="C21" type="c3"/>
      <Atom charge="-0.0671" name="C24" type="c3"/>
      <Atom charge="-0.0671" name="C25" type="c3"/>
      <Atom charge="-0.1784" name="C26" type="c3"/>
      <Atom charge="0.1484" name="C27" type="c3"/>
      <Atom charge="-0.0801" name="C28" type="c3"/>
      <Atom charge="-0.0897" name="C29" type="c3"/>
      <Atom charge="0.465133" name="HN5" type="hn"/>
      <Atom charge="0.437" name="HO6" type="ho"/>
      <Atom charge="0.427" name="HO7" type="ho"/>
      <Atom charge="0.1477" name="H20" type="hx"/>
      <Atom charge="0.0377" name="H21" type="h1"/>
      <Atom charge="0.2647" name="H23" type="hc"/>
      <Atom charge="0.0467" name="H24" type="hc"/>
      <Atom charge="0.0467" name="H24A" type="hc"/>
      <Atom charge="0.0467" name="H24B" type="hc"/>
      <Atom charge="0.0467" name="H25" type="hc"/>
      <Atom charge="0.0467" name="H25A" type="hc"/>
      <Atom charge="0.0467" name="H25B" type="hc"/>
      <Atom charge="0.1102" name="H26" type="hc"/>
      <Atom charge="0.1102" name="H26A" type="hc"/>
      <Atom charge="0.0327" name="H27" type="h1"/>
      <Atom charge="0.0327" name="H27A" type="h1"/>
      <Atom charge="0.060367" name="H28" type="hc"/>
      <Atom charge="0.060367" name="H28A" type="hc"/>
      <Atom charge="0.060367" name="H28B" type="hc"/>
      <Atom charge="0.0327" name="H29" type="hc"/>
      <Atom charge="0.465133" name="H2" type="hn"/>
      <Atom charge="-0.3677" name="C23" type="c3"/>
      <Atom charge="0.465133" name="H53" type="hn"/>
      <Bond atomName1="C20" atomName2="N5"/>
      <Bond atomName1="N5" atomName2="HN5"/>
      <Bond atomName1="C21" atomName2="O6"/>
      <Bond atomName1="O6" atomName2="HO6"/>
      <Bond atomName1="O7" atomName2="C27"/>
      <Bond atomName1="O7" atomName2="HO7"/>
      <Bond atomName1="C21" atomName2="C20"/>
      <Bond atomName1="C26" atomName2="C20"/>
      <Bond atomName1="C20" atomName2="H20"/>
      <Bond atomName1="C29" atomName2="C21"/>
      <Bond atomName1="C21" atomName2="H21"/>
      <Bond atomName1="C26" atomName2="C23"/>
      <Bond atomName1="C23" atomName2="C25"/>
      <Bond atomName1="C23" atomName2="C24"/>
      <Bond atomName1="C23" atomName2="H23"/>
      <Bond atomName1="C24" atomName2="H24"/>
      <Bond atomName1="C24" atomName2="H24A"/>
      <Bond atomName1="C24" atomName2="H24B"/>
      <Bond atomName1="C25" atomName2="H25"/>
      <Bond atomName1="C25" atomName2="H25A"/>
      <Bond atomName1="C25" atomName2="H25B"/>
      <Bond atomName1="C26" atomName2="H26"/>
      <Bond atomName1="C26" atomName2="H26A"/>
      <Bond atomName1="C29" atomName2="C27"/>
      <Bond atomName1="C27" atomName2="H27"/>
      <Bond atomName1="C27" atomName2="H27A"/>
      <Bond atomName1="C29" atomName2="C28"/>
      <Bond atomName1="C28" atomName2="H28"/>
      <Bond atomName1="C28" atomName2="H28A"/>
      <Bond atomName1="C28" atomName2="H28B"/>
      <Bond atomName1="C29" atomName2="H29"/>
      <Bond atomName1="N5" atomName2="H2"/>
      <Bond atomName1="H53" atomName2="N5"/>
    </Residue>
  </Residues>
  <HarmonicBondForce>
    <Bond k="186271.67999999996" length="0.1511" type1="c3" type2="nz"/>
    <Bond k="404090.7199999999" length="0.10300000000000001" type1="hn" type2="nz"/>
  </HarmonicBondForce>
  <HarmonicAngleForce>
    <Angle angle="1.9933405387027237" k="677.808" type1="c3" type2="c3" type3="nz"/>
    <Angle angle="1.8851301250790755" k="502.9168" type1="hx" type2="c3" type3="nz"/>
    <Angle angle="1.9217820393709562" k="386.6016" type1="c3" type2="nz" type3="hn"/>
    <Angle angle="1.8901915799098588" k="334.72" type1="hn" type2="nz" type3="hn"/>
  </HarmonicAngleForce>
  <PeriodicTorsionForce>
    <Proper k1="0.602496" k2="5.4392000000000005" periodicity1="3" periodicity2="2" phase1="0.0" phase2="0.0" type1="nz" type2="c3" type3="c3" type4="oh"/>
    <Proper k1="0.87864" periodicity1="3" phase1="0.0" type1="c3" type2="c3" type3="c3" type4="nz"/>
    <Proper k1="0.6508444444444444" periodicity1="3" phase1="0.0" type1="c3" type2="c3" type3="nz" type4="hn"/>
    <Proper k1="0.456056" periodicity1="3" phase1="0.0" type1="hx" type2="c3" type3="nz" type4="hn"/>
  </PeriodicTorsionForce>
</ForceField>
