<ForceField>
  <Info>
    <DateGenerated>2019-07-05</DateGenerated>
  </Info>
  <Residues>
    <Residue name="MC_04E">
      <Atom charge="0.8846" name="C1" type="c"/>
      <Atom charge="-0.8268" name="O1" type="o"/>
      <Atom charge="0.0365" name="CH3" type="c3"/>
      <Atom charge="0.0527" name="H1" type="h1"/>
      <Atom charge="0.0527" name="H2" type="h1"/>
      <Atom charge="-0.3719" name="I1" type="i"/>
      <Atom charge="-0.8268" name="OXT" type="o"/>
      <Bond atomName1="CH3" atomName2="C1"/>
      <Bond atomName1="C1" atomName2="O1"/>
      <Bond atomName1="CH3" atomName2="H1"/>
      <Bond atomName1="CH3" atomName2="H2"/>
      <Bond atomName1="CH3" atomName2="I1"/>
      <Bond atomName1="C1" atomName2="OXT"/>
    </Residue>
  </Residues>
  <HarmonicAngleForce>
    <Angle angle="1.9270180271269393" k="599.9856000000001" type1="c" type2="c3" type3="i"/>
  </HarmonicAngleForce>
  <PeriodicTorsionForce>
    <Improper k1="4.6024" periodicity1="2" phase1="3.141592653589793" type1="c" type2="c3" type3="o" type4="o"/>
  </PeriodicTorsionForce>
</ForceField>
