<ForceField>
  <Info>
    <DateGenerated>2019-07-05</DateGenerated>
  </Info>
  <Residues>
    <Residue name="MC_04L">
      <Atom charge="0.4894" name="C1" type="cc"/>
      <Atom charge="-0.36" name="N2" type="na"/>
      <Atom charge="-0.5901" name="N3" type="nd"/>
      <Atom charge="0.4008" name="C4" type="ca"/>
      <Atom charge="0.6757" name="C5" type="c"/>
      <Atom charge="-0.0019" name="C6" type="ca"/>
      <Atom charge="-0.1396" name="C7" type="ca"/>
      <Atom charge="-0.686" name="N8" type="nb"/>
      <Atom charge="-0.031" name="C10" type="ca"/>
      <Atom charge="0.6683" name="C11" type="c"/>
      <Atom charge="-0.2662" name="C12" type="cf"/>
      <Atom charge="-0.0897" name="C14" type="ca"/>
      <Atom charge="-0.0072" name="C15" type="ce"/>
      <Atom charge="-0.143" name="C16" type="ca"/>
      <Atom charge="-0.1079" name="C17" type="ca"/>
      <Atom charge="-0.5871" name="O18" type="o"/>
      <Atom charge="-0.0323" name="C19" type="ca"/>
      <Atom charge="0.0466" name="C20" type="ca"/>
      <Atom charge="-0.6011" name="O21" type="o"/>
      <Atom charge="0.4192" name="C22" type="ca"/>
      <Atom charge="-0.122" name="C23" type="ca"/>
      <Atom charge="-0.098" name="C24" type="ca"/>
      <Atom charge="-0.0868" name="C25" type="ca"/>
      <Atom charge="-0.0448" name="C26" type="c3"/>
      <Atom charge="-0.098" name="C27" type="ca"/>
      <Atom charge="-0.098" name="C28" type="ca"/>
      <Atom charge="-0.104" name="C29" type="ca"/>
      <Atom charge="-0.104" name="C30" type="ca"/>
      <Atom charge="-0.1305" name="C31" type="ca"/>
      <Atom charge="-0.1305" name="C32" type="ca"/>
      <Atom charge="-0.131" name="C33" type="ca"/>
      <Atom charge="-0.131" name="C34" type="ca"/>
      <Atom charge="-0.114" name="C35" type="ca"/>
      <Atom charge="-0.113" name="C36" type="ca"/>
      <Atom charge="0.3245" name="HN9" type="hn"/>
      <Atom charge="0.169" name="H10" type="ha"/>
      <Atom charge="0.131" name="H12" type="ha"/>
      <Atom charge="0.3235" name="HN13" type="hn"/>
      <Atom charge="0.159" name="H15" type="ha"/>
      <Atom charge="0.12" name="H16" type="ha"/>
      <Atom charge="0.0231" name="H22" type="h4"/>
      <Atom charge="0.143" name="H23" type="ha"/>
      <Atom charge="0.166" name="H24" type="ha"/>
      <Atom charge="0.0547" name="H26" type="hc"/>
      <Atom charge="0.0547" name="H26A" type="hc"/>
      <Atom charge="0.0547" name="H26B" type="hc"/>
      <Atom charge="0.142" name="H27" type="ha"/>
      <Atom charge="0.142" name="H28" type="ha"/>
      <Atom charge="0.1345" name="H29" type="ha"/>
      <Atom charge="0.1345" name="H30" type="ha"/>
      <Atom charge="0.136" name="H31" type="ha"/>
      <Atom charge="0.136" name="H32" type="ha"/>
      <Atom charge="0.134" name="H33" type="ha"/>
      <Atom charge="0.134" name="H34" type="ha"/>
      <Atom charge="0.133" name="H35" type="ha"/>
      <Atom charge="0.133" name="H36" type="ha"/>
      <Atom charge="0.3127" name="HN2" type="hn"/>
      <Atom charge="-0.4731" name="N9" type="ns"/>
      <Atom charge="-0.4721" name="N13" type="ns"/>
      <Bond atomName1="C17" atomName2="C1"/>
      <Bond atomName1="N2" atomName2="C1"/>
      <Bond atomName1="C1" atomName2="N3"/>
      <Bond atomName1="N2" atomName2="C4"/>
      <Bond atomName1="N3" atomName2="C6"/>
      <Bond atomName1="C4" atomName2="N8"/>
      <Bond atomName1="C4" atomName2="C6"/>
      <Bond atomName1="N9" atomName2="C5"/>
      <Bond atomName1="O18" atomName2="C5"/>
      <Bond atomName1="C5" atomName2="C7"/>
      <Bond atomName1="C6" atomName2="C10"/>
      <Bond atomName1="C7" atomName2="C19"/>
      <Bond atomName1="C7" atomName2="C16"/>
      <Bond atomName1="N8" atomName2="C22"/>
      <Bond atomName1="C14" atomName2="N9"/>
      <Bond atomName1="N9" atomName2="HN9"/>
      <Bond atomName1="C10" atomName2="C14"/>
      <Bond atomName1="C10" atomName2="H10"/>
      <Bond atomName1="O21" atomName2="C11"/>
      <Bond atomName1="C11" atomName2="N13"/>
      <Bond atomName1="C11" atomName2="C12"/>
      <Bond atomName1="C15" atomName2="C12"/>
      <Bond atomName1="C12" atomName2="H12"/>
      <Bond atomName1="C20" atomName2="N13"/>
      <Bond atomName1="N13" atomName2="HN13"/>
      <Bond atomName1="C22" atomName2="C14"/>
      <Bond atomName1="C15" atomName2="C25"/>
      <Bond atomName1="C15" atomName2="H15"/>
      <Bond atomName1="C16" atomName2="C20"/>
      <Bond atomName1="C16" atomName2="H16"/>
      <Bond atomName1="C27" atomName2="C17"/>
      <Bond atomName1="C17" atomName2="C28"/>
      <Bond atomName1="C26" atomName2="C19"/>
      <Bond atomName1="C19" atomName2="C23"/>
      <Bond atomName1="C20" atomName2="C24"/>
      <Bond atomName1="C22" atomName2="H22"/>
      <Bond atomName1="C23" atomName2="C24"/>
      <Bond atomName1="C23" atomName2="H23"/>
      <Bond atomName1="C24" atomName2="H24"/>
      <Bond atomName1="C29" atomName2="C25"/>
      <Bond atomName1="C25" atomName2="C30"/>
      <Bond atomName1="C26" atomName2="H26"/>
      <Bond atomName1="C26" atomName2="H26A"/>
      <Bond atomName1="C26" atomName2="H26B"/>
      <Bond atomName1="C31" atomName2="C27"/>
      <Bond atomName1="C27" atomName2="H27"/>
      <Bond atomName1="C32" atomName2="C28"/>
      <Bond atomName1="C28" atomName2="H28"/>
      <Bond atomName1="C29" atomName2="C33"/>
      <Bond atomName1="C29" atomName2="H29"/>
      <Bond atomName1="C30" atomName2="C34"/>
      <Bond atomName1="C30" atomName2="H30"/>
      <Bond atomName1="C31" atomName2="C35"/>
      <Bond atomName1="C31" atomName2="H31"/>
      <Bond atomName1="C35" atomName2="C32"/>
      <Bond atomName1="C32" atomName2="H32"/>
      <Bond atomName1="C33" atomName2="C36"/>
      <Bond atomName1="C33" atomName2="H33"/>
      <Bond atomName1="C36" atomName2="C34"/>
      <Bond atomName1="C34" atomName2="H34"/>
      <Bond atomName1="C35" atomName2="H35"/>
      <Bond atomName1="C36" atomName2="H36"/>
      <Bond atomName1="N2" atomName2="HN2"/>
    </Residue>
  </Residues>
  <HarmonicBondForce>
    <Bond k="298068.1599999999" length="0.1379" type1="c" type2="ns"/>
    <Bond k="263759.3599999999" length="0.1412" type1="ca" type2="ns"/>
    <Bond k="441244.6399999999" length="0.1013" type1="hn" type2="ns"/>
  </HarmonicBondForce>
  <HarmonicAngleForce>
    <Angle angle="2.159146817642185" k="549.7776" type1="c" type2="ns" type3="ca"/>
    <Angle angle="2.051634535719334" k="407.52160000000003" type1="c" type2="ns" type3="hn"/>
    <Angle angle="2.011491962923465" k="714.6272000000001" type1="ca" type2="c" type3="ns"/>
    <Angle angle="2.0977112279719847" k="716.3008" type1="ca" type2="ca" type3="ns"/>
    <Angle angle="2.0109683641478666" k="717.1376" type1="cf" type2="c" type3="ns"/>
    <Angle angle="2.0245819323134224" k="401.664" type1="ca" type2="ns" type3="hn"/>
    <Angle angle="2.1476276445790226" k="952.2784" type1="ns" type2="c" type3="o"/>
  </HarmonicAngleForce>
  <PeriodicTorsionForce>
    <Proper k1="2.9288" periodicity1="2" phase1="3.141592653589793" type1="ca" type2="ca" type3="cc" type4="na"/>
    <Proper k1="2.9288" periodicity1="2" phase1="3.141592653589793" type1="ca" type2="ca" type3="cc" type4="nd"/>
    <Proper k1="3.9748" periodicity1="2" phase1="3.141592653589793" type1="ca" type2="ca" type3="ns" type4="c"/>
    <Proper k1="10.46" periodicity1="2" phase1="3.141592653589793" type1="ca" type2="c" type3="ns" type4="ca"/>
    <Proper k1="10.46" periodicity1="2" phase1="3.141592653589793" type1="ca" type2="c" type3="ns" type4="hn"/>
    <Proper k1="1.8828" periodicity1="2" phase1="3.141592653589793" type1="ca" type2="ca" type3="ns" type4="hn"/>
    <Proper k1="10.46" periodicity1="2" phase1="3.141592653589793" type1="cf" type2="c" type3="ns" type4="ca"/>
    <Proper k1="10.46" periodicity1="2" phase1="3.141592653589793" type1="cf" type2="c" type3="ns" type4="hn"/>
    <Proper k1="2.11292" periodicity1="2" phase1="3.141592653589793" type1="ca" type2="ca" type3="ce" type4="cf"/>
    <Proper k1="10.46" periodicity1="2" phase1="3.141592653589793" type1="o" type2="c" type3="ns" type4="ca"/>
    <Proper k1="10.46" k2="8.368" periodicity1="2" periodicity2="1" phase1="3.141592653589793" phase2="0.0" type1="o" type2="c" type3="ns" type4="hn"/>
    <Proper k1="2.9288" periodicity1="2" phase1="3.141592653589793" type1="ca" type2="ca" type3="ce" type4="ha"/>
    <Improper k1="4.6024" periodicity1="2" phase1="3.141592653589793" type1="cc" type2="ca" type3="na" type4="nd"/>
    <Improper k1="4.6024" periodicity1="2" phase1="3.141592653589793" type1="na" type2="ca" type3="cc" type4="hn"/>
    <Improper k1="4.6024" periodicity1="2" phase1="3.141592653589793" type1="ca" type2="ca" type3="na" type4="nb"/>
    <Improper k1="43.932" periodicity1="2" phase1="3.141592653589793" type1="c" type2="ca" type3="ns" type4="o"/>
    <Improper k1="4.6024" periodicity1="2" phase1="3.141592653589793" type1="ca" type2="ca" type3="ca" type4="nd"/>
    <Improper k1="4.6024" periodicity1="2" phase1="3.141592653589793" type1="ca" type2="c" type3="ca" type4="ca"/>
    <Improper k1="4.6024" periodicity1="2" phase1="3.141592653589793" type1="ca" type2="ca" type3="ca" type4="ha"/>
    <Improper k1="43.932" periodicity1="2" phase1="3.141592653589793" type1="c" type2="cf" type3="ns" type4="o"/>
    <Improper k1="4.6024" periodicity1="2" phase1="3.141592653589793" type1="cf" type2="c" type3="ce" type4="ha"/>
    <Improper k1="4.6024" periodicity1="2" phase1="3.141592653589793" type1="ca" type2="ca" type3="ca" type4="ns"/>
    <Improper k1="4.6024" periodicity1="2" phase1="3.141592653589793" type1="ce" type2="ca" type3="cf" type4="ha"/>
    <Improper k1="4.6024" periodicity1="2" phase1="3.141592653589793" type1="ca" type2="ca" type3="ca" type4="cc"/>
    <Improper k1="4.6024" periodicity1="2" phase1="3.141592653589793" type1="ca" type2="ca" type3="h4" type4="nb"/>
    <Improper k1="4.6024" periodicity1="2" phase1="3.141592653589793" type1="ca" type2="ca" type3="ca" type4="ce"/>
    <Improper k1="4.6024" periodicity1="2" phase1="3.141592653589793" type1="ns" type2="c" type3="ca" type4="hn"/>
  </PeriodicTorsionForce>
</ForceField>
