<ForceField>
  <Info>
    <DateGenerated>2019-07-05</DateGenerated>
  </Info>
  <Residues>
    <Residue name="MC_04M">
      <Atom charge="-0.0921" name="CAA" type="c3"/>
      <Atom charge="-0.8228" name="OAB" type="o"/>
      <Atom charge="-0.6543" name="OAC" type="o"/>
      <Atom charge="-0.6543" name="OAD" type="o"/>
      <Atom charge="-0.8228" name="OAE" type="o"/>
      <Atom charge="-0.1" name="CAF" type="ca"/>
      <Atom charge="-0.135" name="CAG" type="ca"/>
      <Atom charge="-0.22" name="CAH" type="ca"/>
      <Atom charge="-0.017" name="CAI" type="ca"/>
      <Atom charge="-0.275" name="CAJ" type="ca"/>
      <Atom charge="-0.125" name="CAK" type="ca"/>
      <Atom charge="0.033" name="CAL" type="ca"/>
      <Atom charge="-0.0844" name="CAM" type="c3"/>
      <Atom charge="-0.0814" name="CAN" type="c3"/>
      <Atom charge="-0.0824" name="CAO" type="c3"/>
      <Atom charge="-0.0804" name="CAP" type="c3"/>
      <Atom charge="-0.0804" name="CAQ" type="c3"/>
      <Atom charge="-0.0824" name="CAR" type="c3"/>
      <Atom charge="0.1414" name="CAS" type="c3"/>
      <Atom charge="0.1254" name="CAT" type="c3"/>
      <Atom charge="0.1254" name="CAU" type="c3"/>
      <Atom charge="0.2008" name="CAW" type="c3"/>
      <Atom charge="0.2008" name="CAX" type="c3"/>
      <Atom charge="-0.4286" name="OAY" type="os"/>
      <Atom charge="-0.3319" name="OAZ" type="os"/>
      <Atom charge="-0.2479" name="OBA" type="os"/>
      <Atom charge="-0.0363" name="CBC" type="ca"/>
      <Atom charge="0.1351" name="CBD" type="ca"/>
      <Atom charge="-0.3755" name="CBE" type="ca"/>
      <Atom charge="0.2041" name="CBF" type="ca"/>
      <Atom charge="-0.1476" name="CBG" type="ca"/>
      <Atom charge="-0.8225" name="NBH" type="n3"/>
      <Atom charge="0.031367" name="HAA" type="hc"/>
      <Atom charge="0.031367" name="HAAA" type="hc"/>
      <Atom charge="0.031367" name="HAAB" type="hc"/>
      <Atom charge="0.123" name="HAF" type="ha"/>
      <Atom charge="0.134" name="HAG" type="ha"/>
      <Atom charge="0.124" name="HAH" type="ha"/>
      <Atom charge="0.123" name="HAI" type="ha"/>
      <Atom charge="0.118" name="HAJ" type="ha"/>
      <Atom charge="0.148" name="HAK" type="ha"/>
      <Atom charge="0.179" name="HAL" type="ha"/>
      <Atom charge="0.0392" name="HAM" type="hc"/>
      <Atom charge="0.0392" name="HAMA" type="hc"/>
      <Atom charge="0.0417" name="HAN" type="hc"/>
      <Atom charge="0.0417" name="HANA" type="hc"/>
      <Atom charge="0.0402" name="HAO" type="hc"/>
      <Atom charge="0.0402" name="HAOA" type="hc"/>
      <Atom charge="0.0437" name="HAP" type="hc"/>
      <Atom charge="0.0437" name="HAPA" type="hc"/>
      <Atom charge="0.0412" name="HAQ" type="hc"/>
      <Atom charge="0.0412" name="HAQA" type="hc"/>
      <Atom charge="0.0557" name="HAR" type="hc"/>
      <Atom charge="0.0557" name="HARA" type="hc"/>
      <Atom charge="0.0322" name="HAS" type="h1"/>
      <Atom charge="0.0322" name="HASA" type="h1"/>
      <Atom charge="0.0482" name="HAU" type="h1"/>
      <Atom charge="0.0482" name="HAUA" type="h1"/>
      <Atom charge="0.0662" name="HAW" type="h1"/>
      <Atom charge="0.0662" name="HAWA" type="h1"/>
      <Atom charge="0.0662" name="HAX" type="h1"/>
      <Atom charge="0.0662" name="HAXA" type="h1"/>
      <Atom charge="0.8812" name="CBB" type="c"/>
      <Atom charge="0.0482" name="HAT" type="h1"/>
      <Atom charge="0.1747" name="CAV" type="c3"/>
      <Atom charge="1.4282" name="SBI" type="sy"/>
      <Atom charge="0.0482" name="HATA" type="h1"/>
      <Atom charge="0.0322" name="HAV" type="h1"/>
      <Atom charge="0.0322" name="HAVA" type="h1"/>
      <Bond atomName1="CAM" atomName2="CAA"/>
      <Bond atomName1="CAA" atomName2="HAA"/>
      <Bond atomName1="CAA" atomName2="HAAA"/>
      <Bond atomName1="CAA" atomName2="HAAB"/>
      <Bond atomName1="CBB" atomName2="OAB"/>
      <Bond atomName1="OAC" atomName2="SBI"/>
      <Bond atomName1="OAD" atomName2="SBI"/>
      <Bond atomName1="OAE" atomName2="CBB"/>
      <Bond atomName1="CAG" atomName2="CAF"/>
      <Bond atomName1="CAF" atomName2="CAH"/>
      <Bond atomName1="CAF" atomName2="HAF"/>
      <Bond atomName1="CAG" atomName2="CBC"/>
      <Bond atomName1="CAG" atomName2="HAG"/>
      <Bond atomName1="CAH" atomName2="CBD"/>
      <Bond atomName1="CAH" atomName2="HAH"/>
      <Bond atomName1="CBE" atomName2="CAI"/>
      <Bond atomName1="CAI" atomName2="CAJ"/>
      <Bond atomName1="CAI" atomName2="HAI"/>
      <Bond atomName1="CAJ" atomName2="CBF"/>
      <Bond atomName1="CAJ" atomName2="HAJ"/>
      <Bond atomName1="CBC" atomName2="CAK"/>
      <Bond atomName1="CAK" atomName2="CBD"/>
      <Bond atomName1="CAK" atomName2="HAK"/>
      <Bond atomName1="CBE" atomName2="CAL"/>
      <Bond atomName1="CAL" atomName2="CBG"/>
      <Bond atomName1="CAL" atomName2="HAL"/>
      <Bond atomName1="CAN" atomName2="CAM"/>
      <Bond atomName1="CAM" atomName2="HAM"/>
      <Bond atomName1="CAM" atomName2="HAMA"/>
      <Bond atomName1="CAO" atomName2="CAN"/>
      <Bond atomName1="CAN" atomName2="HAN"/>
      <Bond atomName1="CAN" atomName2="HANA"/>
      <Bond atomName1="CAO" atomName2="CAP"/>
      <Bond atomName1="CAO" atomName2="HAO"/>
      <Bond atomName1="CAO" atomName2="HAOA"/>
      <Bond atomName1="CAQ" atomName2="CAP"/>
      <Bond atomName1="CAP" atomName2="HAP"/>
      <Bond atomName1="CAP" atomName2="HAPA"/>
      <Bond atomName1="CAR" atomName2="CAQ"/>
      <Bond atomName1="CAQ" atomName2="HAQ"/>
      <Bond atomName1="CAQ" atomName2="HAQA"/>
      <Bond atomName1="CAS" atomName2="CAR"/>
      <Bond atomName1="CAR" atomName2="HAR"/>
      <Bond atomName1="CAR" atomName2="HARA"/>
      <Bond atomName1="OAZ" atomName2="CAS"/>
      <Bond atomName1="CAS" atomName2="HAS"/>
      <Bond atomName1="CAS" atomName2="HASA"/>
      <Bond atomName1="OAY" atomName2="CAT"/>
      <Bond atomName1="CAW" atomName2="CAT"/>
      <Bond atomName1="CAT" atomName2="HAT"/>
      <Bond atomName1="CAT" atomName2="HATA"/>
      <Bond atomName1="CAX" atomName2="CAU"/>
      <Bond atomName1="CAU" atomName2="OAY"/>
      <Bond atomName1="CAU" atomName2="HAU"/>
      <Bond atomName1="CAU" atomName2="HAUA"/>
      <Bond atomName1="OBA" atomName2="CAV"/>
      <Bond atomName1="CAV" atomName2="CBC"/>
      <Bond atomName1="CAV" atomName2="HAV"/>
      <Bond atomName1="CAV" atomName2="HAVA"/>
      <Bond atomName1="NBH" atomName2="CAW"/>
      <Bond atomName1="CAW" atomName2="HAW"/>
      <Bond atomName1="CAW" atomName2="HAWA"/>
      <Bond atomName1="CAX" atomName2="NBH"/>
      <Bond atomName1="CAX" atomName2="HAX"/>
      <Bond atomName1="CAX" atomName2="HAXA"/>
      <Bond atomName1="CBD" atomName2="OAZ"/>
      <Bond atomName1="CBF" atomName2="OBA"/>
      <Bond atomName1="CBG" atomName2="CBB"/>
      <Bond atomName1="SBI" atomName2="CBE"/>
      <Bond atomName1="CBG" atomName2="CBF"/>
      <Bond atomName1="SBI" atomName2="NBH"/>
    </Residue>
  </Residues>
  <PeriodicTorsionForce>
    <Improper k1="4.6024" periodicity1="2" phase1="3.141592653589793" type1="ca" type2="ca" type3="ca" type4="ha"/>
    <Improper k1="4.6024" periodicity1="2" phase1="3.141592653589793" type1="ca" type2="ca" type3="ca" type4="os"/>
    <Improper k1="4.6024" periodicity1="2" phase1="3.141592653589793" type1="ca" type2="ca" type3="ca" type4="sy"/>
    <Improper k1="4.6024" periodicity1="2" phase1="3.141592653589793" type1="ca" type2="c" type3="ca" type4="ca"/>
    <Improper k1="4.6024" periodicity1="2" phase1="3.141592653589793" type1="c" type2="ca" type3="o" type4="o"/>
  </PeriodicTorsionForce>
</ForceField>
