<ForceField>
  <Info>
    <DateGenerated>2019-07-05</DateGenerated>
  </Info>
  <Residues>
    <Residue name="MC_04P">
      <Atom charge="0.1424" name="C20" type="c3"/>
      <Atom charge="-0.0087" name="C27" type="c3"/>
      <Atom charge="0.0878" name="C32" type="c3"/>
      <Atom charge="-0.0874" name="C33" type="c3"/>
      <Atom charge="-0.7416" name="N37" type="nh"/>
      <Atom charge="-0.0924" name="C38" type="c3"/>
      <Atom charge="0.2108" name="C40" type="c3"/>
      <Atom charge="0.6841" name="C41" type="c2"/>
      <Atom charge="-0.7961" name="N42" type="n2"/>
      <Atom charge="-0.8046" name="N43" type="nz"/>
      <Atom charge="0.0442" name="H201" type="h1"/>
      <Atom charge="0.0442" name="H202" type="h1"/>
      <Atom charge="0.0557" name="H27" type="hc"/>
      <Atom charge="0.1317" name="H321" type="h1"/>
      <Atom charge="0.1317" name="H322" type="h1"/>
      <Atom charge="0.0692" name="H331" type="hc"/>
      <Atom charge="0.0692" name="H332" type="hc"/>
      <Atom charge="0.0657" name="H381" type="hc"/>
      <Atom charge="0.0657" name="H382" type="hc"/>
      <Atom charge="0.0457" name="H401" type="h1"/>
      <Atom charge="0.0457" name="H402" type="h1"/>
      <Atom charge="0.4354" name="H42" type="hn"/>
      <Atom charge="0.465133" name="H431" type="hn"/>
      <Atom charge="0.465133" name="H432" type="hn"/>
      <Atom charge="-0.6188" name="OXT" type="oh"/>
      <Atom charge="0.426" name="HXT" type="ho"/>
      <Atom charge="0.465133" name="H433" type="hn"/>
      <Bond atomName1="C20" atomName2="C27"/>
      <Bond atomName1="C27" atomName2="C32"/>
      <Bond atomName1="C27" atomName2="C33"/>
      <Bond atomName1="C32" atomName2="N37"/>
      <Bond atomName1="C33" atomName2="C38"/>
      <Bond atomName1="N37" atomName2="C40"/>
      <Bond atomName1="N37" atomName2="C41"/>
      <Bond atomName1="C38" atomName2="C40"/>
      <Bond atomName1="C41" atomName2="N42"/>
      <Bond atomName1="C41" atomName2="N43"/>
      <Bond atomName1="C20" atomName2="H201"/>
      <Bond atomName1="C20" atomName2="H202"/>
      <Bond atomName1="C27" atomName2="H27"/>
      <Bond atomName1="C32" atomName2="H321"/>
      <Bond atomName1="C32" atomName2="H322"/>
      <Bond atomName1="C33" atomName2="H331"/>
      <Bond atomName1="C33" atomName2="H332"/>
      <Bond atomName1="C38" atomName2="H381"/>
      <Bond atomName1="C38" atomName2="H382"/>
      <Bond atomName1="C40" atomName2="H401"/>
      <Bond atomName1="C40" atomName2="H402"/>
      <Bond atomName1="N42" atomName2="H42"/>
      <Bond atomName1="N43" atomName2="H431"/>
      <Bond atomName1="N43" atomName2="H432"/>
      <Bond atomName1="C20" atomName2="OXT"/>
      <Bond atomName1="OXT" atomName2="HXT"/>
      <Bond atomName1="H433" atomName2="N43"/>
    </Residue>
  </Residues>
  <HarmonicBondForce>
    <Bond k="185267.51999999996" length="0.1512" type1="c2" type2="nz"/>
    <Bond k="404090.7199999999" length="0.10300000000000001" type1="hn" type2="nz"/>
  </HarmonicBondForce>
  <HarmonicAngleForce>
    <Angle angle="1.9884536167971398" k="856.0464000000001" type1="nh" type2="c2" type3="nz"/>
    <Angle angle="1.9263198954261416" k="385.76480000000004" type1="c2" type2="nz" type3="hn"/>
    <Angle angle="1.971698455977994" k="917.9696" type1="n2" type2="c2" type3="nz"/>
    <Angle angle="1.8901915799098588" k="334.72" type1="hn" type2="nz" type3="hn"/>
  </HarmonicAngleForce>
  <PeriodicTorsionForce>
    <Proper k1="0.0" periodicity1="3" phase1="3.141592653589793" type1="nh" type2="c2" type3="nz" type4="hn"/>
    <Proper k1="0.0" periodicity1="3" phase1="3.141592653589793" type1="n2" type2="c2" type3="nz" type4="hn"/>
    <Improper k1="4.6024" periodicity1="2" phase1="3.141592653589793" type1="nh" type2="c2" type3="c3" type4="c3"/>
    <Improper k1="4.6024" periodicity1="2" phase1="3.141592653589793" type1="c2" type2="n2" type3="nh" type4="nz"/>
  </PeriodicTorsionForce>
</ForceField>
