<ForceField>
  <Info>
    <DateGenerated>2019-07-05</DateGenerated>
  </Info>
  <Residues>
    <Residue name="MC_04Q">
      <Atom charge="-0.7902" name="N5" type="n7"/>
      <Atom charge="0.1931" name="C9" type="c3"/>
      <Atom charge="0.0478" name="C10" type="c3"/>
      <Atom charge="-0.0573" name="C16" type="ca"/>
      <Atom charge="0.8926" name="C17" type="c"/>
      <Atom charge="-0.1165" name="C21" type="ca"/>
      <Atom charge="-0.1165" name="C22" type="ca"/>
      <Atom charge="-0.8453" name="O23" type="o"/>
      <Atom charge="-0.8453" name="O24" type="o"/>
      <Atom charge="-0.1365" name="C28" type="ca"/>
      <Atom charge="-0.1365" name="C29" type="ca"/>
      <Atom charge="-0.145" name="C34" type="ca"/>
      <Atom charge="0.0227" name="H91C" type="h1"/>
      <Atom charge="0.0227" name="H92C" type="h1"/>
      <Atom charge="0.0187" name="H101" type="h1"/>
      <Atom charge="0.0187" name="H102" type="h1"/>
      <Atom charge="0.1325" name="H21" type="ha"/>
      <Atom charge="0.1325" name="H22" type="ha"/>
      <Atom charge="0.1165" name="H28" type="ha"/>
      <Atom charge="0.1165" name="H29" type="ha"/>
      <Atom charge="0.113" name="H34" type="ha"/>
      <Atom charge="0.3628" name="H2" type="hn"/>
      <Bond atomName1="N5" atomName2="C9"/>
      <Bond atomName1="N5" atomName2="C10"/>
      <Bond atomName1="C9" atomName2="C16"/>
      <Bond atomName1="C10" atomName2="C17"/>
      <Bond atomName1="C16" atomName2="C21"/>
      <Bond atomName1="C16" atomName2="C22"/>
      <Bond atomName1="C17" atomName2="O23"/>
      <Bond atomName1="C17" atomName2="O24"/>
      <Bond atomName1="C21" atomName2="C28"/>
      <Bond atomName1="C22" atomName2="C29"/>
      <Bond atomName1="C28" atomName2="C34"/>
      <Bond atomName1="C29" atomName2="C34"/>
      <Bond atomName1="C9" atomName2="H91C"/>
      <Bond atomName1="C9" atomName2="H92C"/>
      <Bond atomName1="C10" atomName2="H101"/>
      <Bond atomName1="C10" atomName2="H102"/>
      <Bond atomName1="C21" atomName2="H21"/>
      <Bond atomName1="C22" atomName2="H22"/>
      <Bond atomName1="C28" atomName2="H28"/>
      <Bond atomName1="C29" atomName2="H29"/>
      <Bond atomName1="C34" atomName2="H34"/>
      <Bond atomName1="N5" atomName2="H2"/>
    </Residue>
  </Residues>
  <HarmonicBondForce>
    <Bond k="218572.15999999995" length="0.14650000000000002" type1="c3" type2="n7"/>
    <Bond k="427855.8399999999" length="0.10189999999999999" type1="hn" type2="n7"/>
  </HarmonicBondForce>
  <HarmonicAngleForce>
    <Angle angle="1.95756128903684" k="698.7280000000001" type1="ca" type2="c3" type3="n7"/>
    <Angle angle="1.9177677820913692" k="512.1216000000001" type1="h1" type2="c3" type3="n7"/>
    <Angle angle="1.939758930666498" k="700.4016" type1="c" type2="c3" type3="n7"/>
    <Angle angle="1.9608774146156291" k="549.7776" type1="c3" type2="n7" type3="c3"/>
    <Angle angle="1.9074703395046029" k="399.99039999999997" type1="c3" type2="n7" type3="hn"/>
  </HarmonicAngleForce>
  <PeriodicTorsionForce>
    <Proper k1="1.2552" periodicity1="3" phase1="0.0" type1="c" type2="c3" type3="n7" type4="c3"/>
    <Proper k1="0.9414" periodicity1="3" phase1="0.0" type1="h1" type2="c3" type3="n7" type4="c3"/>
    <Proper k1="1.2552" periodicity1="3" phase1="0.0" type1="ca" type2="c3" type3="n7" type4="c3"/>
    <Proper k1="1.2552" periodicity1="3" phase1="0.0" type1="ca" type2="c3" type3="n7" type4="hn"/>
    <Proper k1="1.2552" periodicity1="3" phase1="0.0" type1="c" type2="c3" type3="n7" type4="hn"/>
    <Proper k1="1.2552" periodicity1="3" phase1="0.0" type1="h1" type2="c3" type3="n7" type4="hn"/>
    <Improper k1="4.6024" periodicity1="2" phase1="3.141592653589793" type1="c" type2="c3" type3="o" type4="o"/>
    <Improper k1="4.6024" periodicity1="2" phase1="3.141592653589793" type1="ca" type2="ca" type3="ca" type4="ha"/>
  </PeriodicTorsionForce>
</ForceField>
