<ForceField>
  <Info>
    <DateGenerated>2019-07-05</DateGenerated>
  </Info>
  <Residues>
    <Residue name="MC_04S">
      <Atom charge="-0.8056" name="N29" type="nz"/>
      <Atom charge="0.0805" name="C30" type="c3"/>
      <Atom charge="0.1268" name="C31" type="c3"/>
      <Atom charge="-0.7882" name="N32" type="n7"/>
      <Atom charge="0.1488" name="C33" type="c3"/>
      <Atom charge="-0.1044" name="C34" type="c3"/>
      <Atom charge="0.458133" name="HN29" type="hn"/>
      <Atom charge="0.1207" name="H30" type="hx"/>
      <Atom charge="0.0702" name="H31" type="h1"/>
      <Atom charge="0.0702" name="H31A" type="h1"/>
      <Atom charge="0.3908" name="HN32" type="hn"/>
      <Atom charge="0.0777" name="H33" type="h1"/>
      <Atom charge="0.0777" name="H33A" type="h1"/>
      <Atom charge="0.0812" name="H34" type="hc"/>
      <Atom charge="0.0812" name="H34A" type="hc"/>
      <Atom charge="0.458133" name="H2" type="hn"/>
      <Atom charge="0.458133" name="H293" type="hn"/>
      <Bond atomName1="C30" atomName2="N29"/>
      <Bond atomName1="N29" atomName2="HN29"/>
      <Bond atomName1="C34" atomName2="C30"/>
      <Bond atomName1="C30" atomName2="C31"/>
      <Bond atomName1="C30" atomName2="H30"/>
      <Bond atomName1="N32" atomName2="C31"/>
      <Bond atomName1="C31" atomName2="H31"/>
      <Bond atomName1="C31" atomName2="H31A"/>
      <Bond atomName1="C33" atomName2="N32"/>
      <Bond atomName1="N32" atomName2="HN32"/>
      <Bond atomName1="C33" atomName2="C34"/>
      <Bond atomName1="C33" atomName2="H33"/>
      <Bond atomName1="C33" atomName2="H33A"/>
      <Bond atomName1="C34" atomName2="H34"/>
      <Bond atomName1="C34" atomName2="H34A"/>
      <Bond atomName1="N29" atomName2="H2"/>
      <Bond atomName1="H293" atomName2="N29"/>
    </Residue>
  </Residues>
  <HarmonicBondForce>
    <Bond k="186271.67999999996" length="0.1511" type1="c3" type2="nz"/>
    <Bond k="404090.7199999999" length="0.10300000000000001" type1="hn" type2="nz"/>
    <Bond k="218572.15999999995" length="0.14650000000000002" type1="c3" type2="n7"/>
    <Bond k="427855.8399999999" length="0.10189999999999999" type1="hn" type2="n7"/>
  </HarmonicBondForce>
  <HarmonicAngleForce>
    <Angle angle="1.9933405387027237" k="677.808" type1="c3" type2="c3" type3="nz"/>
    <Angle angle="1.8851301250790755" k="502.9168" type1="hx" type2="c3" type3="nz"/>
    <Angle angle="1.9217820393709562" k="386.6016" type1="c3" type2="nz" type3="hn"/>
    <Angle angle="1.9380136014145037" k="697.0544" type1="c3" type2="c3" type3="n7"/>
    <Angle angle="1.9608774146156291" k="549.7776" type1="c3" type2="n7" type3="c3"/>
    <Angle angle="1.9074703395046029" k="399.99039999999997" type1="c3" type2="n7" type3="hn"/>
    <Angle angle="1.9177677820913692" k="512.1216000000001" type1="h1" type2="c3" type3="n7"/>
    <Angle angle="1.8901915799098588" k="334.72" type1="hn" type2="nz" type3="hn"/>
  </HarmonicAngleForce>
  <PeriodicTorsionForce>
    <Proper k1="0.87864" periodicity1="3" phase1="0.0" type1="c3" type2="c3" type3="c3" type4="nz"/>
    <Proper k1="0.9079280000000001" periodicity1="3" phase1="0.0" type1="c3" type2="c3" type3="n7" type4="hn"/>
    <Proper k1="0.87864" periodicity1="3" phase1="0.0" type1="c3" type2="c3" type3="c3" type4="n7"/>
    <Proper k1="0.6508444444444444" periodicity1="3" phase1="0.0" type1="c3" type2="c3" type3="nz" type4="hn"/>
    <Proper k1="0.9414" periodicity1="3" phase1="0.0" type1="h1" type2="c3" type3="n7" type4="c3"/>
    <Proper k1="0.41840000000000005" periodicity1="3" phase1="0.0" type1="hc" type2="c3" type3="c3" type4="n7"/>
    <Proper k1="0.456056" periodicity1="3" phase1="0.0" type1="hx" type2="c3" type3="nz" type4="hn"/>
    <Proper k1="1.2552" periodicity1="3" phase1="0.0" type1="h1" type2="c3" type3="n7" type4="hn"/>
  </PeriodicTorsionForce>
</ForceField>
