<ForceField>
  <Info>
    <DateGenerated>2019-07-05</DateGenerated>
  </Info>
  <Residues>
    <Residue name="MC_04T">
      <Atom charge="0.01" name="C1" type="ca"/>
      <Atom charge="-0.173" name="C2" type="ca"/>
      <Atom charge="0.2656" name="C3" type="ca"/>
      <Atom charge="-0.1932" name="C4" type="ca"/>
      <Atom charge="0.032" name="C5" type="ca"/>
      <Atom charge="-0.3165" name="C6" type="ca"/>
      <Atom charge="1.1923" name="S7" type="sy"/>
      <Atom charge="-0.6083" name="O8" type="o"/>
      <Atom charge="-0.6083" name="O9" type="o"/>
      <Atom charge="-0.2253" name="C10" type="c3"/>
      <Atom charge="0.2972" name="N11" type="no"/>
      <Atom charge="-0.1915" name="O12" type="o"/>
      <Atom charge="-0.1915" name="O13" type="o"/>
      <Atom charge="-0.713" name="N14" type="nu"/>
      <Atom charge="0.1886" name="C15" type="ca"/>
      <Atom charge="-0.172" name="C16" type="ca"/>
      <Atom charge="-0.1025" name="C17" type="ca"/>
      <Atom charge="0.0186" name="C18" type="ca"/>
      <Atom charge="-0.1025" name="C19" type="ca"/>
      <Atom charge="-0.172" name="C20" type="ca"/>
      <Atom charge="-0.4771" name="N21" type="ns"/>
      <Atom charge="0.6541" name="C22" type="c"/>
      <Atom charge="-0.1711" name="C23" type="c3"/>
      <Atom charge="-0.5911" name="O24" type="o"/>
      <Atom charge="0.163" name="H1" type="ha"/>
      <Atom charge="0.161" name="H2" type="ha"/>
      <Atom charge="0.187" name="H5" type="ha"/>
      <Atom charge="0.101367" name="H10" type="h1"/>
      <Atom charge="0.101367" name="H10A" type="h1"/>
      <Atom charge="0.101367" name="H10B" type="h1"/>
      <Atom charge="0.4658" name="HN14" type="hn"/>
      <Atom charge="0.1325" name="H16" type="ha"/>
      <Atom charge="0.1465" name="H17" type="ha"/>
      <Atom charge="0.1465" name="H19" type="ha"/>
      <Atom charge="0.1325" name="H20" type="ha"/>
      <Atom charge="0.3205" name="HN21" type="hn"/>
      <Atom charge="0.0627" name="H23" type="hc"/>
      <Atom charge="0.0627" name="H23A" type="hc"/>
      <Atom charge="0.0627" name="H23B" type="hc"/>
      <Bond atomName1="C1" atomName2="C2"/>
      <Bond atomName1="C1" atomName2="C6"/>
      <Bond atomName1="C1" atomName2="H1"/>
      <Bond atomName1="C2" atomName2="C3"/>
      <Bond atomName1="C2" atomName2="H2"/>
      <Bond atomName1="C3" atomName2="C4"/>
      <Bond atomName1="C3" atomName2="N14"/>
      <Bond atomName1="C4" atomName2="C5"/>
      <Bond atomName1="C4" atomName2="N11"/>
      <Bond atomName1="C5" atomName2="C6"/>
      <Bond atomName1="C5" atomName2="H5"/>
      <Bond atomName1="C6" atomName2="S7"/>
      <Bond atomName1="S7" atomName2="O8"/>
      <Bond atomName1="S7" atomName2="O9"/>
      <Bond atomName1="S7" atomName2="C10"/>
      <Bond atomName1="C10" atomName2="H10"/>
      <Bond atomName1="C10" atomName2="H10A"/>
      <Bond atomName1="C10" atomName2="H10B"/>
      <Bond atomName1="N11" atomName2="O12"/>
      <Bond atomName1="N11" atomName2="O13"/>
      <Bond atomName1="N14" atomName2="C15"/>
      <Bond atomName1="N14" atomName2="HN14"/>
      <Bond atomName1="C15" atomName2="C16"/>
      <Bond atomName1="C15" atomName2="C20"/>
      <Bond atomName1="C16" atomName2="C17"/>
      <Bond atomName1="C16" atomName2="H16"/>
      <Bond atomName1="C17" atomName2="C18"/>
      <Bond atomName1="C17" atomName2="H17"/>
      <Bond atomName1="C18" atomName2="C19"/>
      <Bond atomName1="C18" atomName2="N21"/>
      <Bond atomName1="C19" atomName2="C20"/>
      <Bond atomName1="C19" atomName2="H19"/>
      <Bond atomName1="C20" atomName2="H20"/>
      <Bond atomName1="N21" atomName2="C22"/>
      <Bond atomName1="N21" atomName2="HN21"/>
      <Bond atomName1="C22" atomName2="C23"/>
      <Bond atomName1="C22" atomName2="O24"/>
      <Bond atomName1="C23" atomName2="H23"/>
      <Bond atomName1="C23" atomName2="H23A"/>
      <Bond atomName1="C23" atomName2="H23B"/>
    </Residue>
  </Residues>
  <HarmonicBondForce>
    <Bond k="290453.27999999997" length="0.1386" type1="ca" type2="nu"/>
    <Bond k="443085.5999999999" length="0.10120000000000001" type1="hn" type2="nu"/>
    <Bond k="263759.3599999999" length="0.1412" type1="ca" type2="ns"/>
    <Bond k="298068.1599999999" length="0.1379" type1="c" type2="ns"/>
    <Bond k="441244.6399999999" length="0.1013" type1="hn" type2="ns"/>
  </HarmonicBondForce>
  <HarmonicAngleForce>
    <Angle angle="2.1109757302871417" k="721.3216000000001" type1="ca" type2="ca" type3="nu"/>
    <Angle angle="2.224596664591972" k="545.5936" type1="ca" type2="nu" type3="ca"/>
    <Angle angle="2.0258036627898184" k="408.3584" type1="ca" type2="nu" type3="hn"/>
    <Angle angle="2.0977112279719847" k="716.3008" type1="ca" type2="ca" type3="ns"/>
    <Angle angle="2.159146817642185" k="549.7776" type1="c" type2="ns" type3="ca"/>
    <Angle angle="2.0245819323134224" k="401.664" type1="ca" type2="ns" type3="hn"/>
    <Angle angle="2.010270232447069" k="705.4224" type1="c3" type2="c" type3="ns"/>
    <Angle angle="2.1476276445790226" k="952.2784" type1="ns" type2="c" type3="o"/>
    <Angle angle="2.051634535719334" k="407.52160000000003" type1="c" type2="ns" type3="hn"/>
  </HarmonicAngleForce>
  <PeriodicTorsionForce>
    <Proper k1="4.3932" periodicity1="2" phase1="3.141592653589793" type1="ca" type2="ca" type3="nu" type4="ca"/>
    <Proper k1="4.3932" periodicity1="2" phase1="3.141592653589793" type1="ca" type2="ca" type3="nu" type4="hn"/>
    <Proper k1="3.9748" periodicity1="2" phase1="3.141592653589793" type1="ca" type2="ca" type3="ns" type4="c"/>
    <Proper k1="1.8828" periodicity1="2" phase1="3.141592653589793" type1="ca" type2="ca" type3="ns" type4="hn"/>
    <Proper k1="3.138" k2="2.092" periodicity1="2" periodicity2="3" phase1="3.141592653589793" phase2="0.0" type1="c3" type2="c" type3="ns" type4="ca"/>
    <Proper k1="10.46" periodicity1="2" phase1="3.141592653589793" type1="o" type2="c" type3="ns" type4="ca"/>
    <Proper k1="10.46" periodicity1="2" phase1="3.141592653589793" type1="c3" type2="c" type3="ns" type4="hn"/>
    <Proper k1="10.46" k2="8.368" periodicity1="2" periodicity2="1" phase1="3.141592653589793" phase2="0.0" type1="o" type2="c" type3="ns" type4="hn"/>
    <Improper k1="4.6024" periodicity1="2" phase1="3.141592653589793" type1="ca" type2="ca" type3="ca" type4="ha"/>
    <Improper k1="4.6024" periodicity1="2" phase1="3.141592653589793" type1="ca" type2="ca" type3="ca" type4="nu"/>
    <Improper k1="4.6024" periodicity1="2" phase1="3.141592653589793" type1="ca" type2="ca" type3="ca" type4="no"/>
    <Improper k1="4.6024" periodicity1="2" phase1="3.141592653589793" type1="ca" type2="ca" type3="ca" type4="sy"/>
    <Improper k1="4.6024" periodicity1="2" phase1="3.141592653589793" type1="no" type2="ca" type3="o" type4="o"/>
    <Improper k1="4.6024" periodicity1="2" phase1="3.141592653589793" type1="nu" type2="ca" type3="ca" type4="hn"/>
    <Improper k1="4.6024" periodicity1="2" phase1="3.141592653589793" type1="ca" type2="ca" type3="ca" type4="ns"/>
    <Improper k1="4.6024" periodicity1="2" phase1="3.141592653589793" type1="ns" type2="c" type3="ca" type4="hn"/>
    <Improper k1="43.932" periodicity1="2" phase1="3.141592653589793" type1="c" type2="c3" type3="ns" type4="o"/>
  </PeriodicTorsionForce>
</ForceField>
