<ForceField>
  <Info>
    <DateGenerated>2019-07-05</DateGenerated>
  </Info>
  <Residues>
    <Residue name="MC_04W">
      <Atom charge="-0.0921" name="CAA" type="c3"/>
      <Atom charge="-0.8148" name="OAB" type="o"/>
      <Atom charge="-0.2395" name="OAC" type="o"/>
      <Atom charge="-0.8148" name="OAD" type="o"/>
      <Atom charge="-0.2395" name="OAE" type="o"/>
      <Atom charge="-0.099" name="CAF" type="ca"/>
      <Atom charge="-0.134" name="CAG" type="ca"/>
      <Atom charge="-0.219" name="CAH" type="ca"/>
      <Atom charge="-0.057" name="CAI" type="ca"/>
      <Atom charge="-0.266" name="CAJ" type="ca"/>
      <Atom charge="-0.126" name="CAK" type="ca"/>
      <Atom charge="-0.007" name="CAL" type="ca"/>
      <Atom charge="-0.0844" name="CAM" type="c3"/>
      <Atom charge="-0.0814" name="CAN" type="c3"/>
      <Atom charge="-0.0824" name="CAO" type="c3"/>
      <Atom charge="-0.0814" name="CAP" type="c3"/>
      <Atom charge="-0.0824" name="CAQ" type="c3"/>
      <Atom charge="-0.0804" name="CAR" type="c3"/>
      <Atom charge="-0.0804" name="CAS" type="c3"/>
      <Atom charge="-0.0824" name="CAT" type="c3"/>
      <Atom charge="0.1404" name="CAU" type="c3"/>
      <Atom charge="-0.3319" name="OAW" type="os"/>
      <Atom charge="-0.2449" name="OAX" type="os"/>
      <Atom charge="-0.0383" name="CAZ" type="ca"/>
      <Atom charge="0.1361" name="CBA" type="ca"/>
      <Atom charge="-0.2232" name="CBB" type="ca"/>
      <Atom charge="0.1941" name="CBC" type="ca"/>
      <Atom charge="-0.1336" name="CBD" type="ca"/>
      <Atom charge="0.031367" name="HAA" type="hc"/>
      <Atom charge="0.031367" name="HAAA" type="hc"/>
      <Atom charge="0.031367" name="HAAB" type="hc"/>
      <Atom charge="0.124" name="HAF" type="ha"/>
      <Atom charge="0.135" name="HAG" type="ha"/>
      <Atom charge="0.125" name="HAH" type="ha"/>
      <Atom charge="0.141" name="HAI" type="ha"/>
      <Atom charge="0.128" name="HAJ" type="ha"/>
      <Atom charge="0.148" name="HAK" type="ha"/>
      <Atom charge="0.194" name="HAL" type="ha"/>
      <Atom charge="0.0392" name="HAM" type="hc"/>
      <Atom charge="0.0392" name="HAMA" type="hc"/>
      <Atom charge="0.0412" name="HAN" type="hc"/>
      <Atom charge="0.0412" name="HANA" type="hc"/>
      <Atom charge="0.0407" name="HAO" type="hc"/>
      <Atom charge="0.0407" name="HAOA" type="hc"/>
      <Atom charge="0.0417" name="HAP" type="hc"/>
      <Atom charge="0.0417" name="HAPA" type="hc"/>
      <Atom charge="0.0407" name="HAQ" type="hc"/>
      <Atom charge="0.0407" name="HAQA" type="hc"/>
      <Atom charge="0.0437" name="HAR" type="hc"/>
      <Atom charge="0.0437" name="HARA" type="hc"/>
      <Atom charge="0.0412" name="HAS" type="hc"/>
      <Atom charge="0.0412" name="HASA" type="hc"/>
      <Atom charge="0.0557" name="HAT" type="hc"/>
      <Atom charge="0.0557" name="HATA" type="hc"/>
      <Atom charge="0.0327" name="HAU" type="h1"/>
      <Atom charge="0.0327" name="HAUA" type="h1"/>
      <Atom charge="0.0327" name="HAV" type="h1"/>
      <Atom charge="0.0327" name="HAVA" type="h1"/>
      <Atom charge="0.8812" name="CAY" type="c"/>
      <Atom charge="0.1747" name="CAV" type="c3"/>
      <Atom charge="0.3022" name="NBE" type="no"/>
      <Bond atomName1="CAA" atomName2="CAM"/>
      <Bond atomName1="CAA" atomName2="HAA"/>
      <Bond atomName1="CAA" atomName2="HAAA"/>
      <Bond atomName1="CAA" atomName2="HAAB"/>
      <Bond atomName1="OAB" atomName2="CAY"/>
      <Bond atomName1="OAD" atomName2="CAY"/>
      <Bond atomName1="OAE" atomName2="NBE"/>
      <Bond atomName1="CAF" atomName2="CAG"/>
      <Bond atomName1="CAF" atomName2="HAF"/>
      <Bond atomName1="CAG" atomName2="CAZ"/>
      <Bond atomName1="CAG" atomName2="HAG"/>
      <Bond atomName1="CAH" atomName2="CAF"/>
      <Bond atomName1="CAH" atomName2="CBA"/>
      <Bond atomName1="CAH" atomName2="HAH"/>
      <Bond atomName1="CAI" atomName2="CAJ"/>
      <Bond atomName1="CAI" atomName2="HAI"/>
      <Bond atomName1="CAJ" atomName2="HAJ"/>
      <Bond atomName1="CAK" atomName2="CAZ"/>
      <Bond atomName1="CAK" atomName2="HAK"/>
      <Bond atomName1="CAL" atomName2="CBD"/>
      <Bond atomName1="CAL" atomName2="CBB"/>
      <Bond atomName1="CAL" atomName2="HAL"/>
      <Bond atomName1="CAM" atomName2="CAN"/>
      <Bond atomName1="CAM" atomName2="HAM"/>
      <Bond atomName1="CAM" atomName2="HAMA"/>
      <Bond atomName1="CAN" atomName2="CAO"/>
      <Bond atomName1="CAN" atomName2="HAN"/>
      <Bond atomName1="CAN" atomName2="HANA"/>
      <Bond atomName1="CAO" atomName2="CAP"/>
      <Bond atomName1="CAO" atomName2="HAO"/>
      <Bond atomName1="CAO" atomName2="HAOA"/>
      <Bond atomName1="CAP" atomName2="CAQ"/>
      <Bond atomName1="CAP" atomName2="HAP"/>
      <Bond atomName1="CAP" atomName2="HAPA"/>
      <Bond atomName1="CAQ" atomName2="CAR"/>
      <Bond atomName1="CAQ" atomName2="HAQ"/>
      <Bond atomName1="CAQ" atomName2="HAQA"/>
      <Bond atomName1="CAR" atomName2="CAS"/>
      <Bond atomName1="CAR" atomName2="HAR"/>
      <Bond atomName1="CAR" atomName2="HARA"/>
      <Bond atomName1="CAS" atomName2="CAT"/>
      <Bond atomName1="CAS" atomName2="HAS"/>
      <Bond atomName1="CAS" atomName2="HASA"/>
      <Bond atomName1="CAT" atomName2="CAU"/>
      <Bond atomName1="CAT" atomName2="HAT"/>
      <Bond atomName1="CAT" atomName2="HATA"/>
      <Bond atomName1="CAU" atomName2="OAW"/>
      <Bond atomName1="CAU" atomName2="HAU"/>
      <Bond atomName1="CAU" atomName2="HAUA"/>
      <Bond atomName1="CAV" atomName2="OAX"/>
      <Bond atomName1="CAV" atomName2="HAV"/>
      <Bond atomName1="CAV" atomName2="HAVA"/>
      <Bond atomName1="OAW" atomName2="CBA"/>
      <Bond atomName1="CAY" atomName2="CBD"/>
      <Bond atomName1="CAZ" atomName2="CAV"/>
      <Bond atomName1="CBA" atomName2="CAK"/>
      <Bond atomName1="CBB" atomName2="CAI"/>
      <Bond atomName1="CBC" atomName2="CAJ"/>
      <Bond atomName1="CBC" atomName2="OAX"/>
      <Bond atomName1="CBD" atomName2="CBC"/>
      <Bond atomName1="NBE" atomName2="OAC"/>
      <Bond atomName1="NBE" atomName2="CBB"/>
    </Residue>
  </Residues>
  <PeriodicTorsionForce>
    <Improper k1="4.6024" periodicity1="2" phase1="3.141592653589793" type1="ca" type2="ca" type3="ca" type4="ha"/>
    <Improper k1="4.6024" periodicity1="2" phase1="3.141592653589793" type1="ca" type2="ca" type3="ca" type4="os"/>
    <Improper k1="4.6024" periodicity1="2" phase1="3.141592653589793" type1="ca" type2="ca" type3="ca" type4="no"/>
    <Improper k1="4.6024" periodicity1="2" phase1="3.141592653589793" type1="ca" type2="c" type3="ca" type4="ca"/>
    <Improper k1="4.6024" periodicity1="2" phase1="3.141592653589793" type1="c" type2="ca" type3="o" type4="o"/>
    <Improper k1="4.6024" periodicity1="2" phase1="3.141592653589793" type1="no" type2="ca" type3="o" type4="o"/>
  </PeriodicTorsionForce>
</ForceField>
