<ForceField>
  <Info>
    <DateGenerated>2019-07-05</DateGenerated>
  </Info>
  <Residues>
    <Residue name="MC_052">
      <Atom charge="-0.3128" name="C11" type="cc"/>
      <Atom charge="-0.121" name="C13" type="ca"/>
      <Atom charge="-0.12" name="C14" type="ca"/>
      <Atom charge="0.1021" name="C16" type="ca"/>
      <Atom charge="-0.118" name="C17" type="ca"/>
      <Atom charge="-0.12" name="C18" type="ca"/>
      <Atom charge="-0.0143" name="C19" type="ca"/>
      <Atom charge="0.0452" name="C21" type="ca"/>
      <Atom charge="-0.126" name="C22" type="ca"/>
      <Atom charge="-0.101" name="C23" type="ca"/>
      <Atom charge="-0.1666" name="C25" type="ca"/>
      <Atom charge="0.6867" name="C26" type="c"/>
      <Atom charge="-0.1509" name="C28" type="cx"/>
      <Atom charge="-0.1509" name="C29" type="cx"/>
      <Atom charge="0.1213" name="C1" type="c3"/>
      <Atom charge="0.1399" name="C2" type="c3"/>
      <Atom charge="-0.4216" name="O1" type="os"/>
      <Atom charge="0.1399" name="C3" type="c3"/>
      <Atom charge="0.1213" name="C4" type="c3"/>
      <Atom charge="-0.7266" name="N1" type="n3"/>
      <Atom charge="0.1478" name="C5" type="c3"/>
      <Atom charge="0.2318" name="C6" type="c3"/>
      <Atom charge="-0.797" name="N3" type="nc"/>
      <Atom charge="0.3533" name="C7" type="cc"/>
      <Atom charge="-0.4283" name="C8" type="cd"/>
      <Atom charge="0.7356" name="C9" type="cd"/>
      <Atom charge="0.4495" name="C10" type="cc"/>
      <Atom charge="0.4925" name="C12" type="cc"/>
      <Atom charge="-0.0138" name="N4" type="na"/>
      <Atom charge="-0.6001" name="N5" type="nd"/>
      <Atom charge="-0.3484" name="O2" type="os"/>
      <Atom charge="-0.118" name="C15" type="ca"/>
      <Atom charge="-0.143" name="C20" type="ca"/>
      <Atom charge="-0.6161" name="O3" type="o"/>
      <Atom charge="-0.5689" name="N6" type="ns"/>
      <Atom charge="0.0687" name="C27" type="cx"/>
      <Atom charge="0.132" name="H1" type="ha"/>
      <Atom charge="0.134" name="H2" type="ha"/>
      <Atom charge="0.14" name="H3" type="ha"/>
      <Atom charge="0.134" name="H4" type="ha"/>
      <Atom charge="0.14" name="H5" type="ha"/>
      <Atom charge="0.12" name="H6" type="ha"/>
      <Atom charge="0.052367" name="H7" type="hc"/>
      <Atom charge="0.052367" name="H8" type="hc"/>
      <Atom charge="0.052367" name="H9" type="hc"/>
      <Atom charge="0.07945" name="H10" type="hc"/>
      <Atom charge="0.07945" name="H11" type="hc"/>
      <Atom charge="0.07945" name="H12" type="hc"/>
      <Atom charge="0.07945" name="H13" type="hc"/>
      <Atom charge="0.04545" name="H15" type="h1"/>
      <Atom charge="0.0562" name="H16" type="h1"/>
      <Atom charge="0.0562" name="H17" type="h1"/>
      <Atom charge="0.0562" name="H18" type="h1"/>
      <Atom charge="0.0562" name="H19" type="h1"/>
      <Atom charge="0.04545" name="H20" type="h1"/>
      <Atom charge="0.04545" name="H21" type="h1"/>
      <Atom charge="0.0447" name="H23" type="h1"/>
      <Atom charge="0.0447" name="H24" type="h1"/>
      <Atom charge="0.0587" name="H25" type="h1"/>
      <Atom charge="0.0587" name="H26" type="h1"/>
      <Atom charge="0.171" name="H28" type="ha"/>
      <Atom charge="0.0668" name="H29" type="h4"/>
      <Atom charge="0.14" name="H30" type="ha"/>
      <Atom charge="0.137" name="H31" type="ha"/>
      <Atom charge="0.3025" name="H32" type="hn"/>
      <Atom charge="0.1177" name="H33" type="h1"/>
      <Atom charge="-0.0438" name="C24" type="c3"/>
      <Atom charge="-0.7956" name="N2" type="nu"/>
      <Atom charge="0.04545" name="H14" type="h1"/>
      <Atom charge="0.4658" name="H27" type="hn"/>
      <Bond atomName1="C3" atomName2="O1"/>
      <Bond atomName1="C3" atomName2="C4"/>
      <Bond atomName1="O1" atomName2="C2"/>
      <Bond atomName1="C2" atomName2="C1"/>
      <Bond atomName1="C4" atomName2="N1"/>
      <Bond atomName1="C1" atomName2="N1"/>
      <Bond atomName1="N1" atomName2="C5"/>
      <Bond atomName1="C5" atomName2="C6"/>
      <Bond atomName1="C6" atomName2="N2"/>
      <Bond atomName1="N2" atomName2="C7"/>
      <Bond atomName1="C7" atomName2="C8"/>
      <Bond atomName1="C7" atomName2="N4"/>
      <Bond atomName1="C8" atomName2="C9"/>
      <Bond atomName1="N5" atomName2="N4"/>
      <Bond atomName1="N5" atomName2="C10"/>
      <Bond atomName1="N4" atomName2="C12"/>
      <Bond atomName1="C9" atomName2="O2"/>
      <Bond atomName1="C9" atomName2="N3"/>
      <Bond atomName1="O2" atomName2="C16"/>
      <Bond atomName1="C10" atomName2="C11"/>
      <Bond atomName1="C12" atomName2="N3"/>
      <Bond atomName1="C12" atomName2="C11"/>
      <Bond atomName1="C11" atomName2="C21"/>
      <Bond atomName1="C16" atomName2="C17"/>
      <Bond atomName1="C16" atomName2="C15"/>
      <Bond atomName1="C17" atomName2="C18"/>
      <Bond atomName1="C21" atomName2="C20"/>
      <Bond atomName1="C21" atomName2="C22"/>
      <Bond atomName1="C15" atomName2="C14"/>
      <Bond atomName1="C18" atomName2="C13"/>
      <Bond atomName1="C20" atomName2="C19"/>
      <Bond atomName1="C22" atomName2="C23"/>
      <Bond atomName1="C14" atomName2="C13"/>
      <Bond atomName1="C19" atomName2="C24"/>
      <Bond atomName1="C19" atomName2="C25"/>
      <Bond atomName1="C23" atomName2="C25"/>
      <Bond atomName1="C25" atomName2="C26"/>
      <Bond atomName1="O3" atomName2="C26"/>
      <Bond atomName1="C26" atomName2="N6"/>
      <Bond atomName1="N6" atomName2="C27"/>
      <Bond atomName1="C27" atomName2="C28"/>
      <Bond atomName1="C27" atomName2="C29"/>
      <Bond atomName1="C28" atomName2="C29"/>
      <Bond atomName1="C13" atomName2="H1"/>
      <Bond atomName1="C14" atomName2="H2"/>
      <Bond atomName1="C17" atomName2="H3"/>
      <Bond atomName1="C18" atomName2="H4"/>
      <Bond atomName1="C22" atomName2="H5"/>
      <Bond atomName1="C23" atomName2="H6"/>
      <Bond atomName1="C24" atomName2="H7"/>
      <Bond atomName1="C24" atomName2="H8"/>
      <Bond atomName1="C24" atomName2="H9"/>
      <Bond atomName1="C28" atomName2="H10"/>
      <Bond atomName1="C28" atomName2="H11"/>
      <Bond atomName1="C29" atomName2="H12"/>
      <Bond atomName1="C29" atomName2="H13"/>
      <Bond atomName1="C1" atomName2="H14"/>
      <Bond atomName1="C1" atomName2="H15"/>
      <Bond atomName1="C2" atomName2="H16"/>
      <Bond atomName1="C2" atomName2="H17"/>
      <Bond atomName1="C3" atomName2="H18"/>
      <Bond atomName1="C3" atomName2="H19"/>
      <Bond atomName1="C4" atomName2="H20"/>
      <Bond atomName1="C4" atomName2="H21"/>
      <Bond atomName1="C5" atomName2="H23"/>
      <Bond atomName1="C5" atomName2="H24"/>
      <Bond atomName1="C6" atomName2="H25"/>
      <Bond atomName1="C6" atomName2="H26"/>
      <Bond atomName1="N2" atomName2="H27"/>
      <Bond atomName1="C8" atomName2="H28"/>
      <Bond atomName1="C10" atomName2="H29"/>
      <Bond atomName1="C15" atomName2="H30"/>
      <Bond atomName1="C20" atomName2="H31"/>
      <Bond atomName1="N6" atomName2="H32"/>
      <Bond atomName1="C27" atomName2="H33"/>
    </Residue>
  </Residues>
  <HarmonicBondForce>
    <Bond k="298068.1599999999" length="0.1379" type1="c" type2="ns"/>
    <Bond k="219074.23999999996" length="0.1464" type1="c3" type2="nu"/>
    <Bond k="304176.79999999993" length="0.1373" type1="cc" type2="nu"/>
    <Bond k="243676.15999999995" length="0.1434" type1="cx" type2="ns"/>
    <Bond k="441244.6399999999" length="0.1013" type1="hn" type2="ns"/>
    <Bond k="443085.5999999999" length="0.10120000000000001" type1="hn" type2="nu"/>
  </HarmonicBondForce>
  <HarmonicAngleForce>
    <Angle angle="2.011491962923465" k="714.6272000000001" type1="ca" type2="c" type3="ns"/>
    <Angle angle="2.1319196813110737" k="548.9408" type1="c" type2="ns" type3="cx"/>
    <Angle angle="2.051634535719334" k="407.52160000000003" type1="c" type2="ns" type3="hn"/>
    <Angle angle="2.077290875723651" k="687.0128" type1="cx" type2="cx" type3="ns"/>
    <Angle angle="1.9278906917529364" k="698.7280000000001" type1="c3" type2="c3" type3="nu"/>
    <Angle angle="2.0895081804876114" k="548.9408" type1="c3" type2="nu" type3="cc"/>
    <Angle angle="2.0244073993882226" k="388.2752" type1="c3" type2="nu" type3="hn"/>
    <Angle angle="2.0181242140810434" k="412.5424" type1="cc" type2="nu" type3="hn"/>
    <Angle angle="2.161415745669778" k="722.1584" type1="cd" type2="cc" type3="nu"/>
    <Angle angle="2.04692214673895" k="927.1744" type1="na" type2="cc" type3="nu"/>
    <Angle angle="2.1476276445790226" k="952.2784" type1="ns" type2="c" type3="o"/>
    <Angle angle="1.994213203328721" k="511.2848" type1="h1" type2="cx" type3="ns"/>
    <Angle angle="2.067167966062084" k="391.62239999999997" type1="cx" type2="ns" type3="hn"/>
    <Angle angle="1.9161969857645744" k="512.1216000000001" type1="h1" type2="c3" type3="nu"/>
  </HarmonicAngleForce>
  <PeriodicTorsionForce>
    <Proper k1="4.3932" periodicity1="2" phase1="3.141592653589793" type1="nc" type2="cd" type3="os" type4="ca"/>
    <Proper k1="4.3932" periodicity1="2" phase1="3.141592653589793" type1="cd" type2="cd" type3="os" type4="ca"/>
    <Proper k1="2.11292" periodicity1="2" phase1="3.141592653589793" type1="ca" type2="ca" type3="cc" type4="cc"/>
    <Proper k1="10.46" periodicity1="2" phase1="3.141592653589793" type1="ca" type2="c" type3="ns" type4="cx"/>
    <Proper k1="10.46" periodicity1="2" phase1="3.141592653589793" type1="ca" type2="c" type3="ns" type4="hn"/>
    <Proper k1="0.0" periodicity1="2" phase1="0.0" type1="cx" type2="cx" type3="ns" type4="c"/>
    <Proper k1="0.0" periodicity1="2" phase1="0.0" type1="h1" type2="cx" type3="ns" type4="c"/>
    <Proper k1="0.0" periodicity1="2" phase1="0.0" type1="cx" type2="cx" type3="ns" type4="hn"/>
    <Proper k1="0.0" periodicity1="2" phase1="0.0" type1="c3" type2="c3" type3="nu" type4="cc"/>
    <Proper k1="0.0" periodicity1="2" phase1="0.0" type1="c3" type2="c3" type3="nu" type4="hn"/>
    <Proper k1="4.3932" periodicity1="2" phase1="3.141592653589793" type1="cd" type2="cc" type3="nu" type4="c3"/>
    <Proper k1="4.3932" periodicity1="2" phase1="3.141592653589793" type1="na" type2="cc" type3="nu" type4="c3"/>
    <Proper k1="0.0" periodicity1="2" phase1="0.0" type1="h1" type2="c3" type3="nu" type4="cc"/>
    <Proper k1="4.3932" periodicity1="2" phase1="3.141592653589793" type1="cd" type2="cc" type3="nu" type4="hn"/>
    <Proper k1="4.3932" periodicity1="2" phase1="3.141592653589793" type1="na" type2="cc" type3="nu" type4="hn"/>
    <Proper k1="10.46" periodicity1="2" phase1="3.141592653589793" type1="o" type2="c" type3="ns" type4="cx"/>
    <Proper k1="10.46" k2="8.368" periodicity1="2" periodicity2="1" phase1="3.141592653589793" phase2="0.0" type1="o" type2="c" type3="ns" type4="hn"/>
    <Proper k1="0.0" periodicity1="2" phase1="0.0" type1="h1" type2="c3" type3="nu" type4="hn"/>
    <Proper k1="0.0" periodicity1="2" phase1="0.0" type1="h1" type2="cx" type3="ns" type4="hn"/>
    <Improper k1="4.6024" periodicity1="2" phase1="3.141592653589793" type1="cc" type2="ca" type3="cc" type4="cc"/>
    <Improper k1="4.6024" periodicity1="2" phase1="3.141592653589793" type1="ca" type2="ca" type3="ca" type4="ha"/>
    <Improper k1="4.6024" periodicity1="2" phase1="3.141592653589793" type1="ca" type2="ca" type3="ca" type4="os"/>
    <Improper k1="4.6024" periodicity1="2" phase1="3.141592653589793" type1="ca" type2="ca" type3="ca" type4="cc"/>
    <Improper k1="4.6024" periodicity1="2" phase1="3.141592653589793" type1="ca" type2="c" type3="ca" type4="ca"/>
    <Improper k1="43.932" periodicity1="2" phase1="3.141592653589793" type1="c" type2="ca" type3="ns" type4="o"/>
    <Improper k1="4.6024" periodicity1="2" phase1="3.141592653589793" type1="cc" type2="cd" type3="na" type4="nu"/>
    <Improper k1="4.6024" periodicity1="2" phase1="3.141592653589793" type1="cd" type2="cc" type3="cd" type4="ha"/>
    <Improper k1="4.6024" periodicity1="2" phase1="3.141592653589793" type1="cd" type2="cd" type3="nc" type4="os"/>
    <Improper k1="4.6024" periodicity1="2" phase1="3.141592653589793" type1="cc" type2="cc" type3="h4" type4="nd"/>
    <Improper k1="4.6024" periodicity1="2" phase1="3.141592653589793" type1="cc" type2="cc" type3="na" type4="nc"/>
    <Improper k1="4.6024" periodicity1="2" phase1="3.141592653589793" type1="na" type2="cc" type3="cc" type4="nd"/>
    <Improper k1="4.6024" periodicity1="2" phase1="3.141592653589793" type1="ns" type2="c" type3="cx" type4="hn"/>
    <Improper k1="4.6024" periodicity1="2" phase1="3.141592653589793" type1="nu" type2="c3" type3="cc" type4="hn"/>
  </PeriodicTorsionForce>
</ForceField>
