<ForceField>
  <Info>
    <DateGenerated>2019-07-05</DateGenerated>
  </Info>
  <Residues>
    <Residue name="MC_053">
      <Atom charge="-0.0612" name="C1" type="cc"/>
      <Atom charge="-0.053" name="C2" type="cd"/>
      <Atom charge="-0.226" name="C3" type="cd"/>
      <Atom charge="-0.0274" name="C4" type="cc"/>
      <Atom charge="-0.4101" name="N5" type="ns"/>
      <Atom charge="0.6957" name="C6" type="c"/>
      <Atom charge="-0.0713" name="C7" type="ca"/>
      <Atom charge="-0.2113" name="C8" type="ca"/>
      <Atom charge="0.6492" name="C9" type="ca"/>
      <Atom charge="-0.731" name="N10" type="nb"/>
      <Atom charge="0.4002" name="C11" type="ca"/>
      <Atom charge="-0.2573" name="C12" type="ca"/>
      <Atom charge="-0.2233" name="C13" type="ca"/>
      <Atom charge="-0.114" name="C14" type="ca"/>
      <Atom charge="-0.162" name="C15" type="ca"/>
      <Atom charge="-0.024" name="C16" type="ca"/>
      <Atom charge="-0.0858" name="C17" type="ca"/>
      <Atom charge="-0.0132" name="C18" type="ca"/>
      <Atom charge="-0.0334" name="N19" type="na"/>
      <Atom charge="-0.0193" name="C20" type="cd"/>
      <Atom charge="-0.1052" name="C21" type="cc"/>
      <Atom charge="-0.8188" name="O23" type="o"/>
      <Atom charge="0.6742" name="C25" type="c3"/>
      <Atom charge="-0.8188" name="O26" type="o"/>
      <Atom charge="-0.236967" name="F27" type="f"/>
      <Atom charge="-0.236967" name="F28" type="f"/>
      <Atom charge="-0.236967" name="F29" type="f"/>
      <Atom charge="-0.6515" name="O30" type="o"/>
      <Atom charge="-1.0765" name="N31" type="nv"/>
      <Atom charge="0.14" name="H2" type="ha"/>
      <Atom charge="0.13" name="H3" type="ha"/>
      <Atom charge="0.13" name="H4" type="h4"/>
      <Atom charge="0.3205" name="HN5" type="hn"/>
      <Atom charge="0.223" name="H8" type="ha"/>
      <Atom charge="0.0031" name="H11" type="h4"/>
      <Atom charge="0.127" name="H12" type="ha"/>
      <Atom charge="0.13" name="H14" type="ha"/>
      <Atom charge="0.127" name="H15" type="ha"/>
      <Atom charge="0.134" name="H16" type="ha"/>
      <Atom charge="0.0852" name="H24" type="h1"/>
      <Atom charge="0.0852" name="H24A" type="h1"/>
      <Atom charge="0.4273" name="HN31" type="hn"/>
      <Atom charge="0.4273" name="HN3A" type="hn"/>
      <Atom charge="0.9028" name="C22" type="c"/>
      <Atom charge="0.0926" name="C24" type="c3"/>
      <Bond atomName1="C1" atomName2="C2"/>
      <Bond atomName1="C6" atomName2="C1"/>
      <Bond atomName1="C21" atomName2="C1"/>
      <Bond atomName1="C2" atomName2="C3"/>
      <Bond atomName1="C2" atomName2="H2"/>
      <Bond atomName1="C3" atomName2="C4"/>
      <Bond atomName1="C3" atomName2="H3"/>
      <Bond atomName1="N5" atomName2="C4"/>
      <Bond atomName1="C4" atomName2="H4"/>
      <Bond atomName1="C6" atomName2="N5"/>
      <Bond atomName1="N5" atomName2="HN5"/>
      <Bond atomName1="O30" atomName2="C6"/>
      <Bond atomName1="C12" atomName2="C7"/>
      <Bond atomName1="C7" atomName2="C24"/>
      <Bond atomName1="C7" atomName2="C8"/>
      <Bond atomName1="C9" atomName2="C8"/>
      <Bond atomName1="C8" atomName2="H8"/>
      <Bond atomName1="N10" atomName2="C9"/>
      <Bond atomName1="C9" atomName2="N31"/>
      <Bond atomName1="C11" atomName2="N10"/>
      <Bond atomName1="C11" atomName2="C12"/>
      <Bond atomName1="C11" atomName2="H11"/>
      <Bond atomName1="C12" atomName2="H12"/>
      <Bond atomName1="C14" atomName2="C13"/>
      <Bond atomName1="C16" atomName2="C13"/>
      <Bond atomName1="C13" atomName2="C25"/>
      <Bond atomName1="C15" atomName2="C14"/>
      <Bond atomName1="C14" atomName2="H14"/>
      <Bond atomName1="C18" atomName2="C15"/>
      <Bond atomName1="C15" atomName2="H15"/>
      <Bond atomName1="C17" atomName2="C16"/>
      <Bond atomName1="C16" atomName2="H16"/>
      <Bond atomName1="C21" atomName2="C17"/>
      <Bond atomName1="C18" atomName2="C17"/>
      <Bond atomName1="N19" atomName2="C18"/>
      <Bond atomName1="C24" atomName2="N19"/>
      <Bond atomName1="C20" atomName2="N19"/>
      <Bond atomName1="C22" atomName2="C20"/>
      <Bond atomName1="C20" atomName2="C21"/>
      <Bond atomName1="O23" atomName2="C22"/>
      <Bond atomName1="C22" atomName2="O26"/>
      <Bond atomName1="C24" atomName2="H24"/>
      <Bond atomName1="C24" atomName2="H24A"/>
      <Bond atomName1="C25" atomName2="F27"/>
      <Bond atomName1="C25" atomName2="F28"/>
      <Bond atomName1="C25" atomName2="F29"/>
      <Bond atomName1="N31" atomName2="HN31"/>
      <Bond atomName1="N31" atomName2="HN3A"/>
    </Residue>
  </Residues>
  <HarmonicBondForce>
    <Bond k="296059.83999999997" length="0.1381" type1="cc" type2="ns"/>
    <Bond k="298068.1599999999" length="0.1379" type1="c" type2="ns"/>
    <Bond k="441244.6399999999" length="0.1013" type1="hn" type2="ns"/>
    <Bond k="290453.27999999997" length="0.1386" type1="ca" type2="nv"/>
    <Bond k="443085.5999999999" length="0.10120000000000001" type1="hn" type2="nv"/>
  </HarmonicBondForce>
  <HarmonicAngleForce>
    <Angle angle="1.9669860669976094" k="728.8528" type1="cc" type2="c" type3="ns"/>
    <Angle angle="2.11760798144472" k="728.0160000000001" type1="cd" type2="cc" type3="ns"/>
    <Angle angle="2.15146736893341" k="557.3088" type1="c" type2="ns" type3="cc"/>
    <Angle angle="2.0814796659284376" k="404.1744" type1="cc" type2="ns" type3="hn"/>
    <Angle angle="2.01917141163224" k="524.6736000000001" type1="h4" type2="cc" type3="ns"/>
    <Angle angle="2.1476276445790226" k="952.2784" type1="ns" type2="c" type3="o"/>
    <Angle angle="2.051634535719334" k="407.52160000000003" type1="c" type2="ns" type3="hn"/>
    <Angle angle="2.1109757302871417" k="721.3216000000001" type1="ca" type2="ca" type3="nv"/>
    <Angle angle="2.0258036627898184" k="408.3584" type1="ca" type2="nv" type3="hn"/>
    <Angle angle="2.040988027282169" k="938.0527999999999" type1="nb" type2="ca" type3="nv"/>
    <Angle angle="2.15146736893341" k="725.5056000000001" type1="c" type2="cd" type3="na"/>
    <Angle angle="2.0092230348958724" k="330.536" type1="hn" type2="nv" type3="hn"/>
  </HarmonicAngleForce>
  <PeriodicTorsionForce>
    <Proper k1="10.46" periodicity1="2" phase1="3.141592653589793" type1="cc" type2="c" type3="ns" type4="cc"/>
    <Proper k1="10.46" periodicity1="2" phase1="3.141592653589793" type1="cc" type2="c" type3="ns" type4="hn"/>
    <Proper k1="2.11292" periodicity1="2" phase1="3.141592653589793" type1="ca" type2="ca" type3="cc" type4="cc"/>
    <Proper k1="6.9036" periodicity1="2" phase1="3.141592653589793" type1="cd" type2="cc" type3="ns" type4="c"/>
    <Proper k1="6.9036" periodicity1="2" phase1="3.141592653589793" type1="cd" type2="cc" type3="ns" type4="hn"/>
    <Proper k1="10.46" periodicity1="2" phase1="3.141592653589793" type1="o" type2="c" type3="ns" type4="cc"/>
    <Proper k1="6.9036" periodicity1="2" phase1="3.141592653589793" type1="h4" type2="cc" type3="ns" type4="c"/>
    <Proper k1="4.3932" periodicity1="2" phase1="3.141592653589793" type1="ca" type2="ca" type3="nv" type4="hn"/>
    <Proper k1="4.3932" periodicity1="2" phase1="3.141592653589793" type1="nb" type2="ca" type3="nv" type4="hn"/>
    <Proper k1="2.11292" periodicity1="2" phase1="3.141592653589793" type1="ca" type2="ca" type3="cc" type4="cd"/>
    <Proper k1="10.46" k2="8.368" periodicity1="2" periodicity2="1" phase1="3.141592653589793" phase2="0.0" type1="o" type2="c" type3="ns" type4="hn"/>
    <Proper k1="6.9036" periodicity1="2" phase1="3.141592653589793" type1="h4" type2="cc" type3="ns" type4="hn"/>
    <Improper k1="4.6024" periodicity1="2" phase1="3.141592653589793" type1="cc" type2="c" type3="cc" type4="cd"/>
    <Improper k1="4.6024" periodicity1="2" phase1="3.141592653589793" type1="cd" type2="cc" type3="cd" type4="ha"/>
    <Improper k1="4.6024" periodicity1="2" phase1="3.141592653589793" type1="cc" type2="cd" type3="h4" type4="ns"/>
    <Improper k1="4.6024" periodicity1="2" phase1="3.141592653589793" type1="ns" type2="c" type3="cc" type4="hn"/>
    <Improper k1="43.932" periodicity1="2" phase1="3.141592653589793" type1="c" type2="cc" type3="ns" type4="o"/>
    <Improper k1="4.6024" periodicity1="2" phase1="3.141592653589793" type1="ca" type2="ca" type3="ca" type4="ha"/>
    <Improper k1="4.6024" periodicity1="2" phase1="3.141592653589793" type1="ca" type2="ca" type3="nb" type4="nv"/>
    <Improper k1="4.6024" periodicity1="2" phase1="3.141592653589793" type1="ca" type2="ca" type3="h4" type4="nb"/>
    <Improper k1="4.6024" periodicity1="2" phase1="3.141592653589793" type1="ca" type2="ca" type3="ca" type4="cc"/>
    <Improper k1="4.6024" periodicity1="2" phase1="3.141592653589793" type1="ca" type2="ca" type3="ca" type4="na"/>
    <Improper k1="4.6024" periodicity1="2" phase1="3.141592653589793" type1="na" type2="c3" type3="ca" type4="cd"/>
    <Improper k1="4.6024" periodicity1="2" phase1="3.141592653589793" type1="cd" type2="c" type3="cc" type4="na"/>
    <Improper k1="4.6024" periodicity1="2" phase1="3.141592653589793" type1="cc" type2="ca" type3="cc" type4="cd"/>
    <Improper k1="4.6024" periodicity1="2" phase1="3.141592653589793" type1="nv" type2="ca" type3="hn" type4="hn"/>
    <Improper k1="4.6024" periodicity1="2" phase1="3.141592653589793" type1="c" type2="cd" type3="o" type4="o"/>
  </PeriodicTorsionForce>
</ForceField>
