<ForceField>
  <Info>
    <DateGenerated>2019-07-05</DateGenerated>
  </Info>
  <Residues>
    <Residue name="MC_058">
      <Atom charge="-0.0096" name="C1" type="ca"/>
      <Atom charge="-0.1409" name="F1" type="f"/>
      <Atom charge="-0.0344" name="N1" type="na"/>
      <Atom charge="-0.8168" name="O1" type="o"/>
      <Atom charge="-0.1564" name="Cl1" type="cl"/>
      <Atom charge="-0.132" name="C2" type="ca"/>
      <Atom charge="-0.8168" name="O2" type="o"/>
      <Atom charge="-0.131" name="C3" type="ca"/>
      <Atom charge="-0.078" name="C4" type="ca"/>
      <Atom charge="-0.0153" name="C5" type="cc"/>
      <Atom charge="-0.1344" name="C6" type="cd"/>
      <Atom charge="-0.0768" name="C7" type="ca"/>
      <Atom charge="-0.0472" name="C8" type="ca"/>
      <Atom charge="0.0916" name="C9" type="c3"/>
      <Atom charge="0.8988" name="C10" type="c"/>
      <Atom charge="0.0132" name="C11" type="ca"/>
      <Atom charge="-0.078" name="C12" type="ca"/>
      <Atom charge="-0.154" name="C13" type="ca"/>
      <Atom charge="-0.122" name="C14" type="ca"/>
      <Atom charge="-0.177" name="C15" type="ca"/>
      <Atom charge="0.1549" name="C16" type="ca"/>
      <Atom charge="-0.1053" name="C17" type="ca"/>
      <Atom charge="-0.105" name="C18" type="ca"/>
      <Atom charge="-0.151" name="C19" type="ca"/>
      <Atom charge="-0.136" name="C20" type="ca"/>
      <Atom charge="-0.151" name="C21" type="ca"/>
      <Atom charge="-0.105" name="C22" type="ca"/>
      <Atom charge="0.125" name="H2" type="ha"/>
      <Atom charge="0.122" name="H3" type="ha"/>
      <Atom charge="0.137" name="H4" type="ha"/>
      <Atom charge="0.0822" name="H9" type="h1"/>
      <Atom charge="0.0822" name="H9A" type="h1"/>
      <Atom charge="0.138" name="H12" type="ha"/>
      <Atom charge="0.116" name="H13" type="ha"/>
      <Atom charge="0.113" name="H14" type="ha"/>
      <Atom charge="0.126" name="H15" type="ha"/>
      <Atom charge="0.1655" name="H18" type="ha"/>
      <Atom charge="0.117" name="H19" type="ha"/>
      <Atom charge="0.109" name="H20" type="ha"/>
      <Atom charge="0.117" name="H21" type="ha"/>
      <Atom charge="0.1655" name="H22" type="ha"/>
      <Bond atomName1="C1" atomName2="C2"/>
      <Bond atomName1="C4" atomName2="C1"/>
      <Bond atomName1="C1" atomName2="Cl1"/>
      <Bond atomName1="F1" atomName2="C16"/>
      <Bond atomName1="C9" atomName2="N1"/>
      <Bond atomName1="C5" atomName2="N1"/>
      <Bond atomName1="N1" atomName2="C8"/>
      <Bond atomName1="C10" atomName2="O1"/>
      <Bond atomName1="C2" atomName2="C3"/>
      <Bond atomName1="C2" atomName2="H2"/>
      <Bond atomName1="O2" atomName2="C10"/>
      <Bond atomName1="C8" atomName2="C3"/>
      <Bond atomName1="C3" atomName2="H3"/>
      <Bond atomName1="C7" atomName2="C4"/>
      <Bond atomName1="C4" atomName2="H4"/>
      <Bond atomName1="C5" atomName2="C6"/>
      <Bond atomName1="C10" atomName2="C5"/>
      <Bond atomName1="C6" atomName2="C11"/>
      <Bond atomName1="C6" atomName2="C7"/>
      <Bond atomName1="C8" atomName2="C7"/>
      <Bond atomName1="C17" atomName2="C9"/>
      <Bond atomName1="C9" atomName2="H9"/>
      <Bond atomName1="C9" atomName2="H9A"/>
      <Bond atomName1="C16" atomName2="C11"/>
      <Bond atomName1="C11" atomName2="C12"/>
      <Bond atomName1="C12" atomName2="C13"/>
      <Bond atomName1="C12" atomName2="H12"/>
      <Bond atomName1="C14" atomName2="C13"/>
      <Bond atomName1="C13" atomName2="H13"/>
      <Bond atomName1="C15" atomName2="C14"/>
      <Bond atomName1="C14" atomName2="H14"/>
      <Bond atomName1="C16" atomName2="C15"/>
      <Bond atomName1="C15" atomName2="H15"/>
      <Bond atomName1="C18" atomName2="C17"/>
      <Bond atomName1="C17" atomName2="C22"/>
      <Bond atomName1="C19" atomName2="C18"/>
      <Bond atomName1="C18" atomName2="H18"/>
      <Bond atomName1="C19" atomName2="C20"/>
      <Bond atomName1="C19" atomName2="H19"/>
      <Bond atomName1="C20" atomName2="C21"/>
      <Bond atomName1="C20" atomName2="H20"/>
      <Bond atomName1="C21" atomName2="C22"/>
      <Bond atomName1="C21" atomName2="H21"/>
      <Bond atomName1="C22" atomName2="H22"/>
    </Residue>
  </Residues>
  <HarmonicAngleForce>
    <Angle angle="2.15146736893341" k="725.5056000000001" type1="c" type2="cc" type3="na"/>
  </HarmonicAngleForce>
  <PeriodicTorsionForce>
    <Proper k1="2.11292" periodicity1="2" phase1="3.141592653589793" type1="ca" type2="ca" type3="cd" type4="cc"/>
    <Proper k1="2.11292" periodicity1="2" phase1="3.141592653589793" type1="ca" type2="ca" type3="cd" type4="ca"/>
    <Improper k1="4.6024" periodicity1="2" phase1="3.141592653589793" type1="na" type2="c3" type3="ca" type4="cc"/>
    <Improper k1="4.6024" periodicity1="2" phase1="3.141592653589793" type1="ca" type2="ca" type3="ca" type4="ha"/>
    <Improper k1="4.6024" periodicity1="2" phase1="3.141592653589793" type1="cc" type2="c" type3="cd" type4="na"/>
    <Improper k1="4.6024" periodicity1="2" phase1="3.141592653589793" type1="cd" type2="ca" type3="ca" type4="cc"/>
    <Improper k1="4.6024" periodicity1="2" phase1="3.141592653589793" type1="ca" type2="ca" type3="ca" type4="cd"/>
    <Improper k1="4.6024" periodicity1="2" phase1="3.141592653589793" type1="ca" type2="ca" type3="ca" type4="na"/>
    <Improper k1="4.6024" periodicity1="2" phase1="3.141592653589793" type1="c" type2="cc" type3="o" type4="o"/>
  </PeriodicTorsionForce>
</ForceField>
