<ForceField>
  <Info>
    <DateGenerated>2019-07-05</DateGenerated>
  </Info>
  <Residues>
    <Residue name="MC_059">
      <Atom charge="-0.1175" name="C36" type="ca"/>
      <Atom charge="-0.1305" name="C37" type="ca"/>
      <Atom charge="-0.143" name="C38" type="ca"/>
      <Atom charge="-0.1305" name="C39" type="ca"/>
      <Atom charge="-0.1175" name="C40" type="ca"/>
      <Atom charge="-0.0523" name="C35" type="ca"/>
      <Atom charge="-0.0201" name="C34" type="c3"/>
      <Atom charge="-0.2166" name="C33" type="c3"/>
      <Atom charge="1.3289" name="S32" type="s6"/>
      <Atom charge="-0.6658" name="O32" type="o"/>
      <Atom charge="-0.6658" name="O33" type="o"/>
      <Atom charge="-0.8561" name="N31" type="n7"/>
      <Atom charge="0.0743" name="C27" type="c3"/>
      <Atom charge="-0.0677" name="C28" type="c3"/>
      <Atom charge="-0.0966" name="C30" type="c3"/>
      <Atom charge="-0.0966" name="C29" type="c3"/>
      <Atom charge="0.9844" name="P24" type="p5"/>
      <Atom charge="-0.784" name="O25" type="o"/>
      <Atom charge="-0.784" name="O26" type="o"/>
      <Atom charge="-0.2426" name="C15" type="c3"/>
      <Atom charge="-0.1164" name="C1" type="c3"/>
      <Atom charge="0.8956" name="C2" type="c"/>
      <Atom charge="-0.8158" name="O14" type="o"/>
      <Atom charge="-0.8158" name="O13" type="o"/>
      <Atom charge="0.0427" name="C3" type="ca"/>
      <Atom charge="-0.104" name="C8" type="ca"/>
      <Atom charge="-0.059" name="C4" type="ca"/>
      <Atom charge="-0.134" name="C5" type="ca"/>
      <Atom charge="-0.16" name="C6" type="ca"/>
      <Atom charge="-0.2183" name="C7" type="ca"/>
      <Atom charge="0.1611" name="C9" type="c3"/>
      <Atom charge="-0.8136" name="N10" type="nz"/>
      <Atom charge="0.1325" name="H36" type="ha"/>
      <Atom charge="0.118" name="H37" type="ha"/>
      <Atom charge="0.114" name="H38" type="ha"/>
      <Atom charge="0.118" name="H39" type="ha"/>
      <Atom charge="0.1325" name="H40" type="ha"/>
      <Atom charge="0.0492" name="H341" type="hc"/>
      <Atom charge="0.0492" name="H342" type="hc"/>
      <Atom charge="0.1237" name="H331" type="h1"/>
      <Atom charge="0.1237" name="H332" type="h1"/>
      <Atom charge="0.4758" name="HN31" type="hn"/>
      <Atom charge="0.0377" name="H27" type="h1"/>
      <Atom charge="0.0377" name="H28" type="hc"/>
      <Atom charge="0.037033" name="H301" type="hc"/>
      <Atom charge="0.037033" name="H302" type="hc"/>
      <Atom charge="0.037033" name="H303" type="hc"/>
      <Atom charge="0.037033" name="H291" type="hc"/>
      <Atom charge="0.037033" name="H292" type="hc"/>
      <Atom charge="0.037033" name="H293" type="hc"/>
      <Atom charge="0.0312" name="H151" type="hc"/>
      <Atom charge="0.0312" name="H152" type="hc"/>
      <Atom charge="0.0807" name="H1" type="hc"/>
      <Atom charge="0.138" name="H8" type="ha"/>
      <Atom charge="0.174" name="H4" type="ha"/>
      <Atom charge="0.126" name="H5" type="ha"/>
      <Atom charge="0.096" name="H6" type="ha"/>
      <Atom charge="0.0972" name="H91" type="hx"/>
      <Atom charge="0.0972" name="H92" type="hx"/>
      <Atom charge="0.442467" name="H101" type="hn"/>
      <Atom charge="0.442467" name="H102" type="hn"/>
      <Atom charge="0.442467" name="H103" type="hn"/>
      <Bond atomName1="C36" atomName2="C37"/>
      <Bond atomName1="C36" atomName2="C35"/>
      <Bond atomName1="C36" atomName2="H36"/>
      <Bond atomName1="C37" atomName2="C38"/>
      <Bond atomName1="C37" atomName2="H37"/>
      <Bond atomName1="C38" atomName2="C39"/>
      <Bond atomName1="C38" atomName2="H38"/>
      <Bond atomName1="C39" atomName2="C40"/>
      <Bond atomName1="C39" atomName2="H39"/>
      <Bond atomName1="C40" atomName2="C35"/>
      <Bond atomName1="C40" atomName2="H40"/>
      <Bond atomName1="C35" atomName2="C34"/>
      <Bond atomName1="C34" atomName2="C33"/>
      <Bond atomName1="C34" atomName2="H341"/>
      <Bond atomName1="C34" atomName2="H342"/>
      <Bond atomName1="C33" atomName2="S32"/>
      <Bond atomName1="C33" atomName2="H331"/>
      <Bond atomName1="C33" atomName2="H332"/>
      <Bond atomName1="S32" atomName2="N31"/>
      <Bond atomName1="S32" atomName2="O33"/>
      <Bond atomName1="S32" atomName2="O32"/>
      <Bond atomName1="N31" atomName2="C27"/>
      <Bond atomName1="N31" atomName2="HN31"/>
      <Bond atomName1="C27" atomName2="P24"/>
      <Bond atomName1="C27" atomName2="C28"/>
      <Bond atomName1="C27" atomName2="H27"/>
      <Bond atomName1="C28" atomName2="C30"/>
      <Bond atomName1="C28" atomName2="C29"/>
      <Bond atomName1="C28" atomName2="H28"/>
      <Bond atomName1="C30" atomName2="H301"/>
      <Bond atomName1="C30" atomName2="H302"/>
      <Bond atomName1="C30" atomName2="H303"/>
      <Bond atomName1="C29" atomName2="H291"/>
      <Bond atomName1="C29" atomName2="H292"/>
      <Bond atomName1="C29" atomName2="H293"/>
      <Bond atomName1="P24" atomName2="C15"/>
      <Bond atomName1="P24" atomName2="O26"/>
      <Bond atomName1="P24" atomName2="O25"/>
      <Bond atomName1="C15" atomName2="C1"/>
      <Bond atomName1="C15" atomName2="H151"/>
      <Bond atomName1="C15" atomName2="H152"/>
      <Bond atomName1="C1" atomName2="C3"/>
      <Bond atomName1="C1" atomName2="C2"/>
      <Bond atomName1="C1" atomName2="H1"/>
      <Bond atomName1="C2" atomName2="O14"/>
      <Bond atomName1="C2" atomName2="O13"/>
      <Bond atomName1="C3" atomName2="C4"/>
      <Bond atomName1="C3" atomName2="C8"/>
      <Bond atomName1="C8" atomName2="C7"/>
      <Bond atomName1="C8" atomName2="H8"/>
      <Bond atomName1="C4" atomName2="C5"/>
      <Bond atomName1="C4" atomName2="H4"/>
      <Bond atomName1="C5" atomName2="C6"/>
      <Bond atomName1="C5" atomName2="H5"/>
      <Bond atomName1="C6" atomName2="C7"/>
      <Bond atomName1="C6" atomName2="H6"/>
      <Bond atomName1="C7" atomName2="C9"/>
      <Bond atomName1="C9" atomName2="N10"/>
      <Bond atomName1="C9" atomName2="H91"/>
      <Bond atomName1="C9" atomName2="H92"/>
      <Bond atomName1="N10" atomName2="H101"/>
      <Bond atomName1="N10" atomName2="H102"/>
      <Bond atomName1="H103" atomName2="N10"/>
    </Residue>
  </Residues>
  <HarmonicBondForce>
    <Bond k="272796.79999999993" length="0.16720000000000002" type1="n7" type2="s6"/>
    <Bond k="218572.15999999995" length="0.14650000000000002" type1="c3" type2="n7"/>
    <Bond k="427855.8399999999" length="0.10189999999999999" type1="hn" type2="n7"/>
    <Bond k="186271.67999999996" length="0.1511" type1="c3" type2="nz"/>
    <Bond k="404090.7199999999" length="0.10300000000000001" type1="hn" type2="nz"/>
  </HarmonicBondForce>
  <HarmonicAngleForce>
    <Angle angle="1.779712238258618" k="774.0400000000001" type1="c3" type2="s6" type3="n7"/>
    <Angle angle="2.034181243199391" k="539.736" type1="c3" type2="n7" type3="s6"/>
    <Angle angle="1.9128808601857852" k="377.39680000000004" type1="hn" type2="n7" type3="s6"/>
    <Angle angle="1.8750072154175084" k="1044.3264" type1="n7" type2="s6" type3="o"/>
    <Angle angle="1.9380136014145037" k="697.0544" type1="c3" type2="c3" type3="n7"/>
    <Angle angle="1.909564734606996" k="863.5776000000001" type1="n7" type2="c3" type3="p5"/>
    <Angle angle="1.9177677820913692" k="512.1216000000001" type1="h1" type2="c3" type3="n7"/>
    <Angle angle="1.9074703395046029" k="399.99039999999997" type1="c3" type2="n7" type3="hn"/>
    <Angle angle="1.986184688769547" k="683.6656" type1="ca" type2="c3" type3="nz"/>
    <Angle angle="1.9217820393709562" k="386.6016" type1="c3" type2="nz" type3="hn"/>
    <Angle angle="1.8851301250790755" k="502.9168" type1="hx" type2="c3" type3="nz"/>
    <Angle angle="1.8901915799098588" k="334.72" type1="hn" type2="nz" type3="hn"/>
  </HarmonicAngleForce>
  <PeriodicTorsionForce>
    <Proper k1="15.10424" periodicity1="2" phase1="0.0" type1="c3" type2="n7" type3="s6" type4="c3"/>
    <Proper k1="13.109866666666667" periodicity1="2" phase1="0.0" type1="hn" type2="n7" type3="s6" type4="c3"/>
    <Proper k1="1.2552" periodicity1="3" phase1="0.0" type1="c3" type2="c3" type3="n7" type4="s6"/>
    <Proper k1="1.2552" periodicity1="3" phase1="0.0" type1="p5" type2="c3" type3="n7" type4="s6"/>
    <Proper k1="1.2552" periodicity1="3" phase1="0.0" type1="h1" type2="c3" type3="n7" type4="s6"/>
    <Proper k1="13.109866666666667" periodicity1="2" phase1="0.0" type1="c3" type2="n7" type3="s6" type4="o"/>
    <Proper k1="13.109866666666667" periodicity1="2" phase1="0.0" type1="hn" type2="n7" type3="s6" type4="o"/>
    <Proper k1="0.87864" periodicity1="3" phase1="0.0" type1="c3" type2="c3" type3="c3" type4="n7"/>
    <Proper k1="0.41840000000000005" periodicity1="3" phase1="0.0" type1="hc" type2="c3" type3="c3" type4="n7"/>
    <Proper k1="0.9079280000000001" periodicity1="3" phase1="0.0" type1="c3" type2="c3" type3="n7" type4="hn"/>
    <Proper k1="1.2552" periodicity1="3" phase1="0.0" type1="p5" type2="c3" type3="n7" type4="hn"/>
    <Proper k1="0.6508444444444444" periodicity1="3" phase1="0.0" type1="ca" type2="c3" type3="nz" type4="hn"/>
    <Proper k1="1.2552" periodicity1="3" phase1="0.0" type1="h1" type2="c3" type3="n7" type4="hn"/>
    <Proper k1="0.456056" periodicity1="3" phase1="0.0" type1="hx" type2="c3" type3="nz" type4="hn"/>
    <Improper k1="4.6024" periodicity1="2" phase1="3.141592653589793" type1="ca" type2="ca" type3="ca" type4="ha"/>
    <Improper k1="4.6024" periodicity1="2" phase1="3.141592653589793" type1="c" type2="c3" type3="o" type4="o"/>
  </PeriodicTorsionForce>
</ForceField>
