<ForceField>
  <Info>
    <DateGenerated>2019-07-05</DateGenerated>
  </Info>
  <Residues>
    <Residue name="MC_05L">
      <Atom charge="-0.4412" name="SE" type="ss"/>
      <Atom charge="0.2822" name="C1" type="c3"/>
      <Atom charge="0.1141" name="C2" type="c3"/>
      <Atom charge="-0.5928" name="O2" type="oh"/>
      <Atom charge="0.1261" name="C3" type="c3"/>
      <Atom charge="-0.6008" name="O3" type="oh"/>
      <Atom charge="0.1061" name="C4" type="c3"/>
      <Atom charge="-0.6018" name="O4" type="oh"/>
      <Atom charge="0.1411" name="C5" type="c3"/>
      <Atom charge="-0.3996" name="O5" type="os"/>
      <Atom charge="0.1524" name="C6" type="c3"/>
      <Atom charge="-0.6028" name="O6" type="oh"/>
      <Atom charge="0.0967" name="C1'" type="c3"/>
      <Atom charge="-0.0804" name="C2'" type="c3"/>
      <Atom charge="-0.0804" name="C3'" type="c3"/>
      <Atom charge="-0.0814" name="C4'" type="c3"/>
      <Atom charge="-0.0814" name="C5'" type="c3"/>
      <Atom charge="-0.0844" name="C6'" type="c3"/>
      <Atom charge="-0.0921" name="C7'" type="c3"/>
      <Atom charge="0.0677" name="H1" type="h2"/>
      <Atom charge="0.0667" name="H2" type="h1"/>
      <Atom charge="0.417" name="HO2" type="ho"/>
      <Atom charge="0.0607" name="H3" type="h1"/>
      <Atom charge="0.416" name="HO3" type="ho"/>
      <Atom charge="0.0587" name="H4" type="h1"/>
      <Atom charge="0.414" name="HO4" type="ho"/>
      <Atom charge="0.0637" name="H5" type="h1"/>
      <Atom charge="0.0372" name="H6" type="h1"/>
      <Atom charge="0.0372" name="H6A" type="h1"/>
      <Atom charge="0.404" name="HO6" type="ho"/>
      <Atom charge="0.0657" name="H1'" type="h1"/>
      <Atom charge="0.0657" name="H1'A" type="h1"/>
      <Atom charge="0.0542" name="H2'" type="hc"/>
      <Atom charge="0.0542" name="H2'A" type="hc"/>
      <Atom charge="0.0437" name="H3'" type="hc"/>
      <Atom charge="0.0437" name="H3'A" type="hc"/>
      <Atom charge="0.0427" name="H4'" type="hc"/>
      <Atom charge="0.0427" name="H4'A" type="hc"/>
      <Atom charge="0.0417" name="H5'" type="hc"/>
      <Atom charge="0.0417" name="H5'A" type="hc"/>
      <Atom charge="0.0407" name="H6'" type="hc"/>
      <Atom charge="0.0407" name="H6'A" type="hc"/>
      <Atom charge="0.0327" name="H7'" type="hc"/>
      <Atom charge="0.0327" name="H7'A" type="hc"/>
      <Atom charge="0.0327" name="H7'B" type="hc"/>
      <Bond atomName1="C1" atomName2="SE"/>
      <Bond atomName1="C1'" atomName2="SE"/>
      <Bond atomName1="C1" atomName2="C2"/>
      <Bond atomName1="C1" atomName2="O5"/>
      <Bond atomName1="C1" atomName2="H1"/>
      <Bond atomName1="O2" atomName2="C2"/>
      <Bond atomName1="C3" atomName2="C2"/>
      <Bond atomName1="C2" atomName2="H2"/>
      <Bond atomName1="O2" atomName2="HO2"/>
      <Bond atomName1="C3" atomName2="O3"/>
      <Bond atomName1="C3" atomName2="C4"/>
      <Bond atomName1="C3" atomName2="H3"/>
      <Bond atomName1="O3" atomName2="HO3"/>
      <Bond atomName1="C5" atomName2="C4"/>
      <Bond atomName1="O4" atomName2="C4"/>
      <Bond atomName1="C4" atomName2="H4"/>
      <Bond atomName1="O4" atomName2="HO4"/>
      <Bond atomName1="C5" atomName2="O5"/>
      <Bond atomName1="C5" atomName2="C6"/>
      <Bond atomName1="C5" atomName2="H5"/>
      <Bond atomName1="C6" atomName2="O6"/>
      <Bond atomName1="C6" atomName2="H6"/>
      <Bond atomName1="C6" atomName2="H6A"/>
      <Bond atomName1="O6" atomName2="HO6"/>
      <Bond atomName1="C1'" atomName2="C2'"/>
      <Bond atomName1="C1'" atomName2="H1'"/>
      <Bond atomName1="C1'" atomName2="H1'A"/>
      <Bond atomName1="C2'" atomName2="C3'"/>
      <Bond atomName1="C2'" atomName2="H2'"/>
      <Bond atomName1="C2'" atomName2="H2'A"/>
      <Bond atomName1="C3'" atomName2="C4'"/>
      <Bond atomName1="C3'" atomName2="H3'"/>
      <Bond atomName1="C3'" atomName2="H3'A"/>
      <Bond atomName1="C4'" atomName2="C5'"/>
      <Bond atomName1="C4'" atomName2="H4'"/>
      <Bond atomName1="C4'" atomName2="H4'A"/>
      <Bond atomName1="C5'" atomName2="C6'"/>
      <Bond atomName1="C5'" atomName2="H5'"/>
      <Bond atomName1="C5'" atomName2="H5'A"/>
      <Bond atomName1="C6'" atomName2="C7'"/>
      <Bond atomName1="C6'" atomName2="H6'"/>
      <Bond atomName1="C6'" atomName2="H6'A"/>
      <Bond atomName1="C7'" atomName2="H7'"/>
      <Bond atomName1="C7'" atomName2="H7'A"/>
      <Bond atomName1="C7'" atomName2="H7'B"/>
    </Residue>
  </Residues>
</ForceField>
