<ForceField>
  <Info>
    <DateGenerated>2019-07-05</DateGenerated>
  </Info>
  <Residues>
    <Residue name="MC_05R">
      <Atom charge="0.8926" name="CBE" type="c"/>
      <Atom charge="-0.8383" name="OBF" type="o"/>
      <Atom charge="-0.1561" name="CBG" type="c3"/>
      <Atom charge="0.0087" name="CBH" type="ca"/>
      <Atom charge="-0.115" name="CBI" type="ca"/>
      <Atom charge="-0.12" name="CBJ" type="ca"/>
      <Atom charge="0.0044" name="CBK" type="ca"/>
      <Atom charge="-0.1384" name="ClL" type="cl"/>
      <Atom charge="0.0354" name="CBM" type="ca"/>
      <Atom charge="-0.1324" name="ClN" type="cl"/>
      <Atom charge="-0.109" name="CBO" type="ca"/>
      <Atom charge="0.0442" name="HBG" type="hc"/>
      <Atom charge="0.0442" name="HBGA" type="hc"/>
      <Atom charge="0.139" name="HBI" type="ha"/>
      <Atom charge="0.13" name="HBJ" type="ha"/>
      <Atom charge="0.149" name="HBO" type="ha"/>
      <Atom charge="-0.8383" name="OXT" type="o"/>
      <Bond atomName1="OBF" atomName2="CBE"/>
      <Bond atomName1="CBE" atomName2="CBG"/>
      <Bond atomName1="CBG" atomName2="CBH"/>
      <Bond atomName1="CBG" atomName2="HBG"/>
      <Bond atomName1="CBG" atomName2="HBGA"/>
      <Bond atomName1="CBI" atomName2="CBH"/>
      <Bond atomName1="CBH" atomName2="CBO"/>
      <Bond atomName1="CBI" atomName2="CBJ"/>
      <Bond atomName1="CBI" atomName2="HBI"/>
      <Bond atomName1="CBJ" atomName2="CBK"/>
      <Bond atomName1="CBJ" atomName2="HBJ"/>
      <Bond atomName1="CBK" atomName2="ClL"/>
      <Bond atomName1="CBK" atomName2="CBM"/>
      <Bond atomName1="CBO" atomName2="CBM"/>
      <Bond atomName1="CBM" atomName2="ClN"/>
      <Bond atomName1="CBO" atomName2="HBO"/>
      <Bond atomName1="CBE" atomName2="OXT"/>
    </Residue>
  </Residues>
  <PeriodicTorsionForce>
    <Improper k1="4.6024" periodicity1="2" phase1="3.141592653589793" type1="c" type2="c3" type3="o" type4="o"/>
    <Improper k1="4.6024" periodicity1="2" phase1="3.141592653589793" type1="ca" type2="ca" type3="ca" type4="ha"/>
  </PeriodicTorsionForce>
</ForceField>
