<ForceField>
  <Info>
    <DateGenerated>2019-07-05</DateGenerated>
  </Info>
  <Residues>
    <Residue name="MC_05U">
      <Atom charge="-0.8056" name="N3" type="nz"/>
      <Atom charge="0.0965" name="C11" type="c3"/>
      <Atom charge="-0.1074" name="C12" type="c3"/>
      <Atom charge="-0.0907" name="C13" type="c3"/>
      <Atom charge="-0.0926" name="C15" type="c3"/>
      <Atom charge="-0.0926" name="C14" type="c3"/>
      <Atom charge="0.1231" name="C16" type="c3"/>
      <Atom charge="-0.6188" name="O6" type="oh"/>
      <Atom charge="-0.1057" name="C17" type="c3"/>
      <Atom charge="-0.0926" name="C23" type="c3"/>
      <Atom charge="-0.0926" name="C18" type="c3"/>
      <Atom charge="0.458133" name="H33" type="hn"/>
      <Atom charge="0.1217" name="H34" type="hx"/>
      <Atom charge="0.0877" name="H35" type="hc"/>
      <Atom charge="0.0877" name="H36" type="hc"/>
      <Atom charge="0.0197" name="H37" type="hc"/>
      <Atom charge="0.050867" name="H38" type="hc"/>
      <Atom charge="0.050867" name="H39" type="hc"/>
      <Atom charge="0.050867" name="H40" type="hc"/>
      <Atom charge="0.050867" name="H41" type="hc"/>
      <Atom charge="0.050867" name="H42" type="hc"/>
      <Atom charge="0.050867" name="H43" type="hc"/>
      <Atom charge="0.0897" name="H44" type="h1"/>
      <Atom charge="0.444" name="H45" type="ho"/>
      <Atom charge="0.0367" name="H46" type="hc"/>
      <Atom charge="0.052033" name="H47" type="hc"/>
      <Atom charge="0.052033" name="H48" type="hc"/>
      <Atom charge="0.052033" name="H49" type="hc"/>
      <Atom charge="0.052033" name="H50" type="hc"/>
      <Atom charge="0.052033" name="H51" type="hc"/>
      <Atom charge="0.052033" name="H52" type="hc"/>
      <Atom charge="0.458133" name="H2" type="hn"/>
      <Atom charge="0.458133" name="H331" type="hn"/>
      <Bond atomName1="C17" atomName2="C16"/>
      <Bond atomName1="C17" atomName2="C23"/>
      <Bond atomName1="C17" atomName2="C18"/>
      <Bond atomName1="C16" atomName2="O6"/>
      <Bond atomName1="C16" atomName2="C11"/>
      <Bond atomName1="C12" atomName2="C13"/>
      <Bond atomName1="C12" atomName2="C11"/>
      <Bond atomName1="C13" atomName2="C14"/>
      <Bond atomName1="C13" atomName2="C15"/>
      <Bond atomName1="C11" atomName2="N3"/>
      <Bond atomName1="N3" atomName2="H33"/>
      <Bond atomName1="C11" atomName2="H34"/>
      <Bond atomName1="C12" atomName2="H35"/>
      <Bond atomName1="C12" atomName2="H36"/>
      <Bond atomName1="C13" atomName2="H37"/>
      <Bond atomName1="C15" atomName2="H38"/>
      <Bond atomName1="C15" atomName2="H39"/>
      <Bond atomName1="C15" atomName2="H40"/>
      <Bond atomName1="C14" atomName2="H41"/>
      <Bond atomName1="C14" atomName2="H42"/>
      <Bond atomName1="C14" atomName2="H43"/>
      <Bond atomName1="C16" atomName2="H44"/>
      <Bond atomName1="O6" atomName2="H45"/>
      <Bond atomName1="C17" atomName2="H46"/>
      <Bond atomName1="C23" atomName2="H47"/>
      <Bond atomName1="C23" atomName2="H48"/>
      <Bond atomName1="C23" atomName2="H49"/>
      <Bond atomName1="C18" atomName2="H50"/>
      <Bond atomName1="C18" atomName2="H51"/>
      <Bond atomName1="C18" atomName2="H52"/>
      <Bond atomName1="N3" atomName2="H2"/>
      <Bond atomName1="H331" atomName2="N3"/>
    </Residue>
  </Residues>
  <HarmonicBondForce>
    <Bond k="186271.67999999996" length="0.1511" type1="c3" type2="nz"/>
    <Bond k="404090.7199999999" length="0.10300000000000001" type1="hn" type2="nz"/>
  </HarmonicBondForce>
  <HarmonicAngleForce>
    <Angle angle="1.9933405387027237" k="677.808" type1="c3" type2="c3" type3="nz"/>
    <Angle angle="1.8851301250790755" k="502.9168" type1="hx" type2="c3" type3="nz"/>
    <Angle angle="1.9217820393709562" k="386.6016" type1="c3" type2="nz" type3="hn"/>
    <Angle angle="1.8901915799098588" k="334.72" type1="hn" type2="nz" type3="hn"/>
  </HarmonicAngleForce>
  <PeriodicTorsionForce>
    <Proper k1="0.87864" periodicity1="3" phase1="0.0" type1="c3" type2="c3" type3="c3" type4="nz"/>
    <Proper k1="0.602496" k2="5.4392000000000005" periodicity1="3" periodicity2="2" phase1="0.0" phase2="0.0" type1="nz" type2="c3" type3="c3" type4="oh"/>
    <Proper k1="0.6508444444444444" periodicity1="3" phase1="0.0" type1="c3" type2="c3" type3="nz" type4="hn"/>
    <Proper k1="0.456056" periodicity1="3" phase1="0.0" type1="hx" type2="c3" type3="nz" type4="hn"/>
  </PeriodicTorsionForce>
</ForceField>
