<ForceField>
  <Info>
    <DateGenerated>2019-07-05</DateGenerated>
  </Info>
  <Residues>
    <Residue name="MC_05W">
      <Atom charge="-0.8076" name="N4" type="nz"/>
      <Atom charge="0.0925" name="C16" type="c3"/>
      <Atom charge="-0.1064" name="C25" type="c3"/>
      <Atom charge="-0.0907" name="C26" type="c3"/>
      <Atom charge="-0.0921" name="C28" type="c3"/>
      <Atom charge="-0.0921" name="C27" type="c3"/>
      <Atom charge="0.1241" name="C17" type="c3"/>
      <Atom charge="-0.1017" name="C22" type="c3"/>
      <Atom charge="-0.0821" name="C23" type="c3"/>
      <Atom charge="0.1404" name="C24" type="c3"/>
      <Atom charge="-0.5968" name="O7" type="oh"/>
      <Atom charge="-0.6128" name="O4" type="oh"/>
      <Atom charge="0.4598" name="H12" type="hn"/>
      <Atom charge="0.1197" name="H13" type="hx"/>
      <Atom charge="0.0882" name="H14" type="hc"/>
      <Atom charge="0.0882" name="H15" type="hc"/>
      <Atom charge="0.0207" name="H16" type="hc"/>
      <Atom charge="0.0512" name="H17" type="hc"/>
      <Atom charge="0.0512" name="H18" type="hc"/>
      <Atom charge="0.0512" name="H19" type="hc"/>
      <Atom charge="0.0512" name="H20" type="hc"/>
      <Atom charge="0.0512" name="H21" type="hc"/>
      <Atom charge="0.0512" name="H22" type="hc"/>
      <Atom charge="0.0877" name="H23" type="h1"/>
      <Atom charge="0.0457" name="H24" type="hc"/>
      <Atom charge="0.059367" name="H25" type="hc"/>
      <Atom charge="0.059367" name="H26" type="hc"/>
      <Atom charge="0.059367" name="H27" type="hc"/>
      <Atom charge="0.0207" name="H28" type="h1"/>
      <Atom charge="0.0207" name="H29" type="h1"/>
      <Atom charge="0.426" name="H30" type="ho"/>
      <Atom charge="0.445" name="H31" type="ho"/>
      <Atom charge="0.4598" name="H2" type="hn"/>
      <Atom charge="0.4598" name="H43" type="hn"/>
      <Bond atomName1="C22" atomName2="C17"/>
      <Bond atomName1="C22" atomName2="C24"/>
      <Bond atomName1="C22" atomName2="C23"/>
      <Bond atomName1="C17" atomName2="O4"/>
      <Bond atomName1="C17" atomName2="C16"/>
      <Bond atomName1="C24" atomName2="O7"/>
      <Bond atomName1="C25" atomName2="C26"/>
      <Bond atomName1="C25" atomName2="C16"/>
      <Bond atomName1="C27" atomName2="C26"/>
      <Bond atomName1="C26" atomName2="C28"/>
      <Bond atomName1="C16" atomName2="N4"/>
      <Bond atomName1="N4" atomName2="H12"/>
      <Bond atomName1="C16" atomName2="H13"/>
      <Bond atomName1="C25" atomName2="H14"/>
      <Bond atomName1="C25" atomName2="H15"/>
      <Bond atomName1="C26" atomName2="H16"/>
      <Bond atomName1="C28" atomName2="H17"/>
      <Bond atomName1="C28" atomName2="H18"/>
      <Bond atomName1="C28" atomName2="H19"/>
      <Bond atomName1="C27" atomName2="H20"/>
      <Bond atomName1="C27" atomName2="H21"/>
      <Bond atomName1="C27" atomName2="H22"/>
      <Bond atomName1="C17" atomName2="H23"/>
      <Bond atomName1="C22" atomName2="H24"/>
      <Bond atomName1="C23" atomName2="H25"/>
      <Bond atomName1="C23" atomName2="H26"/>
      <Bond atomName1="C23" atomName2="H27"/>
      <Bond atomName1="C24" atomName2="H28"/>
      <Bond atomName1="C24" atomName2="H29"/>
      <Bond atomName1="O7" atomName2="H30"/>
      <Bond atomName1="O4" atomName2="H31"/>
      <Bond atomName1="N4" atomName2="H2"/>
      <Bond atomName1="H43" atomName2="N4"/>
    </Residue>
  </Residues>
  <HarmonicBondForce>
    <Bond k="186271.67999999996" length="0.1511" type1="c3" type2="nz"/>
    <Bond k="404090.7199999999" length="0.10300000000000001" type1="hn" type2="nz"/>
  </HarmonicBondForce>
  <HarmonicAngleForce>
    <Angle angle="1.9933405387027237" k="677.808" type1="c3" type2="c3" type3="nz"/>
    <Angle angle="1.8851301250790755" k="502.9168" type1="hx" type2="c3" type3="nz"/>
    <Angle angle="1.9217820393709562" k="386.6016" type1="c3" type2="nz" type3="hn"/>
    <Angle angle="1.8901915799098588" k="334.72" type1="hn" type2="nz" type3="hn"/>
  </HarmonicAngleForce>
  <PeriodicTorsionForce>
    <Proper k1="0.87864" periodicity1="3" phase1="0.0" type1="c3" type2="c3" type3="c3" type4="nz"/>
    <Proper k1="0.602496" k2="5.4392000000000005" periodicity1="3" periodicity2="2" phase1="0.0" phase2="0.0" type1="nz" type2="c3" type3="c3" type4="oh"/>
    <Proper k1="0.6508444444444444" periodicity1="3" phase1="0.0" type1="c3" type2="c3" type3="nz" type4="hn"/>
    <Proper k1="0.456056" periodicity1="3" phase1="0.0" type1="hx" type2="c3" type3="nz" type4="hn"/>
  </PeriodicTorsionForce>
</ForceField>
