<ForceField>
  <Info>
    <DateGenerated>2019-07-05</DateGenerated>
  </Info>
  <Residues>
    <Residue name="MC_065">
      <Atom charge="0.1031" name="C2" type="ca"/>
      <Atom charge="-0.3229" name="O39" type="os"/>
      <Atom charge="0.3302" name="C40" type="c3"/>
      <Atom charge="-0.3219" name="O41" type="os"/>
      <Atom charge="0.0241" name="C3" type="ca"/>
      <Atom charge="-0.025" name="C4" type="ca"/>
      <Atom charge="-0.3205" name="C5" type="ca"/>
      <Atom charge="-0.023" name="C6" type="ca"/>
      <Atom charge="-0.139" name="C7" type="ca"/>
      <Atom charge="1.4242" name="S8" type="sy"/>
      <Atom charge="-0.6313" name="O9" type="o"/>
      <Atom charge="-0.6313" name="O10" type="o"/>
      <Atom charge="-0.8115" name="N11" type="n3"/>
      <Atom charge="0.2378" name="C12" type="c3"/>
      <Atom charge="-0.0967" name="C13" type="c3"/>
      <Atom charge="-0.0881" name="C14" type="c3"/>
      <Atom charge="-0.0881" name="C15" type="c3"/>
      <Atom charge="0.2248" name="C16" type="c3"/>
      <Atom charge="0.1051" name="C17" type="c3"/>
      <Atom charge="-0.6018" name="O18" type="oh"/>
      <Atom charge="0.1247" name="C19" type="c3"/>
      <Atom charge="-0.5689" name="N20" type="ns"/>
      <Atom charge="0.7461" name="C21" type="c"/>
      <Atom charge="-0.595" name="O22" type="o"/>
      <Atom charge="-0.4339" name="O23" type="os"/>
      <Atom charge="0.1381" name="C24" type="c3"/>
      <Atom charge="0.1144" name="C25" type="c3"/>
      <Atom charge="-0.4226" name="O26" type="os"/>
      <Atom charge="0.3329" name="C27" type="c3"/>
      <Atom charge="-0.3986" name="O28" type="os"/>
      <Atom charge="0.1284" name="C29" type="c3"/>
      <Atom charge="-0.0984" name="C30" type="c3"/>
      <Atom charge="-0.1397" name="C31" type="c3"/>
      <Atom charge="-0.0481" name="C32" type="c3"/>
      <Atom charge="-0.1165" name="C33" type="ca"/>
      <Atom charge="-0.1215" name="C34" type="ca"/>
      <Atom charge="-0.126" name="C35" type="ca"/>
      <Atom charge="-0.1215" name="C36" type="ca"/>
      <Atom charge="-0.1165" name="C37" type="ca"/>
      <Atom charge="-0.0713" name="C38" type="ca"/>
      <Atom charge="0.0947" name="H27" type="h2"/>
      <Atom charge="0.0877" name="H31" type="hc"/>
      <Atom charge="0.0887" name="H24" type="h1"/>
      <Atom charge="0.039367" name="H141" type="hc"/>
      <Atom charge="0.039367" name="H142" type="hc"/>
      <Atom charge="0.039367" name="H143" type="hc"/>
      <Atom charge="0.0517" name="H13" type="hc"/>
      <Atom charge="0.039367" name="H151" type="hc"/>
      <Atom charge="0.039367" name="H152" type="hc"/>
      <Atom charge="0.039367" name="H153" type="hc"/>
      <Atom charge="0.0602" name="H121" type="h1"/>
      <Atom charge="0.0602" name="H122" type="h1"/>
      <Atom charge="0.0812" name="H161" type="h1"/>
      <Atom charge="0.0812" name="H162" type="h1"/>
      <Atom charge="0.0447" name="H17" type="h1"/>
      <Atom charge="0.404" name="H18" type="ho"/>
      <Atom charge="0.0917" name="H19" type="h1"/>
      <Atom charge="0.0617" name="H321" type="hc"/>
      <Atom charge="0.0617" name="H322" type="hc"/>
      <Atom charge="0.1245" name="H34" type="ha"/>
      <Atom charge="0.125" name="H35" type="ha"/>
      <Atom charge="0.1245" name="H36" type="ha"/>
      <Atom charge="0.1245" name="H37" type="ha"/>
      <Atom charge="0.3205" name="H20" type="hn"/>
      <Atom charge="0.0652" name="H251" type="h1"/>
      <Atom charge="0.0652" name="H252" type="h1"/>
      <Atom charge="0.0482" name="H291" type="h1"/>
      <Atom charge="0.0482" name="H292" type="h1"/>
      <Atom charge="0.0667" name="H301" type="hc"/>
      <Atom charge="0.0667" name="H302" type="hc"/>
      <Atom charge="0.16" name="H6" type="ha"/>
      <Atom charge="0.152" name="H7" type="ha"/>
      <Atom charge="0.0787" name="H401" type="h2"/>
      <Atom charge="0.0787" name="H402" type="h2"/>
      <Atom charge="0.164" name="H4" type="ha"/>
      <Atom charge="0.1245" name="H33" type="ha"/>
      <Bond atomName1="C2" atomName2="C7"/>
      <Bond atomName1="C2" atomName2="O39"/>
      <Bond atomName1="C2" atomName2="C3"/>
      <Bond atomName1="O39" atomName2="C40"/>
      <Bond atomName1="C40" atomName2="O41"/>
      <Bond atomName1="C40" atomName2="H401"/>
      <Bond atomName1="C40" atomName2="H402"/>
      <Bond atomName1="O41" atomName2="C3"/>
      <Bond atomName1="C3" atomName2="C4"/>
      <Bond atomName1="C4" atomName2="C5"/>
      <Bond atomName1="C4" atomName2="H4"/>
      <Bond atomName1="C5" atomName2="S8"/>
      <Bond atomName1="C5" atomName2="C6"/>
      <Bond atomName1="C6" atomName2="C7"/>
      <Bond atomName1="C6" atomName2="H6"/>
      <Bond atomName1="C7" atomName2="H7"/>
      <Bond atomName1="S8" atomName2="N11"/>
      <Bond atomName1="S8" atomName2="O9"/>
      <Bond atomName1="S8" atomName2="O10"/>
      <Bond atomName1="N11" atomName2="C12"/>
      <Bond atomName1="N11" atomName2="C16"/>
      <Bond atomName1="C12" atomName2="C13"/>
      <Bond atomName1="C12" atomName2="H121"/>
      <Bond atomName1="C12" atomName2="H122"/>
      <Bond atomName1="C13" atomName2="C14"/>
      <Bond atomName1="C13" atomName2="C15"/>
      <Bond atomName1="C13" atomName2="H13"/>
      <Bond atomName1="C14" atomName2="H141"/>
      <Bond atomName1="C14" atomName2="H142"/>
      <Bond atomName1="C14" atomName2="H143"/>
      <Bond atomName1="C15" atomName2="H151"/>
      <Bond atomName1="C15" atomName2="H152"/>
      <Bond atomName1="C15" atomName2="H153"/>
      <Bond atomName1="C16" atomName2="C17"/>
      <Bond atomName1="C16" atomName2="H161"/>
      <Bond atomName1="C16" atomName2="H162"/>
      <Bond atomName1="C17" atomName2="O18"/>
      <Bond atomName1="C17" atomName2="C19"/>
      <Bond atomName1="C17" atomName2="H17"/>
      <Bond atomName1="O18" atomName2="H18"/>
      <Bond atomName1="C19" atomName2="C32"/>
      <Bond atomName1="C19" atomName2="N20"/>
      <Bond atomName1="C19" atomName2="H19"/>
      <Bond atomName1="N20" atomName2="C21"/>
      <Bond atomName1="N20" atomName2="H20"/>
      <Bond atomName1="C21" atomName2="O22"/>
      <Bond atomName1="C21" atomName2="O23"/>
      <Bond atomName1="O23" atomName2="C24"/>
      <Bond atomName1="C24" atomName2="C25"/>
      <Bond atomName1="C24" atomName2="C31"/>
      <Bond atomName1="C24" atomName2="H24"/>
      <Bond atomName1="C25" atomName2="O26"/>
      <Bond atomName1="C25" atomName2="H251"/>
      <Bond atomName1="C25" atomName2="H252"/>
      <Bond atomName1="O26" atomName2="C27"/>
      <Bond atomName1="C27" atomName2="O28"/>
      <Bond atomName1="C27" atomName2="C31"/>
      <Bond atomName1="C27" atomName2="H27"/>
      <Bond atomName1="O28" atomName2="C29"/>
      <Bond atomName1="C29" atomName2="C30"/>
      <Bond atomName1="C29" atomName2="H291"/>
      <Bond atomName1="C29" atomName2="H292"/>
      <Bond atomName1="C30" atomName2="C31"/>
      <Bond atomName1="C30" atomName2="H301"/>
      <Bond atomName1="C30" atomName2="H302"/>
      <Bond atomName1="C31" atomName2="H31"/>
      <Bond atomName1="C32" atomName2="C38"/>
      <Bond atomName1="C32" atomName2="H321"/>
      <Bond atomName1="C32" atomName2="H322"/>
      <Bond atomName1="C33" atomName2="C38"/>
      <Bond atomName1="C33" atomName2="C34"/>
      <Bond atomName1="C33" atomName2="H33"/>
      <Bond atomName1="C34" atomName2="C35"/>
      <Bond atomName1="C34" atomName2="H34"/>
      <Bond atomName1="C35" atomName2="C36"/>
      <Bond atomName1="C35" atomName2="H35"/>
      <Bond atomName1="C36" atomName2="C37"/>
      <Bond atomName1="C36" atomName2="H36"/>
      <Bond atomName1="C37" atomName2="C38"/>
      <Bond atomName1="C37" atomName2="H37"/>
    </Residue>
  </Residues>
  <HarmonicBondForce>
    <Bond k="220747.83999999997" length="0.1462" type1="c3" type2="ns"/>
    <Bond k="298068.1599999999" length="0.1379" type1="c" type2="ns"/>
    <Bond k="441244.6399999999" length="0.1013" type1="hn" type2="ns"/>
  </HarmonicBondForce>
  <HarmonicAngleForce>
    <Angle angle="1.9479619781508712" k="696.2176000000001" type1="c3" type2="c3" type3="ns"/>
    <Angle angle="2.1064378742319563" k="546.4304" type1="c" type2="ns" type3="c3"/>
    <Angle angle="2.053903463746927" k="385.76480000000004" type1="c3" type2="ns" type3="hn"/>
    <Angle angle="1.900314489571426" k="514.6320000000001" type1="h1" type2="c3" type3="ns"/>
    <Angle angle="2.1476276445790226" k="952.2784" type1="ns" type2="c" type3="o"/>
    <Angle angle="1.9062486090282067" k="966.504" type1="ns" type2="c" type3="os"/>
    <Angle angle="2.051634535719334" k="407.52160000000003" type1="c" type2="ns" type3="hn"/>
  </HarmonicAngleForce>
  <PeriodicTorsionForce>
    <Proper k1="0.41840000000000005" periodicity1="3" phase1="0.0" type1="c3" type2="c3" type3="c3" type4="ns"/>
    <Proper k1="0.41840000000000005" k2="0.7112800000000001" k3="4.26768" periodicity1="4" periodicity2="3" periodicity3="1" phase1="3.141592653589793" phase2="0.0" phase3="3.141592653589793" type1="c3" type2="c3" type3="ns" type4="c"/>
    <Proper k1="0.0" periodicity1="2" phase1="0.0" type1="c3" type2="c3" type3="ns" type4="hn"/>
    <Proper k1="0.42258400000000007" periodicity1="3" phase1="0.0" type1="ns" type2="c3" type3="c3" type4="oh"/>
    <Proper k1="10.46" periodicity1="2" phase1="3.141592653589793" type1="o" type2="c" type3="ns" type4="c3"/>
    <Proper k1="10.46" periodicity1="2" phase1="3.141592653589793" type1="os" type2="c" type3="ns" type4="c3"/>
    <Proper k1="0.87864" periodicity1="3" phase1="0.0" type1="ca" type2="c3" type3="c3" type4="ns"/>
    <Proper k1="0.0" periodicity1="2" phase1="3.141592653589793" type1="h1" type2="c3" type3="ns" type4="c"/>
    <Proper k1="10.46" k2="8.368" periodicity1="2" periodicity2="1" phase1="3.141592653589793" phase2="0.0" type1="o" type2="c" type3="ns" type4="hn"/>
    <Proper k1="10.46" periodicity1="2" phase1="3.141592653589793" type1="os" type2="c" type3="ns" type4="hn"/>
    <Proper k1="0.0" periodicity1="2" phase1="0.0" type1="h1" type2="c3" type3="ns" type4="hn"/>
    <Improper k1="4.6024" periodicity1="2" phase1="3.141592653589793" type1="ca" type2="ca" type3="ca" type4="os"/>
    <Improper k1="4.6024" periodicity1="2" phase1="3.141592653589793" type1="ca" type2="ca" type3="ca" type4="ha"/>
    <Improper k1="4.6024" periodicity1="2" phase1="3.141592653589793" type1="ca" type2="ca" type3="ca" type4="sy"/>
    <Improper k1="4.6024" periodicity1="2" phase1="3.141592653589793" type1="ns" type2="c" type3="c3" type4="hn"/>
    <Improper k1="4.6024" periodicity1="2" phase1="3.141592653589793" type1="c" type2="ns" type3="o" type4="os"/>
  </PeriodicTorsionForce>
</ForceField>
