<ForceField>
  <Info>
    <DateGenerated>2019-07-05</DateGenerated>
  </Info>
  <Residues>
    <Residue name="MC_068">
      <Atom charge="-0.1921" name="C19" type="c3"/>
      <Atom charge="0.5787" name="C1" type="c"/>
      <Atom charge="-0.5401" name="O2" type="o"/>
      <Atom charge="-0.1966" name="C14" type="ca"/>
      <Atom charge="-0.076" name="C15" type="ca"/>
      <Atom charge="-0.1445" name="C16" type="ca"/>
      <Atom charge="-0.076" name="C13" type="ca"/>
      <Atom charge="-0.1445" name="C12" type="ca"/>
      <Atom charge="0.019" name="C11" type="cp"/>
      <Atom charge="-0.075" name="C8" type="cp"/>
      <Atom charge="-0.1115" name="C9" type="ca"/>
      <Atom charge="-0.13" name="C10" type="ca"/>
      <Atom charge="-0.1115" name="C7" type="ca"/>
      <Atom charge="-0.13" name="C6" type="ca"/>
      <Atom charge="-0.0483" name="C5" type="ca"/>
      <Atom charge="-0.0461" name="C4" type="c3"/>
      <Atom charge="-0.0954" name="C3" type="c3"/>
      <Atom charge="0.1651" name="C2" type="c3"/>
      <Atom charge="-0.6088" name="O1" type="oh"/>
      <Atom charge="-0.1934" name="C17" type="c3"/>
      <Atom charge="0.8996" name="C18" type="c"/>
      <Atom charge="-0.8568" name="O19" type="o"/>
      <Atom charge="-0.8568" name="O20" type="o"/>
      <Atom charge="0.059033" name="H191" type="hc"/>
      <Atom charge="0.059033" name="H192" type="hc"/>
      <Atom charge="0.059033" name="H193" type="hc"/>
      <Atom charge="0.1385" name="H15" type="ha"/>
      <Atom charge="0.1385" name="H13" type="ha"/>
      <Atom charge="0.1395" name="H16" type="ha"/>
      <Atom charge="0.1395" name="H12" type="ha"/>
      <Atom charge="0.126" name="H9" type="ha"/>
      <Atom charge="0.126" name="H7" type="ha"/>
      <Atom charge="0.1385" name="H10" type="ha"/>
      <Atom charge="0.1385" name="H6" type="ha"/>
      <Atom charge="0.0512" name="H41C" type="hc"/>
      <Atom charge="0.0512" name="H42C" type="hc"/>
      <Atom charge="0.0452" name="H31C" type="hc"/>
      <Atom charge="0.0452" name="H32C" type="hc"/>
      <Atom charge="0.0377" name="H2" type="h1"/>
      <Atom charge="0.402" name="H1" type="ho"/>
      <Atom charge="0.0387" name="H171" type="hc"/>
      <Atom charge="0.0387" name="H172" type="hc"/>
      <Bond atomName1="C19" atomName2="C1"/>
      <Bond atomName1="C1" atomName2="O2"/>
      <Bond atomName1="C1" atomName2="C14"/>
      <Bond atomName1="C14" atomName2="C15"/>
      <Bond atomName1="C14" atomName2="C13"/>
      <Bond atomName1="C15" atomName2="C16"/>
      <Bond atomName1="C16" atomName2="C11"/>
      <Bond atomName1="C13" atomName2="C12"/>
      <Bond atomName1="C12" atomName2="C11"/>
      <Bond atomName1="C11" atomName2="C8"/>
      <Bond atomName1="C8" atomName2="C9"/>
      <Bond atomName1="C8" atomName2="C7"/>
      <Bond atomName1="C9" atomName2="C10"/>
      <Bond atomName1="C10" atomName2="C5"/>
      <Bond atomName1="C7" atomName2="C6"/>
      <Bond atomName1="C6" atomName2="C5"/>
      <Bond atomName1="C5" atomName2="C4"/>
      <Bond atomName1="C4" atomName2="C3"/>
      <Bond atomName1="C3" atomName2="C2"/>
      <Bond atomName1="C2" atomName2="O1"/>
      <Bond atomName1="C2" atomName2="C17"/>
      <Bond atomName1="C17" atomName2="C18"/>
      <Bond atomName1="C18" atomName2="O19"/>
      <Bond atomName1="C18" atomName2="O20"/>
      <Bond atomName1="C19" atomName2="H191"/>
      <Bond atomName1="C19" atomName2="H192"/>
      <Bond atomName1="C19" atomName2="H193"/>
      <Bond atomName1="C15" atomName2="H15"/>
      <Bond atomName1="C13" atomName2="H13"/>
      <Bond atomName1="C16" atomName2="H16"/>
      <Bond atomName1="C12" atomName2="H12"/>
      <Bond atomName1="C9" atomName2="H9"/>
      <Bond atomName1="C7" atomName2="H7"/>
      <Bond atomName1="C10" atomName2="H10"/>
      <Bond atomName1="C6" atomName2="H6"/>
      <Bond atomName1="C4" atomName2="H41C"/>
      <Bond atomName1="C4" atomName2="H42C"/>
      <Bond atomName1="C3" atomName2="H31C"/>
      <Bond atomName1="C3" atomName2="H32C"/>
      <Bond atomName1="C2" atomName2="H2"/>
      <Bond atomName1="O1" atomName2="H1"/>
      <Bond atomName1="C17" atomName2="H171"/>
      <Bond atomName1="C17" atomName2="H172"/>
    </Residue>
  </Residues>
  <PeriodicTorsionForce>
    <Improper k1="43.932" periodicity1="2" phase1="3.141592653589793" type1="c" type2="c3" type3="ca" type4="o"/>
    <Improper k1="4.6024" periodicity1="2" phase1="3.141592653589793" type1="ca" type2="c" type3="ca" type4="ca"/>
    <Improper k1="4.6024" periodicity1="2" phase1="3.141592653589793" type1="ca" type2="ca" type3="ca" type4="ha"/>
    <Improper k1="4.6024" periodicity1="2" phase1="3.141592653589793" type1="ca" type2="ca" type3="cp" type4="ha"/>
    <Improper k1="4.6024" periodicity1="2" phase1="3.141592653589793" type1="cp" type2="ca" type3="ca" type4="cp"/>
    <Improper k1="4.6024" periodicity1="2" phase1="3.141592653589793" type1="c" type2="c3" type3="o" type4="o"/>
  </PeriodicTorsionForce>
</ForceField>
