<ForceField>
  <Info>
    <DateGenerated>2019-07-05</DateGenerated>
  </Info>
  <Residues>
    <Residue name="MC_069">
      <Atom charge="0.1001" name="C3" type="ca"/>
      <Atom charge="-0.5171" name="O3" type="oh"/>
      <Atom charge="-0.093" name="C2" type="ca"/>
      <Atom charge="-0.1256" name="C1" type="ca"/>
      <Atom charge="0.6867" name="C" type="c"/>
      <Atom charge="-0.5701" name="O" type="o"/>
      <Atom charge="-0.4704" name="N" type="ns"/>
      <Atom charge="-0.121" name="C6" type="ca"/>
      <Atom charge="-0.122" name="C5" type="ca"/>
      <Atom charge="-0.129" name="C4" type="ca"/>
      <Atom charge="-0.3591" name="O2" type="oh"/>
      <Atom charge="0.424" name="H3" type="ho"/>
      <Atom charge="0.172" name="H2" type="ha"/>
      <Atom charge="0.145" name="H4" type="ha"/>
      <Atom charge="0.122" name="H6" type="ha"/>
      <Atom charge="0.3215" name="H" type="hn"/>
      <Atom charge="0.399" name="HA" type="ho"/>
      <Atom charge="0.138" name="H5" type="ha"/>
      <Bond atomName1="C3" atomName2="O3"/>
      <Bond atomName1="C3" atomName2="C2"/>
      <Bond atomName1="C3" atomName2="C4"/>
      <Bond atomName1="C2" atomName2="C1"/>
      <Bond atomName1="C1" atomName2="C"/>
      <Bond atomName1="C1" atomName2="C6"/>
      <Bond atomName1="C" atomName2="O"/>
      <Bond atomName1="C" atomName2="N"/>
      <Bond atomName1="N" atomName2="O2"/>
      <Bond atomName1="C6" atomName2="C5"/>
      <Bond atomName1="C5" atomName2="C4"/>
      <Bond atomName1="O3" atomName2="H3"/>
      <Bond atomName1="C2" atomName2="H2"/>
      <Bond atomName1="C4" atomName2="H4"/>
      <Bond atomName1="C6" atomName2="H6"/>
      <Bond atomName1="N" atomName2="H"/>
      <Bond atomName1="O2" atomName2="HA"/>
      <Bond atomName1="C5" atomName2="H5"/>
    </Residue>
  </Residues>
  <HarmonicBondForce>
    <Bond k="298068.1599999999" length="0.1379" type1="c" type2="ns"/>
    <Bond k="152130.24" length="0.1406" type1="ns" type2="oh"/>
    <Bond k="441244.6399999999" length="0.1013" type1="hn" type2="ns"/>
  </HarmonicBondForce>
  <HarmonicAngleForce>
    <Angle angle="2.011491962923465" k="714.6272000000001" type1="ca" type2="c" type3="ns"/>
    <Angle angle="2.0160298189786503" k="713.7904" type1="c" type2="ns" type3="oh"/>
    <Angle angle="2.051634535719334" k="407.52160000000003" type1="c" type2="ns" type3="hn"/>
    <Angle angle="2.1476276445790226" k="952.2784" type1="ns" type2="c" type3="o"/>
    <Angle angle="1.7678439993450565" k="534.7152" type1="ho" type2="oh" type3="ns"/>
    <Angle angle="1.9327776136585204" k="516.3056" type1="hn" type2="ns" type3="oh"/>
  </HarmonicAngleForce>
  <PeriodicTorsionForce>
    <Proper k1="10.46" periodicity1="2" phase1="3.141592653589793" type1="ca" type2="c" type3="ns" type4="oh"/>
    <Proper k1="10.46" periodicity1="2" phase1="3.141592653589793" type1="ca" type2="c" type3="ns" type4="hn"/>
    <Proper k1="6.276" periodicity1="2" phase1="0.0" type1="c" type2="ns" type3="oh" type4="ho"/>
    <Proper k1="10.46" periodicity1="2" phase1="3.141592653589793" type1="o" type2="c" type3="ns" type4="oh"/>
    <Proper k1="10.46" k2="8.368" periodicity1="2" periodicity2="1" phase1="3.141592653589793" phase2="0.0" type1="o" type2="c" type3="ns" type4="hn"/>
    <Proper k1="6.276" periodicity1="2" phase1="0.0" type1="hn" type2="ns" type3="oh" type4="ho"/>
    <Improper k1="4.6024" periodicity1="2" phase1="3.141592653589793" type1="ca" type2="ca" type3="ca" type4="oh"/>
    <Improper k1="4.6024" periodicity1="2" phase1="3.141592653589793" type1="ca" type2="ca" type3="ca" type4="ha"/>
    <Improper k1="4.6024" periodicity1="2" phase1="3.141592653589793" type1="ca" type2="c" type3="ca" type4="ca"/>
    <Improper k1="43.932" periodicity1="2" phase1="3.141592653589793" type1="c" type2="ca" type3="ns" type4="o"/>
    <Improper k1="4.6024" periodicity1="2" phase1="3.141592653589793" type1="ns" type2="c" type3="hn" type4="oh"/>
  </PeriodicTorsionForce>
</ForceField>
