<ForceField>
  <Info>
    <DateGenerated>2019-07-05</DateGenerated>
  </Info>
  <Residues>
    <Residue name="MC_06B">
      <Atom charge="-0.1441" name="Br" type="br"/>
      <Atom charge="-0.0779" name="C10" type="ca"/>
      <Atom charge="0.1701" name="C12" type="ca"/>
      <Atom charge="-0.3279" name="O13" type="os"/>
      <Atom charge="0.1447" name="C14" type="c3"/>
      <Atom charge="-0.1066" name="C4" type="ca"/>
      <Atom charge="0.8992" name="C2" type="c"/>
      <Atom charge="-0.8243" name="O3" type="o"/>
      <Atom charge="-0.8243" name="O1" type="o"/>
      <Atom charge="-0.095" name="C9" type="ca"/>
      <Atom charge="-0.246" name="C8" type="ca"/>
      <Atom charge="0.1661" name="C5" type="ca"/>
      <Atom charge="-0.2869" name="O6" type="os"/>
      <Atom charge="0.1297" name="C7" type="c3"/>
      <Atom charge="0.032367" name="H1" type="h1"/>
      <Atom charge="0.032367" name="H2" type="h1"/>
      <Atom charge="0.032367" name="H3" type="h1"/>
      <Atom charge="0.12" name="H5" type="ha"/>
      <Atom charge="0.119" name="H6" type="ha"/>
      <Atom charge="0.0287" name="H7" type="h1"/>
      <Atom charge="0.0287" name="H8" type="h1"/>
      <Atom charge="0.0287" name="H9" type="h1"/>
      <Bond atomName1="O1" atomName2="C2"/>
      <Bond atomName1="O3" atomName2="C2"/>
      <Bond atomName1="C2" atomName2="C4"/>
      <Bond atomName1="O13" atomName2="C14"/>
      <Bond atomName1="O13" atomName2="C12"/>
      <Bond atomName1="C4" atomName2="C12"/>
      <Bond atomName1="C4" atomName2="C5"/>
      <Bond atomName1="O6" atomName2="C7"/>
      <Bond atomName1="O6" atomName2="C5"/>
      <Bond atomName1="C12" atomName2="C10"/>
      <Bond atomName1="C5" atomName2="C8"/>
      <Bond atomName1="C10" atomName2="Br"/>
      <Bond atomName1="C10" atomName2="C9"/>
      <Bond atomName1="C8" atomName2="C9"/>
      <Bond atomName1="C14" atomName2="H1"/>
      <Bond atomName1="C14" atomName2="H2"/>
      <Bond atomName1="C14" atomName2="H3"/>
      <Bond atomName1="C9" atomName2="H5"/>
      <Bond atomName1="C8" atomName2="H6"/>
      <Bond atomName1="C7" atomName2="H7"/>
      <Bond atomName1="C7" atomName2="H8"/>
      <Bond atomName1="C7" atomName2="H9"/>
    </Residue>
  </Residues>
  <PeriodicTorsionForce>
    <Improper k1="4.6024" periodicity1="2" phase1="3.141592653589793" type1="ca" type2="ca" type3="ca" type4="os"/>
    <Improper k1="4.6024" periodicity1="2" phase1="3.141592653589793" type1="ca" type2="c" type3="ca" type4="ca"/>
    <Improper k1="4.6024" periodicity1="2" phase1="3.141592653589793" type1="c" type2="ca" type3="o" type4="o"/>
    <Improper k1="4.6024" periodicity1="2" phase1="3.141592653589793" type1="ca" type2="ca" type3="ca" type4="ha"/>
  </PeriodicTorsionForce>
</ForceField>
