<ForceField>
  <Info>
    <DateGenerated>2019-07-05</DateGenerated>
  </Info>
  <Residues>
    <Residue name="MC_06R">
      <Atom charge="-0.220633" name="FAA" type="f"/>
      <Atom charge="0.6732" name="CAB" type="c3"/>
      <Atom charge="-0.220633" name="FAC" type="f"/>
      <Atom charge="-0.220633" name="FAD" type="f"/>
      <Atom charge="-0.1623" name="CAE" type="ca"/>
      <Atom charge="-0.0855" name="CAF" type="ca"/>
      <Atom charge="-0.0975" name="CAG" type="ca"/>
      <Atom charge="-0.1179" name="CAH" type="ca"/>
      <Atom charge="-0.0975" name="CAI" type="ca"/>
      <Atom charge="-0.0855" name="CAJ" type="ca"/>
      <Atom charge="0.5465" name="CAK" type="cc"/>
      <Atom charge="-0.6411" name="NAL" type="nd"/>
      <Atom charge="0.1944" name="CAM" type="ca"/>
      <Atom charge="-0.119" name="CAN" type="ca"/>
      <Atom charge="-0.092" name="CAO" type="ca"/>
      <Atom charge="-0.15" name="CAP" type="ca"/>
      <Atom charge="-0.052" name="CAQ" type="ca"/>
      <Atom charge="-0.2036" name="CAR" type="ca"/>
      <Atom charge="0.7091" name="CAS" type="c"/>
      <Atom charge="-0.6205" name="OAT" type="o"/>
      <Atom charge="-0.4714" name="NAU" type="ns"/>
      <Atom charge="0.1545" name="HAF" type="ha"/>
      <Atom charge="0.1535" name="HAG" type="ha"/>
      <Atom charge="0.1535" name="HAI" type="ha"/>
      <Atom charge="0.1545" name="HAJ" type="ha"/>
      <Atom charge="0.149" name="HAN" type="ha"/>
      <Atom charge="0.136" name="HAO" type="ha"/>
      <Atom charge="0.138" name="HAP" type="ha"/>
      <Atom charge="0.156" name="HAQ" type="ha"/>
      <Atom charge="0.3395" name="HNAU" type="hn"/>
      <Bond atomName1="FAA" atomName2="CAB"/>
      <Bond atomName1="CAB" atomName2="FAC"/>
      <Bond atomName1="CAB" atomName2="FAD"/>
      <Bond atomName1="CAB" atomName2="CAE"/>
      <Bond atomName1="CAE" atomName2="CAF"/>
      <Bond atomName1="CAE" atomName2="CAJ"/>
      <Bond atomName1="CAF" atomName2="CAG"/>
      <Bond atomName1="CAG" atomName2="CAH"/>
      <Bond atomName1="CAH" atomName2="CAI"/>
      <Bond atomName1="CAH" atomName2="CAK"/>
      <Bond atomName1="CAI" atomName2="CAJ"/>
      <Bond atomName1="CAK" atomName2="NAL"/>
      <Bond atomName1="CAK" atomName2="NAU"/>
      <Bond atomName1="NAL" atomName2="CAM"/>
      <Bond atomName1="CAM" atomName2="CAN"/>
      <Bond atomName1="CAM" atomName2="CAR"/>
      <Bond atomName1="CAN" atomName2="CAO"/>
      <Bond atomName1="CAO" atomName2="CAP"/>
      <Bond atomName1="CAP" atomName2="CAQ"/>
      <Bond atomName1="CAQ" atomName2="CAR"/>
      <Bond atomName1="CAR" atomName2="CAS"/>
      <Bond atomName1="CAS" atomName2="OAT"/>
      <Bond atomName1="CAS" atomName2="NAU"/>
      <Bond atomName1="CAF" atomName2="HAF"/>
      <Bond atomName1="CAG" atomName2="HAG"/>
      <Bond atomName1="CAI" atomName2="HAI"/>
      <Bond atomName1="CAJ" atomName2="HAJ"/>
      <Bond atomName1="CAN" atomName2="HAN"/>
      <Bond atomName1="CAO" atomName2="HAO"/>
      <Bond atomName1="CAP" atomName2="HAP"/>
      <Bond atomName1="CAQ" atomName2="HAQ"/>
      <Bond atomName1="NAU" atomName2="HNAU"/>
    </Residue>
  </Residues>
  <HarmonicBondForce>
    <Bond k="296059.83999999997" length="0.1381" type1="cc" type2="ns"/>
    <Bond k="298068.1599999999" length="0.1379" type1="c" type2="ns"/>
    <Bond k="441244.6399999999" length="0.1013" type1="hn" type2="ns"/>
  </HarmonicBondForce>
  <HarmonicAngleForce>
    <Angle angle="2.0537289308217277" k="716.3008" type1="ca" type2="cc" type3="ns"/>
    <Angle angle="2.15146736893341" k="557.3088" type1="c" type2="ns" type3="cc"/>
    <Angle angle="2.0814796659284376" k="404.1744" type1="cc" type2="ns" type3="hn"/>
    <Angle angle="2.1467549799530254" k="922.9904" type1="nd" type2="cc" type3="ns"/>
    <Angle angle="2.011491962923465" k="714.6272000000001" type1="ca" type2="c" type3="ns"/>
    <Angle angle="2.051634535719334" k="407.52160000000003" type1="c" type2="ns" type3="hn"/>
    <Angle angle="2.1476276445790226" k="952.2784" type1="ns" type2="c" type3="o"/>
  </HarmonicAngleForce>
  <PeriodicTorsionForce>
    <Proper k1="2.9288" periodicity1="2" phase1="3.141592653589793" type1="ca" type2="ca" type3="cc" type4="nd"/>
    <Proper k1="2.9288" periodicity1="2" phase1="3.141592653589793" type1="ca" type2="ca" type3="cc" type4="ns"/>
    <Proper k1="6.9036" periodicity1="2" phase1="3.141592653589793" type1="ca" type2="cc" type3="ns" type4="c"/>
    <Proper k1="6.9036" periodicity1="2" phase1="3.141592653589793" type1="ca" type2="cc" type3="ns" type4="hn"/>
    <Proper k1="10.46" periodicity1="2" phase1="3.141592653589793" type1="ca" type2="c" type3="ns" type4="cc"/>
    <Proper k1="10.46" periodicity1="2" phase1="3.141592653589793" type1="o" type2="c" type3="ns" type4="cc"/>
    <Proper k1="6.9036" periodicity1="2" phase1="3.141592653589793" type1="nd" type2="cc" type3="ns" type4="c"/>
    <Proper k1="6.9036" periodicity1="2" phase1="3.141592653589793" type1="nd" type2="cc" type3="ns" type4="hn"/>
    <Proper k1="10.46" periodicity1="2" phase1="3.141592653589793" type1="ca" type2="c" type3="ns" type4="hn"/>
    <Proper k1="10.46" k2="8.368" periodicity1="2" periodicity2="1" phase1="3.141592653589793" phase2="0.0" type1="o" type2="c" type3="ns" type4="hn"/>
    <Improper k1="4.6024" periodicity1="2" phase1="3.141592653589793" type1="ca" type2="ca" type3="ca" type4="ha"/>
    <Improper k1="4.6024" periodicity1="2" phase1="3.141592653589793" type1="ca" type2="ca" type3="ca" type4="cc"/>
    <Improper k1="4.6024" periodicity1="2" phase1="3.141592653589793" type1="cc" type2="ca" type3="nd" type4="ns"/>
    <Improper k1="4.6024" periodicity1="2" phase1="3.141592653589793" type1="ca" type2="ca" type3="ca" type4="nd"/>
    <Improper k1="4.6024" periodicity1="2" phase1="3.141592653589793" type1="ca" type2="c" type3="ca" type4="ca"/>
    <Improper k1="43.932" periodicity1="2" phase1="3.141592653589793" type1="c" type2="ca" type3="ns" type4="o"/>
    <Improper k1="4.6024" periodicity1="2" phase1="3.141592653589793" type1="ns" type2="c" type3="cc" type4="hn"/>
  </PeriodicTorsionForce>
</ForceField>
