<ForceField>
  <Info>
    <DateGenerated>2019-07-05</DateGenerated>
  </Info>
  <Residues>
    <Residue name="MC_06U">
      <Atom charge="-0.839" name="N1" type="nb"/>
      <Atom charge="0.9769" name="C2" type="ca"/>
      <Atom charge="-0.807" name="N3" type="nb"/>
      <Atom charge="0.5376" name="C4" type="ca"/>
      <Atom charge="-0.3176" name="C5" type="ca"/>
      <Atom charge="0.7682" name="C6" type="ca"/>
      <Atom charge="-0.2773" name="CAA" type="ca"/>
      <Atom charge="-1.0275" name="NAH" type="nv"/>
      <Atom charge="-0.1347" name="CAI" type="c3"/>
      <Atom charge="-1.0065" name="NAJ" type="nv"/>
      <Atom charge="-0.095" name="CAK" type="cg"/>
      <Atom charge="-0.1621" name="CAL" type="c1"/>
      <Atom charge="0.0967" name="CAM" type="c3"/>
      <Atom charge="-0.0771" name="CAN" type="c3"/>
      <Atom charge="-0.0433" name="CAO" type="ca"/>
      <Atom charge="-0.128" name="CAP" type="ca"/>
      <Atom charge="0.0811" name="CAQ" type="ca"/>
      <Atom charge="-0.199" name="CAR" type="ca"/>
      <Atom charge="0.0" name="CAS" type="cp"/>
      <Atom charge="-0.157" name="CAT" type="ca"/>
      <Atom charge="-0.017" name="CAU" type="cp"/>
      <Atom charge="-0.2773" name="CAV" type="ca"/>
      <Atom charge="0.5077" name="CAW" type="ca"/>
      <Atom charge="-0.793" name="NAX" type="nb"/>
      <Atom charge="0.5077" name="CAY" type="ca"/>
      <Atom charge="-0.0841" name="CAZ" type="c3"/>
      <Atom charge="-0.2759" name="OBA" type="os"/>
      <Atom charge="0.1427" name="CBB" type="c3"/>
      <Atom charge="0.4473" name="HNAH" type="hn"/>
      <Atom charge="0.4473" name="HNAA" type="hn"/>
      <Atom charge="0.0637" name="HAI" type="hc"/>
      <Atom charge="0.0637" name="HAIA" type="hc"/>
      <Atom charge="0.4468" name="HNAJ" type="hn"/>
      <Atom charge="0.4468" name="HNAB" type="hn"/>
      <Atom charge="0.0917" name="HAM" type="hc"/>
      <Atom charge="0.0447" name="HAN" type="hc"/>
      <Atom charge="0.0447" name="HANA" type="hc"/>
      <Atom charge="0.0447" name="HANB" type="hc"/>
      <Atom charge="0.156" name="HAP" type="ha"/>
      <Atom charge="0.17" name="HAR" type="ha"/>
      <Atom charge="0.117" name="HAT" type="ha"/>
      <Atom charge="0.1405" name="HAV" type="ha"/>
      <Atom charge="0.0381" name="HAW" type="h4"/>
      <Atom charge="0.0381" name="HAY" type="h4"/>
      <Atom charge="0.039367" name="HAZ" type="hc"/>
      <Atom charge="0.039367" name="HAZA" type="hc"/>
      <Atom charge="0.039367" name="HAZB" type="hc"/>
      <Atom charge="0.014033" name="HBB" type="h1"/>
      <Atom charge="0.014033" name="HBBA" type="h1"/>
      <Atom charge="0.014033" name="HBBB" type="h1"/>
      <Atom charge="0.1405" name="HAA" type="ha"/>
      <Bond atomName1="C2" atomName2="N1"/>
      <Bond atomName1="N1" atomName2="C6"/>
      <Bond atomName1="N3" atomName2="C2"/>
      <Bond atomName1="NAH" atomName2="C2"/>
      <Bond atomName1="N3" atomName2="C4"/>
      <Bond atomName1="CAI" atomName2="C4"/>
      <Bond atomName1="C4" atomName2="C5"/>
      <Bond atomName1="C5" atomName2="CAK"/>
      <Bond atomName1="C5" atomName2="C6"/>
      <Bond atomName1="C6" atomName2="NAJ"/>
      <Bond atomName1="CAY" atomName2="CAA"/>
      <Bond atomName1="CAA" atomName2="CAU"/>
      <Bond atomName1="CAA" atomName2="HAA"/>
      <Bond atomName1="NAH" atomName2="HNAH"/>
      <Bond atomName1="NAH" atomName2="HNAA"/>
      <Bond atomName1="CAZ" atomName2="CAI"/>
      <Bond atomName1="CAI" atomName2="HAI"/>
      <Bond atomName1="CAI" atomName2="HAIA"/>
      <Bond atomName1="NAJ" atomName2="HNAJ"/>
      <Bond atomName1="NAJ" atomName2="HNAB"/>
      <Bond atomName1="CAK" atomName2="CAL"/>
      <Bond atomName1="CAL" atomName2="CAM"/>
      <Bond atomName1="CAO" atomName2="CAM"/>
      <Bond atomName1="CAM" atomName2="CAN"/>
      <Bond atomName1="CAM" atomName2="HAM"/>
      <Bond atomName1="CAN" atomName2="HAN"/>
      <Bond atomName1="CAN" atomName2="HANA"/>
      <Bond atomName1="CAN" atomName2="HANB"/>
      <Bond atomName1="CAP" atomName2="CAO"/>
      <Bond atomName1="CAT" atomName2="CAO"/>
      <Bond atomName1="CAQ" atomName2="CAP"/>
      <Bond atomName1="CAP" atomName2="HAP"/>
      <Bond atomName1="OBA" atomName2="CAQ"/>
      <Bond atomName1="CAR" atomName2="CAQ"/>
      <Bond atomName1="CAR" atomName2="CAS"/>
      <Bond atomName1="CAR" atomName2="HAR"/>
      <Bond atomName1="CAU" atomName2="CAS"/>
      <Bond atomName1="CAS" atomName2="CAT"/>
      <Bond atomName1="CAT" atomName2="HAT"/>
      <Bond atomName1="CAU" atomName2="CAV"/>
      <Bond atomName1="CAW" atomName2="CAV"/>
      <Bond atomName1="CAV" atomName2="HAV"/>
      <Bond atomName1="NAX" atomName2="CAW"/>
      <Bond atomName1="CAW" atomName2="HAW"/>
      <Bond atomName1="CAY" atomName2="NAX"/>
      <Bond atomName1="CAY" atomName2="HAY"/>
      <Bond atomName1="CAZ" atomName2="HAZ"/>
      <Bond atomName1="CAZ" atomName2="HAZA"/>
      <Bond atomName1="CAZ" atomName2="HAZB"/>
      <Bond atomName1="OBA" atomName2="CBB"/>
      <Bond atomName1="CBB" atomName2="HBB"/>
      <Bond atomName1="CBB" atomName2="HBBA"/>
      <Bond atomName1="CBB" atomName2="HBBB"/>
    </Residue>
  </Residues>
  <HarmonicBondForce>
    <Bond k="290453.27999999997" length="0.1386" type1="ca" type2="nv"/>
    <Bond k="443085.5999999999" length="0.10120000000000001" type1="hn" type2="nv"/>
  </HarmonicBondForce>
  <HarmonicAngleForce>
    <Angle angle="2.040988027282169" k="938.0527999999999" type1="nb" type2="ca" type3="nv"/>
    <Angle angle="2.0258036627898184" k="408.3584" type1="ca" type2="nv" type3="hn"/>
    <Angle angle="2.1109757302871417" k="721.3216000000001" type1="ca" type2="ca" type3="nv"/>
    <Angle angle="2.0092230348958724" k="330.536" type1="hn" type2="nv" type3="hn"/>
  </HarmonicAngleForce>
  <PeriodicTorsionForce>
    <Proper k1="4.3932" periodicity1="2" phase1="3.141592653589793" type1="nb" type2="ca" type3="nv" type4="hn"/>
    <Proper k1="0.0" periodicity1="2" phase1="3.141592653589793" type1="ca" type2="ca" type3="cg" type4="c1"/>
    <Proper k1="4.3932" periodicity1="2" phase1="3.141592653589793" type1="ca" type2="ca" type3="nv" type4="hn"/>
    <Improper k1="4.6024" periodicity1="2" phase1="3.141592653589793" type1="ca" type2="nb" type3="nb" type4="nv"/>
    <Improper k1="4.6024" periodicity1="2" phase1="3.141592653589793" type1="ca" type2="c3" type3="ca" type4="nb"/>
    <Improper k1="4.6024" periodicity1="2" phase1="3.141592653589793" type1="ca" type2="ca" type3="ca" type4="cg"/>
    <Improper k1="4.6024" periodicity1="2" phase1="3.141592653589793" type1="ca" type2="ca" type3="nb" type4="nv"/>
    <Improper k1="4.6024" periodicity1="2" phase1="3.141592653589793" type1="ca" type2="ca" type3="cp" type4="ha"/>
    <Improper k1="4.6024" periodicity1="2" phase1="3.141592653589793" type1="nv" type2="ca" type3="hn" type4="hn"/>
    <Improper k1="4.6024" periodicity1="2" phase1="3.141592653589793" type1="ca" type2="ca" type3="ca" type4="ha"/>
    <Improper k1="4.6024" periodicity1="2" phase1="3.141592653589793" type1="ca" type2="ca" type3="ca" type4="os"/>
    <Improper k1="4.6024" periodicity1="2" phase1="3.141592653589793" type1="cp" type2="ca" type3="ca" type4="cp"/>
    <Improper k1="4.6024" periodicity1="2" phase1="3.141592653589793" type1="ca" type2="ca" type3="h4" type4="nb"/>
  </PeriodicTorsionForce>
</ForceField>
