<ForceField>
  <Info>
    <DateGenerated>2019-07-05</DateGenerated>
  </Info>
  <Residues>
    <Residue name="MC_06V">
      <Atom charge="-0.866" name="N1" type="nb"/>
      <Atom charge="0.8889" name="C2" type="ca"/>
      <Atom charge="-0.846" name="N3" type="nb"/>
      <Atom charge="0.5456" name="C4" type="ca"/>
      <Atom charge="-0.3466" name="C5" type="ca"/>
      <Atom charge="0.7742" name="C6" type="ca"/>
      <Atom charge="0.0923" name="CAA" type="c3"/>
      <Atom charge="-0.9805" name="NAH" type="nv"/>
      <Atom charge="-0.1437" name="CAI" type="c3"/>
      <Atom charge="-1.0035" name="NAJ" type="nv"/>
      <Atom charge="-0.087" name="CAK" type="cg"/>
      <Atom charge="-0.1631" name="CAL" type="c1"/>
      <Atom charge="0.0857" name="CAM" type="c3"/>
      <Atom charge="-0.1351" name="CAN" type="c3"/>
      <Atom charge="-0.0173" name="CAO" type="ca"/>
      <Atom charge="-0.139" name="CAP" type="ca"/>
      <Atom charge="0.0911" name="CAQ" type="ca"/>
      <Atom charge="-0.135" name="CAR" type="ca"/>
      <Atom charge="0.0286" name="CAS" type="ca"/>
      <Atom charge="-0.142" name="CAT" type="ca"/>
      <Atom charge="-0.484" name="NAU" type="nh"/>
      <Atom charge="0.0923" name="CAV" type="c3"/>
      <Atom charge="0.1219" name="CAW" type="c3"/>
      <Atom charge="-0.4686" name="OAX" type="os"/>
      <Atom charge="0.1219" name="CAY" type="c3"/>
      <Atom charge="-0.1121" name="CAZ" type="c3"/>
      <Atom charge="-0.4379" name="OBA" type="os"/>
      <Atom charge="0.0937" name="CBB" type="c3"/>
      <Atom charge="0.0507" name="HAAA" type="h1"/>
      <Atom charge="0.4953" name="HNAH" type="hn"/>
      <Atom charge="0.4953" name="HNAA" type="hn"/>
      <Atom charge="0.0792" name="HAI" type="hc"/>
      <Atom charge="0.0792" name="HAIA" type="hc"/>
      <Atom charge="0.4523" name="HNAJ" type="hn"/>
      <Atom charge="0.4523" name="HNAB" type="hn"/>
      <Atom charge="0.0877" name="HAM" type="hc"/>
      <Atom charge="0.037367" name="HAN" type="hc"/>
      <Atom charge="0.037367" name="HANA" type="hc"/>
      <Atom charge="0.037367" name="HANB" type="hc"/>
      <Atom charge="0.183" name="HAP" type="ha"/>
      <Atom charge="0.179" name="HAR" type="ha"/>
      <Atom charge="0.186" name="HAT" type="ha"/>
      <Atom charge="0.0507" name="HAV" type="h1"/>
      <Atom charge="0.0507" name="HAVA" type="h1"/>
      <Atom charge="0.05845" name="HAW" type="h1"/>
      <Atom charge="0.05845" name="HAWA" type="h1"/>
      <Atom charge="0.05845" name="HAY" type="h1"/>
      <Atom charge="0.05845" name="HAYA" type="h1"/>
      <Atom charge="0.048033" name="HAZ" type="hc"/>
      <Atom charge="0.048033" name="HAZA" type="hc"/>
      <Atom charge="0.048033" name="HAZB" type="hc"/>
      <Atom charge="0.062367" name="HBB" type="h1"/>
      <Atom charge="0.062367" name="HBBA" type="h1"/>
      <Atom charge="0.062367" name="HBBB" type="h1"/>
      <Atom charge="0.0507" name="HAA" type="h1"/>
      <Bond atomName1="C2" atomName2="N1"/>
      <Bond atomName1="N1" atomName2="C6"/>
      <Bond atomName1="N3" atomName2="C2"/>
      <Bond atomName1="NAH" atomName2="C2"/>
      <Bond atomName1="N3" atomName2="C4"/>
      <Bond atomName1="CAI" atomName2="C4"/>
      <Bond atomName1="C4" atomName2="C5"/>
      <Bond atomName1="C5" atomName2="CAK"/>
      <Bond atomName1="C5" atomName2="C6"/>
      <Bond atomName1="C6" atomName2="NAJ"/>
      <Bond atomName1="NAU" atomName2="CAA"/>
      <Bond atomName1="CAY" atomName2="CAA"/>
      <Bond atomName1="CAA" atomName2="HAA"/>
      <Bond atomName1="CAA" atomName2="HAAA"/>
      <Bond atomName1="NAH" atomName2="HNAH"/>
      <Bond atomName1="NAH" atomName2="HNAA"/>
      <Bond atomName1="CAZ" atomName2="CAI"/>
      <Bond atomName1="CAI" atomName2="HAI"/>
      <Bond atomName1="CAI" atomName2="HAIA"/>
      <Bond atomName1="NAJ" atomName2="HNAJ"/>
      <Bond atomName1="NAJ" atomName2="HNAB"/>
      <Bond atomName1="CAL" atomName2="CAK"/>
      <Bond atomName1="CAM" atomName2="CAL"/>
      <Bond atomName1="CAO" atomName2="CAM"/>
      <Bond atomName1="CAM" atomName2="CAN"/>
      <Bond atomName1="CAM" atomName2="HAM"/>
      <Bond atomName1="CAN" atomName2="HAN"/>
      <Bond atomName1="CAN" atomName2="HANA"/>
      <Bond atomName1="CAN" atomName2="HANB"/>
      <Bond atomName1="CAP" atomName2="CAO"/>
      <Bond atomName1="CAT" atomName2="CAO"/>
      <Bond atomName1="CAQ" atomName2="CAP"/>
      <Bond atomName1="CAP" atomName2="HAP"/>
      <Bond atomName1="OBA" atomName2="CAQ"/>
      <Bond atomName1="CAR" atomName2="CAQ"/>
      <Bond atomName1="CAR" atomName2="CAS"/>
      <Bond atomName1="CAR" atomName2="HAR"/>
      <Bond atomName1="NAU" atomName2="CAS"/>
      <Bond atomName1="CAS" atomName2="CAT"/>
      <Bond atomName1="CAT" atomName2="HAT"/>
      <Bond atomName1="CAV" atomName2="NAU"/>
      <Bond atomName1="CAW" atomName2="CAV"/>
      <Bond atomName1="CAV" atomName2="HAV"/>
      <Bond atomName1="CAV" atomName2="HAVA"/>
      <Bond atomName1="CAW" atomName2="OAX"/>
      <Bond atomName1="CAW" atomName2="HAW"/>
      <Bond atomName1="CAW" atomName2="HAWA"/>
      <Bond atomName1="OAX" atomName2="CAY"/>
      <Bond atomName1="CAY" atomName2="HAY"/>
      <Bond atomName1="CAY" atomName2="HAYA"/>
      <Bond atomName1="CAZ" atomName2="HAZ"/>
      <Bond atomName1="CAZ" atomName2="HAZA"/>
      <Bond atomName1="CAZ" atomName2="HAZB"/>
      <Bond atomName1="OBA" atomName2="CBB"/>
      <Bond atomName1="CBB" atomName2="HBB"/>
      <Bond atomName1="CBB" atomName2="HBBA"/>
      <Bond atomName1="CBB" atomName2="HBBB"/>
    </Residue>
  </Residues>
  <HarmonicBondForce>
    <Bond k="290453.27999999997" length="0.1386" type1="ca" type2="nv"/>
    <Bond k="443085.5999999999" length="0.10120000000000001" type1="hn" type2="nv"/>
  </HarmonicBondForce>
  <HarmonicAngleForce>
    <Angle angle="2.040988027282169" k="938.0527999999999" type1="nb" type2="ca" type3="nv"/>
    <Angle angle="2.0258036627898184" k="408.3584" type1="ca" type2="nv" type3="hn"/>
    <Angle angle="2.1109757302871417" k="721.3216000000001" type1="ca" type2="ca" type3="nv"/>
    <Angle angle="2.0092230348958724" k="330.536" type1="hn" type2="nv" type3="hn"/>
  </HarmonicAngleForce>
  <PeriodicTorsionForce>
    <Proper k1="4.3932" periodicity1="2" phase1="3.141592653589793" type1="nb" type2="ca" type3="nv" type4="hn"/>
    <Proper k1="0.0" periodicity1="2" phase1="3.141592653589793" type1="ca" type2="ca" type3="cg" type4="c1"/>
    <Proper k1="4.3932" periodicity1="2" phase1="3.141592653589793" type1="ca" type2="ca" type3="nv" type4="hn"/>
    <Improper k1="4.6024" periodicity1="2" phase1="3.141592653589793" type1="ca" type2="nb" type3="nb" type4="nv"/>
    <Improper k1="4.6024" periodicity1="2" phase1="3.141592653589793" type1="ca" type2="c3" type3="ca" type4="nb"/>
    <Improper k1="4.6024" periodicity1="2" phase1="3.141592653589793" type1="ca" type2="ca" type3="ca" type4="cg"/>
    <Improper k1="4.6024" periodicity1="2" phase1="3.141592653589793" type1="ca" type2="ca" type3="nb" type4="nv"/>
    <Improper k1="4.6024" periodicity1="2" phase1="3.141592653589793" type1="nv" type2="ca" type3="hn" type4="hn"/>
    <Improper k1="4.6024" periodicity1="2" phase1="3.141592653589793" type1="ca" type2="ca" type3="ca" type4="ha"/>
    <Improper k1="4.6024" periodicity1="2" phase1="3.141592653589793" type1="ca" type2="ca" type3="ca" type4="os"/>
    <Improper k1="4.6024" periodicity1="2" phase1="3.141592653589793" type1="ca" type2="ca" type3="ca" type4="nh"/>
    <Improper k1="4.6024" periodicity1="2" phase1="3.141592653589793" type1="nh" type2="c3" type3="c3" type4="ca"/>
  </PeriodicTorsionForce>
</ForceField>
