<ForceField>
  <Info>
    <DateGenerated>2019-07-05</DateGenerated>
  </Info>
  <Residues>
    <Residue name="MC_06Z">
      <Atom charge="-0.1399" name="F" type="f"/>
      <Atom charge="-0.8" name="N1" type="nc"/>
      <Atom charge="0.7612" name="C2" type="cc"/>
      <Atom charge="-1.0265" name="N3" type="nv"/>
      <Atom charge="-0.325" name="C4" type="cd"/>
      <Atom charge="0.6363" name="C5" type="c"/>
      <Atom charge="-0.1606" name="C6" type="ca"/>
      <Atom charge="-0.0905" name="C7" type="ca"/>
      <Atom charge="-0.1365" name="C8" type="ca"/>
      <Atom charge="-0.108" name="C9" type="ca"/>
      <Atom charge="-0.1365" name="C10" type="ca"/>
      <Atom charge="-0.0905" name="C11" type="ca"/>
      <Atom charge="-0.5471" name="O12" type="o"/>
      <Atom charge="-0.1903" name="S13" type="ss"/>
      <Atom charge="0.7323" name="C14" type="cd"/>
      <Atom charge="0.1736" name="C16" type="ca"/>
      <Atom charge="-0.209" name="C17" type="ca"/>
      <Atom charge="0.1519" name="C18" type="ca"/>
      <Atom charge="-0.185" name="C19" type="ca"/>
      <Atom charge="-0.085" name="C20" type="ca"/>
      <Atom charge="-0.142" name="C21" type="ca"/>
      <Atom charge="0.4503" name="HN3" type="hn"/>
      <Atom charge="0.4503" name="HN3A" type="hn"/>
      <Atom charge="0.145" name="H7" type="ha"/>
      <Atom charge="0.133" name="H8" type="ha"/>
      <Atom charge="0.131" name="H9" type="ha"/>
      <Atom charge="0.133" name="H10" type="ha"/>
      <Atom charge="0.145" name="H11" type="ha"/>
      <Atom charge="0.4658" name="HN15" type="hn"/>
      <Atom charge="0.145" name="H17" type="ha"/>
      <Atom charge="0.146" name="H19" type="ha"/>
      <Atom charge="0.141" name="H20" type="ha"/>
      <Atom charge="0.171" name="H21" type="ha"/>
      <Atom charge="-0.7393" name="N15" type="nu"/>
      <Bond atomName1="F" atomName2="C18"/>
      <Bond atomName1="N1" atomName2="C2"/>
      <Bond atomName1="N1" atomName2="C14"/>
      <Bond atomName1="C2" atomName2="N3"/>
      <Bond atomName1="C2" atomName2="C4"/>
      <Bond atomName1="C4" atomName2="C5"/>
      <Bond atomName1="C4" atomName2="S13"/>
      <Bond atomName1="C5" atomName2="C6"/>
      <Bond atomName1="C5" atomName2="O12"/>
      <Bond atomName1="C6" atomName2="C7"/>
      <Bond atomName1="C6" atomName2="C11"/>
      <Bond atomName1="C7" atomName2="C8"/>
      <Bond atomName1="C8" atomName2="C9"/>
      <Bond atomName1="C9" atomName2="C10"/>
      <Bond atomName1="C10" atomName2="C11"/>
      <Bond atomName1="S13" atomName2="C14"/>
      <Bond atomName1="C14" atomName2="N15"/>
      <Bond atomName1="N15" atomName2="C16"/>
      <Bond atomName1="C16" atomName2="C17"/>
      <Bond atomName1="C16" atomName2="C21"/>
      <Bond atomName1="C17" atomName2="C18"/>
      <Bond atomName1="C18" atomName2="C19"/>
      <Bond atomName1="C19" atomName2="C20"/>
      <Bond atomName1="C20" atomName2="C21"/>
      <Bond atomName1="N3" atomName2="HN3"/>
      <Bond atomName1="N3" atomName2="HN3A"/>
      <Bond atomName1="C7" atomName2="H7"/>
      <Bond atomName1="C8" atomName2="H8"/>
      <Bond atomName1="C9" atomName2="H9"/>
      <Bond atomName1="C10" atomName2="H10"/>
      <Bond atomName1="C11" atomName2="H11"/>
      <Bond atomName1="N15" atomName2="HN15"/>
      <Bond atomName1="C17" atomName2="H17"/>
      <Bond atomName1="C19" atomName2="H19"/>
      <Bond atomName1="C20" atomName2="H20"/>
      <Bond atomName1="C21" atomName2="H21"/>
    </Residue>
  </Residues>
  <HarmonicBondForce>
    <Bond k="304176.79999999993" length="0.1373" type1="cc" type2="nv"/>
    <Bond k="443085.5999999999" length="0.10120000000000001" type1="hn" type2="nv"/>
    <Bond k="304176.79999999993" length="0.1373" type1="cd" type2="nu"/>
    <Bond k="290453.27999999997" length="0.1386" type1="ca" type2="nu"/>
    <Bond k="443085.5999999999" length="0.10120000000000001" type1="hn" type2="nu"/>
  </HarmonicBondForce>
  <HarmonicAngleForce>
    <Angle angle="2.0460494821129527" k="931.3584" type1="nc" type2="cc" type3="nv"/>
    <Angle angle="2.1057397425311586" k="934.7056" type1="nc" type2="cd" type3="nu"/>
    <Angle angle="2.0181242140810434" k="412.5424" type1="cc" type2="nv" type3="hn"/>
    <Angle angle="2.161415745669778" k="722.1584" type1="cd" type2="cc" type3="nv"/>
    <Angle angle="2.125985561854293" k="670.2768" type1="nu" type2="cd" type3="ss"/>
    <Angle angle="2.26543736908864" k="543.0832" type1="ca" type2="nu" type3="cd"/>
    <Angle angle="2.0181242140810434" k="412.5424" type1="cd" type2="nu" type3="hn"/>
    <Angle angle="2.0258036627898184" k="408.3584" type1="ca" type2="nu" type3="hn"/>
    <Angle angle="2.1109757302871417" k="721.3216000000001" type1="ca" type2="ca" type3="nu"/>
    <Angle angle="2.0092230348958724" k="330.536" type1="hn" type2="nv" type3="hn"/>
  </HarmonicAngleForce>
  <PeriodicTorsionForce>
    <Proper k1="4.3932" periodicity1="2" phase1="3.141592653589793" type1="nc" type2="cc" type3="nv" type4="hn"/>
    <Proper k1="4.6024" periodicity1="2" phase1="3.141592653589793" type1="nc" type2="cd" type3="ss" type4="cd"/>
    <Proper k1="4.3932" periodicity1="2" phase1="3.141592653589793" type1="nc" type2="cd" type3="nu" type4="ca"/>
    <Proper k1="4.3932" periodicity1="2" phase1="3.141592653589793" type1="nc" type2="cd" type3="nu" type4="hn"/>
    <Proper k1="4.6024" periodicity1="2" phase1="3.141592653589793" type1="cc" type2="cd" type3="ss" type4="cd"/>
    <Proper k1="4.3932" periodicity1="2" phase1="3.141592653589793" type1="cd" type2="cc" type3="nv" type4="hn"/>
    <Proper k1="4.6024" periodicity1="2" phase1="3.141592653589793" type1="nu" type2="cd" type3="ss" type4="cd"/>
    <Proper k1="4.6024" periodicity1="2" phase1="3.141592653589793" type1="c" type2="cd" type3="ss" type4="cd"/>
    <Proper k1="4.3932" periodicity1="2" phase1="3.141592653589793" type1="ss" type2="cd" type3="nu" type4="ca"/>
    <Proper k1="4.3932" periodicity1="2" phase1="3.141592653589793" type1="ss" type2="cd" type3="nu" type4="hn"/>
    <Proper k1="4.3932" periodicity1="2" phase1="3.141592653589793" type1="ca" type2="ca" type3="nu" type4="cd"/>
    <Proper k1="4.3932" periodicity1="2" phase1="3.141592653589793" type1="ca" type2="ca" type3="nu" type4="hn"/>
    <Improper k1="4.6024" periodicity1="2" phase1="3.141592653589793" type1="cc" type2="cd" type3="nc" type4="nv"/>
    <Improper k1="4.6024" periodicity1="2" phase1="3.141592653589793" type1="nv" type2="cc" type3="hn" type4="hn"/>
    <Improper k1="4.6024" periodicity1="2" phase1="3.141592653589793" type1="cd" type2="c" type3="cc" type4="ss"/>
    <Improper k1="43.932" periodicity1="2" phase1="3.141592653589793" type1="c" type2="ca" type3="cd" type4="o"/>
    <Improper k1="4.6024" periodicity1="2" phase1="3.141592653589793" type1="ca" type2="c" type3="ca" type4="ca"/>
    <Improper k1="4.6024" periodicity1="2" phase1="3.141592653589793" type1="ca" type2="ca" type3="ca" type4="ha"/>
    <Improper k1="4.6024" periodicity1="2" phase1="3.141592653589793" type1="cd" type2="nc" type3="nu" type4="ss"/>
    <Improper k1="4.6024" periodicity1="2" phase1="3.141592653589793" type1="ca" type2="ca" type3="ca" type4="nu"/>
    <Improper k1="4.6024" periodicity1="2" phase1="3.141592653589793" type1="nu" type2="ca" type3="cd" type4="hn"/>
  </PeriodicTorsionForce>
</ForceField>
