<ForceField>
  <Info>
    <DateGenerated>2019-07-05</DateGenerated>
  </Info>
  <Residues>
    <Residue name="MC_070">
      <Atom charge="-0.119" name="C27" type="ca"/>
      <Atom charge="-0.12" name="C28" type="ca"/>
      <Atom charge="-0.111" name="C29" type="ca"/>
      <Atom charge="-0.12" name="C30" type="ca"/>
      <Atom charge="-0.119" name="C31" type="ca"/>
      <Atom charge="-0.1103" name="C26" type="ca"/>
      <Atom charge="-0.0201" name="C25" type="c3"/>
      <Atom charge="0.1171" name="C24" type="cx"/>
      <Atom charge="-0.3466" name="O5" type="op"/>
      <Atom charge="-0.0519" name="C23" type="cx"/>
      <Atom charge="0.1421" name="C22" type="c3"/>
      <Atom charge="-0.6138" name="O4" type="oh"/>
      <Atom charge="0.1105" name="C14" type="c3"/>
      <Atom charge="-0.0511" name="C15" type="c3"/>
      <Atom charge="-0.1533" name="C16" type="ca"/>
      <Atom charge="-0.134" name="C17" type="ca"/>
      <Atom charge="-0.107" name="C18" type="ca"/>
      <Atom charge="-0.098" name="C19" type="ca"/>
      <Atom charge="-0.107" name="C20" type="ca"/>
      <Atom charge="-0.134" name="C21" type="ca"/>
      <Atom charge="-0.8036" name="N2" type="nz"/>
      <Atom charge="0.1305" name="H1" type="ha"/>
      <Atom charge="0.1405" name="H2" type="ha"/>
      <Atom charge="0.142" name="H3" type="ha"/>
      <Atom charge="0.1405" name="H4" type="ha"/>
      <Atom charge="0.1305" name="H5" type="ha"/>
      <Atom charge="0.0672" name="H6" type="hc"/>
      <Atom charge="0.0672" name="H7" type="hc"/>
      <Atom charge="0.1067" name="H8" type="h1"/>
      <Atom charge="0.0767" name="H9" type="h1"/>
      <Atom charge="0.1027" name="H10" type="h1"/>
      <Atom charge="0.445" name="H11" type="ho"/>
      <Atom charge="0.1257" name="H12" type="hx"/>
      <Atom charge="0.0907" name="H13" type="hc"/>
      <Atom charge="0.0907" name="H14" type="hc"/>
      <Atom charge="0.128" name="H15" type="ha"/>
      <Atom charge="0.153" name="H16" type="ha"/>
      <Atom charge="0.156" name="H17" type="ha"/>
      <Atom charge="0.153" name="H18" type="ha"/>
      <Atom charge="0.128" name="H19" type="ha"/>
      <Atom charge="0.4578" name="H20" type="hn"/>
      <Atom charge="0.4578" name="H21" type="hn"/>
      <Atom charge="0.4578" name="H23" type="hn"/>
      <Bond atomName1="C29" atomName2="C30"/>
      <Bond atomName1="C29" atomName2="C28"/>
      <Bond atomName1="C30" atomName2="C31"/>
      <Bond atomName1="C28" atomName2="C27"/>
      <Bond atomName1="C31" atomName2="C26"/>
      <Bond atomName1="C27" atomName2="C26"/>
      <Bond atomName1="C26" atomName2="C25"/>
      <Bond atomName1="O5" atomName2="C24"/>
      <Bond atomName1="O5" atomName2="C23"/>
      <Bond atomName1="C25" atomName2="C24"/>
      <Bond atomName1="C24" atomName2="C23"/>
      <Bond atomName1="C23" atomName2="C22"/>
      <Bond atomName1="C18" atomName2="C17"/>
      <Bond atomName1="C18" atomName2="C19"/>
      <Bond atomName1="C17" atomName2="C16"/>
      <Bond atomName1="C22" atomName2="C14"/>
      <Bond atomName1="C22" atomName2="O4"/>
      <Bond atomName1="C14" atomName2="N2"/>
      <Bond atomName1="C14" atomName2="C15"/>
      <Bond atomName1="C19" atomName2="C20"/>
      <Bond atomName1="C16" atomName2="C15"/>
      <Bond atomName1="C16" atomName2="C21"/>
      <Bond atomName1="C20" atomName2="C21"/>
      <Bond atomName1="C27" atomName2="H1"/>
      <Bond atomName1="C28" atomName2="H2"/>
      <Bond atomName1="C29" atomName2="H3"/>
      <Bond atomName1="C30" atomName2="H4"/>
      <Bond atomName1="C31" atomName2="H5"/>
      <Bond atomName1="C25" atomName2="H6"/>
      <Bond atomName1="C25" atomName2="H7"/>
      <Bond atomName1="C24" atomName2="H8"/>
      <Bond atomName1="C23" atomName2="H9"/>
      <Bond atomName1="C22" atomName2="H10"/>
      <Bond atomName1="O4" atomName2="H11"/>
      <Bond atomName1="C14" atomName2="H12"/>
      <Bond atomName1="C15" atomName2="H13"/>
      <Bond atomName1="C15" atomName2="H14"/>
      <Bond atomName1="C17" atomName2="H15"/>
      <Bond atomName1="C18" atomName2="H16"/>
      <Bond atomName1="C19" atomName2="H17"/>
      <Bond atomName1="C20" atomName2="H18"/>
      <Bond atomName1="C21" atomName2="H19"/>
      <Bond atomName1="N2" atomName2="H20"/>
      <Bond atomName1="N2" atomName2="H21"/>
      <Bond atomName1="H23" atomName2="N2"/>
    </Residue>
  </Residues>
  <HarmonicBondForce>
    <Bond k="186271.67999999996" length="0.1511" type1="c3" type2="nz"/>
    <Bond k="404090.7199999999" length="0.10300000000000001" type1="hn" type2="nz"/>
  </HarmonicBondForce>
  <HarmonicAngleForce>
    <Angle angle="1.9933405387027237" k="677.808" type1="c3" type2="c3" type3="nz"/>
    <Angle angle="1.9217820393709562" k="386.6016" type1="c3" type2="nz" type3="hn"/>
    <Angle angle="1.8851301250790755" k="502.9168" type1="hx" type2="c3" type3="nz"/>
    <Angle angle="1.8901915799098588" k="334.72" type1="hn" type2="nz" type3="hn"/>
  </HarmonicAngleForce>
  <PeriodicTorsionForce>
    <Proper k1="0.6508444444444444" periodicity1="3" phase1="0.0" type1="ca" type2="c3" type3="cx" type4="op"/>
    <Proper k1="0.6508444444444444" periodicity1="3" phase1="0.0" type1="ca" type2="c3" type3="cx" type4="cx"/>
    <Proper k1="0.6508444444444444" periodicity1="3" phase1="0.0" type1="ca" type2="c3" type3="cx" type4="h1"/>
    <Proper k1="1.00416" k2="0.66944" periodicity1="3" periodicity2="2" phase1="0.0" phase2="0.0" type1="c3" type2="cx" type3="op" type4="cx"/>
    <Proper k1="1.00416" k2="0.66944" periodicity1="3" periodicity2="2" phase1="0.0" phase2="0.0" type1="cx" type2="cx" type3="op" type4="cx"/>
    <Proper k1="1.4100080000000002" periodicity1="3" phase1="0.0" type1="h1" type2="cx" type3="op" type4="cx"/>
    <Proper k1="0.87864" periodicity1="3" phase1="0.0" type1="oh" type2="c3" type3="cx" type4="cx"/>
    <Proper k1="0.5439200000000001" k2="1.21336" k3="0.46024000000000004" periodicity1="3" periodicity2="2" periodicity3="1" phase1="0.0" phase2="3.141592653589793" phase3="0.0" type1="c3" type2="c3" type3="cx" type4="cx"/>
    <Proper k1="0.33472" periodicity1="3" phase1="0.0" type1="h1" type2="c3" type3="cx" type4="cx"/>
    <Proper k1="0.0" k2="1.046" periodicity1="3" periodicity2="1" phase1="0.0" phase2="0.0" type1="hc" type2="c3" type3="cx" type4="op"/>
    <Proper k1="4.22584" k2="0.0" k3="0.08368" periodicity1="3" periodicity2="2" periodicity3="1" phase1="0.0" phase2="0.0" phase3="3.141592653589793" type1="oh" type2="c3" type3="cx" type4="op"/>
    <Proper k1="0.6508444444444444" periodicity1="3" phase1="0.0" type1="c3" type2="c3" type3="cx" type4="op"/>
    <Proper k1="0.0" k2="1.046" periodicity1="3" periodicity2="1" phase1="0.0" phase2="0.0" type1="h1" type2="c3" type3="cx" type4="op"/>
    <Proper k1="0.33472" periodicity1="3" phase1="0.0" type1="hc" type2="c3" type3="cx" type4="cx"/>
    <Proper k1="0.6508444444444444" periodicity1="3" phase1="0.0" type1="c3" type2="c3" type3="nz" type4="hn"/>
    <Proper k1="0.0" k2="1.046" periodicity1="3" periodicity2="1" phase1="0.0" phase2="0.0" type1="oh" type2="c3" type3="cx" type4="h1"/>
    <Proper k1="0.602496" k2="5.4392000000000005" periodicity1="3" periodicity2="2" phase1="0.0" phase2="0.0" type1="nz" type2="c3" type3="c3" type4="oh"/>
    <Proper k1="0.33472" periodicity1="3" phase1="0.0" type1="c3" type2="c3" type3="cx" type4="h1"/>
    <Proper k1="0.50208" periodicity1="3" phase1="0.0" type1="hc" type2="c3" type3="cx" type4="h1"/>
    <Proper k1="0.50208" periodicity1="3" phase1="0.0" type1="h1" type2="c3" type3="cx" type4="h1"/>
    <Proper k1="0.456056" periodicity1="3" phase1="0.0" type1="hx" type2="c3" type3="nz" type4="hn"/>
    <Improper k1="4.6024" periodicity1="2" phase1="3.141592653589793" type1="ca" type2="ca" type3="ca" type4="ha"/>
  </PeriodicTorsionForce>
</ForceField>
