<ForceField>
  <Info>
    <DateGenerated>2019-07-05</DateGenerated>
  </Info>
  <Residues>
    <Residue name="MC_071">
      <Atom charge="-0.758" name="N1" type="nb"/>
      <Atom charge="0.9509" name="C2" type="ca"/>
      <Atom charge="-0.803" name="N3" type="nb"/>
      <Atom charge="0.5162" name="C4" type="ca"/>
      <Atom charge="-0.3799" name="C5" type="ca"/>
      <Atom charge="0.5628" name="C6" type="ca"/>
      <Atom charge="-0.0151" name="C7" type="c3"/>
      <Atom charge="-0.0161" name="C8" type="c3"/>
      <Atom charge="-0.1516" name="C9" type="cc"/>
      <Atom charge="-0.1688" name="C10" type="cd"/>
      <Atom charge="0.2384" name="N11" type="na"/>
      <Atom charge="-0.5378" name="N12" type="nd"/>
      <Atom charge="0.1878" name="C13" type="cc"/>
      <Atom charge="0.4506" name="C14" type="c"/>
      <Atom charge="-0.6744" name="N15" type="nz"/>
      <Atom charge="-0.4191" name="O16" type="o"/>
      <Atom charge="0.0416" name="C17" type="c3"/>
      <Atom charge="-0.7273" name="N18" type="nu"/>
      <Atom charge="0.1356" name="C19" type="ca"/>
      <Atom charge="-0.121" name="C20" type="ca"/>
      <Atom charge="0.0916" name="C21" type="ca"/>
      <Atom charge="-0.152" name="C22" type="ca"/>
      <Atom charge="-0.174" name="C23" type="ca"/>
      <Atom charge="0.0901" name="C24" type="ca"/>
      <Atom charge="-0.3449" name="O25" type="os"/>
      <Atom charge="0.1307" name="C26" type="c3"/>
      <Atom charge="-0.595" name="N30" type="nh"/>
      <Atom charge="0.1638" name="C31" type="c3"/>
      <Atom charge="0.1613" name="C32" type="c3"/>
      <Atom charge="-0.7336" name="N33" type="n3"/>
      <Atom charge="0.1613" name="C34" type="c3"/>
      <Atom charge="0.1638" name="C35" type="c3"/>
      <Atom charge="0.1521" name="C36" type="c3"/>
      <Atom charge="0.0471" name="H4" type="h4"/>
      <Atom charge="0.0747" name="H7" type="hc"/>
      <Atom charge="0.0747" name="H7A" type="hc"/>
      <Atom charge="0.0672" name="H8" type="hc"/>
      <Atom charge="0.0672" name="H8A" type="hc"/>
      <Atom charge="0.480133" name="HN15" type="hn"/>
      <Atom charge="0.480133" name="HN1A" type="hn"/>
      <Atom charge="0.0867" name="H17" type="h1"/>
      <Atom charge="0.0867" name="H17A" type="h1"/>
      <Atom charge="0.0867" name="H17B" type="h1"/>
      <Atom charge="0.4768" name="HN18" type="hn"/>
      <Atom charge="0.163" name="H20" type="ha"/>
      <Atom charge="0.146" name="H22" type="ha"/>
      <Atom charge="0.144" name="H23" type="ha"/>
      <Atom charge="0.045033" name="H26" type="h1"/>
      <Atom charge="0.045033" name="H26A" type="h1"/>
      <Atom charge="0.045033" name="H26B" type="h1"/>
      <Atom charge="0.04895" name="H31" type="h1"/>
      <Atom charge="0.04895" name="H31A" type="h1"/>
      <Atom charge="0.0437" name="H32" type="h1"/>
      <Atom charge="0.0437" name="H32A" type="h1"/>
      <Atom charge="0.0437" name="H34" type="h1"/>
      <Atom charge="0.0437" name="H34A" type="h1"/>
      <Atom charge="0.04895" name="H35" type="h1"/>
      <Atom charge="0.04895" name="H35A" type="h1"/>
      <Atom charge="0.035033" name="H36" type="h1"/>
      <Atom charge="0.035033" name="H36A" type="h1"/>
      <Atom charge="0.035033" name="H36B" type="h1"/>
      <Atom charge="0.480133" name="H153" type="hn"/>
      <Bond atomName1="N1" atomName2="C2"/>
      <Bond atomName1="N1" atomName2="C4"/>
      <Bond atomName1="C2" atomName2="N3"/>
      <Bond atomName1="C2" atomName2="N18"/>
      <Bond atomName1="N3" atomName2="C6"/>
      <Bond atomName1="C4" atomName2="C5"/>
      <Bond atomName1="C5" atomName2="C6"/>
      <Bond atomName1="C5" atomName2="C8"/>
      <Bond atomName1="C6" atomName2="C10"/>
      <Bond atomName1="C7" atomName2="C8"/>
      <Bond atomName1="C7" atomName2="C9"/>
      <Bond atomName1="C9" atomName2="C10"/>
      <Bond atomName1="C9" atomName2="C13"/>
      <Bond atomName1="C10" atomName2="N11"/>
      <Bond atomName1="N11" atomName2="N12"/>
      <Bond atomName1="N11" atomName2="C17"/>
      <Bond atomName1="N12" atomName2="C13"/>
      <Bond atomName1="C13" atomName2="C14"/>
      <Bond atomName1="C14" atomName2="N15"/>
      <Bond atomName1="C14" atomName2="O16"/>
      <Bond atomName1="N18" atomName2="C19"/>
      <Bond atomName1="C19" atomName2="C20"/>
      <Bond atomName1="C19" atomName2="C24"/>
      <Bond atomName1="C20" atomName2="C21"/>
      <Bond atomName1="C21" atomName2="C22"/>
      <Bond atomName1="C21" atomName2="N30"/>
      <Bond atomName1="C22" atomName2="C23"/>
      <Bond atomName1="C23" atomName2="C24"/>
      <Bond atomName1="C24" atomName2="O25"/>
      <Bond atomName1="O25" atomName2="C26"/>
      <Bond atomName1="N30" atomName2="C31"/>
      <Bond atomName1="N30" atomName2="C35"/>
      <Bond atomName1="C31" atomName2="C32"/>
      <Bond atomName1="C32" atomName2="N33"/>
      <Bond atomName1="N33" atomName2="C34"/>
      <Bond atomName1="N33" atomName2="C36"/>
      <Bond atomName1="C34" atomName2="C35"/>
      <Bond atomName1="C4" atomName2="H4"/>
      <Bond atomName1="C7" atomName2="H7"/>
      <Bond atomName1="C7" atomName2="H7A"/>
      <Bond atomName1="C8" atomName2="H8"/>
      <Bond atomName1="C8" atomName2="H8A"/>
      <Bond atomName1="N15" atomName2="HN15"/>
      <Bond atomName1="N15" atomName2="HN1A"/>
      <Bond atomName1="C17" atomName2="H17"/>
      <Bond atomName1="C17" atomName2="H17A"/>
      <Bond atomName1="C17" atomName2="H17B"/>
      <Bond atomName1="N18" atomName2="HN18"/>
      <Bond atomName1="C20" atomName2="H20"/>
      <Bond atomName1="C22" atomName2="H22"/>
      <Bond atomName1="C23" atomName2="H23"/>
      <Bond atomName1="C26" atomName2="H26"/>
      <Bond atomName1="C26" atomName2="H26A"/>
      <Bond atomName1="C26" atomName2="H26B"/>
      <Bond atomName1="C31" atomName2="H31"/>
      <Bond atomName1="C31" atomName2="H31A"/>
      <Bond atomName1="C32" atomName2="H32"/>
      <Bond atomName1="C32" atomName2="H32A"/>
      <Bond atomName1="C34" atomName2="H34"/>
      <Bond atomName1="C34" atomName2="H34A"/>
      <Bond atomName1="C35" atomName2="H35"/>
      <Bond atomName1="C35" atomName2="H35A"/>
      <Bond atomName1="C36" atomName2="H36"/>
      <Bond atomName1="C36" atomName2="H36A"/>
      <Bond atomName1="C36" atomName2="H36B"/>
      <Bond atomName1="H153" atomName2="N15"/>
    </Residue>
  </Residues>
  <HarmonicBondForce>
    <Bond k="290453.27999999997" length="0.1386" type1="ca" type2="nu"/>
    <Bond k="165602.71999999997" length="0.15460000000000002" type1="c" type2="nz"/>
    <Bond k="404090.7199999999" length="0.10300000000000001" type1="hn" type2="nz"/>
    <Bond k="443085.5999999999" length="0.10120000000000001" type1="hn" type2="nu"/>
  </HarmonicBondForce>
  <HarmonicAngleForce>
    <Angle angle="2.040988027282169" k="938.0527999999999" type1="nb" type2="ca" type3="nu"/>
    <Angle angle="2.224596664591972" k="545.5936" type1="ca" type2="nu" type3="ca"/>
    <Angle angle="2.0258036627898184" k="408.3584" type1="ca" type2="nu" type3="hn"/>
    <Angle angle="2.0113174299982655" k="681.481552" type1="cc" type2="c" type3="nz"/>
    <Angle angle="1.9394098648160991" k="376.56" type1="c" type2="nz" type3="hn"/>
    <Angle angle="2.073974750144862" k="892.0287999999999" type1="nz" type2="c" type3="o"/>
    <Angle angle="2.1109757302871417" k="721.3216000000001" type1="ca" type2="ca" type3="nu"/>
    <Angle angle="1.8901915799098588" k="334.72" type1="hn" type2="nz" type3="hn"/>
  </HarmonicAngleForce>
  <PeriodicTorsionForce>
    <Proper k1="4.3932" periodicity1="2" phase1="3.141592653589793" type1="nb" type2="ca" type3="nu" type4="ca"/>
    <Proper k1="4.3932" periodicity1="2" phase1="3.141592653589793" type1="nb" type2="ca" type3="nu" type4="hn"/>
    <Proper k1="4.3932" periodicity1="2" phase1="3.141592653589793" type1="ca" type2="ca" type3="nu" type4="ca"/>
    <Proper k1="2.9288" periodicity1="2" phase1="3.141592653589793" type1="nb" type2="ca" type3="cd" type4="cc"/>
    <Proper k1="2.9288" periodicity1="2" phase1="3.141592653589793" type1="nb" type2="ca" type3="cd" type4="na"/>
    <Proper k1="2.11292" periodicity1="2" phase1="3.141592653589793" type1="ca" type2="ca" type3="cd" type4="cc"/>
    <Proper k1="2.9288" periodicity1="2" phase1="3.141592653589793" type1="ca" type2="ca" type3="cd" type4="na"/>
    <Proper k1="0.343088" periodicity1="3" phase1="3.141592653589793" type1="cc" type2="c" type3="nz" type4="hn"/>
    <Proper k1="0.0" periodicity1="3" phase1="3.141592653589793" type1="o" type2="c" type3="nz" type4="hn"/>
    <Proper k1="4.3932" periodicity1="2" phase1="3.141592653589793" type1="ca" type2="ca" type3="nu" type4="hn"/>
    <Improper k1="4.6024" periodicity1="2" phase1="3.141592653589793" type1="ca" type2="nb" type3="nb" type4="nu"/>
    <Improper k1="4.6024" periodicity1="2" phase1="3.141592653589793" type1="ca" type2="ca" type3="h4" type4="nb"/>
    <Improper k1="4.6024" periodicity1="2" phase1="3.141592653589793" type1="ca" type2="ca" type3="cd" type4="nb"/>
    <Improper k1="4.6024" periodicity1="2" phase1="3.141592653589793" type1="cc" type2="c3" type3="cc" type4="cd"/>
    <Improper k1="4.6024" periodicity1="2" phase1="3.141592653589793" type1="cd" type2="ca" type3="cc" type4="na"/>
    <Improper k1="4.6024" periodicity1="2" phase1="3.141592653589793" type1="na" type2="c3" type3="cd" type4="nd"/>
    <Improper k1="4.6024" periodicity1="2" phase1="3.141592653589793" type1="cc" type2="c" type3="cc" type4="nd"/>
    <Improper k1="43.932" periodicity1="2" phase1="3.141592653589793" type1="c" type2="cc" type3="nz" type4="o"/>
    <Improper k1="4.6024" periodicity1="2" phase1="3.141592653589793" type1="nu" type2="ca" type3="ca" type4="hn"/>
    <Improper k1="4.6024" periodicity1="2" phase1="3.141592653589793" type1="ca" type2="ca" type3="ca" type4="nu"/>
    <Improper k1="4.6024" periodicity1="2" phase1="3.141592653589793" type1="ca" type2="ca" type3="ca" type4="ha"/>
    <Improper k1="4.6024" periodicity1="2" phase1="3.141592653589793" type1="ca" type2="ca" type3="ca" type4="nh"/>
    <Improper k1="4.6024" periodicity1="2" phase1="3.141592653589793" type1="ca" type2="ca" type3="ca" type4="os"/>
    <Improper k1="4.6024" periodicity1="2" phase1="3.141592653589793" type1="nh" type2="c3" type3="c3" type4="ca"/>
  </PeriodicTorsionForce>
</ForceField>
