<ForceField>
  <Info>
    <DateGenerated>2019-07-05</DateGenerated>
  </Info>
  <Residues>
    <Residue name="MC_072">
      <Atom charge="-0.3352" name="S1B" type="ss"/>
      <Atom charge="0.6905" name="C1A" type="c"/>
      <Atom charge="-0.0146" name="C1B" type="c3"/>
      <Atom charge="-0.6275" name="O1A" type="o"/>
      <Atom charge="-0.1414" name="C1C" type="c3"/>
      <Atom charge="0.6721" name="C1D" type="c"/>
      <Atom charge="-0.6031" name="O1D" type="o"/>
      <Atom charge="0.2108" name="C2A" type="c3"/>
      <Atom charge="-0.0824" name="C2B" type="c3"/>
      <Atom charge="-0.0834" name="C2C" type="c3"/>
      <Atom charge="-0.0804" name="C2D" type="c3"/>
      <Atom charge="-0.0814" name="C2E" type="c3"/>
      <Atom charge="-0.0814" name="C2F" type="c3"/>
      <Atom charge="-0.0844" name="C2G" type="c3"/>
      <Atom charge="-0.0921" name="C2H" type="c3"/>
      <Atom charge="-0.4838" name="N3A" type="n"/>
      <Atom charge="0.104" name="C3B" type="c3"/>
      <Atom charge="-0.1054" name="C3C" type="c3"/>
      <Atom charge="-0.0754" name="C3D" type="c3"/>
      <Atom charge="-0.0241" name="C3E" type="c3"/>
      <Atom charge="-0.1193" name="C3F" type="ca"/>
      <Atom charge="-0.1565" name="C3G" type="ca"/>
      <Atom charge="-0.1565" name="C3H" type="ca"/>
      <Atom charge="-0.1005" name="C3I" type="ca"/>
      <Atom charge="-0.1005" name="C3J" type="ca"/>
      <Atom charge="-0.1006" name="C3K" type="ca"/>
      <Atom charge="0.8812" name="C3L" type="c"/>
      <Atom charge="-0.8383" name="O3M" type="o"/>
      <Atom charge="-0.8383" name="O3N" type="o"/>
      <Atom charge="-0.4808" name="N4A" type="n"/>
      <Atom charge="0.1513" name="C4B" type="c3"/>
      <Atom charge="-0.1153" name="C4C" type="ca"/>
      <Atom charge="-0.1135" name="C4E" type="ca"/>
      <Atom charge="-0.1135" name="C4D" type="ca"/>
      <Atom charge="-0.12875" name="C4G" type="ca"/>
      <Atom charge="-0.12875" name="C4F" type="ca"/>
      <Atom charge="-0.1245" name="C4H" type="ca"/>
      <Atom charge="0.1513" name="C5B" type="c3"/>
      <Atom charge="-0.1153" name="C5C" type="ca"/>
      <Atom charge="-0.1135" name="C5D" type="ca"/>
      <Atom charge="-0.1135" name="C5E" type="ca"/>
      <Atom charge="-0.12875" name="C5F" type="ca"/>
      <Atom charge="-0.12875" name="C5G" type="ca"/>
      <Atom charge="-0.1245" name="C5H" type="ca"/>
      <Atom charge="0.1267" name="H1B" type="h1"/>
      <Atom charge="0.0777" name="H1C1" type="hc"/>
      <Atom charge="0.0777" name="H1C2" type="hc"/>
      <Atom charge="0.0787" name="H2A" type="h2"/>
      <Atom charge="0.0622" name="H2B1" type="hc"/>
      <Atom charge="0.0622" name="H2B2" type="hc"/>
      <Atom charge="0.0497" name="H2C1" type="hc"/>
      <Atom charge="0.0497" name="H2C2" type="hc"/>
      <Atom charge="0.0442" name="H2D1" type="hc"/>
      <Atom charge="0.0442" name="H2D2" type="hc"/>
      <Atom charge="0.0412" name="H2E1" type="hc"/>
      <Atom charge="0.0412" name="H2E2" type="hc"/>
      <Atom charge="0.0427" name="H2F1" type="hc"/>
      <Atom charge="0.0427" name="H2F2" type="hc"/>
      <Atom charge="0.0392" name="H2G1" type="hc"/>
      <Atom charge="0.0392" name="H2G2" type="hc"/>
      <Atom charge="0.0317" name="H2H1" type="hc"/>
      <Atom charge="0.0317" name="H2H2" type="hc"/>
      <Atom charge="0.0317" name="H2H3" type="hc"/>
      <Atom charge="0.0657" name="H3B1" type="h1"/>
      <Atom charge="0.0657" name="H3B2" type="h1"/>
      <Atom charge="0.0437" name="H3C1" type="hc"/>
      <Atom charge="0.0437" name="H3C2" type="hc"/>
      <Atom charge="0.0487" name="H3D1" type="hc"/>
      <Atom charge="0.0487" name="H3D2" type="hc"/>
      <Atom charge="0.0352" name="H3E1" type="hc"/>
      <Atom charge="0.0352" name="H3E2" type="hc"/>
      <Atom charge="0.104" name="H3G" type="ha"/>
      <Atom charge="0.104" name="H3H" type="ha"/>
      <Atom charge="0.149" name="H3I" type="ha"/>
      <Atom charge="0.149" name="H3J" type="ha"/>
      <Atom charge="0.06345" name="H4B1" type="h1"/>
      <Atom charge="0.06345" name="H4B2" type="h1"/>
      <Atom charge="0.13425" name="H4E" type="ha"/>
      <Atom charge="0.13425" name="H4D" type="ha"/>
      <Atom charge="0.1305" name="H4G" type="ha"/>
      <Atom charge="0.1305" name="H4F" type="ha"/>
      <Atom charge="0.128" name="H4H" type="ha"/>
      <Atom charge="0.06345" name="H5B1" type="h1"/>
      <Atom charge="0.06345" name="H5B2" type="h1"/>
      <Atom charge="0.13425" name="H5D" type="ha"/>
      <Atom charge="0.13425" name="H5E" type="ha"/>
      <Atom charge="0.1305" name="H5F" type="ha"/>
      <Atom charge="0.1305" name="H5G" type="ha"/>
      <Atom charge="0.128" name="H5H" type="ha"/>
      <Bond atomName1="S1B" atomName2="C1B"/>
      <Bond atomName1="S1B" atomName2="C2A"/>
      <Bond atomName1="C1A" atomName2="C1B"/>
      <Bond atomName1="C1A" atomName2="O1A"/>
      <Bond atomName1="C1A" atomName2="N3A"/>
      <Bond atomName1="C1B" atomName2="C1C"/>
      <Bond atomName1="C1B" atomName2="H1B"/>
      <Bond atomName1="C1C" atomName2="C1D"/>
      <Bond atomName1="C1C" atomName2="H1C1"/>
      <Bond atomName1="C1C" atomName2="H1C2"/>
      <Bond atomName1="C1D" atomName2="O1D"/>
      <Bond atomName1="C1D" atomName2="N4A"/>
      <Bond atomName1="C2A" atomName2="C2B"/>
      <Bond atomName1="C2A" atomName2="N3A"/>
      <Bond atomName1="C2A" atomName2="H2A"/>
      <Bond atomName1="C2B" atomName2="C2C"/>
      <Bond atomName1="C2B" atomName2="H2B1"/>
      <Bond atomName1="C2B" atomName2="H2B2"/>
      <Bond atomName1="C2C" atomName2="C2D"/>
      <Bond atomName1="C2C" atomName2="H2C1"/>
      <Bond atomName1="C2C" atomName2="H2C2"/>
      <Bond atomName1="C2D" atomName2="C2E"/>
      <Bond atomName1="C2D" atomName2="H2D1"/>
      <Bond atomName1="C2D" atomName2="H2D2"/>
      <Bond atomName1="C2E" atomName2="C2F"/>
      <Bond atomName1="C2E" atomName2="H2E1"/>
      <Bond atomName1="C2E" atomName2="H2E2"/>
      <Bond atomName1="C2F" atomName2="C2G"/>
      <Bond atomName1="C2F" atomName2="H2F1"/>
      <Bond atomName1="C2F" atomName2="H2F2"/>
      <Bond atomName1="C2G" atomName2="C2H"/>
      <Bond atomName1="C2G" atomName2="H2G1"/>
      <Bond atomName1="C2G" atomName2="H2G2"/>
      <Bond atomName1="C2H" atomName2="H2H1"/>
      <Bond atomName1="C2H" atomName2="H2H2"/>
      <Bond atomName1="C2H" atomName2="H2H3"/>
      <Bond atomName1="N3A" atomName2="C3B"/>
      <Bond atomName1="C3B" atomName2="C3C"/>
      <Bond atomName1="C3B" atomName2="H3B1"/>
      <Bond atomName1="C3B" atomName2="H3B2"/>
      <Bond atomName1="C3C" atomName2="C3D"/>
      <Bond atomName1="C3C" atomName2="H3C1"/>
      <Bond atomName1="C3C" atomName2="H3C2"/>
      <Bond atomName1="C3D" atomName2="C3E"/>
      <Bond atomName1="C3D" atomName2="H3D1"/>
      <Bond atomName1="C3D" atomName2="H3D2"/>
      <Bond atomName1="C3E" atomName2="C3F"/>
      <Bond atomName1="C3E" atomName2="H3E1"/>
      <Bond atomName1="C3E" atomName2="H3E2"/>
      <Bond atomName1="C3F" atomName2="C3G"/>
      <Bond atomName1="C3F" atomName2="C3H"/>
      <Bond atomName1="C3G" atomName2="C3I"/>
      <Bond atomName1="C3G" atomName2="H3G"/>
      <Bond atomName1="C3H" atomName2="C3J"/>
      <Bond atomName1="C3H" atomName2="H3H"/>
      <Bond atomName1="C3I" atomName2="C3K"/>
      <Bond atomName1="C3I" atomName2="H3I"/>
      <Bond atomName1="C3J" atomName2="C3K"/>
      <Bond atomName1="C3J" atomName2="H3J"/>
      <Bond atomName1="C3K" atomName2="C3L"/>
      <Bond atomName1="C3L" atomName2="O3M"/>
      <Bond atomName1="C3L" atomName2="O3N"/>
      <Bond atomName1="N4A" atomName2="C4B"/>
      <Bond atomName1="N4A" atomName2="C5B"/>
      <Bond atomName1="C4B" atomName2="C4C"/>
      <Bond atomName1="C4B" atomName2="H4B1"/>
      <Bond atomName1="C4B" atomName2="H4B2"/>
      <Bond atomName1="C4C" atomName2="C4E"/>
      <Bond atomName1="C4C" atomName2="C4D"/>
      <Bond atomName1="C4E" atomName2="C4G"/>
      <Bond atomName1="C4E" atomName2="H4E"/>
      <Bond atomName1="C4D" atomName2="C4F"/>
      <Bond atomName1="C4D" atomName2="H4D"/>
      <Bond atomName1="C4G" atomName2="C4H"/>
      <Bond atomName1="C4G" atomName2="H4G"/>
      <Bond atomName1="C4F" atomName2="C4H"/>
      <Bond atomName1="C4F" atomName2="H4F"/>
      <Bond atomName1="C4H" atomName2="H4H"/>
      <Bond atomName1="C5B" atomName2="C5C"/>
      <Bond atomName1="C5B" atomName2="H5B1"/>
      <Bond atomName1="C5B" atomName2="H5B2"/>
      <Bond atomName1="C5C" atomName2="C5D"/>
      <Bond atomName1="C5C" atomName2="C5E"/>
      <Bond atomName1="C5D" atomName2="C5F"/>
      <Bond atomName1="C5D" atomName2="H5D"/>
      <Bond atomName1="C5E" atomName2="C5G"/>
      <Bond atomName1="C5E" atomName2="H5E"/>
      <Bond atomName1="C5F" atomName2="C5H"/>
      <Bond atomName1="C5F" atomName2="H5F"/>
      <Bond atomName1="C5G" atomName2="C5H"/>
      <Bond atomName1="C5G" atomName2="H5G"/>
      <Bond atomName1="C5H" atomName2="H5H"/>
    </Residue>
  </Residues>
  <HarmonicAngleForce>
    <Angle angle="1.9025834175990188" k="674.4608" type1="n" type2="c3" type3="ss"/>
  </HarmonicAngleForce>
  <PeriodicTorsionForce>
    <Improper k1="43.932" periodicity1="2" phase1="3.141592653589793" type1="c" type2="c3" type3="n" type4="o"/>
    <Improper k1="4.6024" periodicity1="2" phase1="3.141592653589793" type1="n" type2="c" type3="c3" type4="c3"/>
    <Improper k1="4.6024" periodicity1="2" phase1="3.141592653589793" type1="ca" type2="ca" type3="ca" type4="ha"/>
    <Improper k1="4.6024" periodicity1="2" phase1="3.141592653589793" type1="ca" type2="c" type3="ca" type4="ca"/>
    <Improper k1="4.6024" periodicity1="2" phase1="3.141592653589793" type1="c" type2="ca" type3="o" type4="o"/>
  </PeriodicTorsionForce>
</ForceField>
