<ForceField>
  <Info>
    <DateGenerated>2019-07-05</DateGenerated>
  </Info>
  <Residues>
    <Residue name="MC_073">
      <Atom charge="-0.564" name="O71" type="o"/>
      <Atom charge="0.6567" name="C65" type="c"/>
      <Atom charge="-0.4389" name="O66" type="os"/>
      <Atom charge="0.1497" name="C67" type="c3"/>
      <Atom charge="-0.1436" name="C58" type="ca"/>
      <Atom charge="-0.079" name="C57" type="ca"/>
      <Atom charge="-0.131" name="C56" type="ca"/>
      <Atom charge="-0.079" name="C59" type="ca"/>
      <Atom charge="-0.131" name="C60" type="ca"/>
      <Atom charge="-0.0573" name="C55" type="ca"/>
      <Atom charge="0.139" name="C11" type="c3"/>
      <Atom charge="0.0779" name="N12" type="na"/>
      <Atom charge="-0.1314" name="N23" type="nc"/>
      <Atom charge="-0.2214" name="N22" type="nd"/>
      <Atom charge="0.0204" name="C18" type="ca"/>
      <Atom charge="-0.048" name="C17" type="ca"/>
      <Atom charge="-0.0532" name="C19" type="ca"/>
      <Atom charge="-0.13" name="C20" type="ca"/>
      <Atom charge="-0.098" name="C21" type="ca"/>
      <Atom charge="-0.163" name="C16" type="ca"/>
      <Atom charge="-0.0341" name="C13" type="c3"/>
      <Atom charge="-0.1473" name="C2" type="ca"/>
      <Atom charge="-0.1475" name="C3" type="ca"/>
      <Atom charge="-0.079" name="C4" type="ca"/>
      <Atom charge="-0.0483" name="C5" type="ca"/>
      <Atom charge="0.3327" name="C28" type="c3"/>
      <Atom charge="-0.2658" name="F30" type="f"/>
      <Atom charge="0.9617" name="P31" type="p5"/>
      <Atom charge="-0.866833" name="O34" type="o"/>
      <Atom charge="-0.866833" name="O33" type="o"/>
      <Atom charge="-0.866833" name="O32" type="o"/>
      <Atom charge="-0.2658" name="F29" type="f"/>
      <Atom charge="-0.079" name="C6" type="ca"/>
      <Atom charge="-0.1475" name="C1" type="ca"/>
      <Atom charge="-0.0422" name="C37" type="c3"/>
      <Atom charge="-0.1732" name="C38" type="c2"/>
      <Atom charge="-0.1122" name="C41" type="ce"/>
      <Atom charge="-0.0458" name="C43" type="ca"/>
      <Atom charge="-0.117" name="C49" type="ca"/>
      <Atom charge="-0.1325" name="C48" type="ca"/>
      <Atom charge="-0.141" name="C47" type="ca"/>
      <Atom charge="-0.1325" name="C46" type="ca"/>
      <Atom charge="-0.117" name="C45" type="ca"/>
      <Atom charge="0.043033" name="H671" type="h1"/>
      <Atom charge="0.043033" name="H672" type="h1"/>
      <Atom charge="0.043033" name="H673" type="h1"/>
      <Atom charge="0.147" name="H57" type="ha"/>
      <Atom charge="0.155" name="H56" type="ha"/>
      <Atom charge="0.147" name="H59" type="ha"/>
      <Atom charge="0.155" name="H60" type="ha"/>
      <Atom charge="0.137" name="H17" type="ha"/>
      <Atom charge="0.134" name="H20" type="ha"/>
      <Atom charge="0.126" name="H21" type="ha"/>
      <Atom charge="0.124" name="H16" type="ha"/>
      <Atom charge="0.0532" name="H131" type="hc"/>
      <Atom charge="0.0532" name="H132" type="hc"/>
      <Atom charge="0.101" name="H3" type="ha"/>
      <Atom charge="0.1565" name="H4" type="ha"/>
      <Atom charge="0.1565" name="H6" type="ha"/>
      <Atom charge="0.101" name="H1" type="ha"/>
      <Atom charge="0.0812" name="H371" type="hc"/>
      <Atom charge="0.0812" name="H372" type="hc"/>
      <Atom charge="0.12" name="H38" type="ha"/>
      <Atom charge="0.16" name="H41" type="ha"/>
      <Atom charge="0.139" name="H49" type="ha"/>
      <Atom charge="0.1215" name="H48" type="ha"/>
      <Atom charge="0.116" name="H47" type="ha"/>
      <Atom charge="0.1215" name="H46" type="ha"/>
      <Atom charge="0.139" name="H45" type="ha"/>
      <Bond atomName1="O71" atomName2="C65"/>
      <Bond atomName1="C65" atomName2="O66"/>
      <Bond atomName1="C65" atomName2="C58"/>
      <Bond atomName1="O66" atomName2="C67"/>
      <Bond atomName1="C67" atomName2="H671"/>
      <Bond atomName1="C67" atomName2="H672"/>
      <Bond atomName1="C67" atomName2="H673"/>
      <Bond atomName1="C58" atomName2="C57"/>
      <Bond atomName1="C58" atomName2="C59"/>
      <Bond atomName1="C57" atomName2="C56"/>
      <Bond atomName1="C57" atomName2="H57"/>
      <Bond atomName1="C56" atomName2="C55"/>
      <Bond atomName1="C56" atomName2="H56"/>
      <Bond atomName1="C59" atomName2="C60"/>
      <Bond atomName1="C59" atomName2="H59"/>
      <Bond atomName1="C60" atomName2="C55"/>
      <Bond atomName1="C60" atomName2="H60"/>
      <Bond atomName1="C55" atomName2="C11"/>
      <Bond atomName1="C11" atomName2="N12"/>
      <Bond atomName1="C11" atomName2="C13"/>
      <Bond atomName1="C11" atomName2="C37"/>
      <Bond atomName1="N12" atomName2="N23"/>
      <Bond atomName1="N12" atomName2="C19"/>
      <Bond atomName1="N23" atomName2="N22"/>
      <Bond atomName1="N22" atomName2="C18"/>
      <Bond atomName1="C18" atomName2="C17"/>
      <Bond atomName1="C18" atomName2="C19"/>
      <Bond atomName1="C17" atomName2="C16"/>
      <Bond atomName1="C17" atomName2="H17"/>
      <Bond atomName1="C19" atomName2="C20"/>
      <Bond atomName1="C20" atomName2="C21"/>
      <Bond atomName1="C20" atomName2="H20"/>
      <Bond atomName1="C21" atomName2="C16"/>
      <Bond atomName1="C21" atomName2="H21"/>
      <Bond atomName1="C16" atomName2="H16"/>
      <Bond atomName1="C13" atomName2="C2"/>
      <Bond atomName1="C13" atomName2="H131"/>
      <Bond atomName1="C13" atomName2="H132"/>
      <Bond atomName1="C2" atomName2="C3"/>
      <Bond atomName1="C2" atomName2="C1"/>
      <Bond atomName1="C3" atomName2="C4"/>
      <Bond atomName1="C3" atomName2="H3"/>
      <Bond atomName1="C4" atomName2="C5"/>
      <Bond atomName1="C4" atomName2="H4"/>
      <Bond atomName1="C5" atomName2="C28"/>
      <Bond atomName1="C5" atomName2="C6"/>
      <Bond atomName1="C28" atomName2="F30"/>
      <Bond atomName1="C28" atomName2="P31"/>
      <Bond atomName1="C28" atomName2="F29"/>
      <Bond atomName1="P31" atomName2="O34"/>
      <Bond atomName1="P31" atomName2="O33"/>
      <Bond atomName1="P31" atomName2="O32"/>
      <Bond atomName1="C6" atomName2="C1"/>
      <Bond atomName1="C6" atomName2="H6"/>
      <Bond atomName1="C1" atomName2="H1"/>
      <Bond atomName1="C37" atomName2="C38"/>
      <Bond atomName1="C37" atomName2="H371"/>
      <Bond atomName1="C37" atomName2="H372"/>
      <Bond atomName1="C38" atomName2="C41"/>
      <Bond atomName1="C38" atomName2="H38"/>
      <Bond atomName1="C41" atomName2="C43"/>
      <Bond atomName1="C41" atomName2="H41"/>
      <Bond atomName1="C43" atomName2="C49"/>
      <Bond atomName1="C43" atomName2="C45"/>
      <Bond atomName1="C49" atomName2="C48"/>
      <Bond atomName1="C49" atomName2="H49"/>
      <Bond atomName1="C48" atomName2="C47"/>
      <Bond atomName1="C48" atomName2="H48"/>
      <Bond atomName1="C47" atomName2="C46"/>
      <Bond atomName1="C47" atomName2="H47"/>
      <Bond atomName1="C46" atomName2="C45"/>
      <Bond atomName1="C46" atomName2="H46"/>
      <Bond atomName1="C45" atomName2="H45"/>
    </Residue>
  </Residues>
  <PeriodicTorsionForce>
    <Proper k1="2.9288" periodicity1="2" phase1="3.141592653589793" type1="ca" type2="ca" type3="ce" type4="ha"/>
    <Improper k1="4.6024" periodicity1="2" phase1="3.141592653589793" type1="c" type2="ca" type3="o" type4="os"/>
    <Improper k1="4.6024" periodicity1="2" phase1="3.141592653589793" type1="ca" type2="c" type3="ca" type4="ca"/>
    <Improper k1="4.6024" periodicity1="2" phase1="3.141592653589793" type1="ca" type2="ca" type3="ca" type4="ha"/>
    <Improper k1="4.6024" periodicity1="2" phase1="3.141592653589793" type1="na" type2="c3" type3="ca" type4="nc"/>
    <Improper k1="4.6024" periodicity1="2" phase1="3.141592653589793" type1="ca" type2="ca" type3="ca" type4="nd"/>
    <Improper k1="4.6024" periodicity1="2" phase1="3.141592653589793" type1="ca" type2="ca" type3="ca" type4="na"/>
    <Improper k1="4.6024" periodicity1="2" phase1="3.141592653589793" type1="c2" type2="c3" type3="ce" type4="ha"/>
    <Improper k1="4.6024" periodicity1="2" phase1="3.141592653589793" type1="ce" type2="c2" type3="ca" type4="ha"/>
    <Improper k1="4.6024" periodicity1="2" phase1="3.141592653589793" type1="ca" type2="ca" type3="ca" type4="ce"/>
  </PeriodicTorsionForce>
</ForceField>
