<ForceField>
  <Info>
    <DateGenerated>2019-07-05</DateGenerated>
  </Info>
  <Residues>
    <Residue name="MC_07E">
      <Atom charge="0.3389" name="C1" type="c3"/>
      <Atom charge="0.1181" name="C2" type="c3"/>
      <Atom charge="0.1331" name="C3" type="c3"/>
      <Atom charge="0.0971" name="C4" type="c3"/>
      <Atom charge="0.1284" name="C5" type="c3"/>
      <Atom charge="-0.4056" name="O1" type="os"/>
      <Atom charge="-0.5938" name="O2" type="oh"/>
      <Atom charge="-0.5978" name="O3" type="oh"/>
      <Atom charge="-0.5998" name="O4" type="oh"/>
      <Atom charge="-0.4426" name="O5" type="os"/>
      <Atom charge="0.1374" name="C1'" type="c3"/>
      <Atom charge="-0.0764" name="C2'" type="c3"/>
      <Atom charge="0.1451" name="C3'" type="c3"/>
      <Atom charge="-0.1181" name="C4'" type="c3"/>
      <Atom charge="-0.6058" name="O'" type="oh"/>
      <Atom charge="0.0397" name="H1" type="h2"/>
      <Atom charge="0.0677" name="H2" type="h1"/>
      <Atom charge="0.0577" name="H3" type="h1"/>
      <Atom charge="0.0587" name="H4" type="h1"/>
      <Atom charge="0.0597" name="H5" type="h1"/>
      <Atom charge="0.0597" name="H6" type="h1"/>
      <Atom charge="0.416" name="H7" type="ho"/>
      <Atom charge="0.415" name="H8" type="ho"/>
      <Atom charge="0.41" name="H9" type="ho"/>
      <Atom charge="0.0382" name="H10" type="h1"/>
      <Atom charge="0.0382" name="H11" type="h1"/>
      <Atom charge="0.0632" name="H12" type="hc"/>
      <Atom charge="0.0632" name="H13" type="hc"/>
      <Atom charge="0.0277" name="H14" type="h1"/>
      <Atom charge="0.0427" name="H15" type="hc"/>
      <Atom charge="0.0427" name="H16" type="hc"/>
      <Atom charge="0.0427" name="H17" type="hc"/>
      <Atom charge="0.401" name="H18" type="ho"/>
      <Bond atomName1="C4'" atomName2="C3'"/>
      <Bond atomName1="C3'" atomName2="C2'"/>
      <Bond atomName1="C3'" atomName2="O'"/>
      <Bond atomName1="C2'" atomName2="C1'"/>
      <Bond atomName1="C1'" atomName2="O1"/>
      <Bond atomName1="O1" atomName2="C1"/>
      <Bond atomName1="C1" atomName2="O5"/>
      <Bond atomName1="C1" atomName2="C2"/>
      <Bond atomName1="O2" atomName2="C2"/>
      <Bond atomName1="O5" atomName2="C5"/>
      <Bond atomName1="C2" atomName2="C3"/>
      <Bond atomName1="C5" atomName2="C4"/>
      <Bond atomName1="C3" atomName2="C4"/>
      <Bond atomName1="C3" atomName2="O3"/>
      <Bond atomName1="C4" atomName2="O4"/>
      <Bond atomName1="C1" atomName2="H1"/>
      <Bond atomName1="C2" atomName2="H2"/>
      <Bond atomName1="C3" atomName2="H3"/>
      <Bond atomName1="C4" atomName2="H4"/>
      <Bond atomName1="C5" atomName2="H5"/>
      <Bond atomName1="C5" atomName2="H6"/>
      <Bond atomName1="O2" atomName2="H7"/>
      <Bond atomName1="O3" atomName2="H8"/>
      <Bond atomName1="O4" atomName2="H9"/>
      <Bond atomName1="C1'" atomName2="H10"/>
      <Bond atomName1="C1'" atomName2="H11"/>
      <Bond atomName1="C2'" atomName2="H12"/>
      <Bond atomName1="C2'" atomName2="H13"/>
      <Bond atomName1="C3'" atomName2="H14"/>
      <Bond atomName1="C4'" atomName2="H15"/>
      <Bond atomName1="C4'" atomName2="H16"/>
      <Bond atomName1="C4'" atomName2="H17"/>
      <Bond atomName1="O'" atomName2="H18"/>
    </Residue>
  </Residues>
</ForceField>
