<ForceField>
  <Info>
    <DateGenerated>2019-07-05</DateGenerated>
  </Info>
  <Residues>
    <Residue name="MC_07H">
      <Atom charge="-0.1338" name="C1" type="ca"/>
      <Atom charge="-0.083" name="C4" type="ca"/>
      <Atom charge="-0.159" name="C8" type="ca"/>
      <Atom charge="-0.095" name="C10" type="ca"/>
      <Atom charge="-0.153" name="C6" type="ca"/>
      <Atom charge="0.1481" name="C2" type="ca"/>
      <Atom charge="-0.3299" name="O5" type="os"/>
      <Atom charge="0.1966" name="C9" type="c3"/>
      <Atom charge="-0.1654" name="C7" type="c2"/>
      <Atom charge="-0.0882" name="C3" type="ce"/>
      <Atom charge="0.208" name="C26" type="c3"/>
      <Atom charge="-0.7306" name="N23" type="n3"/>
      <Atom charge="0.1423" name="C22" type="c3"/>
      <Atom charge="0.101" name="C21" type="c3"/>
      <Atom charge="-0.4888" name="N19" type="n"/>
      <Atom charge="0.101" name="C25" type="c3"/>
      <Atom charge="0.1423" name="C24" type="c3"/>
      <Atom charge="0.6777" name="C18" type="c"/>
      <Atom charge="-0.6071" name="O20" type="o"/>
      <Atom charge="-0.1376" name="C14" type="ca"/>
      <Atom charge="-0.112" name="C13" type="ca"/>
      <Atom charge="-0.136" name="C12" type="ca"/>
      <Atom charge="-0.086" name="C11" type="ca"/>
      <Atom charge="-0.029" name="C15" type="ca"/>
      <Atom charge="-0.07" name="C16" type="ca"/>
      <Atom charge="-0.0263" name="C17" type="cc"/>
      <Atom charge="-0.0416" name="N27" type="na"/>
      <Atom charge="-0.5008" name="N28" type="nc"/>
      <Atom charge="0.3342" name="C29" type="cd"/>
      <Atom charge="-0.3343" name="C30" type="cd"/>
      <Atom charge="0.133" name="H1" type="ha"/>
      <Atom charge="0.132" name="H2" type="ha"/>
      <Atom charge="0.134" name="H3" type="ha"/>
      <Atom charge="0.144" name="H4" type="ha"/>
      <Atom charge="0.0647" name="H5" type="h1"/>
      <Atom charge="0.0647" name="H6" type="h1"/>
      <Atom charge="0.137" name="H7" type="ha"/>
      <Atom charge="0.0432" name="H8" type="h1"/>
      <Atom charge="0.0432" name="H9" type="h1"/>
      <Atom charge="0.0452" name="H11" type="h1"/>
      <Atom charge="0.0452" name="H12" type="h1"/>
      <Atom charge="0.0677" name="H13" type="h1"/>
      <Atom charge="0.0677" name="H14" type="h1"/>
      <Atom charge="0.0677" name="H15" type="h1"/>
      <Atom charge="0.0677" name="H16" type="h1"/>
      <Atom charge="0.0452" name="H17" type="h1"/>
      <Atom charge="0.0452" name="H18" type="h1"/>
      <Atom charge="0.145" name="H19" type="ha"/>
      <Atom charge="0.138" name="H20" type="ha"/>
      <Atom charge="0.142" name="H21" type="ha"/>
      <Atom charge="0.146" name="H22" type="ha"/>
      <Atom charge="0.3337" name="H23" type="hn"/>
      <Atom charge="0.0491" name="H24" type="h4"/>
      <Atom charge="0.154" name="H25" type="ha"/>
      <Bond atomName1="C10" atomName2="C6"/>
      <Bond atomName1="C10" atomName2="C8"/>
      <Bond atomName1="C6" atomName2="C2"/>
      <Bond atomName1="C8" atomName2="C4"/>
      <Bond atomName1="C2" atomName2="O5"/>
      <Bond atomName1="C2" atomName2="C1"/>
      <Bond atomName1="C4" atomName2="C1"/>
      <Bond atomName1="O5" atomName2="C9"/>
      <Bond atomName1="C1" atomName2="C3"/>
      <Bond atomName1="C9" atomName2="C7"/>
      <Bond atomName1="C3" atomName2="C7"/>
      <Bond atomName1="C7" atomName2="C26"/>
      <Bond atomName1="C26" atomName2="N23"/>
      <Bond atomName1="N23" atomName2="C24"/>
      <Bond atomName1="N23" atomName2="C22"/>
      <Bond atomName1="C24" atomName2="C25"/>
      <Bond atomName1="C22" atomName2="C21"/>
      <Bond atomName1="C25" atomName2="N19"/>
      <Bond atomName1="C21" atomName2="N19"/>
      <Bond atomName1="N19" atomName2="C18"/>
      <Bond atomName1="C18" atomName2="C14"/>
      <Bond atomName1="C18" atomName2="O20"/>
      <Bond atomName1="C13" atomName2="C14"/>
      <Bond atomName1="C13" atomName2="C12"/>
      <Bond atomName1="C14" atomName2="C16"/>
      <Bond atomName1="C12" atomName2="C11"/>
      <Bond atomName1="C16" atomName2="C15"/>
      <Bond atomName1="C11" atomName2="C15"/>
      <Bond atomName1="C15" atomName2="C17"/>
      <Bond atomName1="C17" atomName2="N27"/>
      <Bond atomName1="C17" atomName2="C30"/>
      <Bond atomName1="N27" atomName2="N28"/>
      <Bond atomName1="C30" atomName2="C29"/>
      <Bond atomName1="N28" atomName2="C29"/>
      <Bond atomName1="C4" atomName2="H1"/>
      <Bond atomName1="C8" atomName2="H2"/>
      <Bond atomName1="C10" atomName2="H3"/>
      <Bond atomName1="C6" atomName2="H4"/>
      <Bond atomName1="C9" atomName2="H5"/>
      <Bond atomName1="C9" atomName2="H6"/>
      <Bond atomName1="C3" atomName2="H7"/>
      <Bond atomName1="C26" atomName2="H8"/>
      <Bond atomName1="C26" atomName2="H9"/>
      <Bond atomName1="C22" atomName2="H11"/>
      <Bond atomName1="C22" atomName2="H12"/>
      <Bond atomName1="C21" atomName2="H13"/>
      <Bond atomName1="C21" atomName2="H14"/>
      <Bond atomName1="C25" atomName2="H15"/>
      <Bond atomName1="C25" atomName2="H16"/>
      <Bond atomName1="C24" atomName2="H17"/>
      <Bond atomName1="C24" atomName2="H18"/>
      <Bond atomName1="C13" atomName2="H19"/>
      <Bond atomName1="C12" atomName2="H20"/>
      <Bond atomName1="C11" atomName2="H21"/>
      <Bond atomName1="C16" atomName2="H22"/>
      <Bond atomName1="N27" atomName2="H23"/>
      <Bond atomName1="C29" atomName2="H24"/>
      <Bond atomName1="C30" atomName2="H25"/>
    </Residue>
  </Residues>
  <PeriodicTorsionForce>
    <Proper k1="2.9288" periodicity1="2" phase1="3.141592653589793" type1="ca" type2="ca" type3="ce" type4="ha"/>
    <Proper k1="2.9288" periodicity1="2" phase1="3.141592653589793" type1="ca" type2="ca" type3="cc" type4="na"/>
    <Proper k1="2.11292" periodicity1="2" phase1="3.141592653589793" type1="ca" type2="ca" type3="cc" type4="cd"/>
    <Improper k1="4.6024" periodicity1="2" phase1="3.141592653589793" type1="ca" type2="ca" type3="ca" type4="ce"/>
    <Improper k1="4.6024" periodicity1="2" phase1="3.141592653589793" type1="ca" type2="ca" type3="ca" type4="ha"/>
    <Improper k1="4.6024" periodicity1="2" phase1="3.141592653589793" type1="ca" type2="ca" type3="ca" type4="os"/>
    <Improper k1="4.6024" periodicity1="2" phase1="3.141592653589793" type1="c2" type2="c3" type3="c3" type4="ce"/>
    <Improper k1="4.6024" periodicity1="2" phase1="3.141592653589793" type1="ce" type2="c2" type3="ca" type4="ha"/>
    <Improper k1="4.6024" periodicity1="2" phase1="3.141592653589793" type1="n" type2="c" type3="c3" type4="c3"/>
    <Improper k1="43.932" periodicity1="2" phase1="3.141592653589793" type1="c" type2="ca" type3="n" type4="o"/>
    <Improper k1="4.6024" periodicity1="2" phase1="3.141592653589793" type1="ca" type2="c" type3="ca" type4="ca"/>
    <Improper k1="4.6024" periodicity1="2" phase1="3.141592653589793" type1="ca" type2="ca" type3="ca" type4="cc"/>
    <Improper k1="4.6024" periodicity1="2" phase1="3.141592653589793" type1="cc" type2="ca" type3="cd" type4="na"/>
    <Improper k1="4.6024" periodicity1="2" phase1="3.141592653589793" type1="na" type2="cc" type3="hn" type4="nc"/>
    <Improper k1="4.6024" periodicity1="2" phase1="3.141592653589793" type1="cd" type2="cd" type3="h4" type4="nc"/>
    <Improper k1="4.6024" periodicity1="2" phase1="3.141592653589793" type1="cd" type2="cc" type3="cd" type4="ha"/>
  </PeriodicTorsionForce>
</ForceField>
