<ForceField>
  <Info>
    <DateGenerated>2019-07-05</DateGenerated>
  </Info>
  <Residues>
    <Residue name="MC_07J">
      <Atom charge="-0.5981" name="O1" type="o"/>
      <Atom charge="0.7861" name="C2" type="c"/>
      <Atom charge="-0.4821" name="N3" type="ns"/>
      <Atom charge="0.1536" name="C4" type="ca"/>
      <Atom charge="-0.0526" name="C5" type="ca"/>
      <Atom charge="-0.0634" name="Cl1" type="cl"/>
      <Atom charge="0.2006" name="C7" type="ca"/>
      <Atom charge="-0.3079" name="O8" type="os"/>
      <Atom charge="0.1277" name="C9" type="c3"/>
      <Atom charge="-0.319" name="C10" type="ca"/>
      <Atom charge="0.2006" name="C11" type="ca"/>
      <Atom charge="-0.3079" name="O12" type="os"/>
      <Atom charge="0.1277" name="C13" type="c3"/>
      <Atom charge="-0.0526" name="C14" type="ca"/>
      <Atom charge="-0.0634" name="Cl2" type="cl"/>
      <Atom charge="-0.5013" name="N16" type="n"/>
      <Atom charge="0.0953" name="C17" type="c3"/>
      <Atom charge="0.6362" name="C18" type="ca"/>
      <Atom charge="-0.4256" name="C19" type="ca"/>
      <Atom charge="0.7272" name="C20" type="ca"/>
      <Atom charge="-0.799" name="N21" type="nb"/>
      <Atom charge="0.7299" name="C22" type="ca"/>
      <Atom charge="-0.779" name="N23" type="nb"/>
      <Atom charge="-0.7633" name="N24" type="nu"/>
      <Atom charge="0.1266" name="C25" type="ca"/>
      <Atom charge="-0.1205" name="C26" type="ca"/>
      <Atom charge="-0.1495" name="C27" type="ca"/>
      <Atom charge="0.0886" name="C28" type="ca"/>
      <Atom charge="-0.1495" name="C29" type="ca"/>
      <Atom charge="-0.1205" name="C30" type="ca"/>
      <Atom charge="-0.599" name="N31" type="nh"/>
      <Atom charge="0.1648" name="C32" type="c3"/>
      <Atom charge="0.1598" name="C33" type="c3"/>
      <Atom charge="-0.7336" name="N34" type="n3"/>
      <Atom charge="0.1608" name="C35" type="c3"/>
      <Atom charge="-0.0951" name="C36" type="c3"/>
      <Atom charge="0.1598" name="C37" type="c3"/>
      <Atom charge="0.1648" name="C38" type="c3"/>
      <Atom charge="0.3345" name="H1" type="hn"/>
      <Atom charge="0.044033" name="H2" type="h1"/>
      <Atom charge="0.044033" name="H3" type="h1"/>
      <Atom charge="0.044033" name="H4" type="h1"/>
      <Atom charge="0.151" name="H5" type="ha"/>
      <Atom charge="0.044033" name="H6" type="h1"/>
      <Atom charge="0.044033" name="H7" type="h1"/>
      <Atom charge="0.044033" name="H8" type="h1"/>
      <Atom charge="0.045033" name="H9" type="h1"/>
      <Atom charge="0.045033" name="H10" type="h1"/>
      <Atom charge="0.045033" name="H11" type="h1"/>
      <Atom charge="0.15" name="H12" type="ha"/>
      <Atom charge="0.0621" name="H13" type="h5"/>
      <Atom charge="0.4578" name="H14" type="hn"/>
      <Atom charge="0.1435" name="H15" type="ha"/>
      <Atom charge="0.1385" name="H16" type="ha"/>
      <Atom charge="0.1385" name="H17" type="ha"/>
      <Atom charge="0.1435" name="H18" type="ha"/>
      <Atom charge="0.0497" name="H19" type="h1"/>
      <Atom charge="0.0497" name="H20" type="h1"/>
      <Atom charge="0.04245" name="H21" type="h1"/>
      <Atom charge="0.04245" name="H22" type="h1"/>
      <Atom charge="0.0327" name="H24" type="h1"/>
      <Atom charge="0.0327" name="H25" type="h1"/>
      <Atom charge="0.0397" name="H26" type="hc"/>
      <Atom charge="0.0397" name="H27" type="hc"/>
      <Atom charge="0.0397" name="H28" type="hc"/>
      <Atom charge="0.04245" name="H29" type="h1"/>
      <Atom charge="0.04245" name="H30" type="h1"/>
      <Atom charge="0.0497" name="H31" type="h1"/>
      <Atom charge="0.0497" name="H32" type="h1"/>
      <Bond atomName1="C13" atomName2="O12"/>
      <Bond atomName1="O12" atomName2="C11"/>
      <Bond atomName1="C11" atomName2="C10"/>
      <Bond atomName1="C11" atomName2="C14"/>
      <Bond atomName1="Cl2" atomName2="C14"/>
      <Bond atomName1="C10" atomName2="C7"/>
      <Bond atomName1="C14" atomName2="C4"/>
      <Bond atomName1="C9" atomName2="O8"/>
      <Bond atomName1="C7" atomName2="O8"/>
      <Bond atomName1="C7" atomName2="C5"/>
      <Bond atomName1="O1" atomName2="C2"/>
      <Bond atomName1="C4" atomName2="C5"/>
      <Bond atomName1="C4" atomName2="N3"/>
      <Bond atomName1="C5" atomName2="Cl1"/>
      <Bond atomName1="C2" atomName2="N3"/>
      <Bond atomName1="C2" atomName2="N16"/>
      <Bond atomName1="C17" atomName2="N16"/>
      <Bond atomName1="N16" atomName2="C18"/>
      <Bond atomName1="C18" atomName2="C19"/>
      <Bond atomName1="C18" atomName2="N23"/>
      <Bond atomName1="C26" atomName2="C27"/>
      <Bond atomName1="C26" atomName2="C25"/>
      <Bond atomName1="C19" atomName2="C20"/>
      <Bond atomName1="N23" atomName2="C22"/>
      <Bond atomName1="C27" atomName2="C28"/>
      <Bond atomName1="C38" atomName2="C37"/>
      <Bond atomName1="C38" atomName2="N31"/>
      <Bond atomName1="C37" atomName2="N34"/>
      <Bond atomName1="C20" atomName2="N24"/>
      <Bond atomName1="C20" atomName2="N21"/>
      <Bond atomName1="C22" atomName2="N21"/>
      <Bond atomName1="N24" atomName2="C25"/>
      <Bond atomName1="C25" atomName2="C30"/>
      <Bond atomName1="N34" atomName2="C35"/>
      <Bond atomName1="N34" atomName2="C33"/>
      <Bond atomName1="C35" atomName2="C36"/>
      <Bond atomName1="C28" atomName2="N31"/>
      <Bond atomName1="C28" atomName2="C29"/>
      <Bond atomName1="N31" atomName2="C32"/>
      <Bond atomName1="C32" atomName2="C33"/>
      <Bond atomName1="C30" atomName2="C29"/>
      <Bond atomName1="N3" atomName2="H1"/>
      <Bond atomName1="C9" atomName2="H2"/>
      <Bond atomName1="C9" atomName2="H3"/>
      <Bond atomName1="C9" atomName2="H4"/>
      <Bond atomName1="C10" atomName2="H5"/>
      <Bond atomName1="C13" atomName2="H6"/>
      <Bond atomName1="C13" atomName2="H7"/>
      <Bond atomName1="C13" atomName2="H8"/>
      <Bond atomName1="C17" atomName2="H9"/>
      <Bond atomName1="C17" atomName2="H10"/>
      <Bond atomName1="C17" atomName2="H11"/>
      <Bond atomName1="C19" atomName2="H12"/>
      <Bond atomName1="C22" atomName2="H13"/>
      <Bond atomName1="N24" atomName2="H14"/>
      <Bond atomName1="C26" atomName2="H15"/>
      <Bond atomName1="C27" atomName2="H16"/>
      <Bond atomName1="C29" atomName2="H17"/>
      <Bond atomName1="C30" atomName2="H18"/>
      <Bond atomName1="C32" atomName2="H19"/>
      <Bond atomName1="C32" atomName2="H20"/>
      <Bond atomName1="C33" atomName2="H21"/>
      <Bond atomName1="C33" atomName2="H22"/>
      <Bond atomName1="C35" atomName2="H24"/>
      <Bond atomName1="C35" atomName2="H25"/>
      <Bond atomName1="C36" atomName2="H26"/>
      <Bond atomName1="C36" atomName2="H27"/>
      <Bond atomName1="C36" atomName2="H28"/>
      <Bond atomName1="C37" atomName2="H29"/>
      <Bond atomName1="C37" atomName2="H30"/>
      <Bond atomName1="C38" atomName2="H31"/>
      <Bond atomName1="C38" atomName2="H32"/>
    </Residue>
  </Residues>
  <HarmonicBondForce>
    <Bond k="298068.1599999999" length="0.1379" type1="c" type2="ns"/>
    <Bond k="263759.3599999999" length="0.1412" type1="ca" type2="ns"/>
    <Bond k="441244.6399999999" length="0.1013" type1="hn" type2="ns"/>
    <Bond k="290453.27999999997" length="0.1386" type1="ca" type2="nu"/>
    <Bond k="443085.5999999999" length="0.10120000000000001" type1="hn" type2="nu"/>
  </HarmonicBondForce>
  <HarmonicAngleForce>
    <Angle angle="2.1476276445790226" k="952.2784" type1="ns" type2="c" type3="o"/>
    <Angle angle="2.159146817642185" k="549.7776" type1="c" type2="ns" type3="ca"/>
    <Angle angle="2.051634535719334" k="407.52160000000003" type1="c" type2="ns" type3="hn"/>
    <Angle angle="1.9819958985647608" k="940.5632" type1="n" type2="c" type3="ns"/>
    <Angle angle="2.0977112279719847" k="716.3008" type1="ca" type2="ca" type3="ns"/>
    <Angle angle="2.0245819323134224" k="401.664" type1="ca" type2="ns" type3="hn"/>
    <Angle angle="2.040988027282169" k="938.0527999999999" type1="n" type2="ca" type3="nb"/>
    <Angle angle="2.1109757302871417" k="721.3216000000001" type1="ca" type2="ca" type3="nu"/>
    <Angle angle="2.224596664591972" k="545.5936" type1="ca" type2="nu" type3="ca"/>
    <Angle angle="2.0258036627898184" k="408.3584" type1="ca" type2="nu" type3="hn"/>
    <Angle angle="2.040988027282169" k="938.0527999999999" type1="nb" type2="ca" type3="nu"/>
  </HarmonicAngleForce>
  <PeriodicTorsionForce>
    <Proper k1="10.46" periodicity1="2" phase1="3.141592653589793" type1="o" type2="c" type3="ns" type4="ca"/>
    <Proper k1="10.46" k2="8.368" periodicity1="2" periodicity2="1" phase1="3.141592653589793" phase2="0.0" type1="o" type2="c" type3="ns" type4="hn"/>
    <Proper k1="3.9748" periodicity1="2" phase1="3.141592653589793" type1="ca" type2="ca" type3="ns" type4="c"/>
    <Proper k1="10.46" periodicity1="2" phase1="3.141592653589793" type1="n" type2="c" type3="ns" type4="ca"/>
    <Proper k1="1.8828" periodicity1="2" phase1="3.141592653589793" type1="ca" type2="ca" type3="ns" type4="hn"/>
    <Proper k1="10.46" periodicity1="2" phase1="3.141592653589793" type1="n" type2="c" type3="ns" type4="hn"/>
    <Proper k1="4.3932" periodicity1="2" phase1="3.141592653589793" type1="ca" type2="ca" type3="nu" type4="ca"/>
    <Proper k1="4.3932" periodicity1="2" phase1="3.141592653589793" type1="ca" type2="ca" type3="nu" type4="hn"/>
    <Proper k1="4.3932" periodicity1="2" phase1="3.141592653589793" type1="nb" type2="ca" type3="nu" type4="ca"/>
    <Proper k1="4.3932" periodicity1="2" phase1="3.141592653589793" type1="nb" type2="ca" type3="nu" type4="hn"/>
    <Improper k1="43.932" periodicity1="2" phase1="3.141592653589793" type1="c" type2="n" type3="ns" type4="o"/>
    <Improper k1="4.6024" periodicity1="2" phase1="3.141592653589793" type1="ns" type2="c" type3="ca" type4="hn"/>
    <Improper k1="4.6024" periodicity1="2" phase1="3.141592653589793" type1="ca" type2="ca" type3="ca" type4="ns"/>
    <Improper k1="4.6024" periodicity1="2" phase1="3.141592653589793" type1="ca" type2="ca" type3="ca" type4="os"/>
    <Improper k1="4.6024" periodicity1="2" phase1="3.141592653589793" type1="ca" type2="ca" type3="ca" type4="ha"/>
    <Improper k1="4.6024" periodicity1="2" phase1="3.141592653589793" type1="n" type2="c" type3="c3" type4="ca"/>
    <Improper k1="4.6024" periodicity1="2" phase1="3.141592653589793" type1="ca" type2="ca" type3="n" type4="nb"/>
    <Improper k1="4.6024" periodicity1="2" phase1="3.141592653589793" type1="ca" type2="ca" type3="nb" type4="nu"/>
    <Improper k1="4.6024" periodicity1="2" phase1="3.141592653589793" type1="ca" type2="h5" type3="nb" type4="nb"/>
    <Improper k1="4.6024" periodicity1="2" phase1="3.141592653589793" type1="nu" type2="ca" type3="ca" type4="hn"/>
    <Improper k1="4.6024" periodicity1="2" phase1="3.141592653589793" type1="ca" type2="ca" type3="ca" type4="nu"/>
    <Improper k1="4.6024" periodicity1="2" phase1="3.141592653589793" type1="ca" type2="ca" type3="ca" type4="nh"/>
    <Improper k1="4.6024" periodicity1="2" phase1="3.141592653589793" type1="nh" type2="c3" type3="c3" type4="ca"/>
  </PeriodicTorsionForce>
</ForceField>
