<ForceField>
  <Info>
    <DateGenerated>2019-07-05</DateGenerated>
  </Info>
  <Residues>
    <Residue name="MC_07L">
      <Atom charge="-0.5735" name="O11" type="o"/>
      <Atom charge="0.7378" name="C9" type="c"/>
      <Atom charge="-0.2722" name="C8" type="cc"/>
      <Atom charge="-0.0222" name="C7" type="cd"/>
      <Atom charge="-0.1728" name="C2" type="ca"/>
      <Atom charge="-0.3042" name="O10" type="os"/>
      <Atom charge="0.1811" name="C3" type="ca"/>
      <Atom charge="-0.177" name="C4" type="ca"/>
      <Atom charge="0.1561" name="C5" type="ca"/>
      <Atom charge="-0.5161" name="O12" type="oh"/>
      <Atom charge="-0.18" name="C6" type="ca"/>
      <Atom charge="-0.058" name="C1" type="ca"/>
      <Atom charge="0.171" name="H1" type="ha"/>
      <Atom charge="0.147" name="H2" type="ha"/>
      <Atom charge="0.164" name="H3" type="ha"/>
      <Atom charge="0.428" name="H4" type="ho"/>
      <Atom charge="0.149" name="H5" type="ha"/>
      <Atom charge="0.142" name="H6" type="ha"/>
      <Bond atomName1="O11" atomName2="C9"/>
      <Bond atomName1="C8" atomName2="C9"/>
      <Bond atomName1="C8" atomName2="C7"/>
      <Bond atomName1="C9" atomName2="O10"/>
      <Bond atomName1="C7" atomName2="C2"/>
      <Bond atomName1="O10" atomName2="C3"/>
      <Bond atomName1="C2" atomName2="C3"/>
      <Bond atomName1="C2" atomName2="C1"/>
      <Bond atomName1="C3" atomName2="C4"/>
      <Bond atomName1="C1" atomName2="C6"/>
      <Bond atomName1="C4" atomName2="C5"/>
      <Bond atomName1="C6" atomName2="C5"/>
      <Bond atomName1="C5" atomName2="O12"/>
      <Bond atomName1="C8" atomName2="H1"/>
      <Bond atomName1="C7" atomName2="H2"/>
      <Bond atomName1="C4" atomName2="H3"/>
      <Bond atomName1="O12" atomName2="H4"/>
      <Bond atomName1="C6" atomName2="H5"/>
      <Bond atomName1="C1" atomName2="H6"/>
    </Residue>
  </Residues>
  <PeriodicTorsionForce>
    <Proper k1="2.11292" periodicity1="2" phase1="3.141592653589793" type1="ca" type2="ca" type3="cd" type4="cc"/>
    <Proper k1="2.9288" periodicity1="2" phase1="3.141592653589793" type1="ca" type2="ca" type3="cd" type4="ha"/>
    <Improper k1="43.932" periodicity1="2" phase1="3.141592653589793" type1="c" type2="cc" type3="o" type4="os"/>
    <Improper k1="4.6024" periodicity1="2" phase1="3.141592653589793" type1="cc" type2="c" type3="cd" type4="ha"/>
    <Improper k1="4.6024" periodicity1="2" phase1="3.141592653589793" type1="cd" type2="ca" type3="cc" type4="ha"/>
    <Improper k1="4.6024" periodicity1="2" phase1="3.141592653589793" type1="ca" type2="ca" type3="ca" type4="cd"/>
    <Improper k1="4.6024" periodicity1="2" phase1="3.141592653589793" type1="ca" type2="ca" type3="ca" type4="os"/>
    <Improper k1="4.6024" periodicity1="2" phase1="3.141592653589793" type1="ca" type2="ca" type3="ca" type4="ha"/>
    <Improper k1="4.6024" periodicity1="2" phase1="3.141592653589793" type1="ca" type2="ca" type3="ca" type4="oh"/>
  </PeriodicTorsionForce>
</ForceField>
