<ForceField>
  <Info>
    <DateGenerated>2019-07-05</DateGenerated>
  </Info>
  <Residues>
    <Residue name="MC_07Q">
      <Atom charge="-0.6391" name="O01" type="o"/>
      <Atom charge="0.7821" name="C02" type="c"/>
      <Atom charge="-0.5869" name="N03" type="ns"/>
      <Atom charge="0.181" name="C04" type="c3"/>
      <Atom charge="-0.1061" name="C05" type="c3"/>
      <Atom charge="-0.0663" name="C06" type="ca"/>
      <Atom charge="-0.17" name="C07" type="ca"/>
      <Atom charge="-0.083" name="C08" type="ca"/>
      <Atom charge="-0.218" name="C09" type="ca"/>
      <Atom charge="0.1491" name="C10" type="ca"/>
      <Atom charge="-0.3259" name="O11" type="os"/>
      <Atom charge="0.1287" name="C12" type="c3"/>
      <Atom charge="-0.146" name="C13" type="ca"/>
      <Atom charge="-0.5324" name="N14" type="ns"/>
      <Atom charge="0.5923" name="C15" type="cc"/>
      <Atom charge="-0.741" name="N16" type="nd"/>
      <Atom charge="0.4398" name="C17" type="cd"/>
      <Atom charge="-0.0795" name="C18" type="ca"/>
      <Atom charge="-0.2363" name="C19" type="ca"/>
      <Atom charge="0.4152" name="C20" type="ca"/>
      <Atom charge="-0.693" name="N21" type="nb"/>
      <Atom charge="0.4152" name="C22" type="ca"/>
      <Atom charge="-0.2363" name="C23" type="ca"/>
      <Atom charge="-0.2274" name="C24" type="cc"/>
      <Atom charge="-0.1023" name="S25" type="ss"/>
      <Atom charge="0.3175" name="H1" type="hn"/>
      <Atom charge="0.0897" name="H2" type="h1"/>
      <Atom charge="0.049033" name="H3" type="hc"/>
      <Atom charge="0.049033" name="H4" type="hc"/>
      <Atom charge="0.049033" name="H5" type="hc"/>
      <Atom charge="0.125" name="H6" type="ha"/>
      <Atom charge="0.133" name="H7" type="ha"/>
      <Atom charge="0.138" name="H8" type="ha"/>
      <Atom charge="0.043367" name="H9" type="h1"/>
      <Atom charge="0.043367" name="H10" type="h1"/>
      <Atom charge="0.043367" name="H11" type="h1"/>
      <Atom charge="0.15" name="H12" type="ha"/>
      <Atom charge="0.3385" name="H13" type="hn"/>
      <Atom charge="0.1465" name="H14" type="ha"/>
      <Atom charge="0.0221" name="H15" type="h4"/>
      <Atom charge="0.0221" name="H16" type="h4"/>
      <Atom charge="0.1465" name="H17" type="ha"/>
      <Atom charge="0.181" name="H18" type="h4"/>
      <Bond atomName1="O11" atomName2="C12"/>
      <Bond atomName1="O11" atomName2="C10"/>
      <Bond atomName1="C10" atomName2="C09"/>
      <Bond atomName1="C10" atomName2="C13"/>
      <Bond atomName1="C09" atomName2="C08"/>
      <Bond atomName1="C13" atomName2="C06"/>
      <Bond atomName1="C08" atomName2="C07"/>
      <Bond atomName1="C06" atomName2="C07"/>
      <Bond atomName1="C06" atomName2="C04"/>
      <Bond atomName1="C04" atomName2="N03"/>
      <Bond atomName1="C04" atomName2="C05"/>
      <Bond atomName1="N03" atomName2="C02"/>
      <Bond atomName1="C02" atomName2="O01"/>
      <Bond atomName1="C02" atomName2="N14"/>
      <Bond atomName1="N14" atomName2="C15"/>
      <Bond atomName1="C15" atomName2="S25"/>
      <Bond atomName1="C15" atomName2="N16"/>
      <Bond atomName1="S25" atomName2="C24"/>
      <Bond atomName1="N16" atomName2="C17"/>
      <Bond atomName1="C24" atomName2="C17"/>
      <Bond atomName1="C17" atomName2="C18"/>
      <Bond atomName1="C18" atomName2="C19"/>
      <Bond atomName1="C18" atomName2="C23"/>
      <Bond atomName1="C19" atomName2="C20"/>
      <Bond atomName1="C23" atomName2="C22"/>
      <Bond atomName1="C20" atomName2="N21"/>
      <Bond atomName1="C22" atomName2="N21"/>
      <Bond atomName1="N03" atomName2="H1"/>
      <Bond atomName1="C04" atomName2="H2"/>
      <Bond atomName1="C05" atomName2="H3"/>
      <Bond atomName1="C05" atomName2="H4"/>
      <Bond atomName1="C05" atomName2="H5"/>
      <Bond atomName1="C07" atomName2="H6"/>
      <Bond atomName1="C08" atomName2="H7"/>
      <Bond atomName1="C09" atomName2="H8"/>
      <Bond atomName1="C12" atomName2="H9"/>
      <Bond atomName1="C12" atomName2="H10"/>
      <Bond atomName1="C12" atomName2="H11"/>
      <Bond atomName1="C13" atomName2="H12"/>
      <Bond atomName1="N14" atomName2="H13"/>
      <Bond atomName1="C19" atomName2="H14"/>
      <Bond atomName1="C20" atomName2="H15"/>
      <Bond atomName1="C22" atomName2="H16"/>
      <Bond atomName1="C23" atomName2="H17"/>
      <Bond atomName1="C24" atomName2="H18"/>
    </Residue>
  </Residues>
  <HarmonicBondForce>
    <Bond k="298068.1599999999" length="0.1379" type1="c" type2="ns"/>
    <Bond k="220747.83999999997" length="0.1462" type1="c3" type2="ns"/>
    <Bond k="441244.6399999999" length="0.1013" type1="hn" type2="ns"/>
    <Bond k="296059.83999999997" length="0.1381" type1="cc" type2="ns"/>
  </HarmonicBondForce>
  <HarmonicAngleForce>
    <Angle angle="2.1476276445790226" k="952.2784" type1="ns" type2="c" type3="o"/>
    <Angle angle="2.1064378742319563" k="546.4304" type1="c" type2="ns" type3="c3"/>
    <Angle angle="2.051634535719334" k="407.52160000000003" type1="c" type2="ns" type3="hn"/>
    <Angle angle="2.15146736893341" k="557.3088" type1="c" type2="ns" type3="cc"/>
    <Angle angle="1.9819958985647608" k="940.5632" type1="ns" type2="c" type3="ns"/>
    <Angle angle="1.9479619781508712" k="696.2176000000001" type1="c3" type2="c3" type3="ns"/>
    <Angle angle="1.9614010133912274" k="698.7280000000001" type1="ca" type2="c3" type3="ns"/>
    <Angle angle="1.900314489571426" k="514.6320000000001" type1="h1" type2="c3" type3="ns"/>
    <Angle angle="2.053903463746927" k="385.76480000000004" type1="c3" type2="ns" type3="hn"/>
    <Angle angle="2.1467549799530254" k="922.9904" type1="nd" type2="cc" type3="ns"/>
    <Angle angle="2.144660584850632" k="666.9296" type1="ns" type2="cc" type3="ss"/>
    <Angle angle="2.0814796659284376" k="404.1744" type1="cc" type2="ns" type3="hn"/>
  </HarmonicAngleForce>
  <PeriodicTorsionForce>
    <Proper k1="10.46" periodicity1="2" phase1="3.141592653589793" type1="o" type2="c" type3="ns" type4="c3"/>
    <Proper k1="10.46" k2="8.368" periodicity1="2" periodicity2="1" phase1="3.141592653589793" phase2="0.0" type1="o" type2="c" type3="ns" type4="hn"/>
    <Proper k1="10.46" periodicity1="2" phase1="3.141592653589793" type1="o" type2="c" type3="ns" type4="cc"/>
    <Proper k1="0.41840000000000005" k2="0.7112800000000001" k3="4.26768" periodicity1="4" periodicity2="3" periodicity3="1" phase1="3.141592653589793" phase2="0.0" phase3="3.141592653589793" type1="c3" type2="c3" type3="ns" type4="c"/>
    <Proper k1="0.0" periodicity1="2" phase1="0.0" type1="ca" type2="c3" type3="ns" type4="c"/>
    <Proper k1="0.0" periodicity1="2" phase1="3.141592653589793" type1="h1" type2="c3" type3="ns" type4="c"/>
    <Proper k1="6.9036" periodicity1="2" phase1="3.141592653589793" type1="nd" type2="cc" type3="ns" type4="c"/>
    <Proper k1="6.9036" periodicity1="2" phase1="3.141592653589793" type1="ss" type2="cc" type3="ns" type4="c"/>
    <Proper k1="10.46" periodicity1="2" phase1="3.141592653589793" type1="ns" type2="c" type3="ns" type4="cc"/>
    <Proper k1="10.46" periodicity1="2" phase1="3.141592653589793" type1="ns" type2="c" type3="ns" type4="hn"/>
    <Proper k1="10.46" periodicity1="2" phase1="3.141592653589793" type1="ns" type2="c" type3="ns" type4="c3"/>
    <Proper k1="0.0" periodicity1="2" phase1="0.0" type1="c3" type2="c3" type3="ns" type4="hn"/>
    <Proper k1="0.0" periodicity1="2" phase1="0.0" type1="ca" type2="c3" type3="ns" type4="hn"/>
    <Proper k1="4.6024" periodicity1="2" phase1="3.141592653589793" type1="ns" type2="cc" type3="ss" type4="cc"/>
    <Proper k1="4.6024" periodicity1="2" phase1="3.141592653589793" type1="cd" type2="cc" type3="ss" type4="cc"/>
    <Proper k1="4.6024" periodicity1="2" phase1="3.141592653589793" type1="h4" type2="cc" type3="ss" type4="cc"/>
    <Proper k1="6.9036" periodicity1="2" phase1="3.141592653589793" type1="nd" type2="cc" type3="ns" type4="hn"/>
    <Proper k1="4.6024" periodicity1="2" phase1="3.141592653589793" type1="nd" type2="cc" type3="ss" type4="cc"/>
    <Proper k1="2.9288" periodicity1="2" phase1="3.141592653589793" type1="ca" type2="ca" type3="cd" type4="nd"/>
    <Proper k1="2.11292" periodicity1="2" phase1="3.141592653589793" type1="ca" type2="ca" type3="cd" type4="cc"/>
    <Proper k1="6.9036" periodicity1="2" phase1="3.141592653589793" type1="ss" type2="cc" type3="ns" type4="hn"/>
    <Proper k1="0.0" periodicity1="2" phase1="0.0" type1="h1" type2="c3" type3="ns" type4="hn"/>
    <Improper k1="43.932" periodicity1="2" phase1="3.141592653589793" type1="c" type2="ns" type3="ns" type4="o"/>
    <Improper k1="4.6024" periodicity1="2" phase1="3.141592653589793" type1="ns" type2="c" type3="c3" type4="hn"/>
    <Improper k1="4.6024" periodicity1="2" phase1="3.141592653589793" type1="ca" type2="ca" type3="ca" type4="ha"/>
    <Improper k1="4.6024" periodicity1="2" phase1="3.141592653589793" type1="ca" type2="ca" type3="ca" type4="os"/>
    <Improper k1="4.6024" periodicity1="2" phase1="3.141592653589793" type1="ns" type2="c" type3="cc" type4="hn"/>
    <Improper k1="4.6024" periodicity1="2" phase1="3.141592653589793" type1="cc" type2="nd" type3="ns" type4="ss"/>
    <Improper k1="4.6024" periodicity1="2" phase1="3.141592653589793" type1="cd" type2="ca" type3="cc" type4="nd"/>
    <Improper k1="4.6024" periodicity1="2" phase1="3.141592653589793" type1="ca" type2="ca" type3="ca" type4="cd"/>
    <Improper k1="4.6024" periodicity1="2" phase1="3.141592653589793" type1="ca" type2="ca" type3="h4" type4="nb"/>
    <Improper k1="4.6024" periodicity1="2" phase1="3.141592653589793" type1="cc" type2="cd" type3="h4" type4="ss"/>
  </PeriodicTorsionForce>
</ForceField>
