<ForceField>
  <Info>
    <DateGenerated>2019-07-05</DateGenerated>
  </Info>
  <Residues>
    <Residue name="MC_07R">
      <Atom charge="-0.6371" name="O01" type="o"/>
      <Atom charge="0.7801" name="C02" type="c"/>
      <Atom charge="-0.5899" name="N03" type="ns"/>
      <Atom charge="0.1783" name="C04" type="c3"/>
      <Atom charge="-0.1123" name="C05" type="ca"/>
      <Atom charge="-0.139" name="C06" type="ca"/>
      <Atom charge="0.1041" name="C07" type="ca"/>
      <Atom charge="-0.5181" name="O08" type="oh"/>
      <Atom charge="-0.14" name="C09" type="ca"/>
      <Atom charge="-0.117" name="C10" type="ca"/>
      <Atom charge="-0.119" name="C11" type="ca"/>
      <Atom charge="-0.5334" name="N12" type="ns"/>
      <Atom charge="0.5913" name="C13" type="cc"/>
      <Atom charge="-0.74" name="N14" type="nd"/>
      <Atom charge="0.4398" name="C15" type="cd"/>
      <Atom charge="-0.0795" name="C16" type="ca"/>
      <Atom charge="-0.2363" name="C17" type="ca"/>
      <Atom charge="0.4152" name="C18" type="ca"/>
      <Atom charge="-0.693" name="N19" type="nb"/>
      <Atom charge="0.4152" name="C20" type="ca"/>
      <Atom charge="-0.2363" name="C21" type="ca"/>
      <Atom charge="-0.2264" name="C22" type="cc"/>
      <Atom charge="-0.1023" name="S23" type="ss"/>
      <Atom charge="0.3175" name="H1" type="hn"/>
      <Atom charge="0.0647" name="H2" type="h1"/>
      <Atom charge="0.0647" name="H3" type="h1"/>
      <Atom charge="0.147" name="H4" type="ha"/>
      <Atom charge="0.421" name="H5" type="ho"/>
      <Atom charge="0.145" name="H6" type="ha"/>
      <Atom charge="0.138" name="H7" type="ha"/>
      <Atom charge="0.138" name="H8" type="ha"/>
      <Atom charge="0.3385" name="H9" type="hn"/>
      <Atom charge="0.147" name="H10" type="ha"/>
      <Atom charge="0.0226" name="H11" type="h4"/>
      <Atom charge="0.0226" name="H12" type="h4"/>
      <Atom charge="0.147" name="H13" type="ha"/>
      <Atom charge="0.182" name="H14" type="h4"/>
      <Bond atomName1="O08" atomName2="C07"/>
      <Bond atomName1="C09" atomName2="C07"/>
      <Bond atomName1="C09" atomName2="C10"/>
      <Bond atomName1="C07" atomName2="C06"/>
      <Bond atomName1="C10" atomName2="C11"/>
      <Bond atomName1="C06" atomName2="C05"/>
      <Bond atomName1="C11" atomName2="C05"/>
      <Bond atomName1="C05" atomName2="C04"/>
      <Bond atomName1="C04" atomName2="N03"/>
      <Bond atomName1="N03" atomName2="C02"/>
      <Bond atomName1="C02" atomName2="O01"/>
      <Bond atomName1="C02" atomName2="N12"/>
      <Bond atomName1="N12" atomName2="C13"/>
      <Bond atomName1="C13" atomName2="N14"/>
      <Bond atomName1="C13" atomName2="S23"/>
      <Bond atomName1="N14" atomName2="C15"/>
      <Bond atomName1="S23" atomName2="C22"/>
      <Bond atomName1="C15" atomName2="C22"/>
      <Bond atomName1="C15" atomName2="C16"/>
      <Bond atomName1="C17" atomName2="C16"/>
      <Bond atomName1="C17" atomName2="C18"/>
      <Bond atomName1="C16" atomName2="C21"/>
      <Bond atomName1="C18" atomName2="N19"/>
      <Bond atomName1="C21" atomName2="C20"/>
      <Bond atomName1="N19" atomName2="C20"/>
      <Bond atomName1="N03" atomName2="H1"/>
      <Bond atomName1="C04" atomName2="H2"/>
      <Bond atomName1="C04" atomName2="H3"/>
      <Bond atomName1="C06" atomName2="H4"/>
      <Bond atomName1="O08" atomName2="H5"/>
      <Bond atomName1="C09" atomName2="H6"/>
      <Bond atomName1="C10" atomName2="H7"/>
      <Bond atomName1="C11" atomName2="H8"/>
      <Bond atomName1="N12" atomName2="H9"/>
      <Bond atomName1="C17" atomName2="H10"/>
      <Bond atomName1="C18" atomName2="H11"/>
      <Bond atomName1="C20" atomName2="H12"/>
      <Bond atomName1="C21" atomName2="H13"/>
      <Bond atomName1="C22" atomName2="H14"/>
    </Residue>
  </Residues>
  <HarmonicBondForce>
    <Bond k="298068.1599999999" length="0.1379" type1="c" type2="ns"/>
    <Bond k="220747.83999999997" length="0.1462" type1="c3" type2="ns"/>
    <Bond k="441244.6399999999" length="0.1013" type1="hn" type2="ns"/>
    <Bond k="296059.83999999997" length="0.1381" type1="cc" type2="ns"/>
  </HarmonicBondForce>
  <HarmonicAngleForce>
    <Angle angle="2.1476276445790226" k="952.2784" type1="ns" type2="c" type3="o"/>
    <Angle angle="2.1064378742319563" k="546.4304" type1="c" type2="ns" type3="c3"/>
    <Angle angle="2.051634535719334" k="407.52160000000003" type1="c" type2="ns" type3="hn"/>
    <Angle angle="2.15146736893341" k="557.3088" type1="c" type2="ns" type3="cc"/>
    <Angle angle="1.9819958985647608" k="940.5632" type1="ns" type2="c" type3="ns"/>
    <Angle angle="1.9614010133912274" k="698.7280000000001" type1="ca" type2="c3" type3="ns"/>
    <Angle angle="1.900314489571426" k="514.6320000000001" type1="h1" type2="c3" type3="ns"/>
    <Angle angle="2.053903463746927" k="385.76480000000004" type1="c3" type2="ns" type3="hn"/>
    <Angle angle="2.1467549799530254" k="922.9904" type1="nd" type2="cc" type3="ns"/>
    <Angle angle="2.144660584850632" k="666.9296" type1="ns" type2="cc" type3="ss"/>
    <Angle angle="2.0814796659284376" k="404.1744" type1="cc" type2="ns" type3="hn"/>
  </HarmonicAngleForce>
  <PeriodicTorsionForce>
    <Proper k1="10.46" periodicity1="2" phase1="3.141592653589793" type1="o" type2="c" type3="ns" type4="c3"/>
    <Proper k1="10.46" k2="8.368" periodicity1="2" periodicity2="1" phase1="3.141592653589793" phase2="0.0" type1="o" type2="c" type3="ns" type4="hn"/>
    <Proper k1="10.46" periodicity1="2" phase1="3.141592653589793" type1="o" type2="c" type3="ns" type4="cc"/>
    <Proper k1="0.0" periodicity1="2" phase1="0.0" type1="ca" type2="c3" type3="ns" type4="c"/>
    <Proper k1="0.0" periodicity1="2" phase1="3.141592653589793" type1="h1" type2="c3" type3="ns" type4="c"/>
    <Proper k1="6.9036" periodicity1="2" phase1="3.141592653589793" type1="nd" type2="cc" type3="ns" type4="c"/>
    <Proper k1="6.9036" periodicity1="2" phase1="3.141592653589793" type1="ss" type2="cc" type3="ns" type4="c"/>
    <Proper k1="10.46" periodicity1="2" phase1="3.141592653589793" type1="ns" type2="c" type3="ns" type4="cc"/>
    <Proper k1="10.46" periodicity1="2" phase1="3.141592653589793" type1="ns" type2="c" type3="ns" type4="hn"/>
    <Proper k1="10.46" periodicity1="2" phase1="3.141592653589793" type1="ns" type2="c" type3="ns" type4="c3"/>
    <Proper k1="0.0" periodicity1="2" phase1="0.0" type1="ca" type2="c3" type3="ns" type4="hn"/>
    <Proper k1="4.6024" periodicity1="2" phase1="3.141592653589793" type1="ns" type2="cc" type3="ss" type4="cc"/>
    <Proper k1="4.6024" periodicity1="2" phase1="3.141592653589793" type1="cd" type2="cc" type3="ss" type4="cc"/>
    <Proper k1="4.6024" periodicity1="2" phase1="3.141592653589793" type1="h4" type2="cc" type3="ss" type4="cc"/>
    <Proper k1="6.9036" periodicity1="2" phase1="3.141592653589793" type1="nd" type2="cc" type3="ns" type4="hn"/>
    <Proper k1="4.6024" periodicity1="2" phase1="3.141592653589793" type1="nd" type2="cc" type3="ss" type4="cc"/>
    <Proper k1="2.9288" periodicity1="2" phase1="3.141592653589793" type1="ca" type2="ca" type3="cd" type4="nd"/>
    <Proper k1="2.11292" periodicity1="2" phase1="3.141592653589793" type1="ca" type2="ca" type3="cd" type4="cc"/>
    <Proper k1="6.9036" periodicity1="2" phase1="3.141592653589793" type1="ss" type2="cc" type3="ns" type4="hn"/>
    <Proper k1="0.0" periodicity1="2" phase1="0.0" type1="h1" type2="c3" type3="ns" type4="hn"/>
    <Improper k1="43.932" periodicity1="2" phase1="3.141592653589793" type1="c" type2="ns" type3="ns" type4="o"/>
    <Improper k1="4.6024" periodicity1="2" phase1="3.141592653589793" type1="ns" type2="c" type3="c3" type4="hn"/>
    <Improper k1="4.6024" periodicity1="2" phase1="3.141592653589793" type1="ca" type2="ca" type3="ca" type4="ha"/>
    <Improper k1="4.6024" periodicity1="2" phase1="3.141592653589793" type1="ca" type2="ca" type3="ca" type4="oh"/>
    <Improper k1="4.6024" periodicity1="2" phase1="3.141592653589793" type1="ns" type2="c" type3="cc" type4="hn"/>
    <Improper k1="4.6024" periodicity1="2" phase1="3.141592653589793" type1="cc" type2="nd" type3="ns" type4="ss"/>
    <Improper k1="4.6024" periodicity1="2" phase1="3.141592653589793" type1="cd" type2="ca" type3="cc" type4="nd"/>
    <Improper k1="4.6024" periodicity1="2" phase1="3.141592653589793" type1="ca" type2="ca" type3="ca" type4="cd"/>
    <Improper k1="4.6024" periodicity1="2" phase1="3.141592653589793" type1="ca" type2="ca" type3="h4" type4="nb"/>
    <Improper k1="4.6024" periodicity1="2" phase1="3.141592653589793" type1="cc" type2="cd" type3="h4" type4="ss"/>
  </PeriodicTorsionForce>
</ForceField>
