<ForceField>
  <Info>
    <DateGenerated>2019-07-05</DateGenerated>
  </Info>
  <Residues>
    <Residue name="MC_07S">
      <Atom charge="0.4112" name="C1" type="ca"/>
      <Atom charge="-0.2463" name="C2" type="ca"/>
      <Atom charge="-0.096" name="C3" type="ca"/>
      <Atom charge="-0.1093" name="C4" type="ca"/>
      <Atom charge="0.4252" name="C5" type="ca"/>
      <Atom charge="-0.682" name="N6" type="nb"/>
      <Atom charge="-0.1304" name="C11" type="cc"/>
      <Atom charge="-0.2373" name="S12" type="ss"/>
      <Atom charge="0.7063" name="C13" type="cd"/>
      <Atom charge="-0.684" name="N14" type="nc"/>
      <Atom charge="0.4162" name="C15" type="cc"/>
      <Atom charge="-0.8456" name="N16" type="nu"/>
      <Atom charge="0.6942" name="C17" type="ca"/>
      <Atom charge="-0.704" name="N18" type="nb"/>
      <Atom charge="0.4772" name="C19" type="ca"/>
      <Atom charge="-0.3483" name="C20" type="ca"/>
      <Atom charge="0.1706" name="C21" type="ca"/>
      <Atom charge="-0.3303" name="C22" type="ca"/>
      <Atom charge="-0.601" name="N26" type="nh"/>
      <Atom charge="0.1693" name="C27" type="c3"/>
      <Atom charge="0.1573" name="C28" type="c3"/>
      <Atom charge="-0.7096" name="N29" type="n3"/>
      <Atom charge="0.1573" name="C30" type="c3"/>
      <Atom charge="0.1693" name="C31" type="c3"/>
      <Atom charge="0.0918" name="C40" type="c3"/>
      <Atom charge="0.6641" name="C41" type="c"/>
      <Atom charge="-0.4988" name="N44" type="n"/>
      <Atom charge="0.068" name="C45" type="c3"/>
      <Atom charge="0.1199" name="C46" type="c3"/>
      <Atom charge="-0.4176" name="O47" type="os"/>
      <Atom charge="0.1199" name="C48" type="c3"/>
      <Atom charge="0.068" name="C49" type="c3"/>
      <Atom charge="-0.5921" name="O58" type="o"/>
      <Atom charge="0.0231" name="H1" type="h4"/>
      <Atom charge="0.139" name="H2" type="ha"/>
      <Atom charge="0.14" name="H3" type="ha"/>
      <Atom charge="0.0261" name="H4" type="h4"/>
      <Atom charge="0.0471" name="H5" type="h4"/>
      <Atom charge="0.4678" name="H6" type="hn"/>
      <Atom charge="0.0261" name="H7" type="h4"/>
      <Atom charge="0.143" name="H8" type="ha"/>
      <Atom charge="0.139" name="H9" type="ha"/>
      <Atom charge="0.05495" name="H10" type="h1"/>
      <Atom charge="0.05495" name="H11" type="h1"/>
      <Atom charge="0.04895" name="H12" type="h1"/>
      <Atom charge="0.04895" name="H13" type="h1"/>
      <Atom charge="0.04895" name="H15" type="h1"/>
      <Atom charge="0.04895" name="H16" type="h1"/>
      <Atom charge="0.05495" name="H17" type="h1"/>
      <Atom charge="0.05495" name="H18" type="h1"/>
      <Atom charge="0.0522" name="H19" type="h1"/>
      <Atom charge="0.0522" name="H20" type="h1"/>
      <Atom charge="0.06395" name="H21" type="h1"/>
      <Atom charge="0.06395" name="H22" type="h1"/>
      <Atom charge="0.05545" name="H23" type="h1"/>
      <Atom charge="0.05545" name="H24" type="h1"/>
      <Atom charge="0.05545" name="H25" type="h1"/>
      <Atom charge="0.05545" name="H26" type="h1"/>
      <Atom charge="0.06395" name="H27" type="h1"/>
      <Atom charge="0.06395" name="H28" type="h1"/>
      <Bond atomName1="O58" atomName2="C41"/>
      <Bond atomName1="C41" atomName2="N44"/>
      <Bond atomName1="C41" atomName2="C40"/>
      <Bond atomName1="C31" atomName2="C30"/>
      <Bond atomName1="C31" atomName2="N26"/>
      <Bond atomName1="C30" atomName2="N29"/>
      <Bond atomName1="N44" atomName2="C45"/>
      <Bond atomName1="N44" atomName2="C49"/>
      <Bond atomName1="C45" atomName2="C46"/>
      <Bond atomName1="N29" atomName2="C40"/>
      <Bond atomName1="N29" atomName2="C28"/>
      <Bond atomName1="C49" atomName2="C48"/>
      <Bond atomName1="C27" atomName2="N26"/>
      <Bond atomName1="C27" atomName2="C28"/>
      <Bond atomName1="N26" atomName2="C21"/>
      <Bond atomName1="C22" atomName2="C21"/>
      <Bond atomName1="C22" atomName2="C17"/>
      <Bond atomName1="C21" atomName2="C20"/>
      <Bond atomName1="N16" atomName2="C17"/>
      <Bond atomName1="N16" atomName2="C13"/>
      <Bond atomName1="C46" atomName2="O47"/>
      <Bond atomName1="N14" atomName2="C13"/>
      <Bond atomName1="N14" atomName2="C15"/>
      <Bond atomName1="O47" atomName2="C48"/>
      <Bond atomName1="C17" atomName2="N18"/>
      <Bond atomName1="C13" atomName2="S12"/>
      <Bond atomName1="C20" atomName2="C19"/>
      <Bond atomName1="C15" atomName2="C11"/>
      <Bond atomName1="N18" atomName2="C19"/>
      <Bond atomName1="S12" atomName2="C11"/>
      <Bond atomName1="C11" atomName2="C4"/>
      <Bond atomName1="C4" atomName2="C5"/>
      <Bond atomName1="C4" atomName2="C3"/>
      <Bond atomName1="C5" atomName2="N6"/>
      <Bond atomName1="C3" atomName2="C2"/>
      <Bond atomName1="N6" atomName2="C1"/>
      <Bond atomName1="C2" atomName2="C1"/>
      <Bond atomName1="C1" atomName2="H1"/>
      <Bond atomName1="C2" atomName2="H2"/>
      <Bond atomName1="C3" atomName2="H3"/>
      <Bond atomName1="C5" atomName2="H4"/>
      <Bond atomName1="C15" atomName2="H5"/>
      <Bond atomName1="N16" atomName2="H6"/>
      <Bond atomName1="C19" atomName2="H7"/>
      <Bond atomName1="C20" atomName2="H8"/>
      <Bond atomName1="C22" atomName2="H9"/>
      <Bond atomName1="C27" atomName2="H10"/>
      <Bond atomName1="C27" atomName2="H11"/>
      <Bond atomName1="C28" atomName2="H12"/>
      <Bond atomName1="C28" atomName2="H13"/>
      <Bond atomName1="C30" atomName2="H15"/>
      <Bond atomName1="C30" atomName2="H16"/>
      <Bond atomName1="C31" atomName2="H17"/>
      <Bond atomName1="C31" atomName2="H18"/>
      <Bond atomName1="C40" atomName2="H19"/>
      <Bond atomName1="C40" atomName2="H20"/>
      <Bond atomName1="C45" atomName2="H21"/>
      <Bond atomName1="C45" atomName2="H22"/>
      <Bond atomName1="C46" atomName2="H23"/>
      <Bond atomName1="C46" atomName2="H24"/>
      <Bond atomName1="C48" atomName2="H25"/>
      <Bond atomName1="C48" atomName2="H26"/>
      <Bond atomName1="C49" atomName2="H27"/>
      <Bond atomName1="C49" atomName2="H28"/>
    </Residue>
  </Residues>
  <HarmonicBondForce>
    <Bond k="304176.79999999993" length="0.1373" type1="cd" type2="nu"/>
    <Bond k="290453.27999999997" length="0.1386" type1="ca" type2="nu"/>
    <Bond k="443085.5999999999" length="0.10120000000000001" type1="hn" type2="nu"/>
  </HarmonicBondForce>
  <HarmonicAngleForce>
    <Angle angle="2.125985561854293" k="670.2768" type1="nu" type2="cd" type3="ss"/>
    <Angle angle="2.26543736908864" k="543.0832" type1="ca" type2="nu" type3="cd"/>
    <Angle angle="2.0181242140810434" k="412.5424" type1="cd" type2="nu" type3="hn"/>
    <Angle angle="2.1057397425311586" k="934.7056" type1="nc" type2="cd" type3="nu"/>
    <Angle angle="2.040988027282169" k="938.0527999999999" type1="nb" type2="ca" type3="nu"/>
    <Angle angle="2.1109757302871417" k="721.3216000000001" type1="ca" type2="ca" type3="nu"/>
    <Angle angle="2.0258036627898184" k="408.3584" type1="ca" type2="nu" type3="hn"/>
  </HarmonicAngleForce>
  <PeriodicTorsionForce>
    <Proper k1="2.9288" periodicity1="2" phase1="3.141592653589793" type1="ca" type2="ca" type3="cc" type4="ss"/>
    <Proper k1="2.11292" periodicity1="2" phase1="3.141592653589793" type1="ca" type2="ca" type3="cc" type4="cc"/>
    <Proper k1="4.6024" periodicity1="2" phase1="3.141592653589793" type1="ca" type2="cc" type3="ss" type4="cd"/>
    <Proper k1="4.6024" periodicity1="2" phase1="3.141592653589793" type1="nc" type2="cd" type3="ss" type4="cc"/>
    <Proper k1="4.6024" periodicity1="2" phase1="3.141592653589793" type1="nu" type2="cd" type3="ss" type4="cc"/>
    <Proper k1="4.3932" periodicity1="2" phase1="3.141592653589793" type1="ss" type2="cd" type3="nu" type4="ca"/>
    <Proper k1="4.3932" periodicity1="2" phase1="3.141592653589793" type1="ss" type2="cd" type3="nu" type4="hn"/>
    <Proper k1="4.6024" periodicity1="2" phase1="3.141592653589793" type1="cc" type2="cc" type3="ss" type4="cd"/>
    <Proper k1="4.3932" periodicity1="2" phase1="3.141592653589793" type1="nb" type2="ca" type3="nu" type4="cd"/>
    <Proper k1="4.3932" periodicity1="2" phase1="3.141592653589793" type1="ca" type2="ca" type3="nu" type4="cd"/>
    <Proper k1="4.3932" periodicity1="2" phase1="3.141592653589793" type1="nc" type2="cd" type3="nu" type4="ca"/>
    <Proper k1="4.3932" periodicity1="2" phase1="3.141592653589793" type1="nc" type2="cd" type3="nu" type4="hn"/>
    <Proper k1="4.3932" periodicity1="2" phase1="3.141592653589793" type1="nb" type2="ca" type3="nu" type4="hn"/>
    <Proper k1="4.3932" periodicity1="2" phase1="3.141592653589793" type1="ca" type2="ca" type3="nu" type4="hn"/>
    <Improper k1="4.6024" periodicity1="2" phase1="3.141592653589793" type1="ca" type2="ca" type3="h4" type4="nb"/>
    <Improper k1="4.6024" periodicity1="2" phase1="3.141592653589793" type1="ca" type2="ca" type3="ca" type4="ha"/>
    <Improper k1="4.6024" periodicity1="2" phase1="3.141592653589793" type1="ca" type2="ca" type3="ca" type4="cc"/>
    <Improper k1="4.6024" periodicity1="2" phase1="3.141592653589793" type1="cc" type2="ca" type3="cc" type4="ss"/>
    <Improper k1="4.6024" periodicity1="2" phase1="3.141592653589793" type1="cd" type2="nc" type3="nu" type4="ss"/>
    <Improper k1="4.6024" periodicity1="2" phase1="3.141592653589793" type1="cc" type2="cc" type3="h4" type4="nc"/>
    <Improper k1="4.6024" periodicity1="2" phase1="3.141592653589793" type1="nu" type2="ca" type3="cd" type4="hn"/>
    <Improper k1="4.6024" periodicity1="2" phase1="3.141592653589793" type1="ca" type2="ca" type3="nb" type4="nu"/>
    <Improper k1="4.6024" periodicity1="2" phase1="3.141592653589793" type1="ca" type2="ca" type3="ca" type4="nh"/>
    <Improper k1="4.6024" periodicity1="2" phase1="3.141592653589793" type1="nh" type2="c3" type3="c3" type4="ca"/>
    <Improper k1="43.932" periodicity1="2" phase1="3.141592653589793" type1="c" type2="c3" type3="n" type4="o"/>
    <Improper k1="4.6024" periodicity1="2" phase1="3.141592653589793" type1="n" type2="c" type3="c3" type4="c3"/>
  </PeriodicTorsionForce>
</ForceField>
