<ForceField>
  <Info>
    <DateGenerated>2019-07-05</DateGenerated>
  </Info>
  <Residues>
    <Residue name="MC_07Z">
      <Atom charge="0.0856" name="C1" type="ca"/>
      <Atom charge="-0.7093" name="N2" type="nu"/>
      <Atom charge="0.7893" name="C3" type="cc"/>
      <Atom charge="-0.818" name="N4" type="nd"/>
      <Atom charge="0.7952" name="C5" type="cd"/>
      <Atom charge="-0.402" name="C6" type="cc"/>
      <Atom charge="-0.2793" name="S7" type="ss"/>
      <Atom charge="-0.9735" name="N8" type="nv"/>
      <Atom charge="0.6553" name="C9" type="c"/>
      <Atom charge="-0.2709" name="C10" type="ca"/>
      <Atom charge="-0.069" name="C11" type="ca"/>
      <Atom charge="-0.2663" name="C12" type="ca"/>
      <Atom charge="0.4262" name="C13" type="ca"/>
      <Atom charge="-0.705" name="N14" type="nb"/>
      <Atom charge="0.4632" name="C15" type="ca"/>
      <Atom charge="-0.6041" name="O16" type="o"/>
      <Atom charge="-0.1665" name="C17" type="ca"/>
      <Atom charge="-0.0885" name="C18" type="ca"/>
      <Atom charge="-0.1026" name="C19" type="ca"/>
      <Atom charge="-0.0885" name="C20" type="ca"/>
      <Atom charge="-0.1665" name="C21" type="ca"/>
      <Atom charge="0.8802" name="C22" type="c"/>
      <Atom charge="-0.8348" name="O23" type="o"/>
      <Atom charge="-0.8348" name="O24" type="o"/>
      <Atom charge="0.4548" name="HN2" type="hn"/>
      <Atom charge="0.4578" name="HN8" type="hn"/>
      <Atom charge="0.4578" name="HN8A" type="hn"/>
      <Atom charge="0.16" name="H11" type="ha"/>
      <Atom charge="0.135" name="H12" type="ha"/>
      <Atom charge="0.0161" name="H13" type="h4"/>
      <Atom charge="0.0401" name="H15" type="h4"/>
      <Atom charge="0.125" name="H17" type="ha"/>
      <Atom charge="0.156" name="H18" type="ha"/>
      <Atom charge="0.156" name="H20" type="ha"/>
      <Atom charge="0.125" name="H21" type="ha"/>
      <Bond atomName1="N2" atomName2="C1"/>
      <Bond atomName1="C1" atomName2="C17"/>
      <Bond atomName1="C1" atomName2="C21"/>
      <Bond atomName1="C3" atomName2="N2"/>
      <Bond atomName1="N2" atomName2="HN2"/>
      <Bond atomName1="N4" atomName2="C3"/>
      <Bond atomName1="C3" atomName2="S7"/>
      <Bond atomName1="C5" atomName2="N4"/>
      <Bond atomName1="N8" atomName2="C5"/>
      <Bond atomName1="C5" atomName2="C6"/>
      <Bond atomName1="C9" atomName2="C6"/>
      <Bond atomName1="C6" atomName2="S7"/>
      <Bond atomName1="N8" atomName2="HN8"/>
      <Bond atomName1="N8" atomName2="HN8A"/>
      <Bond atomName1="O16" atomName2="C9"/>
      <Bond atomName1="C9" atomName2="C10"/>
      <Bond atomName1="C10" atomName2="C15"/>
      <Bond atomName1="C10" atomName2="C11"/>
      <Bond atomName1="C11" atomName2="C12"/>
      <Bond atomName1="C11" atomName2="H11"/>
      <Bond atomName1="C12" atomName2="C13"/>
      <Bond atomName1="C12" atomName2="H12"/>
      <Bond atomName1="N14" atomName2="C13"/>
      <Bond atomName1="C13" atomName2="H13"/>
      <Bond atomName1="C15" atomName2="N14"/>
      <Bond atomName1="C15" atomName2="H15"/>
      <Bond atomName1="C17" atomName2="C18"/>
      <Bond atomName1="C17" atomName2="H17"/>
      <Bond atomName1="C18" atomName2="C19"/>
      <Bond atomName1="C18" atomName2="H18"/>
      <Bond atomName1="C20" atomName2="C19"/>
      <Bond atomName1="C19" atomName2="C22"/>
      <Bond atomName1="C21" atomName2="C20"/>
      <Bond atomName1="C20" atomName2="H20"/>
      <Bond atomName1="C21" atomName2="H21"/>
      <Bond atomName1="C22" atomName2="O23"/>
      <Bond atomName1="C22" atomName2="O24"/>
    </Residue>
  </Residues>
  <HarmonicBondForce>
    <Bond k="290453.27999999997" length="0.1386" type1="ca" type2="nu"/>
    <Bond k="304176.79999999993" length="0.1373" type1="cc" type2="nu"/>
    <Bond k="443085.5999999999" length="0.10120000000000001" type1="hn" type2="nu"/>
    <Bond k="304176.79999999993" length="0.1373" type1="cd" type2="nv"/>
    <Bond k="443085.5999999999" length="0.10120000000000001" type1="hn" type2="nv"/>
  </HarmonicBondForce>
  <HarmonicAngleForce>
    <Angle angle="2.26543736908864" k="543.0832" type1="ca" type2="nu" type3="cc"/>
    <Angle angle="2.0258036627898184" k="408.3584" type1="ca" type2="nu" type3="hn"/>
    <Angle angle="2.1109757302871417" k="721.3216000000001" type1="ca" type2="ca" type3="nu"/>
    <Angle angle="2.1057397425311586" k="934.7056" type1="nd" type2="cc" type3="nu"/>
    <Angle angle="2.125985561854293" k="670.2768" type1="nu" type2="cc" type3="ss"/>
    <Angle angle="2.0181242140810434" k="412.5424" type1="cc" type2="nu" type3="hn"/>
    <Angle angle="2.0460494821129527" k="931.3584" type1="nd" type2="cd" type3="nv"/>
    <Angle angle="2.0181242140810434" k="412.5424" type1="cd" type2="nv" type3="hn"/>
    <Angle angle="2.161415745669778" k="722.1584" type1="cc" type2="cd" type3="nv"/>
    <Angle angle="2.0092230348958724" k="330.536" type1="hn" type2="nv" type3="hn"/>
  </HarmonicAngleForce>
  <PeriodicTorsionForce>
    <Proper k1="4.3932" periodicity1="2" phase1="3.141592653589793" type1="nd" type2="cc" type3="nu" type4="ca"/>
    <Proper k1="4.3932" periodicity1="2" phase1="3.141592653589793" type1="ss" type2="cc" type3="nu" type4="ca"/>
    <Proper k1="4.6024" periodicity1="2" phase1="3.141592653589793" type1="nu" type2="cc" type3="ss" type4="cc"/>
    <Proper k1="4.3932" periodicity1="2" phase1="3.141592653589793" type1="ca" type2="ca" type3="nu" type4="cc"/>
    <Proper k1="4.6024" periodicity1="2" phase1="3.141592653589793" type1="cd" type2="cc" type3="ss" type4="cc"/>
    <Proper k1="4.6024" periodicity1="2" phase1="3.141592653589793" type1="c" type2="cc" type3="ss" type4="cc"/>
    <Proper k1="4.3932" periodicity1="2" phase1="3.141592653589793" type1="nd" type2="cc" type3="nu" type4="hn"/>
    <Proper k1="4.6024" periodicity1="2" phase1="3.141592653589793" type1="nd" type2="cc" type3="ss" type4="cc"/>
    <Proper k1="4.3932" periodicity1="2" phase1="3.141592653589793" type1="nd" type2="cd" type3="nv" type4="hn"/>
    <Proper k1="4.3932" periodicity1="2" phase1="3.141592653589793" type1="cc" type2="cd" type3="nv" type4="hn"/>
    <Proper k1="4.3932" periodicity1="2" phase1="3.141592653589793" type1="ss" type2="cc" type3="nu" type4="hn"/>
    <Proper k1="4.3932" periodicity1="2" phase1="3.141592653589793" type1="ca" type2="ca" type3="nu" type4="hn"/>
    <Improper k1="4.6024" periodicity1="2" phase1="3.141592653589793" type1="ca" type2="ca" type3="ca" type4="nu"/>
    <Improper k1="4.6024" periodicity1="2" phase1="3.141592653589793" type1="nu" type2="ca" type3="cc" type4="hn"/>
    <Improper k1="4.6024" periodicity1="2" phase1="3.141592653589793" type1="cc" type2="nd" type3="nu" type4="ss"/>
    <Improper k1="4.6024" periodicity1="2" phase1="3.141592653589793" type1="cd" type2="cc" type3="nd" type4="nv"/>
    <Improper k1="4.6024" periodicity1="2" phase1="3.141592653589793" type1="cc" type2="c" type3="cd" type4="ss"/>
    <Improper k1="4.6024" periodicity1="2" phase1="3.141592653589793" type1="nv" type2="cd" type3="hn" type4="hn"/>
    <Improper k1="43.932" periodicity1="2" phase1="3.141592653589793" type1="c" type2="ca" type3="cc" type4="o"/>
    <Improper k1="4.6024" periodicity1="2" phase1="3.141592653589793" type1="ca" type2="c" type3="ca" type4="ca"/>
    <Improper k1="4.6024" periodicity1="2" phase1="3.141592653589793" type1="ca" type2="ca" type3="ca" type4="ha"/>
    <Improper k1="4.6024" periodicity1="2" phase1="3.141592653589793" type1="ca" type2="ca" type3="h4" type4="nb"/>
    <Improper k1="4.6024" periodicity1="2" phase1="3.141592653589793" type1="c" type2="ca" type3="o" type4="o"/>
  </PeriodicTorsionForce>
</ForceField>
