<ForceField>
  <Info>
    <DateGenerated>2019-07-05</DateGenerated>
  </Info>
  <Residues>
    <Residue name="MC_083">
      <Atom charge="-0.7836" name="N2" type="nz"/>
      <Atom charge="0.4252" name="C7" type="ce"/>
      <Atom charge="0.6227" name="C6" type="ca"/>
      <Atom charge="-0.7305" name="N1" type="nb"/>
      <Atom charge="0.4906" name="C4" type="ca"/>
      <Atom charge="-0.1504" name="C5" type="c3"/>
      <Atom charge="-0.3336" name="C3" type="ca"/>
      <Atom charge="-0.7305" name="N6" type="nb"/>
      <Atom charge="0.4906" name="C2" type="ca"/>
      <Atom charge="-0.1504" name="C1" type="c3"/>
      <Atom charge="-0.4587" name="N3" type="nf"/>
      <Atom charge="0.5003" name="C8" type="ca"/>
      <Atom charge="-0.1433" name="C21" type="ca"/>
      <Atom charge="-0.138" name="C20" type="ca"/>
      <Atom charge="-0.089" name="C19" type="ca"/>
      <Atom charge="-0.102" name="C18" type="ca"/>
      <Atom charge="-0.096" name="C17" type="ca"/>
      <Atom charge="-0.026" name="C16" type="ca"/>
      <Atom charge="-0.1423" name="C15" type="ca"/>
      <Atom charge="0.3553" name="C9" type="cp"/>
      <Atom charge="-0.687" name="N4" type="nb"/>
      <Atom charge="0.3503" name="C10" type="cp"/>
      <Atom charge="-0.69" name="N5" type="nb"/>
      <Atom charge="0.4302" name="C14" type="ca"/>
      <Atom charge="-0.2293" name="C13" type="ca"/>
      <Atom charge="-0.093" name="C12" type="ca"/>
      <Atom charge="-0.2163" name="C11" type="ca"/>
      <Atom charge="0.474467" name="H21N" type="hn"/>
      <Atom charge="0.474467" name="H22N" type="hn"/>
      <Atom charge="0.072867" name="H51C" type="hc"/>
      <Atom charge="0.072867" name="H52C" type="hc"/>
      <Atom charge="0.072867" name="H53C" type="hc"/>
      <Atom charge="0.175" name="H3" type="ha"/>
      <Atom charge="0.072867" name="H11C" type="hc"/>
      <Atom charge="0.072867" name="H12C" type="hc"/>
      <Atom charge="0.072867" name="H13C" type="hc"/>
      <Atom charge="0.144" name="H20" type="ha"/>
      <Atom charge="0.151" name="H19" type="ha"/>
      <Atom charge="0.155" name="H18" type="ha"/>
      <Atom charge="0.16" name="H17" type="ha"/>
      <Atom charge="0.189" name="H15" type="ha"/>
      <Atom charge="0.149" name="H11" type="ha"/>
      <Atom charge="0.0381" name="H14" type="h4"/>
      <Atom charge="0.153" name="H13" type="ha"/>
      <Atom charge="0.15" name="H12" type="ha"/>
      <Atom charge="0.474467" name="H23" type="hn"/>
      <Bond atomName1="N2" atomName2="C7"/>
      <Bond atomName1="C7" atomName2="C6"/>
      <Bond atomName1="C7" atomName2="N3"/>
      <Bond atomName1="C6" atomName2="N1"/>
      <Bond atomName1="C6" atomName2="N6"/>
      <Bond atomName1="N1" atomName2="C4"/>
      <Bond atomName1="C4" atomName2="C5"/>
      <Bond atomName1="C4" atomName2="C3"/>
      <Bond atomName1="C3" atomName2="C2"/>
      <Bond atomName1="N6" atomName2="C2"/>
      <Bond atomName1="C2" atomName2="C1"/>
      <Bond atomName1="N3" atomName2="C8"/>
      <Bond atomName1="C8" atomName2="C21"/>
      <Bond atomName1="C8" atomName2="N4"/>
      <Bond atomName1="C21" atomName2="C20"/>
      <Bond atomName1="C21" atomName2="C16"/>
      <Bond atomName1="C20" atomName2="C19"/>
      <Bond atomName1="C19" atomName2="C18"/>
      <Bond atomName1="C18" atomName2="C17"/>
      <Bond atomName1="C17" atomName2="C16"/>
      <Bond atomName1="C16" atomName2="C15"/>
      <Bond atomName1="C15" atomName2="C9"/>
      <Bond atomName1="C9" atomName2="N4"/>
      <Bond atomName1="C9" atomName2="C10"/>
      <Bond atomName1="C10" atomName2="N5"/>
      <Bond atomName1="C10" atomName2="C11"/>
      <Bond atomName1="N5" atomName2="C14"/>
      <Bond atomName1="C14" atomName2="C13"/>
      <Bond atomName1="C13" atomName2="C12"/>
      <Bond atomName1="C12" atomName2="C11"/>
      <Bond atomName1="N2" atomName2="H21N"/>
      <Bond atomName1="N2" atomName2="H22N"/>
      <Bond atomName1="C5" atomName2="H51C"/>
      <Bond atomName1="C5" atomName2="H52C"/>
      <Bond atomName1="C5" atomName2="H53C"/>
      <Bond atomName1="C3" atomName2="H3"/>
      <Bond atomName1="C1" atomName2="H11C"/>
      <Bond atomName1="C1" atomName2="H12C"/>
      <Bond atomName1="C1" atomName2="H13C"/>
      <Bond atomName1="C20" atomName2="H20"/>
      <Bond atomName1="C19" atomName2="H19"/>
      <Bond atomName1="C18" atomName2="H18"/>
      <Bond atomName1="C17" atomName2="H17"/>
      <Bond atomName1="C15" atomName2="H15"/>
      <Bond atomName1="C11" atomName2="H11"/>
      <Bond atomName1="C14" atomName2="H14"/>
      <Bond atomName1="C13" atomName2="H13"/>
      <Bond atomName1="C12" atomName2="H12"/>
      <Bond atomName1="H23" atomName2="N2"/>
    </Residue>
  </Residues>
  <HarmonicBondForce>
    <Bond k="198070.55999999994" length="0.14930000000000002" type1="ce" type2="nz"/>
    <Bond k="404090.7199999999" length="0.10300000000000001" type1="hn" type2="nz"/>
  </HarmonicBondForce>
  <HarmonicAngleForce>
    <Angle angle="2.0668189002116852" k="702.753008" type1="ca" type2="ce" type3="nz"/>
    <Angle angle="2.1429152555986377" k="876.037552" type1="nf" type2="ce" type3="nz"/>
    <Angle angle="1.928588823453734" k="392.4592" type1="ce" type2="nz" type3="hn"/>
    <Angle angle="1.8901915799098588" k="334.72" type1="hn" type2="nz" type3="hn"/>
  </HarmonicAngleForce>
  <PeriodicTorsionForce>
    <Proper k1="2.9288" periodicity1="2" phase1="3.141592653589793" type1="nb" type2="ca" type3="ce" type4="nz"/>
    <Proper k1="3.3472000000000004" periodicity1="2" phase1="3.141592653589793" type1="nz" type2="ce" type3="nf" type4="ca"/>
    <Proper k1="0.343088" periodicity1="3" phase1="3.141592653589793" type1="ca" type2="ce" type3="nz" type4="hn"/>
    <Proper k1="0.7112800000000001" periodicity1="2" phase1="3.141592653589793" type1="ca" type2="ce" type3="nf" type4="ca"/>
    <Proper k1="2.9288" periodicity1="2" phase1="3.141592653589793" type1="nb" type2="ca" type3="ce" type4="nf"/>
    <Proper k1="0.0" periodicity1="3" phase1="3.141592653589793" type1="nf" type2="ce" type3="nz" type4="hn"/>
    <Proper k1="2.0710800000000003" periodicity1="3" phase1="0.0" type1="ca" type2="cp" type3="nb" type4="ca"/>
    <Proper k1="2.0710800000000003" periodicity1="3" phase1="0.0" type1="cp" type2="cp" type3="nb" type4="ca"/>
    <Improper k1="4.6024" periodicity1="2" phase1="3.141592653589793" type1="ce" type2="ca" type3="nf" type4="nz"/>
    <Improper k1="43.932" periodicity1="2" phase1="3.141592653589793" type1="ca" type2="ce" type3="nb" type4="nb"/>
    <Improper k1="4.6024" periodicity1="2" phase1="3.141592653589793" type1="ca" type2="c3" type3="ca" type4="nb"/>
    <Improper k1="4.6024" periodicity1="2" phase1="3.141592653589793" type1="ca" type2="ca" type3="ca" type4="ha"/>
    <Improper k1="4.6024" periodicity1="2" phase1="3.141592653589793" type1="ca" type2="ca" type3="nb" type4="nf"/>
    <Improper k1="4.6024" periodicity1="2" phase1="3.141592653589793" type1="ca" type2="ca" type3="ca" type4="ca"/>
    <Improper k1="4.6024" periodicity1="2" phase1="3.141592653589793" type1="ca" type2="ca" type3="cp" type4="ha"/>
    <Improper k1="4.6024" periodicity1="2" phase1="3.141592653589793" type1="cp" type2="ca" type3="cp" type4="nb"/>
    <Improper k1="4.6024" periodicity1="2" phase1="3.141592653589793" type1="ca" type2="ca" type3="h4" type4="nb"/>
  </PeriodicTorsionForce>
</ForceField>
