<ForceField>
  <Info>
    <DateGenerated>2019-07-05</DateGenerated>
  </Info>
  <Residues>
    <Residue name="MC_084">
      <Atom charge="-0.1071" name="C50" type="c3"/>
      <Atom charge="0.2948" name="C49" type="c3"/>
      <Atom charge="-0.8899" name="N48" type="nu"/>
      <Atom charge="0.9509" name="C40" type="ca"/>
      <Atom charge="-0.805" name="N39" type="nb"/>
      <Atom charge="0.5022" name="C38" type="ca"/>
      <Atom charge="-0.4556" name="C37" type="ca"/>
      <Atom charge="0.5938" name="C12" type="ca"/>
      <Atom charge="-0.784" name="N41" type="nb"/>
      <Atom charge="-0.2961" name="C1" type="cc"/>
      <Atom charge="0.4198" name="C5" type="cd"/>
      <Atom charge="-0.685" name="N4" type="nd"/>
      <Atom charge="0.4298" name="C3" type="cc"/>
      <Atom charge="-0.084" name="C10" type="c3"/>
      <Atom charge="-0.0684" name="C13" type="c3"/>
      <Atom charge="0.1468" name="C14" type="c3"/>
      <Atom charge="-0.7952" name="N15" type="n7"/>
      <Atom charge="0.1468" name="C16" type="c3"/>
      <Atom charge="-0.0684" name="C17" type="c3"/>
      <Atom charge="-0.1679" name="N2" type="na"/>
      <Atom charge="0.0256" name="C6" type="c3"/>
      <Atom charge="-0.0945" name="C11" type="ca"/>
      <Atom charge="-0.051" name="C28" type="ca"/>
      <Atom charge="-0.1883" name="C29" type="ca"/>
      <Atom charge="-0.086" name="C30" type="ca"/>
      <Atom charge="-0.138" name="C31" type="ca"/>
      <Atom charge="-0.073" name="C32" type="ca"/>
      <Atom charge="0.6742" name="C44" type="c3"/>
      <Atom charge="-0.225967" name="F45" type="f"/>
      <Atom charge="-0.225967" name="F46" type="f"/>
      <Atom charge="-0.225967" name="F47" type="f"/>
      <Atom charge="-0.0993" name="C54" type="ca"/>
      <Atom charge="-0.121" name="C60" type="ca"/>
      <Atom charge="-0.1235" name="C59" type="ca"/>
      <Atom charge="-0.126" name="C58" type="ca"/>
      <Atom charge="-0.1235" name="C57" type="ca"/>
      <Atom charge="-0.121" name="C56" type="ca"/>
      <Atom charge="0.0457" name="H501" type="hc"/>
      <Atom charge="0.0457" name="H502" type="hc"/>
      <Atom charge="0.0457" name="H503" type="hc"/>
      <Atom charge="0.0847" name="H49" type="h1"/>
      <Atom charge="0.4628" name="H48" type="hn"/>
      <Atom charge="0.0271" name="H38" type="h4"/>
      <Atom charge="0.142" name="H37" type="ha"/>
      <Atom charge="0.0467" name="H10" type="hc"/>
      <Atom charge="0.06345" name="H131" type="hc"/>
      <Atom charge="0.06345" name="H132" type="hc"/>
      <Atom charge="0.0312" name="H141" type="h1"/>
      <Atom charge="0.0312" name="H142" type="h1"/>
      <Atom charge="0.3518" name="H15" type="hn"/>
      <Atom charge="0.0312" name="H161" type="h1"/>
      <Atom charge="0.0312" name="H162" type="h1"/>
      <Atom charge="0.06345" name="H171" type="hc"/>
      <Atom charge="0.06345" name="H172" type="hc"/>
      <Atom charge="0.058367" name="H61" type="h1"/>
      <Atom charge="0.058367" name="H62" type="h1"/>
      <Atom charge="0.058367" name="H63" type="h1"/>
      <Atom charge="0.157" name="H28" type="ha"/>
      <Atom charge="0.145" name="H30" type="ha"/>
      <Atom charge="0.137" name="H31" type="ha"/>
      <Atom charge="0.137" name="H32" type="ha"/>
      <Atom charge="0.1315" name="H60" type="ha"/>
      <Atom charge="0.1325" name="H59" type="ha"/>
      <Atom charge="0.131" name="H58" type="ha"/>
      <Atom charge="0.1325" name="H57" type="ha"/>
      <Atom charge="0.1315" name="H56" type="ha"/>
      <Bond atomName1="C50" atomName2="C49"/>
      <Bond atomName1="C50" atomName2="H501"/>
      <Bond atomName1="C50" atomName2="H502"/>
      <Bond atomName1="C50" atomName2="H503"/>
      <Bond atomName1="C49" atomName2="N48"/>
      <Bond atomName1="C49" atomName2="C54"/>
      <Bond atomName1="C49" atomName2="H49"/>
      <Bond atomName1="N48" atomName2="C40"/>
      <Bond atomName1="N48" atomName2="H48"/>
      <Bond atomName1="C40" atomName2="N39"/>
      <Bond atomName1="C40" atomName2="N41"/>
      <Bond atomName1="N39" atomName2="C38"/>
      <Bond atomName1="C38" atomName2="C37"/>
      <Bond atomName1="C38" atomName2="H38"/>
      <Bond atomName1="C37" atomName2="C12"/>
      <Bond atomName1="C37" atomName2="H37"/>
      <Bond atomName1="C12" atomName2="N41"/>
      <Bond atomName1="C12" atomName2="C1"/>
      <Bond atomName1="C1" atomName2="C5"/>
      <Bond atomName1="C1" atomName2="N2"/>
      <Bond atomName1="C5" atomName2="N4"/>
      <Bond atomName1="C5" atomName2="C11"/>
      <Bond atomName1="N4" atomName2="C3"/>
      <Bond atomName1="C3" atomName2="C10"/>
      <Bond atomName1="C3" atomName2="N2"/>
      <Bond atomName1="C10" atomName2="C13"/>
      <Bond atomName1="C10" atomName2="C17"/>
      <Bond atomName1="C10" atomName2="H10"/>
      <Bond atomName1="C13" atomName2="C14"/>
      <Bond atomName1="C13" atomName2="H131"/>
      <Bond atomName1="C13" atomName2="H132"/>
      <Bond atomName1="C14" atomName2="N15"/>
      <Bond atomName1="C14" atomName2="H141"/>
      <Bond atomName1="C14" atomName2="H142"/>
      <Bond atomName1="N15" atomName2="C16"/>
      <Bond atomName1="N15" atomName2="H15"/>
      <Bond atomName1="C16" atomName2="C17"/>
      <Bond atomName1="C16" atomName2="H161"/>
      <Bond atomName1="C16" atomName2="H162"/>
      <Bond atomName1="C17" atomName2="H171"/>
      <Bond atomName1="C17" atomName2="H172"/>
      <Bond atomName1="N2" atomName2="C6"/>
      <Bond atomName1="C6" atomName2="H61"/>
      <Bond atomName1="C6" atomName2="H62"/>
      <Bond atomName1="C6" atomName2="H63"/>
      <Bond atomName1="C11" atomName2="C28"/>
      <Bond atomName1="C11" atomName2="C32"/>
      <Bond atomName1="C28" atomName2="C29"/>
      <Bond atomName1="C28" atomName2="H28"/>
      <Bond atomName1="C29" atomName2="C30"/>
      <Bond atomName1="C29" atomName2="C44"/>
      <Bond atomName1="C30" atomName2="C31"/>
      <Bond atomName1="C30" atomName2="H30"/>
      <Bond atomName1="C31" atomName2="C32"/>
      <Bond atomName1="C31" atomName2="H31"/>
      <Bond atomName1="C32" atomName2="H32"/>
      <Bond atomName1="C44" atomName2="F45"/>
      <Bond atomName1="C44" atomName2="F46"/>
      <Bond atomName1="C44" atomName2="F47"/>
      <Bond atomName1="C54" atomName2="C60"/>
      <Bond atomName1="C54" atomName2="C56"/>
      <Bond atomName1="C60" atomName2="C59"/>
      <Bond atomName1="C60" atomName2="H60"/>
      <Bond atomName1="C59" atomName2="C58"/>
      <Bond atomName1="C59" atomName2="H59"/>
      <Bond atomName1="C58" atomName2="C57"/>
      <Bond atomName1="C58" atomName2="H58"/>
      <Bond atomName1="C57" atomName2="C56"/>
      <Bond atomName1="C57" atomName2="H57"/>
      <Bond atomName1="C56" atomName2="H56"/>
    </Residue>
  </Residues>
  <HarmonicBondForce>
    <Bond k="219074.23999999996" length="0.1464" type1="c3" type2="nu"/>
    <Bond k="290453.27999999997" length="0.1386" type1="ca" type2="nu"/>
    <Bond k="443085.5999999999" length="0.10120000000000001" type1="hn" type2="nu"/>
    <Bond k="218572.15999999995" length="0.14650000000000002" type1="c3" type2="n7"/>
    <Bond k="427855.8399999999" length="0.10189999999999999" type1="hn" type2="n7"/>
  </HarmonicBondForce>
  <HarmonicAngleForce>
    <Angle angle="1.9278906917529364" k="698.7280000000001" type1="c3" type2="c3" type3="nu"/>
    <Angle angle="2.094046036542797" k="545.5936" type1="c3" type2="nu" type3="ca"/>
    <Angle angle="2.0244073993882226" k="388.2752" type1="c3" type2="nu" type3="hn"/>
    <Angle angle="1.9441222537964837" k="702.0752000000001" type1="ca" type2="c3" type3="nu"/>
    <Angle angle="1.9161969857645744" k="512.1216000000001" type1="h1" type2="c3" type3="nu"/>
    <Angle angle="2.040988027282169" k="938.0527999999999" type1="nb" type2="ca" type3="nu"/>
    <Angle angle="2.0258036627898184" k="408.3584" type1="ca" type2="nu" type3="hn"/>
    <Angle angle="1.9380136014145037" k="697.0544" type1="c3" type2="c3" type3="n7"/>
    <Angle angle="1.9608774146156291" k="549.7776" type1="c3" type2="n7" type3="c3"/>
    <Angle angle="1.9074703395046029" k="399.99039999999997" type1="c3" type2="n7" type3="hn"/>
    <Angle angle="1.9177677820913692" k="512.1216000000001" type1="h1" type2="c3" type3="n7"/>
  </HarmonicAngleForce>
  <PeriodicTorsionForce>
    <Proper k1="0.0" periodicity1="2" phase1="0.0" type1="c3" type2="c3" type3="nu" type4="ca"/>
    <Proper k1="0.0" periodicity1="2" phase1="0.0" type1="c3" type2="c3" type3="nu" type4="hn"/>
    <Proper k1="4.3932" periodicity1="2" phase1="3.141592653589793" type1="nb" type2="ca" type3="nu" type4="c3"/>
    <Proper k1="0.0" periodicity1="2" phase1="0.0" type1="ca" type2="c3" type3="nu" type4="ca"/>
    <Proper k1="1.389088" periodicity1="2" phase1="0.0" type1="h1" type2="c3" type3="nu" type4="ca"/>
    <Proper k1="4.3932" periodicity1="2" phase1="3.141592653589793" type1="nb" type2="ca" type3="nu" type4="hn"/>
    <Proper k1="2.11292" periodicity1="2" phase1="3.141592653589793" type1="ca" type2="ca" type3="cc" type4="cd"/>
    <Proper k1="2.9288" periodicity1="2" phase1="3.141592653589793" type1="ca" type2="ca" type3="cc" type4="na"/>
    <Proper k1="2.9288" periodicity1="2" phase1="3.141592653589793" type1="nb" type2="ca" type3="cc" type4="cd"/>
    <Proper k1="2.9288" periodicity1="2" phase1="3.141592653589793" type1="nb" type2="ca" type3="cc" type4="na"/>
    <Proper k1="2.11292" periodicity1="2" phase1="3.141592653589793" type1="ca" type2="ca" type3="cd" type4="cc"/>
    <Proper k1="2.9288" periodicity1="2" phase1="3.141592653589793" type1="ca" type2="ca" type3="cd" type4="nd"/>
    <Proper k1="0.87864" periodicity1="3" phase1="0.0" type1="c3" type2="c3" type3="c3" type4="n7"/>
    <Proper k1="0.9079280000000001" periodicity1="3" phase1="0.0" type1="c3" type2="c3" type3="n7" type4="hn"/>
    <Proper k1="0.9414" periodicity1="3" phase1="0.0" type1="h1" type2="c3" type3="n7" type4="c3"/>
    <Proper k1="0.41840000000000005" periodicity1="3" phase1="0.0" type1="hc" type2="c3" type3="c3" type4="n7"/>
    <Proper k1="0.0" periodicity1="2" phase1="0.0" type1="ca" type2="c3" type3="nu" type4="hn"/>
    <Proper k1="0.0" periodicity1="2" phase1="0.0" type1="h1" type2="c3" type3="nu" type4="hn"/>
    <Proper k1="1.2552" periodicity1="3" phase1="0.0" type1="h1" type2="c3" type3="n7" type4="hn"/>
    <Improper k1="4.6024" periodicity1="2" phase1="3.141592653589793" type1="nu" type2="c3" type3="ca" type4="hn"/>
    <Improper k1="43.932" periodicity1="2" phase1="3.141592653589793" type1="ca" type2="nb" type3="nb" type4="nu"/>
    <Improper k1="4.6024" periodicity1="2" phase1="3.141592653589793" type1="ca" type2="ca" type3="h4" type4="nb"/>
    <Improper k1="4.6024" periodicity1="2" phase1="3.141592653589793" type1="ca" type2="ca" type3="ca" type4="ha"/>
    <Improper k1="4.6024" periodicity1="2" phase1="3.141592653589793" type1="ca" type2="ca" type3="cc" type4="nb"/>
    <Improper k1="4.6024" periodicity1="2" phase1="3.141592653589793" type1="cc" type2="ca" type3="cd" type4="na"/>
    <Improper k1="4.6024" periodicity1="2" phase1="3.141592653589793" type1="cd" type2="ca" type3="cc" type4="nd"/>
    <Improper k1="4.6024" periodicity1="2" phase1="3.141592653589793" type1="cc" type2="c3" type3="na" type4="nd"/>
    <Improper k1="4.6024" periodicity1="2" phase1="3.141592653589793" type1="na" type2="c3" type3="cc" type4="cc"/>
    <Improper k1="4.6024" periodicity1="2" phase1="3.141592653589793" type1="ca" type2="ca" type3="ca" type4="cd"/>
  </PeriodicTorsionForce>
</ForceField>
