<ForceField>
  <Info>
    <DateGenerated>2019-07-05</DateGenerated>
  </Info>
  <Residues>
    <Residue name="MC_085">
      <Atom charge="-0.101" name="CAM" type="ca"/>
      <Atom charge="0.0481" name="CAZ" type="ca"/>
      <Atom charge="-0.3259" name="OAS" type="os"/>
      <Atom charge="0.3322" name="CAN" type="c3"/>
      <Atom charge="-0.3199" name="OAR" type="os"/>
      <Atom charge="0.0761" name="CAY" type="ca"/>
      <Atom charge="-0.117" name="CAL" type="ca"/>
      <Atom charge="-0.061" name="CAK" type="ca"/>
      <Atom charge="-0.038" name="CAW" type="ca"/>
      <Atom charge="-0.0706" name="CBB" type="cc"/>
      <Atom charge="-0.2739" name="NAP" type="na"/>
      <Atom charge="0.39" name="CBA" type="cc"/>
      <Atom charge="0.0045" name="CAV" type="ca"/>
      <Atom charge="-0.12" name="CAJ" type="ca"/>
      <Atom charge="-0.0575" name="CAH" type="ca"/>
      <Atom charge="-0.12" name="CAI" type="ca"/>
      <Atom charge="-0.0575" name="CAG" type="ca"/>
      <Atom charge="-0.2366" name="CAU" type="ca"/>
      <Atom charge="0.5077" name="CAT" type="c"/>
      <Atom charge="-0.4281" name="OAB" type="o"/>
      <Atom charge="-0.6784" name="NAA" type="nz"/>
      <Atom charge="-0.646" name="NAQ" type="nd"/>
      <Atom charge="0.2843" name="CBC" type="cd"/>
      <Atom charge="0.3923" name="CAX" type="ca"/>
      <Atom charge="-0.2203" name="CAF" type="ca"/>
      <Atom charge="-0.094" name="CAD" type="ca"/>
      <Atom charge="-0.2423" name="CAC" type="ca"/>
      <Atom charge="0.4232" name="CAE" type="ca"/>
      <Atom charge="-0.685" name="NAO" type="nb"/>
      <Atom charge="0.139" name="H1" type="ha"/>
      <Atom charge="0.0792" name="H2" type="h2"/>
      <Atom charge="0.154" name="H3" type="ha"/>
      <Atom charge="0.149" name="H4" type="ha"/>
      <Atom charge="0.3127" name="H5" type="hn"/>
      <Atom charge="0.171" name="H6" type="ha"/>
      <Atom charge="0.14" name="H7" type="ha"/>
      <Atom charge="0.171" name="H8" type="ha"/>
      <Atom charge="0.14" name="H9" type="ha"/>
      <Atom charge="0.4768" name="H10" type="hn"/>
      <Atom charge="0.4768" name="H11" type="hn"/>
      <Atom charge="0.149" name="H13" type="ha"/>
      <Atom charge="0.145" name="H14" type="ha"/>
      <Atom charge="0.147" name="H15" type="ha"/>
      <Atom charge="0.0321" name="H16" type="h4"/>
      <Atom charge="0.0792" name="H17" type="h2"/>
      <Atom charge="0.4768" name="HAA3" type="hn"/>
      <Bond atomName1="OAR" atomName2="CAN"/>
      <Bond atomName1="OAR" atomName2="CAY"/>
      <Bond atomName1="CAN" atomName2="OAS"/>
      <Bond atomName1="CAY" atomName2="CAL"/>
      <Bond atomName1="CAY" atomName2="CAZ"/>
      <Bond atomName1="CAL" atomName2="CAK"/>
      <Bond atomName1="OAS" atomName2="CAZ"/>
      <Bond atomName1="CAZ" atomName2="CAM"/>
      <Bond atomName1="CAK" atomName2="CAW"/>
      <Bond atomName1="CAE" atomName2="CAC"/>
      <Bond atomName1="CAE" atomName2="NAO"/>
      <Bond atomName1="CAC" atomName2="CAD"/>
      <Bond atomName1="NAO" atomName2="CAX"/>
      <Bond atomName1="CAM" atomName2="CAW"/>
      <Bond atomName1="CAW" atomName2="CBB"/>
      <Bond atomName1="CAD" atomName2="CAF"/>
      <Bond atomName1="CAX" atomName2="CAF"/>
      <Bond atomName1="CAX" atomName2="CBC"/>
      <Bond atomName1="CBB" atomName2="CBC"/>
      <Bond atomName1="CBB" atomName2="NAP"/>
      <Bond atomName1="CBC" atomName2="NAQ"/>
      <Bond atomName1="NAP" atomName2="CBA"/>
      <Bond atomName1="NAQ" atomName2="CBA"/>
      <Bond atomName1="CBA" atomName2="CAV"/>
      <Bond atomName1="CAV" atomName2="CAI"/>
      <Bond atomName1="CAV" atomName2="CAJ"/>
      <Bond atomName1="CAI" atomName2="CAG"/>
      <Bond atomName1="CAJ" atomName2="CAH"/>
      <Bond atomName1="CAG" atomName2="CAU"/>
      <Bond atomName1="CAH" atomName2="CAU"/>
      <Bond atomName1="CAU" atomName2="CAT"/>
      <Bond atomName1="CAT" atomName2="NAA"/>
      <Bond atomName1="CAT" atomName2="OAB"/>
      <Bond atomName1="CAM" atomName2="H1"/>
      <Bond atomName1="CAN" atomName2="H2"/>
      <Bond atomName1="CAL" atomName2="H3"/>
      <Bond atomName1="CAK" atomName2="H4"/>
      <Bond atomName1="NAP" atomName2="H5"/>
      <Bond atomName1="CAJ" atomName2="H6"/>
      <Bond atomName1="CAH" atomName2="H7"/>
      <Bond atomName1="CAI" atomName2="H8"/>
      <Bond atomName1="CAG" atomName2="H9"/>
      <Bond atomName1="NAA" atomName2="H10"/>
      <Bond atomName1="NAA" atomName2="H11"/>
      <Bond atomName1="CAF" atomName2="H13"/>
      <Bond atomName1="CAD" atomName2="H14"/>
      <Bond atomName1="CAC" atomName2="H15"/>
      <Bond atomName1="CAE" atomName2="H16"/>
      <Bond atomName1="CAN" atomName2="H17"/>
      <Bond atomName1="HAA3" atomName2="NAA"/>
    </Residue>
  </Residues>
  <HarmonicBondForce>
    <Bond k="165602.71999999997" length="0.15460000000000002" type1="c" type2="nz"/>
    <Bond k="404090.7199999999" length="0.10300000000000001" type1="hn" type2="nz"/>
  </HarmonicBondForce>
  <HarmonicAngleForce>
    <Angle angle="2.031126917008401" k="673.473376" type1="ca" type2="c" type3="nz"/>
    <Angle angle="1.9394098648160991" k="376.56" type1="c" type2="nz" type3="hn"/>
    <Angle angle="2.073974750144862" k="892.0287999999999" type1="nz" type2="c" type3="o"/>
    <Angle angle="1.8901915799098588" k="334.72" type1="hn" type2="nz" type3="hn"/>
  </HarmonicAngleForce>
  <PeriodicTorsionForce>
    <Proper k1="2.9288" periodicity1="2" phase1="3.141592653589793" type1="ca" type2="ca" type3="cc" type4="na"/>
    <Proper k1="2.11292" periodicity1="2" phase1="3.141592653589793" type1="ca" type2="ca" type3="cc" type4="cd"/>
    <Proper k1="2.11292" periodicity1="2" phase1="3.141592653589793" type1="ca" type2="ca" type3="cd" type4="cc"/>
    <Proper k1="2.9288" periodicity1="2" phase1="3.141592653589793" type1="nb" type2="ca" type3="cd" type4="cc"/>
    <Proper k1="2.9288" periodicity1="2" phase1="3.141592653589793" type1="ca" type2="ca" type3="cc" type4="nd"/>
    <Proper k1="0.343088" periodicity1="3" phase1="3.141592653589793" type1="ca" type2="c" type3="nz" type4="hn"/>
    <Proper k1="0.0" periodicity1="3" phase1="3.141592653589793" type1="o" type2="c" type3="nz" type4="hn"/>
    <Proper k1="2.9288" periodicity1="2" phase1="3.141592653589793" type1="ca" type2="ca" type3="cd" type4="nd"/>
    <Proper k1="2.9288" periodicity1="2" phase1="3.141592653589793" type1="nb" type2="ca" type3="cd" type4="nd"/>
    <Improper k1="4.6024" periodicity1="2" phase1="3.141592653589793" type1="ca" type2="ca" type3="ca" type4="ha"/>
    <Improper k1="4.6024" periodicity1="2" phase1="3.141592653589793" type1="ca" type2="ca" type3="ca" type4="os"/>
    <Improper k1="4.6024" periodicity1="2" phase1="3.141592653589793" type1="ca" type2="ca" type3="ca" type4="cc"/>
    <Improper k1="4.6024" periodicity1="2" phase1="3.141592653589793" type1="cc" type2="ca" type3="cd" type4="na"/>
    <Improper k1="4.6024" periodicity1="2" phase1="3.141592653589793" type1="na" type2="cc" type3="cc" type4="hn"/>
    <Improper k1="4.6024" periodicity1="2" phase1="3.141592653589793" type1="cc" type2="ca" type3="na" type4="nd"/>
    <Improper k1="4.6024" periodicity1="2" phase1="3.141592653589793" type1="ca" type2="c" type3="ca" type4="ca"/>
    <Improper k1="43.932" periodicity1="2" phase1="3.141592653589793" type1="c" type2="ca" type3="nz" type4="o"/>
    <Improper k1="4.6024" periodicity1="2" phase1="3.141592653589793" type1="cd" type2="ca" type3="cc" type4="nd"/>
    <Improper k1="4.6024" periodicity1="2" phase1="3.141592653589793" type1="ca" type2="ca" type3="cd" type4="nb"/>
    <Improper k1="4.6024" periodicity1="2" phase1="3.141592653589793" type1="ca" type2="ca" type3="h4" type4="nb"/>
  </PeriodicTorsionForce>
</ForceField>
