<ForceField>
  <Info>
    <DateGenerated>2019-07-05</DateGenerated>
  </Info>
  <Residues>
    <Residue name="MC_08B">
      <Atom charge="-0.0288" name="C1" type="c3"/>
      <Atom charge="-0.0586" name="C2" type="cc"/>
      <Atom charge="-0.1109" name="C3" type="cc"/>
      <Atom charge="-0.082" name="C4" type="cc"/>
      <Atom charge="-0.2019" name="C5" type="cd"/>
      <Atom charge="-0.1441" name="N6" type="na"/>
      <Atom charge="0.7057" name="C8" type="c"/>
      <Atom charge="-0.5971" name="O9" type="o"/>
      <Atom charge="-0.5849" name="N10" type="ns"/>
      <Atom charge="0.1167" name="C11" type="c3"/>
      <Atom charge="-0.0939" name="C12" type="c3"/>
      <Atom charge="0.1758" name="C13" type="c3"/>
      <Atom charge="-0.7063" name="N14" type="nh"/>
      <Atom charge="0.1758" name="C15" type="c3"/>
      <Atom charge="-0.0939" name="C16" type="c3"/>
      <Atom charge="0.6752" name="C17" type="ca"/>
      <Atom charge="-0.2905" name="C18" type="ca"/>
      <Atom charge="-0.02" name="C19" type="ca"/>
      <Atom charge="-0.2763" name="C20" type="ca"/>
      <Atom charge="0.4802" name="C21" type="ca"/>
      <Atom charge="-0.73" name="N22" type="nb"/>
      <Atom charge="0.3232" name="N23" type="no"/>
      <Atom charge="-0.206" name="O24" type="o"/>
      <Atom charge="-0.206" name="O25" type="o"/>
      <Atom charge="-0.0731" name="Br" type="br"/>
      <Atom charge="0.055367" name="H1" type="hc"/>
      <Atom charge="0.055367" name="H2" type="hc"/>
      <Atom charge="0.055367" name="H3" type="hc"/>
      <Atom charge="0.179" name="H4" type="ha"/>
      <Atom charge="0.2977" name="H5" type="hn"/>
      <Atom charge="0.3045" name="H6" type="hn"/>
      <Atom charge="0.0817" name="H7" type="h1"/>
      <Atom charge="0.0627" name="H8" type="hc"/>
      <Atom charge="0.0627" name="H9" type="hc"/>
      <Atom charge="0.04995" name="H10" type="h1"/>
      <Atom charge="0.04995" name="H11" type="h1"/>
      <Atom charge="0.04995" name="H12" type="h1"/>
      <Atom charge="0.04995" name="H13" type="h1"/>
      <Atom charge="0.0627" name="H14" type="hc"/>
      <Atom charge="0.0627" name="H15" type="hc"/>
      <Atom charge="0.179" name="H16" type="ha"/>
      <Atom charge="0.156" name="H17" type="ha"/>
      <Atom charge="0.0361" name="H18" type="h4"/>
      <Bond atomName1="Br" atomName2="C3"/>
      <Bond atomName1="O25" atomName2="N23"/>
      <Bond atomName1="C3" atomName2="C4"/>
      <Bond atomName1="C3" atomName2="C2"/>
      <Bond atomName1="C4" atomName2="C5"/>
      <Bond atomName1="O24" atomName2="N23"/>
      <Bond atomName1="N23" atomName2="C18"/>
      <Bond atomName1="C2" atomName2="C1"/>
      <Bond atomName1="C2" atomName2="N6"/>
      <Bond atomName1="C19" atomName2="C18"/>
      <Bond atomName1="C19" atomName2="C20"/>
      <Bond atomName1="C18" atomName2="C17"/>
      <Bond atomName1="C5" atomName2="N6"/>
      <Bond atomName1="C5" atomName2="C8"/>
      <Bond atomName1="N10" atomName2="C8"/>
      <Bond atomName1="N10" atomName2="C11"/>
      <Bond atomName1="C20" atomName2="C21"/>
      <Bond atomName1="C12" atomName2="C11"/>
      <Bond atomName1="C12" atomName2="C13"/>
      <Bond atomName1="C17" atomName2="N14"/>
      <Bond atomName1="C17" atomName2="N22"/>
      <Bond atomName1="C16" atomName2="C11"/>
      <Bond atomName1="C16" atomName2="C15"/>
      <Bond atomName1="N14" atomName2="C13"/>
      <Bond atomName1="N14" atomName2="C15"/>
      <Bond atomName1="C8" atomName2="O9"/>
      <Bond atomName1="C21" atomName2="N22"/>
      <Bond atomName1="C1" atomName2="H1"/>
      <Bond atomName1="C1" atomName2="H2"/>
      <Bond atomName1="C1" atomName2="H3"/>
      <Bond atomName1="C4" atomName2="H4"/>
      <Bond atomName1="N6" atomName2="H5"/>
      <Bond atomName1="N10" atomName2="H6"/>
      <Bond atomName1="C11" atomName2="H7"/>
      <Bond atomName1="C12" atomName2="H8"/>
      <Bond atomName1="C12" atomName2="H9"/>
      <Bond atomName1="C13" atomName2="H10"/>
      <Bond atomName1="C13" atomName2="H11"/>
      <Bond atomName1="C15" atomName2="H12"/>
      <Bond atomName1="C15" atomName2="H13"/>
      <Bond atomName1="C16" atomName2="H14"/>
      <Bond atomName1="C16" atomName2="H15"/>
      <Bond atomName1="C19" atomName2="H16"/>
      <Bond atomName1="C20" atomName2="H17"/>
      <Bond atomName1="C21" atomName2="H18"/>
    </Residue>
  </Residues>
  <HarmonicBondForce>
    <Bond k="298068.1599999999" length="0.1379" type1="c" type2="ns"/>
    <Bond k="220747.83999999997" length="0.1462" type1="c3" type2="ns"/>
    <Bond k="441244.6399999999" length="0.1013" type1="hn" type2="ns"/>
  </HarmonicBondForce>
  <HarmonicAngleForce>
    <Angle angle="1.9669860669976094" k="728.8528" type1="cd" type2="c" type3="ns"/>
    <Angle angle="2.15146736893341" k="725.5056000000001" type1="c" type2="cd" type3="na"/>
    <Angle angle="2.1064378742319563" k="546.4304" type1="c" type2="ns" type3="c3"/>
    <Angle angle="2.051634535719334" k="407.52160000000003" type1="c" type2="ns" type3="hn"/>
    <Angle angle="2.1476276445790226" k="952.2784" type1="ns" type2="c" type3="o"/>
    <Angle angle="1.9479619781508712" k="696.2176000000001" type1="c3" type2="c3" type3="ns"/>
    <Angle angle="1.900314489571426" k="514.6320000000001" type1="h1" type2="c3" type3="ns"/>
    <Angle angle="2.053903463746927" k="385.76480000000004" type1="c3" type2="ns" type3="hn"/>
  </HarmonicAngleForce>
  <PeriodicTorsionForce>
    <Proper k1="10.46" periodicity1="2" phase1="3.141592653589793" type1="cd" type2="c" type3="ns" type4="c3"/>
    <Proper k1="10.46" periodicity1="2" phase1="3.141592653589793" type1="cd" type2="c" type3="ns" type4="hn"/>
    <Proper k1="0.41840000000000005" k2="0.7112800000000001" k3="4.26768" periodicity1="4" periodicity2="3" periodicity3="1" phase1="3.141592653589793" phase2="0.0" phase3="3.141592653589793" type1="c3" type2="c3" type3="ns" type4="c"/>
    <Proper k1="0.0" periodicity1="2" phase1="3.141592653589793" type1="h1" type2="c3" type3="ns" type4="c"/>
    <Proper k1="10.46" periodicity1="2" phase1="3.141592653589793" type1="o" type2="c" type3="ns" type4="c3"/>
    <Proper k1="10.46" k2="8.368" periodicity1="2" periodicity2="1" phase1="3.141592653589793" phase2="0.0" type1="o" type2="c" type3="ns" type4="hn"/>
    <Proper k1="0.41840000000000005" periodicity1="3" phase1="0.0" type1="c3" type2="c3" type3="c3" type4="ns"/>
    <Proper k1="0.0" periodicity1="2" phase1="0.0" type1="c3" type2="c3" type3="ns" type4="hn"/>
    <Proper k1="0.0" periodicity1="2" phase1="0.0" type1="h1" type2="c3" type3="ns" type4="hn"/>
    <Improper k1="4.6024" periodicity1="2" phase1="3.141592653589793" type1="cc" type2="c3" type3="cc" type4="na"/>
    <Improper k1="4.6024" periodicity1="2" phase1="3.141592653589793" type1="cc" type2="br" type3="cc" type4="cc"/>
    <Improper k1="4.6024" periodicity1="2" phase1="3.141592653589793" type1="cc" type2="cc" type3="cd" type4="ha"/>
    <Improper k1="4.6024" periodicity1="2" phase1="3.141592653589793" type1="cd" type2="c" type3="cc" type4="na"/>
    <Improper k1="4.6024" periodicity1="2" phase1="3.141592653589793" type1="na" type2="cc" type3="cd" type4="hn"/>
    <Improper k1="43.932" periodicity1="2" phase1="3.141592653589793" type1="c" type2="cd" type3="ns" type4="o"/>
    <Improper k1="4.6024" periodicity1="2" phase1="3.141592653589793" type1="ns" type2="c" type3="c3" type4="hn"/>
    <Improper k1="4.6024" periodicity1="2" phase1="3.141592653589793" type1="nh" type2="c3" type3="c3" type4="ca"/>
    <Improper k1="4.6024" periodicity1="2" phase1="3.141592653589793" type1="ca" type2="ca" type3="nb" type4="nh"/>
    <Improper k1="4.6024" periodicity1="2" phase1="3.141592653589793" type1="ca" type2="ca" type3="ca" type4="no"/>
    <Improper k1="4.6024" periodicity1="2" phase1="3.141592653589793" type1="ca" type2="ca" type3="ca" type4="ha"/>
    <Improper k1="4.6024" periodicity1="2" phase1="3.141592653589793" type1="ca" type2="ca" type3="h4" type4="nb"/>
    <Improper k1="4.6024" periodicity1="2" phase1="3.141592653589793" type1="no" type2="ca" type3="o" type4="o"/>
  </PeriodicTorsionForce>
</ForceField>
