<ForceField>
  <Info>
    <DateGenerated>2019-07-05</DateGenerated>
  </Info>
  <Residues>
    <Residue name="MC_08H">
      <Atom charge="-0.1739" name="CAS" type="ca"/>
      <Atom charge="-0.082" name="CAJ" type="ca"/>
      <Atom charge="0.0164" name="CAP" type="ca"/>
      <Atom charge="-0.0894" name="ClAB" type="cl"/>
      <Atom charge="-0.093" name="CAH" type="ca"/>
      <Atom charge="-0.138" name="CAI" type="ca"/>
      <Atom charge="0.0258" name="CAU" type="ca"/>
      <Atom charge="-0.2488" name="NAV" type="na"/>
      <Atom charge="0.3698" name="CAR" type="cc"/>
      <Atom charge="-0.1074" name="CAA" type="c3"/>
      <Atom charge="-0.344" name="NAM" type="nd"/>
      <Atom charge="-0.332" name="NAN" type="nd"/>
      <Atom charge="0.3468" name="CAT" type="cc"/>
      <Atom charge="0.1035" name="CAK" type="c3"/>
      <Atom charge="-0.5799" name="NAL" type="n2"/>
      <Atom charge="0.5285" name="CAO" type="ce"/>
      <Atom charge="-0.1499" name="CAQ" type="ca"/>
      <Atom charge="-0.0935" name="CAF" type="ca"/>
      <Atom charge="-0.136" name="CAD" type="ca"/>
      <Atom charge="-0.11" name="CAC" type="ca"/>
      <Atom charge="-0.136" name="CAE" type="ca"/>
      <Atom charge="-0.0935" name="CAG" type="ca"/>
      <Atom charge="0.167" name="H1" type="ha"/>
      <Atom charge="0.155" name="H2" type="ha"/>
      <Atom charge="0.156" name="H3" type="ha"/>
      <Atom charge="0.060367" name="H4" type="hc"/>
      <Atom charge="0.060367" name="H5" type="hc"/>
      <Atom charge="0.060367" name="H6" type="hc"/>
      <Atom charge="0.0847" name="H7" type="h1"/>
      <Atom charge="0.0847" name="H8" type="h1"/>
      <Atom charge="0.144" name="H12" type="ha"/>
      <Atom charge="0.135" name="H13" type="ha"/>
      <Atom charge="0.132" name="H14" type="ha"/>
      <Atom charge="0.135" name="H15" type="ha"/>
      <Atom charge="0.144" name="H16" type="ha"/>
      <Bond atomName1="CAE" atomName2="CAC"/>
      <Bond atomName1="CAE" atomName2="CAG"/>
      <Bond atomName1="CAC" atomName2="CAD"/>
      <Bond atomName1="CAG" atomName2="CAQ"/>
      <Bond atomName1="CAD" atomName2="CAF"/>
      <Bond atomName1="CAQ" atomName2="CAF"/>
      <Bond atomName1="CAQ" atomName2="CAO"/>
      <Bond atomName1="NAL" atomName2="CAO"/>
      <Bond atomName1="NAL" atomName2="CAK"/>
      <Bond atomName1="CAO" atomName2="CAS"/>
      <Bond atomName1="CAK" atomName2="CAT"/>
      <Bond atomName1="CAS" atomName2="CAJ"/>
      <Bond atomName1="CAS" atomName2="CAU"/>
      <Bond atomName1="CAJ" atomName2="CAP"/>
      <Bond atomName1="CAT" atomName2="NAN"/>
      <Bond atomName1="CAT" atomName2="NAV"/>
      <Bond atomName1="NAN" atomName2="NAM"/>
      <Bond atomName1="NAV" atomName2="CAU"/>
      <Bond atomName1="NAV" atomName2="CAR"/>
      <Bond atomName1="CAU" atomName2="CAI"/>
      <Bond atomName1="CAP" atomName2="ClAB"/>
      <Bond atomName1="CAP" atomName2="CAH"/>
      <Bond atomName1="NAM" atomName2="CAR"/>
      <Bond atomName1="CAR" atomName2="CAA"/>
      <Bond atomName1="CAI" atomName2="CAH"/>
      <Bond atomName1="CAJ" atomName2="H1"/>
      <Bond atomName1="CAH" atomName2="H2"/>
      <Bond atomName1="CAI" atomName2="H3"/>
      <Bond atomName1="CAA" atomName2="H4"/>
      <Bond atomName1="CAA" atomName2="H5"/>
      <Bond atomName1="CAA" atomName2="H6"/>
      <Bond atomName1="CAK" atomName2="H7"/>
      <Bond atomName1="CAK" atomName2="H8"/>
      <Bond atomName1="CAF" atomName2="H12"/>
      <Bond atomName1="CAD" atomName2="H13"/>
      <Bond atomName1="CAC" atomName2="H14"/>
      <Bond atomName1="CAE" atomName2="H15"/>
      <Bond atomName1="CAG" atomName2="H16"/>
    </Residue>
  </Residues>
  <PeriodicTorsionForce>
    <Proper k1="3.3472000000000004" periodicity1="2" phase1="3.141592653589793" type1="ca" type2="ce" type3="n2" type4="c3"/>
    <Proper k1="2.11292" periodicity1="2" phase1="3.141592653589793" type1="ca" type2="ca" type3="ce" type4="ca"/>
    <Proper k1="2.9288" periodicity1="2" phase1="3.141592653589793" type1="ca" type2="ca" type3="ce" type4="n2"/>
    <Improper k1="4.6024" periodicity1="2" phase1="3.141592653589793" type1="ca" type2="ca" type3="ca" type4="ce"/>
    <Improper k1="4.6024" periodicity1="2" phase1="3.141592653589793" type1="ca" type2="ca" type3="ca" type4="ha"/>
    <Improper k1="4.6024" periodicity1="2" phase1="3.141592653589793" type1="ca" type2="ca" type3="ca" type4="na"/>
    <Improper k1="4.6024" periodicity1="2" phase1="3.141592653589793" type1="na" type2="ca" type3="cc" type4="cc"/>
    <Improper k1="4.6024" periodicity1="2" phase1="3.141592653589793" type1="cc" type2="c3" type3="na" type4="nd"/>
    <Improper k1="4.6024" periodicity1="2" phase1="3.141592653589793" type1="ce" type2="ca" type3="ca" type4="n2"/>
  </PeriodicTorsionForce>
</ForceField>
