<ForceField>
  <Info>
    <DateGenerated>2019-07-05</DateGenerated>
  </Info>
  <Residues>
    <Residue name="MC_08J">
      <Atom charge="-0.1719" name="CAU" type="ca"/>
      <Atom charge="-0.081" name="CAK" type="ca"/>
      <Atom charge="0.0164" name="CAP" type="ca"/>
      <Atom charge="-0.0954" name="ClAC" type="cl"/>
      <Atom charge="-0.093" name="CAH" type="ca"/>
      <Atom charge="-0.141" name="CAI" type="ca"/>
      <Atom charge="0.0368" name="CAV" type="ca"/>
      <Atom charge="-0.106" name="NAW" type="na"/>
      <Atom charge="0.4198" name="CAR" type="cc"/>
      <Atom charge="-0.1094" name="CAA" type="c3"/>
      <Atom charge="-0.685" name="NAN" type="nc"/>
      <Atom charge="0.3392" name="CAJ" type="cc"/>
      <Atom charge="-0.2509" name="CAS" type="cd"/>
      <Atom charge="0.1931" name="CAL" type="c3"/>
      <Atom charge="-0.5649" name="NAM" type="n2"/>
      <Atom charge="0.5215" name="CAO" type="ce"/>
      <Atom charge="-0.1729" name="CAT" type="ca"/>
      <Atom charge="-0.074" name="CAG" type="ca"/>
      <Atom charge="-0.148" name="CAE" type="ca"/>
      <Atom charge="-0.093" name="CAD" type="ca"/>
      <Atom charge="-0.169" name="CAF" type="ca"/>
      <Atom charge="0.1569" name="CAQ" type="ca"/>
      <Atom charge="-0.1329" name="FAB" type="f"/>
      <Atom charge="0.159" name="H1" type="ha"/>
      <Atom charge="0.153" name="H2" type="ha"/>
      <Atom charge="0.156" name="H3" type="ha"/>
      <Atom charge="0.058033" name="H4" type="hc"/>
      <Atom charge="0.058033" name="H5" type="hc"/>
      <Atom charge="0.058033" name="H6" type="hc"/>
      <Atom charge="0.0461" name="H7" type="h4"/>
      <Atom charge="0.0732" name="H8" type="h1"/>
      <Atom charge="0.0732" name="H9" type="h1"/>
      <Atom charge="0.145" name="H10" type="ha"/>
      <Atom charge="0.138" name="H11" type="ha"/>
      <Atom charge="0.138" name="H12" type="ha"/>
      <Atom charge="0.149" name="H13" type="ha"/>
      <Bond atomName1="CAJ" atomName2="NAN"/>
      <Bond atomName1="CAJ" atomName2="CAS"/>
      <Bond atomName1="NAN" atomName2="CAR"/>
      <Bond atomName1="CAS" atomName2="CAL"/>
      <Bond atomName1="CAS" atomName2="NAW"/>
      <Bond atomName1="CAR" atomName2="CAA"/>
      <Bond atomName1="CAR" atomName2="NAW"/>
      <Bond atomName1="CAL" atomName2="NAM"/>
      <Bond atomName1="NAW" atomName2="CAV"/>
      <Bond atomName1="NAM" atomName2="CAO"/>
      <Bond atomName1="CAV" atomName2="CAI"/>
      <Bond atomName1="CAV" atomName2="CAU"/>
      <Bond atomName1="FAB" atomName2="CAQ"/>
      <Bond atomName1="CAO" atomName2="CAU"/>
      <Bond atomName1="CAO" atomName2="CAT"/>
      <Bond atomName1="CAI" atomName2="CAH"/>
      <Bond atomName1="CAU" atomName2="CAK"/>
      <Bond atomName1="CAQ" atomName2="CAT"/>
      <Bond atomName1="CAQ" atomName2="CAF"/>
      <Bond atomName1="CAT" atomName2="CAG"/>
      <Bond atomName1="CAF" atomName2="CAD"/>
      <Bond atomName1="CAG" atomName2="CAE"/>
      <Bond atomName1="CAH" atomName2="CAP"/>
      <Bond atomName1="CAK" atomName2="CAP"/>
      <Bond atomName1="CAD" atomName2="CAE"/>
      <Bond atomName1="CAP" atomName2="ClAC"/>
      <Bond atomName1="CAK" atomName2="H1"/>
      <Bond atomName1="CAH" atomName2="H2"/>
      <Bond atomName1="CAI" atomName2="H3"/>
      <Bond atomName1="CAA" atomName2="H4"/>
      <Bond atomName1="CAA" atomName2="H5"/>
      <Bond atomName1="CAA" atomName2="H6"/>
      <Bond atomName1="CAJ" atomName2="H7"/>
      <Bond atomName1="CAL" atomName2="H8"/>
      <Bond atomName1="CAL" atomName2="H9"/>
      <Bond atomName1="CAG" atomName2="H10"/>
      <Bond atomName1="CAE" atomName2="H11"/>
      <Bond atomName1="CAD" atomName2="H12"/>
      <Bond atomName1="CAF" atomName2="H13"/>
    </Residue>
  </Residues>
  <PeriodicTorsionForce>
    <Proper k1="3.3472000000000004" periodicity1="2" phase1="3.141592653589793" type1="ca" type2="ce" type3="n2" type4="c3"/>
    <Proper k1="2.11292" periodicity1="2" phase1="3.141592653589793" type1="ca" type2="ca" type3="ce" type4="ca"/>
    <Proper k1="2.9288" periodicity1="2" phase1="3.141592653589793" type1="ca" type2="ca" type3="ce" type4="n2"/>
    <Improper k1="4.6024" periodicity1="2" phase1="3.141592653589793" type1="ca" type2="ca" type3="ca" type4="ce"/>
    <Improper k1="4.6024" periodicity1="2" phase1="3.141592653589793" type1="ca" type2="ca" type3="ca" type4="ha"/>
    <Improper k1="4.6024" periodicity1="2" phase1="3.141592653589793" type1="ca" type2="ca" type3="ca" type4="na"/>
    <Improper k1="4.6024" periodicity1="2" phase1="3.141592653589793" type1="na" type2="ca" type3="cc" type4="cd"/>
    <Improper k1="4.6024" periodicity1="2" phase1="3.141592653589793" type1="cc" type2="c3" type3="na" type4="nc"/>
    <Improper k1="4.6024" periodicity1="2" phase1="3.141592653589793" type1="cc" type2="cd" type3="h4" type4="nc"/>
    <Improper k1="4.6024" periodicity1="2" phase1="3.141592653589793" type1="cd" type2="c3" type3="cc" type4="na"/>
    <Improper k1="4.6024" periodicity1="2" phase1="3.141592653589793" type1="ce" type2="ca" type3="ca" type4="n2"/>
  </PeriodicTorsionForce>
</ForceField>
