<ForceField>
  <Info>
    <DateGenerated>2019-07-05</DateGenerated>
  </Info>
  <Residues>
    <Residue name="MC_08K">
      <Atom charge="-0.0914" name="ClA" type="cl"/>
      <Atom charge="0.0144" name="CAP" type="ca"/>
      <Atom charge="-0.083" name="CAJ" type="ca"/>
      <Atom charge="-0.1865" name="CAS" type="ca"/>
      <Atom charge="0.229" name="CAO" type="cc"/>
      <Atom charge="-0.1665" name="CAQ" type="ca"/>
      <Atom charge="-0.095" name="CAG" type="ca"/>
      <Atom charge="-0.1345" name="CAE" type="ca"/>
      <Atom charge="-0.109" name="CAC" type="ca"/>
      <Atom charge="-0.1345" name="CAD" type="ca"/>
      <Atom charge="-0.095" name="CAF" type="ca"/>
      <Atom charge="-0.1644" name="NAL" type="nd"/>
      <Atom charge="-0.1468" name="NAK" type="na"/>
      <Atom charge="0.1026" name="C23" type="c3"/>
      <Atom charge="0.482" name="CAT" type="cc"/>
      <Atom charge="-0.2818" name="NAV" type="na"/>
      <Atom charge="0.3658" name="CAR" type="cc"/>
      <Atom charge="-0.1054" name="CAA" type="c3"/>
      <Atom charge="-0.337" name="NAM" type="nd"/>
      <Atom charge="-0.35" name="NAN" type="nd"/>
      <Atom charge="0.0358" name="CAU" type="ca"/>
      <Atom charge="-0.141" name="CAI" type="ca"/>
      <Atom charge="-0.093" name="CAH" type="ca"/>
      <Atom charge="0.165" name="H1" type="ha"/>
      <Atom charge="0.145" name="H2" type="ha"/>
      <Atom charge="0.136" name="H3" type="ha"/>
      <Atom charge="0.133" name="H4" type="ha"/>
      <Atom charge="0.136" name="H5" type="ha"/>
      <Atom charge="0.145" name="H6" type="ha"/>
      <Atom charge="0.045033" name="H7" type="h1"/>
      <Atom charge="0.045033" name="H8" type="h1"/>
      <Atom charge="0.045033" name="H9" type="h1"/>
      <Atom charge="0.059367" name="H10" type="hc"/>
      <Atom charge="0.059367" name="H11" type="hc"/>
      <Atom charge="0.059367" name="H12" type="hc"/>
      <Atom charge="0.156" name="H13" type="ha"/>
      <Atom charge="0.155" name="H14" type="ha"/>
      <Bond atomName1="CAD" atomName2="CAC"/>
      <Bond atomName1="CAD" atomName2="CAF"/>
      <Bond atomName1="CAC" atomName2="CAE"/>
      <Bond atomName1="CAF" atomName2="CAQ"/>
      <Bond atomName1="CAE" atomName2="CAG"/>
      <Bond atomName1="CAQ" atomName2="CAG"/>
      <Bond atomName1="CAQ" atomName2="CAO"/>
      <Bond atomName1="NAL" atomName2="CAO"/>
      <Bond atomName1="NAL" atomName2="NAK"/>
      <Bond atomName1="CAO" atomName2="CAS"/>
      <Bond atomName1="C23" atomName2="NAK"/>
      <Bond atomName1="NAK" atomName2="CAT"/>
      <Bond atomName1="CAS" atomName2="CAJ"/>
      <Bond atomName1="CAS" atomName2="CAU"/>
      <Bond atomName1="CAJ" atomName2="CAP"/>
      <Bond atomName1="CAT" atomName2="NAN"/>
      <Bond atomName1="CAT" atomName2="NAV"/>
      <Bond atomName1="NAN" atomName2="NAM"/>
      <Bond atomName1="NAV" atomName2="CAU"/>
      <Bond atomName1="NAV" atomName2="CAR"/>
      <Bond atomName1="CAU" atomName2="CAI"/>
      <Bond atomName1="CAP" atomName2="ClA"/>
      <Bond atomName1="CAP" atomName2="CAH"/>
      <Bond atomName1="NAM" atomName2="CAR"/>
      <Bond atomName1="CAR" atomName2="CAA"/>
      <Bond atomName1="CAI" atomName2="CAH"/>
      <Bond atomName1="CAJ" atomName2="H1"/>
      <Bond atomName1="CAG" atomName2="H2"/>
      <Bond atomName1="CAE" atomName2="H3"/>
      <Bond atomName1="CAC" atomName2="H4"/>
      <Bond atomName1="CAD" atomName2="H5"/>
      <Bond atomName1="CAF" atomName2="H6"/>
      <Bond atomName1="C23" atomName2="H7"/>
      <Bond atomName1="C23" atomName2="H8"/>
      <Bond atomName1="C23" atomName2="H9"/>
      <Bond atomName1="CAA" atomName2="H10"/>
      <Bond atomName1="CAA" atomName2="H11"/>
      <Bond atomName1="CAA" atomName2="H12"/>
      <Bond atomName1="CAI" atomName2="H13"/>
      <Bond atomName1="CAH" atomName2="H14"/>
    </Residue>
  </Residues>
  <PeriodicTorsionForce>
    <Proper k1="2.11292" periodicity1="2" phase1="3.141592653589793" type1="ca" type2="ca" type3="cc" type4="ca"/>
    <Proper k1="2.9288" periodicity1="2" phase1="3.141592653589793" type1="ca" type2="ca" type3="cc" type4="nd"/>
    <Improper k1="4.6024" periodicity1="2" phase1="3.141592653589793" type1="ca" type2="ca" type3="ca" type4="ha"/>
    <Improper k1="4.6024" periodicity1="2" phase1="3.141592653589793" type1="ca" type2="ca" type3="ca" type4="cc"/>
    <Improper k1="4.6024" periodicity1="2" phase1="3.141592653589793" type1="cc" type2="ca" type3="ca" type4="nd"/>
    <Improper k1="4.6024" periodicity1="2" phase1="3.141592653589793" type1="na" type2="c3" type3="cc" type4="nd"/>
    <Improper k1="4.6024" periodicity1="2" phase1="3.141592653589793" type1="cc" type2="na" type3="na" type4="nd"/>
    <Improper k1="4.6024" periodicity1="2" phase1="3.141592653589793" type1="na" type2="ca" type3="cc" type4="cc"/>
    <Improper k1="4.6024" periodicity1="2" phase1="3.141592653589793" type1="cc" type2="c3" type3="na" type4="nd"/>
    <Improper k1="4.6024" periodicity1="2" phase1="3.141592653589793" type1="ca" type2="ca" type3="ca" type4="na"/>
  </PeriodicTorsionForce>
</ForceField>
