<ForceField>
  <Info>
    <DateGenerated>2019-07-05</DateGenerated>
  </Info>
  <Residues>
    <Residue name="MC_08Q">
      <Atom charge="1.2767" name="P" type="p5"/>
      <Atom charge="-0.8025" name="OP1" type="o"/>
      <Atom charge="0.0437" name="C8'" type="c3"/>
      <Atom charge="0.2268" name="C7'" type="c3"/>
      <Atom charge="0.2024" name="C5'" type="c3"/>
      <Atom charge="-0.5632" name="O5'" type="os"/>
      <Atom charge="0.1361" name="C4'" type="c3"/>
      <Atom charge="-0.3946" name="O4'" type="os"/>
      <Atom charge="0.1081" name="C3'" type="c3"/>
      <Atom charge="-0.5918" name="O3'" type="oh"/>
      <Atom charge="-0.1544" name="C2'" type="c3"/>
      <Atom charge="0.3185" name="C1'" type="c3"/>
      <Atom charge="-0.362" name="N1" type="n"/>
      <Atom charge="0.8125" name="C2" type="c"/>
      <Atom charge="-0.6735" name="O2" type="o"/>
      <Atom charge="-0.5625" name="N3" type="ns"/>
      <Atom charge="0.7117" name="C4" type="c"/>
      <Atom charge="-0.9363" name="N4" type="n7"/>
      <Atom charge="-0.6435" name="O4" type="o"/>
      <Atom charge="-0.3054" name="C5" type="cc"/>
      <Atom charge="-0.0169" name="C7" type="c3"/>
      <Atom charge="0.0636" name="C6" type="cd"/>
      <Atom charge="-0.4579" name="S" type="sh"/>
      <Atom charge="-0.8025" name="OP3" type="o"/>
      <Atom charge="0.0502" name="H1" type="h1"/>
      <Atom charge="0.0502" name="H2" type="h1"/>
      <Atom charge="0.0532" name="H3" type="h1"/>
      <Atom charge="0.0532" name="H4" type="h1"/>
      <Atom charge="0.0312" name="H5" type="h1"/>
      <Atom charge="0.0312" name="H6" type="h1"/>
      <Atom charge="0.0907" name="H7" type="h1"/>
      <Atom charge="0.0517" name="H8" type="h1"/>
      <Atom charge="0.402" name="H9" type="ho"/>
      <Atom charge="0.0772" name="H10" type="hc"/>
      <Atom charge="0.0772" name="H11" type="hc"/>
      <Atom charge="0.0887" name="H12" type="h2"/>
      <Atom charge="0.3555" name="H13" type="hn"/>
      <Atom charge="0.4118" name="H14" type="hn"/>
      <Atom charge="0.048033" name="H15" type="hc"/>
      <Atom charge="0.048033" name="H16" type="hc"/>
      <Atom charge="0.048033" name="H17" type="hc"/>
      <Atom charge="0.203" name="H18" type="h4"/>
      <Atom charge="0.1968" name="H19" type="hs"/>
      <Bond atomName1="C8'" atomName2="C7'"/>
      <Bond atomName1="C8'" atomName2="S"/>
      <Bond atomName1="C7'" atomName2="N4"/>
      <Bond atomName1="N4" atomName2="P"/>
      <Bond atomName1="O5'" atomName2="C5'"/>
      <Bond atomName1="O5'" atomName2="P"/>
      <Bond atomName1="C5'" atomName2="C4'"/>
      <Bond atomName1="O3'" atomName2="C3'"/>
      <Bond atomName1="P" atomName2="OP1"/>
      <Bond atomName1="C3'" atomName2="C4'"/>
      <Bond atomName1="C3'" atomName2="C2'"/>
      <Bond atomName1="C4'" atomName2="O4'"/>
      <Bond atomName1="O4'" atomName2="C1'"/>
      <Bond atomName1="C2'" atomName2="C1'"/>
      <Bond atomName1="C1'" atomName2="N1"/>
      <Bond atomName1="N1" atomName2="C6"/>
      <Bond atomName1="N1" atomName2="C2"/>
      <Bond atomName1="C6" atomName2="C5"/>
      <Bond atomName1="O2" atomName2="C2"/>
      <Bond atomName1="C2" atomName2="N3"/>
      <Bond atomName1="C5" atomName2="C7"/>
      <Bond atomName1="C5" atomName2="C4"/>
      <Bond atomName1="N3" atomName2="C4"/>
      <Bond atomName1="C4" atomName2="O4"/>
      <Bond atomName1="P" atomName2="OP3"/>
      <Bond atomName1="C8'" atomName2="H1"/>
      <Bond atomName1="C8'" atomName2="H2"/>
      <Bond atomName1="C7'" atomName2="H3"/>
      <Bond atomName1="C7'" atomName2="H4"/>
      <Bond atomName1="C5'" atomName2="H5"/>
      <Bond atomName1="C5'" atomName2="H6"/>
      <Bond atomName1="C4'" atomName2="H7"/>
      <Bond atomName1="C3'" atomName2="H8"/>
      <Bond atomName1="O3'" atomName2="H9"/>
      <Bond atomName1="C2'" atomName2="H10"/>
      <Bond atomName1="C2'" atomName2="H11"/>
      <Bond atomName1="C1'" atomName2="H12"/>
      <Bond atomName1="N3" atomName2="H13"/>
      <Bond atomName1="N4" atomName2="H14"/>
      <Bond atomName1="C7" atomName2="H15"/>
      <Bond atomName1="C7" atomName2="H16"/>
      <Bond atomName1="C7" atomName2="H17"/>
      <Bond atomName1="C6" atomName2="H18"/>
      <Bond atomName1="S" atomName2="H19"/>
    </Residue>
  </Residues>
  <HarmonicBondForce>
    <Bond k="230956.79999999996" length="0.167" type1="n7" type2="p5"/>
    <Bond k="218572.15999999995" length="0.14650000000000002" type1="c3" type2="n7"/>
    <Bond k="298068.1599999999" length="0.1379" type1="c" type2="ns"/>
    <Bond k="441244.6399999999" length="0.1013" type1="hn" type2="ns"/>
    <Bond k="427855.8399999999" length="0.10189999999999999" type1="hn" type2="n7"/>
  </HarmonicBondForce>
  <HarmonicAngleForce>
    <Angle angle="2.0919516414404034" k="684.5024" type1="c3" type2="n7" type3="p5"/>
    <Angle angle="1.9952604008799175" k="475.3024" type1="hn" type2="n7" type3="p5"/>
    <Angle angle="2.0008454544862992" k="672.7872000000001" type1="n7" type2="p5" type3="o"/>
    <Angle angle="1.9380136014145037" k="697.0544" type1="c3" type2="c3" type3="n7"/>
    <Angle angle="1.9074703395046029" k="399.99039999999997" type1="c3" type2="n7" type3="hn"/>
    <Angle angle="1.784250094313803" k="688.6864" type1="n7" type2="p5" type3="os"/>
    <Angle angle="1.9819958985647608" k="940.5632" type1="n" type2="c" type3="ns"/>
    <Angle angle="2.217964413434394" k="548.9408" type1="c" type2="ns" type3="c"/>
    <Angle angle="2.051634535719334" k="407.52160000000003" type1="c" type2="ns" type3="hn"/>
    <Angle angle="2.1476276445790226" k="952.2784" type1="ns" type2="c" type3="o"/>
    <Angle angle="1.9669860669976094" k="728.8528" type1="cc" type2="c" type3="ns"/>
    <Angle angle="1.9177677820913692" k="512.1216000000001" type1="h1" type2="c3" type3="n7"/>
  </HarmonicAngleForce>
  <PeriodicTorsionForce>
    <Proper k1="1.2552" periodicity1="3" phase1="0.0" type1="c3" type2="c3" type3="n7" type4="p5"/>
    <Proper k1="1.2552" periodicity1="3" phase1="0.0" type1="h1" type2="c3" type3="n7" type4="p5"/>
    <Proper k1="12.552" k2="9.623199999999999" periodicity1="2" periodicity2="3" phase1="3.141592653589793" phase2="0.0" type1="c3" type2="n7" type3="p5" type4="o"/>
    <Proper k1="12.552" periodicity1="2" phase1="3.141592653589793" type1="hn" type2="n7" type3="p5" type4="o"/>
    <Proper k1="0.9079280000000001" periodicity1="3" phase1="0.0" type1="c3" type2="c3" type3="n7" type4="hn"/>
    <Proper k1="20.92" periodicity1="2" phase1="3.141592653589793" type1="c3" type2="n7" type3="p5" type4="os"/>
    <Proper k1="12.552" periodicity1="2" phase1="3.141592653589793" type1="hn" type2="n7" type3="p5" type4="os"/>
    <Proper k1="10.46" periodicity1="2" phase1="3.141592653589793" type1="n" type2="c" type3="ns" type4="c"/>
    <Proper k1="10.46" periodicity1="2" phase1="3.141592653589793" type1="n" type2="c" type3="ns" type4="hn"/>
    <Proper k1="10.46" periodicity1="2" phase1="3.141592653589793" type1="o" type2="c" type3="ns" type4="c"/>
    <Proper k1="10.46" periodicity1="2" phase1="3.141592653589793" type1="cc" type2="c" type3="ns" type4="c"/>
    <Proper k1="10.46" k2="8.368" periodicity1="2" periodicity2="1" phase1="3.141592653589793" phase2="0.0" type1="o" type2="c" type3="ns" type4="hn"/>
    <Proper k1="10.46" periodicity1="2" phase1="3.141592653589793" type1="cc" type2="c" type3="ns" type4="hn"/>
    <Proper k1="1.2552" periodicity1="3" phase1="0.0" type1="h1" type2="c3" type3="n7" type4="hn"/>
    <Improper k1="4.6024" periodicity1="2" phase1="3.141592653589793" type1="n" type2="c" type3="c3" type4="cd"/>
    <Improper k1="43.932" periodicity1="2" phase1="3.141592653589793" type1="c" type2="n" type3="ns" type4="o"/>
    <Improper k1="4.6024" periodicity1="2" phase1="3.141592653589793" type1="ns" type2="c" type3="c" type4="hn"/>
    <Improper k1="43.932" periodicity1="2" phase1="3.141592653589793" type1="c" type2="cc" type3="ns" type4="o"/>
    <Improper k1="4.6024" periodicity1="2" phase1="3.141592653589793" type1="cc" type2="c" type3="c3" type4="cd"/>
    <Improper k1="4.6024" periodicity1="2" phase1="3.141592653589793" type1="cd" type2="cc" type3="h4" type4="n"/>
  </PeriodicTorsionForce>
</ForceField>
