<ForceField>
  <Info>
    <DateGenerated>2019-07-05</DateGenerated>
  </Info>
  <Residues>
    <Residue name="MC_08R">
      <Atom charge="-1.0165" name="N02" type="nv"/>
      <Atom charge="0.7092" name="C02" type="ca"/>
      <Atom charge="-0.3323" name="C03" type="ca"/>
      <Atom charge="-0.0063" name="C04" type="ca"/>
      <Atom charge="-0.0498" name="C07" type="c3"/>
      <Atom charge="-0.3083" name="C05" type="ca"/>
      <Atom charge="-0.778" name="N01" type="nb"/>
      <Atom charge="0.4786" name="C06" type="ca"/>
      <Atom charge="-0.1137" name="C08" type="c3"/>
      <Atom charge="-0.0597" name="C3'" type="c3"/>
      <Atom charge="0.1518" name="C2'" type="c3"/>
      <Atom charge="-0.8002" name="N1'" type="n7"/>
      <Atom charge="0.1128" name="C5'" type="c3"/>
      <Atom charge="0.1351" name="C4'" type="c3"/>
      <Atom charge="-0.4086" name="O09" type="os"/>
      <Atom charge="0.1394" name="C10" type="c3"/>
      <Atom charge="0.1578" name="C11" type="c3"/>
      <Atom charge="-0.8042" name="N12" type="n7"/>
      <Atom charge="0.2121" name="C13" type="c3"/>
      <Atom charge="-0.1093" name="C21" type="ca"/>
      <Atom charge="0.1401" name="C22" type="ca"/>
      <Atom charge="-0.3379" name="O22" type="os"/>
      <Atom charge="0.1297" name="C27" type="c3"/>
      <Atom charge="-0.073" name="C26" type="ca"/>
      <Atom charge="-0.166" name="C25" type="ca"/>
      <Atom charge="-0.09" name="C24" type="ca"/>
      <Atom charge="-0.219" name="C23" type="ca"/>
      <Atom charge="0.4368" name="H1" type="hn"/>
      <Atom charge="0.4368" name="H2" type="hn"/>
      <Atom charge="0.131" name="H3" type="ha"/>
      <Atom charge="0.0457" name="H4" type="hc"/>
      <Atom charge="0.0457" name="H5" type="hc"/>
      <Atom charge="0.0457" name="H6" type="hc"/>
      <Atom charge="0.141" name="H7" type="ha"/>
      <Atom charge="0.0737" name="H8" type="hc"/>
      <Atom charge="0.0737" name="H9" type="hc"/>
      <Atom charge="0.0637" name="H10" type="hc"/>
      <Atom charge="0.0542" name="H11" type="h1"/>
      <Atom charge="0.0542" name="H12" type="h1"/>
      <Atom charge="0.3448" name="H13" type="hn"/>
      <Atom charge="0.0437" name="H15" type="h1"/>
      <Atom charge="0.0437" name="H16" type="h1"/>
      <Atom charge="0.0467" name="H17" type="h1"/>
      <Atom charge="0.0237" name="H18" type="h1"/>
      <Atom charge="0.0237" name="H19" type="h1"/>
      <Atom charge="0.0402" name="H20" type="h1"/>
      <Atom charge="0.0402" name="H21" type="h1"/>
      <Atom charge="0.3598" name="H22" type="hn"/>
      <Atom charge="0.0397" name="H24" type="h1"/>
      <Atom charge="0.0397" name="H25" type="h1"/>
      <Atom charge="0.0417" name="H26" type="h1"/>
      <Atom charge="0.0417" name="H27" type="h1"/>
      <Atom charge="0.0417" name="H28" type="h1"/>
      <Atom charge="0.14" name="H29" type="ha"/>
      <Atom charge="0.131" name="H30" type="ha"/>
      <Atom charge="0.129" name="H31" type="ha"/>
      <Atom charge="0.133" name="H32" type="ha"/>
      <Bond atomName1="C07" atomName2="C04"/>
      <Bond atomName1="C04" atomName2="C03"/>
      <Bond atomName1="C04" atomName2="C05"/>
      <Bond atomName1="C03" atomName2="C02"/>
      <Bond atomName1="C05" atomName2="C06"/>
      <Bond atomName1="C02" atomName2="N02"/>
      <Bond atomName1="C02" atomName2="N01"/>
      <Bond atomName1="C06" atomName2="N01"/>
      <Bond atomName1="C06" atomName2="C08"/>
      <Bond atomName1="C3'" atomName2="C2'"/>
      <Bond atomName1="C3'" atomName2="C08"/>
      <Bond atomName1="C3'" atomName2="C4'"/>
      <Bond atomName1="C2'" atomName2="N1'"/>
      <Bond atomName1="C10" atomName2="O09"/>
      <Bond atomName1="C10" atomName2="C11"/>
      <Bond atomName1="C4'" atomName2="O09"/>
      <Bond atomName1="C4'" atomName2="C5'"/>
      <Bond atomName1="N1'" atomName2="C5'"/>
      <Bond atomName1="C11" atomName2="N12"/>
      <Bond atomName1="N12" atomName2="C13"/>
      <Bond atomName1="C13" atomName2="C21"/>
      <Bond atomName1="O22" atomName2="C22"/>
      <Bond atomName1="O22" atomName2="C27"/>
      <Bond atomName1="C21" atomName2="C22"/>
      <Bond atomName1="C21" atomName2="C26"/>
      <Bond atomName1="C22" atomName2="C23"/>
      <Bond atomName1="C26" atomName2="C25"/>
      <Bond atomName1="C23" atomName2="C24"/>
      <Bond atomName1="C25" atomName2="C24"/>
      <Bond atomName1="N02" atomName2="H1"/>
      <Bond atomName1="N02" atomName2="H2"/>
      <Bond atomName1="C03" atomName2="H3"/>
      <Bond atomName1="C07" atomName2="H4"/>
      <Bond atomName1="C07" atomName2="H5"/>
      <Bond atomName1="C07" atomName2="H6"/>
      <Bond atomName1="C05" atomName2="H7"/>
      <Bond atomName1="C08" atomName2="H8"/>
      <Bond atomName1="C08" atomName2="H9"/>
      <Bond atomName1="C3'" atomName2="H10"/>
      <Bond atomName1="C2'" atomName2="H11"/>
      <Bond atomName1="C2'" atomName2="H12"/>
      <Bond atomName1="N1'" atomName2="H13"/>
      <Bond atomName1="C5'" atomName2="H15"/>
      <Bond atomName1="C5'" atomName2="H16"/>
      <Bond atomName1="C4'" atomName2="H17"/>
      <Bond atomName1="C10" atomName2="H18"/>
      <Bond atomName1="C10" atomName2="H19"/>
      <Bond atomName1="C11" atomName2="H20"/>
      <Bond atomName1="C11" atomName2="H21"/>
      <Bond atomName1="N12" atomName2="H22"/>
      <Bond atomName1="C13" atomName2="H24"/>
      <Bond atomName1="C13" atomName2="H25"/>
      <Bond atomName1="C27" atomName2="H26"/>
      <Bond atomName1="C27" atomName2="H27"/>
      <Bond atomName1="C27" atomName2="H28"/>
      <Bond atomName1="C26" atomName2="H29"/>
      <Bond atomName1="C25" atomName2="H30"/>
      <Bond atomName1="C24" atomName2="H31"/>
      <Bond atomName1="C23" atomName2="H32"/>
    </Residue>
  </Residues>
  <HarmonicBondForce>
    <Bond k="290453.27999999997" length="0.1386" type1="ca" type2="nv"/>
    <Bond k="443085.5999999999" length="0.10120000000000001" type1="hn" type2="nv"/>
    <Bond k="218572.15999999995" length="0.14650000000000002" type1="c3" type2="n7"/>
    <Bond k="427855.8399999999" length="0.10189999999999999" type1="hn" type2="n7"/>
  </HarmonicBondForce>
  <HarmonicAngleForce>
    <Angle angle="2.1109757302871417" k="721.3216000000001" type1="ca" type2="ca" type3="nv"/>
    <Angle angle="2.040988027282169" k="938.0527999999999" type1="nb" type2="ca" type3="nv"/>
    <Angle angle="2.0258036627898184" k="408.3584" type1="ca" type2="nv" type3="hn"/>
    <Angle angle="1.9380136014145037" k="697.0544" type1="c3" type2="c3" type3="n7"/>
    <Angle angle="1.9608774146156291" k="549.7776" type1="c3" type2="n7" type3="c3"/>
    <Angle angle="1.9074703395046029" k="399.99039999999997" type1="c3" type2="n7" type3="hn"/>
    <Angle angle="1.9177677820913692" k="512.1216000000001" type1="h1" type2="c3" type3="n7"/>
    <Angle angle="1.95756128903684" k="698.7280000000001" type1="ca" type2="c3" type3="n7"/>
    <Angle angle="2.0092230348958724" k="330.536" type1="hn" type2="nv" type3="hn"/>
  </HarmonicAngleForce>
  <PeriodicTorsionForce>
    <Proper k1="4.3932" periodicity1="2" phase1="3.141592653589793" type1="ca" type2="ca" type3="nv" type4="hn"/>
    <Proper k1="4.3932" periodicity1="2" phase1="3.141592653589793" type1="nb" type2="ca" type3="nv" type4="hn"/>
    <Proper k1="0.87864" periodicity1="3" phase1="0.0" type1="c3" type2="c3" type3="c3" type4="n7"/>
    <Proper k1="0.9079280000000001" periodicity1="3" phase1="0.0" type1="c3" type2="c3" type3="n7" type4="hn"/>
    <Proper k1="0.9414" periodicity1="3" phase1="0.0" type1="h1" type2="c3" type3="n7" type4="c3"/>
    <Proper k1="0.41840000000000005" periodicity1="3" phase1="0.0" type1="hc" type2="c3" type3="c3" type4="n7"/>
    <Proper k1="1.2552" periodicity1="3" phase1="0.0" type1="ca" type2="c3" type3="n7" type4="c3"/>
    <Proper k1="1.2552" periodicity1="3" phase1="0.0" type1="ca" type2="c3" type3="n7" type4="hn"/>
    <Proper k1="1.2552" periodicity1="3" phase1="0.0" type1="h1" type2="c3" type3="n7" type4="hn"/>
    <Improper k1="4.6024" periodicity1="2" phase1="3.141592653589793" type1="nv" type2="ca" type3="hn" type4="hn"/>
    <Improper k1="4.6024" periodicity1="2" phase1="3.141592653589793" type1="ca" type2="ca" type3="nb" type4="nv"/>
    <Improper k1="4.6024" periodicity1="2" phase1="3.141592653589793" type1="ca" type2="ca" type3="ca" type4="ha"/>
    <Improper k1="4.6024" periodicity1="2" phase1="3.141592653589793" type1="ca" type2="c3" type3="ca" type4="nb"/>
    <Improper k1="4.6024" periodicity1="2" phase1="3.141592653589793" type1="ca" type2="ca" type3="ca" type4="os"/>
  </PeriodicTorsionForce>
</ForceField>
