<ForceField>
  <Info>
    <DateGenerated>2019-07-05</DateGenerated>
  </Info>
  <Residues>
    <Residue name="MC_08W">
      <Atom charge="-0.6161" name="O37" type="o"/>
      <Atom charge="0.6066" name="C36" type="c"/>
      <Atom charge="-0.5729" name="N38" type="ns"/>
      <Atom charge="0.1043" name="C40" type="c3"/>
      <Atom charge="0.2638" name="C33" type="cc"/>
      <Atom charge="-0.676" name="N32" type="nc"/>
      <Atom charge="0.4144" name="C30" type="cd"/>
      <Atom charge="-0.1936" name="C34" type="cd"/>
      <Atom charge="-0.135" name="N29" type="na"/>
      <Atom charge="-0.0012" name="C6" type="ca"/>
      <Atom charge="-0.03" name="C7" type="ca"/>
      <Atom charge="-0.1666" name="C9" type="ca"/>
      <Atom charge="0.7091" name="C17" type="c"/>
      <Atom charge="-0.5395" name="O18" type="o"/>
      <Atom charge="-0.2898" name="N16" type="n"/>
      <Atom charge="-0.6331" name="N19" type="nu"/>
      <Atom charge="1.3189" name="S21" type="s6"/>
      <Atom charge="-0.6033" name="O23" type="o"/>
      <Atom charge="-0.2393" name="C24" type="c3"/>
      <Atom charge="-0.6033" name="O22" type="o"/>
      <Atom charge="0.8095" name="C15" type="c"/>
      <Atom charge="-0.6395" name="O28" type="o"/>
      <Atom charge="-0.4451" name="N13" type="ns"/>
      <Atom charge="0.0916" name="C10" type="ca"/>
      <Atom charge="-0.132" name="C11" type="ca"/>
      <Atom charge="-0.1183" name="C5" type="ca"/>
      <Atom charge="0.6762" name="C2" type="c3"/>
      <Atom charge="-0.209967" name="F1" type="f"/>
      <Atom charge="-0.209967" name="F3" type="f"/>
      <Atom charge="-0.209967" name="F4" type="f"/>
      <Atom charge="0.3305" name="H1" type="hn"/>
      <Atom charge="0.041367" name="H2" type="h1"/>
      <Atom charge="0.041367" name="H3" type="h1"/>
      <Atom charge="0.041367" name="H4" type="h1"/>
      <Atom charge="0.0741" name="H5" type="h5"/>
      <Atom charge="0.218" name="H6" type="h4"/>
      <Atom charge="0.188" name="H7" type="ha"/>
      <Atom charge="0.4778" name="H8" type="hn"/>
      <Atom charge="0.1057" name="H9" type="h1"/>
      <Atom charge="0.1057" name="H10" type="h1"/>
      <Atom charge="0.1057" name="H11" type="h1"/>
      <Atom charge="0.3715" name="H12" type="hn"/>
      <Atom charge="0.169" name="H13" type="ha"/>
      <Bond atomName1="O22" atomName2="S21"/>
      <Bond atomName1="O28" atomName2="C15"/>
      <Bond atomName1="N19" atomName2="S21"/>
      <Bond atomName1="N19" atomName2="N16"/>
      <Bond atomName1="S21" atomName2="O23"/>
      <Bond atomName1="S21" atomName2="C24"/>
      <Bond atomName1="C15" atomName2="N16"/>
      <Bond atomName1="C15" atomName2="N13"/>
      <Bond atomName1="N16" atomName2="C17"/>
      <Bond atomName1="N13" atomName2="C10"/>
      <Bond atomName1="C17" atomName2="O18"/>
      <Bond atomName1="C17" atomName2="C9"/>
      <Bond atomName1="C10" atomName2="C9"/>
      <Bond atomName1="C10" atomName2="C11"/>
      <Bond atomName1="C9" atomName2="C7"/>
      <Bond atomName1="C11" atomName2="C5"/>
      <Bond atomName1="C7" atomName2="C6"/>
      <Bond atomName1="C5" atomName2="C6"/>
      <Bond atomName1="C5" atomName2="C2"/>
      <Bond atomName1="C6" atomName2="N29"/>
      <Bond atomName1="F4" atomName2="C2"/>
      <Bond atomName1="C2" atomName2="F1"/>
      <Bond atomName1="C2" atomName2="F3"/>
      <Bond atomName1="C34" atomName2="N29"/>
      <Bond atomName1="C34" atomName2="C33"/>
      <Bond atomName1="N29" atomName2="C30"/>
      <Bond atomName1="C33" atomName2="C36"/>
      <Bond atomName1="C33" atomName2="N32"/>
      <Bond atomName1="C30" atomName2="N32"/>
      <Bond atomName1="N38" atomName2="C36"/>
      <Bond atomName1="N38" atomName2="C40"/>
      <Bond atomName1="C36" atomName2="O37"/>
      <Bond atomName1="N38" atomName2="H1"/>
      <Bond atomName1="C40" atomName2="H2"/>
      <Bond atomName1="C40" atomName2="H3"/>
      <Bond atomName1="C40" atomName2="H4"/>
      <Bond atomName1="C30" atomName2="H5"/>
      <Bond atomName1="C34" atomName2="H6"/>
      <Bond atomName1="C7" atomName2="H7"/>
      <Bond atomName1="N19" atomName2="H8"/>
      <Bond atomName1="C24" atomName2="H9"/>
      <Bond atomName1="C24" atomName2="H10"/>
      <Bond atomName1="C24" atomName2="H11"/>
      <Bond atomName1="N13" atomName2="H12"/>
      <Bond atomName1="C11" atomName2="H13"/>
    </Residue>
  </Residues>
  <HarmonicBondForce>
    <Bond k="298068.1599999999" length="0.1379" type1="c" type2="ns"/>
    <Bond k="220747.83999999997" length="0.1462" type1="c3" type2="ns"/>
    <Bond k="441244.6399999999" length="0.1013" type1="hn" type2="ns"/>
    <Bond k="211961.43999999997" length="0.1402" type1="n" type2="nu"/>
    <Bond k="252629.91999999993" length="0.1698" type1="nu" type2="s6"/>
    <Bond k="443085.5999999999" length="0.10120000000000001" type1="hn" type2="nu"/>
    <Bond k="263759.3599999999" length="0.1412" type1="ca" type2="ns"/>
  </HarmonicBondForce>
  <HarmonicAngleForce>
    <Angle angle="2.1476276445790226" k="952.2784" type1="ns" type2="c" type3="o"/>
    <Angle angle="2.1064378742319563" k="546.4304" type1="c" type2="ns" type3="c3"/>
    <Angle angle="2.051634535719334" k="407.52160000000003" type1="c" type2="ns" type3="hn"/>
    <Angle angle="1.9669860669976094" k="728.8528" type1="cc" type2="c" type3="ns"/>
    <Angle angle="1.900314489571426" k="514.6320000000001" type1="h1" type2="c3" type3="ns"/>
    <Angle angle="2.053903463746927" k="385.76480000000004" type1="c3" type2="ns" type3="hn"/>
    <Angle angle="2.0977112279719847" k="716.3008" type1="ca" type2="ca" type3="ns"/>
    <Angle angle="2.0718803550424685" k="705.4224" type1="c" type2="n" type3="nu"/>
    <Angle angle="2.028945255443408" k="678.904208" type1="n" type2="nu" type3="s6"/>
    <Angle angle="1.8879226518822663" k="524.6736000000001" type1="hn" type2="nu" type3="n"/>
    <Angle angle="1.9819958985647608" k="940.5632" type1="n" type2="c" type3="ns"/>
    <Angle angle="1.8711674910631206" k="1035.1216000000002" type1="nu" type2="s6" type3="o"/>
    <Angle angle="1.8207274756804845" k="760.6512000000001" type1="c3" type2="s6" type3="nu"/>
    <Angle angle="1.9184659137921671" k="370.7024" type1="hn" type2="nu" type3="s6"/>
    <Angle angle="2.159146817642185" k="549.7776" type1="c" type2="ns" type3="ca"/>
    <Angle angle="2.0245819323134224" k="401.664" type1="ca" type2="ns" type3="hn"/>
  </HarmonicAngleForce>
  <PeriodicTorsionForce>
    <Proper k1="10.46" periodicity1="2" phase1="3.141592653589793" type1="o" type2="c" type3="ns" type4="c3"/>
    <Proper k1="10.46" k2="8.368" periodicity1="2" periodicity2="1" phase1="3.141592653589793" phase2="0.0" type1="o" type2="c" type3="ns" type4="hn"/>
    <Proper k1="0.0" periodicity1="2" phase1="3.141592653589793" type1="h1" type2="c3" type3="ns" type4="c"/>
    <Proper k1="10.46" periodicity1="2" phase1="3.141592653589793" type1="cc" type2="c" type3="ns" type4="c3"/>
    <Proper k1="10.46" periodicity1="2" phase1="3.141592653589793" type1="cc" type2="c" type3="ns" type4="hn"/>
    <Proper k1="3.9748" periodicity1="2" phase1="3.141592653589793" type1="ca" type2="ca" type3="ns" type4="c"/>
    <Proper k1="1.8828" periodicity1="2" phase1="3.141592653589793" type1="ca" type2="ca" type3="ns" type4="hn"/>
    <Proper k1="4.6024" periodicity1="2" phase1="0.0" type1="c" type2="n" type3="nu" type4="s6"/>
    <Proper k1="4.6024" periodicity1="2" phase1="0.0" type1="c" type2="n" type3="nu" type4="hn"/>
    <Proper k1="0.4184" periodicity1="2" phase1="3.141592653589793" type1="n" type2="nu" type3="s6" type4="o"/>
    <Proper k1="0.4184" periodicity1="2" phase1="3.141592653589793" type1="n" type2="nu" type3="s6" type4="c3"/>
    <Proper k1="10.46" periodicity1="2" phase1="3.141592653589793" type1="n" type2="c" type3="ns" type4="ca"/>
    <Proper k1="10.46" periodicity1="2" phase1="3.141592653589793" type1="n" type2="c" type3="ns" type4="hn"/>
    <Proper k1="0.4184" periodicity1="2" phase1="3.141592653589793" type1="hn" type2="nu" type3="s6" type4="o"/>
    <Proper k1="0.4184" periodicity1="2" phase1="3.141592653589793" type1="hn" type2="nu" type3="s6" type4="c3"/>
    <Proper k1="10.46" periodicity1="2" phase1="3.141592653589793" type1="o" type2="c" type3="ns" type4="ca"/>
    <Proper k1="0.0" periodicity1="2" phase1="0.0" type1="h1" type2="c3" type3="ns" type4="hn"/>
    <Improper k1="43.932" periodicity1="2" phase1="3.141592653589793" type1="c" type2="cc" type3="ns" type4="o"/>
    <Improper k1="4.6024" periodicity1="2" phase1="3.141592653589793" type1="ns" type2="c" type3="c3" type4="hn"/>
    <Improper k1="4.6024" periodicity1="2" phase1="3.141592653589793" type1="cc" type2="c" type3="cd" type4="nc"/>
    <Improper k1="4.6024" periodicity1="2" phase1="3.141592653589793" type1="cd" type2="h5" type3="na" type4="nc"/>
    <Improper k1="4.6024" periodicity1="2" phase1="3.141592653589793" type1="cd" type2="cc" type3="h4" type4="na"/>
    <Improper k1="4.6024" periodicity1="2" phase1="3.141592653589793" type1="na" type2="ca" type3="cd" type4="cd"/>
    <Improper k1="4.6024" periodicity1="2" phase1="3.141592653589793" type1="ca" type2="ca" type3="ca" type4="na"/>
    <Improper k1="4.6024" periodicity1="2" phase1="3.141592653589793" type1="ca" type2="ca" type3="ca" type4="ha"/>
    <Improper k1="4.6024" periodicity1="2" phase1="3.141592653589793" type1="ca" type2="c" type3="ca" type4="ca"/>
    <Improper k1="43.932" periodicity1="2" phase1="3.141592653589793" type1="c" type2="ca" type3="n" type4="o"/>
    <Improper k1="4.6024" periodicity1="2" phase1="3.141592653589793" type1="n" type2="c" type3="c" type4="nu"/>
    <Improper k1="4.6024" periodicity1="2" phase1="3.141592653589793" type1="nu" type2="hn" type3="n" type4="s6"/>
    <Improper k1="43.932" periodicity1="2" phase1="3.141592653589793" type1="c" type2="n" type3="ns" type4="o"/>
    <Improper k1="4.6024" periodicity1="2" phase1="3.141592653589793" type1="ns" type2="c" type3="ca" type4="hn"/>
    <Improper k1="4.6024" periodicity1="2" phase1="3.141592653589793" type1="ca" type2="ca" type3="ca" type4="ns"/>
  </PeriodicTorsionForce>
</ForceField>
