<ForceField>
  <Info>
    <DateGenerated>2019-07-05</DateGenerated>
  </Info>
  <Residues>
    <Residue name="MC_091">
      <Atom charge="-0.1067" name="C1" type="c3"/>
      <Atom charge="-0.1403" name="C2" type="ca"/>
      <Atom charge="0.7235" name="C3" type="c"/>
      <Atom charge="-0.0584" name="C4" type="c3"/>
      <Atom charge="0.1668" name="C5" type="c3"/>
      <Atom charge="0.0596" name="C6" type="ca"/>
      <Atom charge="-0.075" name="C7" type="ca"/>
      <Atom charge="-0.4681" name="N1" type="ns"/>
      <Atom charge="-0.5815" name="O1" type="o"/>
      <Atom charge="0.1378" name="C8" type="c3"/>
      <Atom charge="-0.7792" name="N2" type="n7"/>
      <Atom charge="-0.159" name="C9" type="ca"/>
      <Atom charge="-0.156" name="C10" type="ca"/>
      <Atom charge="-0.093" name="C11" type="ca"/>
      <Atom charge="0.0627" name="H1" type="hc"/>
      <Atom charge="0.0627" name="H2" type="hc"/>
      <Atom charge="0.0507" name="H3" type="h1"/>
      <Atom charge="0.0507" name="H4" type="h1"/>
      <Atom charge="0.133" name="H5" type="ha"/>
      <Atom charge="0.3365" name="H6" type="hn"/>
      <Atom charge="0.0412" name="H7" type="h1"/>
      <Atom charge="0.0412" name="H8" type="h1"/>
      <Atom charge="0.3478" name="H9" type="hn"/>
      <Atom charge="0.133" name="H11" type="ha"/>
      <Atom charge="0.135" name="H12" type="ha"/>
      <Atom charge="0.136" name="H13" type="ha"/>
      <Bond atomName1="N2" atomName2="C8"/>
      <Bond atomName1="N2" atomName2="C5"/>
      <Bond atomName1="C7" atomName2="C10"/>
      <Bond atomName1="C7" atomName2="C2"/>
      <Bond atomName1="C10" atomName2="C11"/>
      <Bond atomName1="C8" atomName2="C4"/>
      <Bond atomName1="C5" atomName2="C1"/>
      <Bond atomName1="C4" atomName2="C1"/>
      <Bond atomName1="C2" atomName2="C1"/>
      <Bond atomName1="C2" atomName2="C6"/>
      <Bond atomName1="C1" atomName2="C3"/>
      <Bond atomName1="C11" atomName2="C9"/>
      <Bond atomName1="C6" atomName2="C9"/>
      <Bond atomName1="C6" atomName2="N1"/>
      <Bond atomName1="C3" atomName2="O1"/>
      <Bond atomName1="C3" atomName2="N1"/>
      <Bond atomName1="C4" atomName2="H1"/>
      <Bond atomName1="C4" atomName2="H2"/>
      <Bond atomName1="C5" atomName2="H3"/>
      <Bond atomName1="C5" atomName2="H4"/>
      <Bond atomName1="C7" atomName2="H5"/>
      <Bond atomName1="N1" atomName2="H6"/>
      <Bond atomName1="C8" atomName2="H7"/>
      <Bond atomName1="C8" atomName2="H8"/>
      <Bond atomName1="N2" atomName2="H9"/>
      <Bond atomName1="C9" atomName2="H11"/>
      <Bond atomName1="C10" atomName2="H12"/>
      <Bond atomName1="C11" atomName2="H13"/>
    </Residue>
  </Residues>
  <HarmonicBondForce>
    <Bond k="298068.1599999999" length="0.1379" type1="c" type2="ns"/>
    <Bond k="218572.15999999995" length="0.14650000000000002" type1="c3" type2="n7"/>
    <Bond k="263759.3599999999" length="0.1412" type1="ca" type2="ns"/>
    <Bond k="441244.6399999999" length="0.1013" type1="hn" type2="ns"/>
    <Bond k="427855.8399999999" length="0.10189999999999999" type1="hn" type2="n7"/>
  </HarmonicBondForce>
  <HarmonicAngleForce>
    <Angle angle="2.010270232447069" k="705.4224" type1="c3" type2="c" type3="ns"/>
    <Angle angle="1.9380136014145037" k="697.0544" type1="c3" type2="c3" type3="n7"/>
    <Angle angle="2.0977112279719847" k="716.3008" type1="ca" type2="ca" type3="ns"/>
    <Angle angle="2.159146817642185" k="549.7776" type1="c" type2="ns" type3="ca"/>
    <Angle angle="2.051634535719334" k="407.52160000000003" type1="c" type2="ns" type3="hn"/>
    <Angle angle="1.9608774146156291" k="549.7776" type1="c3" type2="n7" type3="c3"/>
    <Angle angle="1.9074703395046029" k="399.99039999999997" type1="c3" type2="n7" type3="hn"/>
    <Angle angle="2.0245819323134224" k="401.664" type1="ca" type2="ns" type3="hn"/>
    <Angle angle="2.1476276445790226" k="952.2784" type1="ns" type2="c" type3="o"/>
    <Angle angle="1.9177677820913692" k="512.1216000000001" type1="h1" type2="c3" type3="n7"/>
  </HarmonicAngleForce>
  <PeriodicTorsionForce>
    <Proper k1="3.138" k2="2.092" periodicity1="2" periodicity2="3" phase1="3.141592653589793" phase2="0.0" type1="c3" type2="c" type3="ns" type4="ca"/>
    <Proper k1="10.46" periodicity1="2" phase1="3.141592653589793" type1="c3" type2="c" type3="ns" type4="hn"/>
    <Proper k1="0.87864" periodicity1="3" phase1="0.0" type1="c3" type2="c3" type3="c3" type4="n7"/>
    <Proper k1="0.9079280000000001" periodicity1="3" phase1="0.0" type1="c3" type2="c3" type3="n7" type4="hn"/>
    <Proper k1="0.41840000000000005" periodicity1="3" phase1="0.0" type1="ca" type2="c3" type3="c3" type4="n7"/>
    <Proper k1="3.9748" periodicity1="2" phase1="3.141592653589793" type1="ca" type2="ca" type3="ns" type4="c"/>
    <Proper k1="1.8828" periodicity1="2" phase1="3.141592653589793" type1="ca" type2="ca" type3="ns" type4="hn"/>
    <Proper k1="0.0" k2="2.97064" periodicity1="4" periodicity2="2" phase1="3.141592653589793" phase2="3.141592653589793" type1="ns" type2="c" type3="c3" type4="c3"/>
    <Proper k1="0.9414" periodicity1="3" phase1="0.0" type1="h1" type2="c3" type3="n7" type4="c3"/>
    <Proper k1="10.46" periodicity1="2" phase1="3.141592653589793" type1="o" type2="c" type3="ns" type4="ca"/>
    <Proper k1="10.46" k2="8.368" periodicity1="2" periodicity2="1" phase1="3.141592653589793" phase2="0.0" type1="o" type2="c" type3="ns" type4="hn"/>
    <Proper k1="0.41840000000000005" periodicity1="3" phase1="0.0" type1="hc" type2="c3" type3="c3" type4="n7"/>
    <Proper k1="1.2552" periodicity1="3" phase1="0.0" type1="h1" type2="c3" type3="n7" type4="hn"/>
    <Improper k1="43.932" periodicity1="2" phase1="3.141592653589793" type1="c" type2="c3" type3="ns" type4="o"/>
    <Improper k1="4.6024" periodicity1="2" phase1="3.141592653589793" type1="ca" type2="ca" type3="ca" type4="ns"/>
    <Improper k1="4.6024" periodicity1="2" phase1="3.141592653589793" type1="ca" type2="ca" type3="ca" type4="ha"/>
    <Improper k1="4.6024" periodicity1="2" phase1="3.141592653589793" type1="ns" type2="c" type3="ca" type4="hn"/>
  </PeriodicTorsionForce>
</ForceField>
