<ForceField>
  <Info>
    <DateGenerated>2019-07-05</DateGenerated>
  </Info>
  <Residues>
    <Residue name="MC_096">
      <Atom charge="-0.3302" name="S" type="ss"/>
      <Atom charge="0.1207" name="C1" type="c3"/>
      <Atom charge="-0.393" name="N1" type="n"/>
      <Atom charge="0.1281" name="C2" type="ca"/>
      <Atom charge="-0.68" name="N2" type="nb"/>
      <Atom charge="-0.6035" name="O2" type="o"/>
      <Atom charge="-0.176" name="C3" type="ca"/>
      <Atom charge="-0.7336" name="N3" type="n3"/>
      <Atom charge="-0.0753" name="C4" type="ca"/>
      <Atom charge="-0.7336" name="N4" type="n3"/>
      <Atom charge="0.2661" name="C5" type="c3"/>
      <Atom charge="-0.0533" name="C6" type="c3"/>
      <Atom charge="0.6945" name="C7" type="c"/>
      <Atom charge="-0.0647" name="C8" type="ca"/>
      <Atom charge="-0.096" name="C9" type="ca"/>
      <Atom charge="-0.2443" name="C10" type="ca"/>
      <Atom charge="0.4192" name="C11" type="ca"/>
      <Atom charge="0.4332" name="C12" type="ca"/>
      <Atom charge="-0.0843" name="C13" type="ca"/>
      <Atom charge="-0.0411" name="C14" type="c3"/>
      <Atom charge="-0.0884" name="C15" type="c3"/>
      <Atom charge="0.1608" name="C16" type="c3"/>
      <Atom charge="0.1598" name="C17" type="c3"/>
      <Atom charge="0.1638" name="C18" type="c3"/>
      <Atom charge="0.1521" name="C19" type="c3"/>
      <Atom charge="0.1638" name="C20" type="c3"/>
      <Atom charge="0.1598" name="C21" type="c3"/>
      <Atom charge="-0.137" name="C22" type="ca"/>
      <Atom charge="0.0971" name="C23" type="ca"/>
      <Atom charge="0.046033" name="H1" type="h1"/>
      <Atom charge="0.046033" name="H1A" type="h1"/>
      <Atom charge="0.046033" name="H1B" type="h1"/>
      <Atom charge="0.151" name="H3" type="ha"/>
      <Atom charge="0.418" name="HO3" type="ho"/>
      <Atom charge="0.0947" name="H5" type="h2"/>
      <Atom charge="0.1062" name="H6" type="h1"/>
      <Atom charge="0.1062" name="H6A" type="h1"/>
      <Atom charge="0.147" name="H9" type="ha"/>
      <Atom charge="0.142" name="H10" type="ha"/>
      <Atom charge="0.0261" name="H11" type="h4"/>
      <Atom charge="0.0301" name="H12" type="h4"/>
      <Atom charge="0.0552" name="H14" type="hc"/>
      <Atom charge="0.0552" name="H14A" type="hc"/>
      <Atom charge="0.0512" name="H15" type="hc"/>
      <Atom charge="0.0512" name="H15A" type="hc"/>
      <Atom charge="0.0372" name="H16" type="h1"/>
      <Atom charge="0.0372" name="H16A" type="h1"/>
      <Atom charge="0.0422" name="H17" type="h1"/>
      <Atom charge="0.0422" name="H17A" type="h1"/>
      <Atom charge="0.04045" name="H18" type="h1"/>
      <Atom charge="0.04045" name="H18A" type="h1"/>
      <Atom charge="0.0327" name="H19" type="h1"/>
      <Atom charge="0.0327" name="H19A" type="h1"/>
      <Atom charge="0.0327" name="H19B" type="h1"/>
      <Atom charge="0.04045" name="H20" type="h1"/>
      <Atom charge="0.04045" name="H20A" type="h1"/>
      <Atom charge="0.0422" name="H21" type="h1"/>
      <Atom charge="0.0422" name="H21A" type="h1"/>
      <Atom charge="0.146" name="H22" type="ha"/>
      <Atom charge="-0.3089" name="O1" type="os"/>
      <Atom charge="-0.4991" name="O3" type="oh"/>
      <Bond atomName1="S" atomName2="C6"/>
      <Bond atomName1="S" atomName2="C5"/>
      <Bond atomName1="C1" atomName2="O1"/>
      <Bond atomName1="C1" atomName2="H1"/>
      <Bond atomName1="C1" atomName2="H1A"/>
      <Bond atomName1="C1" atomName2="H1B"/>
      <Bond atomName1="C8" atomName2="N1"/>
      <Bond atomName1="N1" atomName2="C7"/>
      <Bond atomName1="N1" atomName2="C5"/>
      <Bond atomName1="O1" atomName2="C2"/>
      <Bond atomName1="C2" atomName2="C23"/>
      <Bond atomName1="C2" atomName2="C3"/>
      <Bond atomName1="C11" atomName2="N2"/>
      <Bond atomName1="N2" atomName2="C12"/>
      <Bond atomName1="O2" atomName2="C7"/>
      <Bond atomName1="C3" atomName2="C4"/>
      <Bond atomName1="C3" atomName2="H3"/>
      <Bond atomName1="C21" atomName2="N3"/>
      <Bond atomName1="C17" atomName2="N3"/>
      <Bond atomName1="N3" atomName2="C16"/>
      <Bond atomName1="O3" atomName2="C23"/>
      <Bond atomName1="O3" atomName2="HO3"/>
      <Bond atomName1="C4" atomName2="C13"/>
      <Bond atomName1="C4" atomName2="C5"/>
      <Bond atomName1="C19" atomName2="N4"/>
      <Bond atomName1="C18" atomName2="N4"/>
      <Bond atomName1="N4" atomName2="C20"/>
      <Bond atomName1="C5" atomName2="H5"/>
      <Bond atomName1="C7" atomName2="C6"/>
      <Bond atomName1="C6" atomName2="H6"/>
      <Bond atomName1="C6" atomName2="H6A"/>
      <Bond atomName1="C9" atomName2="C8"/>
      <Bond atomName1="C8" atomName2="C12"/>
      <Bond atomName1="C10" atomName2="C9"/>
      <Bond atomName1="C9" atomName2="H9"/>
      <Bond atomName1="C10" atomName2="C11"/>
      <Bond atomName1="C10" atomName2="H10"/>
      <Bond atomName1="C11" atomName2="H11"/>
      <Bond atomName1="C12" atomName2="H12"/>
      <Bond atomName1="C22" atomName2="C13"/>
      <Bond atomName1="C13" atomName2="C14"/>
      <Bond atomName1="C15" atomName2="C14"/>
      <Bond atomName1="C14" atomName2="H14"/>
      <Bond atomName1="C14" atomName2="H14A"/>
      <Bond atomName1="C15" atomName2="C16"/>
      <Bond atomName1="C15" atomName2="H15"/>
      <Bond atomName1="C15" atomName2="H15A"/>
      <Bond atomName1="C16" atomName2="H16"/>
      <Bond atomName1="C16" atomName2="H16A"/>
      <Bond atomName1="C18" atomName2="C17"/>
      <Bond atomName1="C17" atomName2="H17"/>
      <Bond atomName1="C17" atomName2="H17A"/>
      <Bond atomName1="C18" atomName2="H18"/>
      <Bond atomName1="C18" atomName2="H18A"/>
      <Bond atomName1="C19" atomName2="H19"/>
      <Bond atomName1="C19" atomName2="H19A"/>
      <Bond atomName1="C19" atomName2="H19B"/>
      <Bond atomName1="C21" atomName2="C20"/>
      <Bond atomName1="C20" atomName2="H20"/>
      <Bond atomName1="C20" atomName2="H20A"/>
      <Bond atomName1="C21" atomName2="H21"/>
      <Bond atomName1="C21" atomName2="H21A"/>
      <Bond atomName1="C23" atomName2="C22"/>
      <Bond atomName1="C22" atomName2="H22"/>
    </Residue>
  </Residues>
  <HarmonicAngleForce>
    <Angle angle="1.9025834175990188" k="674.4608" type1="n" type2="c3" type3="ss"/>
  </HarmonicAngleForce>
  <PeriodicTorsionForce>
    <Improper k1="4.6024" periodicity1="2" phase1="3.141592653589793" type1="n" type2="c" type3="c3" type4="ca"/>
    <Improper k1="4.6024" periodicity1="2" phase1="3.141592653589793" type1="ca" type2="ca" type3="ca" type4="os"/>
    <Improper k1="4.6024" periodicity1="2" phase1="3.141592653589793" type1="ca" type2="ca" type3="ca" type4="ha"/>
    <Improper k1="43.932" periodicity1="2" phase1="3.141592653589793" type1="c" type2="c3" type3="n" type4="o"/>
    <Improper k1="4.6024" periodicity1="2" phase1="3.141592653589793" type1="ca" type2="ca" type3="ca" type4="n"/>
    <Improper k1="4.6024" periodicity1="2" phase1="3.141592653589793" type1="ca" type2="ca" type3="h4" type4="nb"/>
    <Improper k1="4.6024" periodicity1="2" phase1="3.141592653589793" type1="ca" type2="ca" type3="ca" type4="oh"/>
  </PeriodicTorsionForce>
</ForceField>
