<ForceField>
  <Info>
    <DateGenerated>2019-07-05</DateGenerated>
  </Info>
  <Residues>
    <Residue name="MC_098">
      <Atom charge="0.1115" name="C5" type="c3"/>
      <Atom charge="0.1918" name="C7" type="c3"/>
      <Atom charge="-0.1357" name="C8" type="cx"/>
      <Atom charge="-0.1324" name="C10" type="cx"/>
      <Atom charge="-0.0803" name="C13" type="ca"/>
      <Atom charge="-0.12" name="C15" type="ca"/>
      <Atom charge="0.0991" name="C17" type="ca"/>
      <Atom charge="0.6481" name="C20" type="c"/>
      <Atom charge="0.1331" name="C24" type="c3"/>
      <Atom charge="-0.0621" name="C26" type="c3"/>
      <Atom charge="-0.111" name="C28" type="ca"/>
      <Atom charge="-0.4624" name="N2" type="ns"/>
      <Atom charge="0.6681" name="C3" type="c"/>
      <Atom charge="-0.5451" name="O4" type="o"/>
      <Atom charge="-0.7852" name="N6" type="n7"/>
      <Atom charge="-0.1324" name="C9" type="cx"/>
      <Atom charge="-0.1367" name="C11" type="c3"/>
      <Atom charge="-0.0241" name="C12" type="c3"/>
      <Atom charge="-0.137" name="C14" type="ca"/>
      <Atom charge="-0.156" name="C16" type="ca"/>
      <Atom charge="-0.5251" name="O18" type="oh"/>
      <Atom charge="-0.139" name="C19" type="ca"/>
      <Atom charge="-0.6011" name="O21" type="o"/>
      <Atom charge="-0.5659" name="N22" type="ns"/>
      <Atom charge="0.161" name="C23" type="c3"/>
      <Atom charge="-0.0783" name="C27" type="ca"/>
      <Atom charge="-0.12" name="C29" type="ca"/>
      <Atom charge="-0.131" name="C30" type="ca"/>
      <Atom charge="-0.104" name="C31" type="ca"/>
      <Atom charge="-0.1123" name="C32" type="ca"/>
      <Atom charge="0.0317" name="H5" type="h1"/>
      <Atom charge="0.0377" name="H7" type="h1"/>
      <Atom charge="0.0377" name="H7A" type="h1"/>
      <Atom charge="0.0837" name="H8" type="hc"/>
      <Atom charge="0.07495" name="H10" type="hc"/>
      <Atom charge="0.07495" name="H10A" type="hc"/>
      <Atom charge="0.13" name="H15" type="ha"/>
      <Atom charge="0.0577" name="H24" type="h1"/>
      <Atom charge="0.0672" name="H26" type="hc"/>
      <Atom charge="0.0672" name="H26A" type="hc"/>
      <Atom charge="0.132" name="H28" type="ha"/>
      <Atom charge="0.389" name="HO1" type="ho"/>
      <Atom charge="0.3225" name="HN2" type="hn"/>
      <Atom charge="0.3608" name="HN6" type="hn"/>
      <Atom charge="0.07495" name="H9" type="hc"/>
      <Atom charge="0.07495" name="H9A" type="hc"/>
      <Atom charge="0.0637" name="H11" type="hc"/>
      <Atom charge="0.0872" name="H12" type="hc"/>
      <Atom charge="0.0872" name="H12A" type="hc"/>
      <Atom charge="0.129" name="H14" type="ha"/>
      <Atom charge="0.137" name="H16" type="ha"/>
      <Atom charge="0.42" name="HO18" type="ho"/>
      <Atom charge="0.164" name="H19" type="ha"/>
      <Atom charge="0.3345" name="HN22" type="hn"/>
      <Atom charge="0.1107" name="H23" type="h1"/>
      <Atom charge="0.133" name="H29" type="ha"/>
      <Atom charge="0.131" name="H30" type="ha"/>
      <Atom charge="0.116" name="H31" type="ha"/>
      <Atom charge="-0.6028" name="O25" type="oh"/>
      <Atom charge="-0.3541" name="O1" type="oh"/>
      <Atom charge="0.411" name="HO25" type="ho"/>
      <Bond atomName1="C5" atomName2="C3"/>
      <Bond atomName1="C5" atomName2="N6"/>
      <Bond atomName1="C5" atomName2="C11"/>
      <Bond atomName1="C7" atomName2="C8"/>
      <Bond atomName1="C7" atomName2="N6"/>
      <Bond atomName1="C8" atomName2="C10"/>
      <Bond atomName1="C8" atomName2="C9"/>
      <Bond atomName1="C10" atomName2="C9"/>
      <Bond atomName1="C13" atomName2="C12"/>
      <Bond atomName1="C13" atomName2="C14"/>
      <Bond atomName1="C13" atomName2="C19"/>
      <Bond atomName1="C15" atomName2="C14"/>
      <Bond atomName1="C15" atomName2="C16"/>
      <Bond atomName1="C17" atomName2="C16"/>
      <Bond atomName1="C17" atomName2="O18"/>
      <Bond atomName1="C17" atomName2="C19"/>
      <Bond atomName1="C20" atomName2="C11"/>
      <Bond atomName1="C20" atomName2="O21"/>
      <Bond atomName1="C20" atomName2="N22"/>
      <Bond atomName1="C24" atomName2="C26"/>
      <Bond atomName1="C24" atomName2="C23"/>
      <Bond atomName1="C24" atomName2="O25"/>
      <Bond atomName1="C26" atomName2="C27"/>
      <Bond atomName1="C28" atomName2="C27"/>
      <Bond atomName1="C28" atomName2="C29"/>
      <Bond atomName1="O1" atomName2="N2"/>
      <Bond atomName1="N2" atomName2="C3"/>
      <Bond atomName1="C3" atomName2="O4"/>
      <Bond atomName1="C11" atomName2="C12"/>
      <Bond atomName1="N22" atomName2="C23"/>
      <Bond atomName1="C23" atomName2="C32"/>
      <Bond atomName1="C27" atomName2="C32"/>
      <Bond atomName1="C29" atomName2="C30"/>
      <Bond atomName1="C30" atomName2="C31"/>
      <Bond atomName1="C31" atomName2="C32"/>
      <Bond atomName1="C5" atomName2="H5"/>
      <Bond atomName1="C7" atomName2="H7"/>
      <Bond atomName1="C7" atomName2="H7A"/>
      <Bond atomName1="C8" atomName2="H8"/>
      <Bond atomName1="C10" atomName2="H10"/>
      <Bond atomName1="C10" atomName2="H10A"/>
      <Bond atomName1="C15" atomName2="H15"/>
      <Bond atomName1="C24" atomName2="H24"/>
      <Bond atomName1="C26" atomName2="H26"/>
      <Bond atomName1="C26" atomName2="H26A"/>
      <Bond atomName1="C28" atomName2="H28"/>
      <Bond atomName1="O1" atomName2="HO1"/>
      <Bond atomName1="N2" atomName2="HN2"/>
      <Bond atomName1="N6" atomName2="HN6"/>
      <Bond atomName1="C9" atomName2="H9"/>
      <Bond atomName1="C9" atomName2="H9A"/>
      <Bond atomName1="C11" atomName2="H11"/>
      <Bond atomName1="C12" atomName2="H12"/>
      <Bond atomName1="C12" atomName2="H12A"/>
      <Bond atomName1="C14" atomName2="H14"/>
      <Bond atomName1="C16" atomName2="H16"/>
      <Bond atomName1="O18" atomName2="HO18"/>
      <Bond atomName1="C19" atomName2="H19"/>
      <Bond atomName1="N22" atomName2="HN22"/>
      <Bond atomName1="C23" atomName2="H23"/>
      <Bond atomName1="O25" atomName2="HO25"/>
      <Bond atomName1="C29" atomName2="H29"/>
      <Bond atomName1="C30" atomName2="H30"/>
      <Bond atomName1="C31" atomName2="H31"/>
    </Residue>
  </Residues>
  <HarmonicBondForce>
    <Bond k="218572.15999999995" length="0.14650000000000002" type1="c3" type2="n7"/>
    <Bond k="298068.1599999999" length="0.1379" type1="c" type2="ns"/>
    <Bond k="441244.6399999999" length="0.1013" type1="hn" type2="ns"/>
    <Bond k="152130.24" length="0.1406" type1="ns" type2="oh"/>
    <Bond k="427855.8399999999" length="0.10189999999999999" type1="hn" type2="n7"/>
    <Bond k="220747.83999999997" length="0.1462" type1="c3" type2="ns"/>
  </HarmonicBondForce>
  <HarmonicAngleForce>
    <Angle angle="2.010270232447069" k="705.4224" type1="c3" type2="c" type3="ns"/>
    <Angle angle="1.9608774146156291" k="549.7776" type1="c3" type2="n7" type3="c3"/>
    <Angle angle="1.9074703395046029" k="399.99039999999997" type1="c3" type2="n7" type3="hn"/>
    <Angle angle="1.9750145815567832" k="694.544" type1="cx" type2="c3" type3="n7"/>
    <Angle angle="2.1064378742319563" k="546.4304" type1="c" type2="ns" type3="c3"/>
    <Angle angle="2.051634535719334" k="407.52160000000003" type1="c" type2="ns" type3="hn"/>
    <Angle angle="1.9479619781508712" k="696.2176000000001" type1="c3" type2="c3" type3="ns"/>
    <Angle angle="2.1476276445790226" k="952.2784" type1="ns" type2="c" type3="o"/>
    <Angle angle="1.7678439993450565" k="534.7152" type1="ho" type2="oh" type3="ns"/>
    <Angle angle="1.939758930666498" k="700.4016" type1="c" type2="c3" type3="n7"/>
    <Angle angle="2.0160298189786503" k="713.7904" type1="c" type2="ns" type3="oh"/>
    <Angle angle="1.9380136014145037" k="697.0544" type1="c3" type2="c3" type3="n7"/>
    <Angle angle="1.9177677820913692" k="512.1216000000001" type1="h1" type2="c3" type3="n7"/>
    <Angle angle="1.9614010133912274" k="698.7280000000001" type1="ca" type2="c3" type3="ns"/>
    <Angle angle="1.900314489571426" k="514.6320000000001" type1="h1" type2="c3" type3="ns"/>
    <Angle angle="2.053903463746927" k="385.76480000000004" type1="c3" type2="ns" type3="hn"/>
    <Angle angle="1.9327776136585204" k="516.3056" type1="hn" type2="ns" type3="oh"/>
  </HarmonicAngleForce>
  <PeriodicTorsionForce>
    <Proper k1="10.46" periodicity1="2" phase1="3.141592653589793" type1="c3" type2="c" type3="ns" type4="hn"/>
    <Proper k1="10.46" periodicity1="2" phase1="3.141592653589793" type1="c3" type2="c" type3="ns" type4="oh"/>
    <Proper k1="1.2552" periodicity1="3" phase1="0.0" type1="cx" type2="c3" type3="n7" type4="c3"/>
    <Proper k1="0.9414" periodicity1="3" phase1="0.0" type1="h1" type2="c3" type3="n7" type4="c3"/>
    <Proper k1="0.0" k2="2.97064" periodicity1="4" periodicity2="2" phase1="3.141592653589793" phase2="3.141592653589793" type1="ns" type2="c" type3="c3" type4="c3"/>
    <Proper k1="1.2552" periodicity1="3" phase1="0.0" type1="c" type2="c3" type3="n7" type4="c3"/>
    <Proper k1="1.2552" periodicity1="3" phase1="0.0" type1="cx" type2="c3" type3="n7" type4="hn"/>
    <Proper k1="0.87864" periodicity1="3" phase1="0.0" type1="n7" type2="c3" type3="cx" type4="cx"/>
    <Proper k1="0.33472" periodicity1="3" phase1="0.0" type1="h1" type2="c3" type3="cx" type4="cx"/>
    <Proper k1="0.41840000000000005" k2="0.7112800000000001" k3="4.26768" periodicity1="4" periodicity2="3" periodicity3="1" phase1="3.141592653589793" phase2="0.0" phase3="3.141592653589793" type1="c3" type2="c3" type3="ns" type4="c"/>
    <Proper k1="0.0" periodicity1="2" phase1="0.0" type1="ca" type2="c3" type3="ns" type4="c"/>
    <Proper k1="0.0" periodicity1="2" phase1="3.141592653589793" type1="h1" type2="c3" type3="ns" type4="c"/>
    <Proper k1="0.0" periodicity1="2" phase1="0.0" type1="c3" type2="c3" type3="ns" type4="hn"/>
    <Proper k1="0.41840000000000005" periodicity1="3" phase1="0.0" type1="c3" type2="c3" type3="c3" type4="ns"/>
    <Proper k1="1.2552" periodicity1="3" phase1="0.0" type1="c" type2="c3" type3="n7" type4="hn"/>
    <Proper k1="6.276" periodicity1="2" phase1="0.0" type1="c" type2="ns" type3="oh" type4="ho"/>
    <Proper k1="10.46" k2="8.368" periodicity1="2" periodicity2="1" phase1="3.141592653589793" phase2="0.0" type1="o" type2="c" type3="ns" type4="hn"/>
    <Proper k1="10.46" periodicity1="2" phase1="3.141592653589793" type1="o" type2="c" type3="ns" type4="oh"/>
    <Proper k1="0.87864" periodicity1="3" phase1="0.0" type1="c3" type2="c3" type3="c3" type4="n7"/>
    <Proper k1="0.41840000000000005" periodicity1="3" phase1="0.0" type1="hc" type2="c3" type3="c3" type4="n7"/>
    <Proper k1="0.41840000000000005" periodicity1="3" phase1="0.0" type1="n7" type2="c3" type3="cx" type4="hc"/>
    <Proper k1="0.9079280000000001" periodicity1="3" phase1="0.0" type1="c3" type2="c3" type3="n7" type4="hn"/>
    <Proper k1="1.0878400000000001" k2="2.092" periodicity1="2" periodicity2="1" phase1="3.141592653589793" phase2="0.0" type1="c3" type2="c" type3="ns" type4="c3"/>
    <Proper k1="10.46" periodicity1="2" phase1="3.141592653589793" type1="o" type2="c" type3="ns" type4="c3"/>
    <Proper k1="0.42258400000000007" periodicity1="3" phase1="0.0" type1="ns" type2="c3" type3="c3" type4="oh"/>
    <Proper k1="0.0" periodicity1="2" phase1="0.0" type1="ca" type2="c3" type3="ns" type4="hn"/>
    <Proper k1="1.2552" periodicity1="3" phase1="0.0" type1="h1" type2="c3" type3="n7" type4="hn"/>
    <Proper k1="0.50208" periodicity1="3" phase1="0.0" type1="h1" type2="c3" type3="cx" type4="hc"/>
    <Proper k1="6.276" periodicity1="2" phase1="0.0" type1="hn" type2="ns" type3="oh" type4="ho"/>
    <Proper k1="0.0" periodicity1="2" phase1="0.0" type1="h1" type2="c3" type3="ns" type4="hn"/>
    <Improper k1="4.6024" periodicity1="2" phase1="3.141592653589793" type1="ca" type2="ca" type3="ca" type4="ha"/>
    <Improper k1="4.6024" periodicity1="2" phase1="3.141592653589793" type1="ca" type2="ca" type3="ca" type4="oh"/>
    <Improper k1="43.932" periodicity1="2" phase1="3.141592653589793" type1="c" type2="c3" type3="ns" type4="o"/>
    <Improper k1="4.6024" periodicity1="2" phase1="3.141592653589793" type1="ns" type2="c" type3="hn" type4="oh"/>
    <Improper k1="4.6024" periodicity1="2" phase1="3.141592653589793" type1="ns" type2="c" type3="c3" type4="hn"/>
  </PeriodicTorsionForce>
</ForceField>
