<ForceField>
  <Info>
    <DateGenerated>2019-07-05</DateGenerated>
  </Info>
  <Residues>
    <Residue name="MC_09C">
      <Atom charge="0.7045" name="C1" type="c"/>
      <Atom charge="-0.8232" name="N1" type="n7"/>
      <Atom charge="-0.6375" name="O1" type="o"/>
      <Atom charge="0.1807" name="C2" type="c3"/>
      <Atom charge="-0.5779" name="N2" type="ns"/>
      <Atom charge="-0.1784" name="N3" type="na"/>
      <Atom charge="-0.1814" name="N4" type="na"/>
      <Atom charge="-0.13" name="C3" type="ca"/>
      <Atom charge="-0.134" name="C4" type="ca"/>
      <Atom charge="-0.082" name="C5" type="ca"/>
      <Atom charge="-0.066" name="C6" type="ca"/>
      <Atom charge="-0.0671" name="C7" type="cc"/>
      <Atom charge="-0.0641" name="C8" type="cc"/>
      <Atom charge="-0.113" name="C9" type="ca"/>
      <Atom charge="-0.118" name="C10" type="ca"/>
      <Atom charge="0.116" name="C11" type="c3"/>
      <Atom charge="0.2297" name="C12" type="c3"/>
      <Atom charge="0.0011" name="C13" type="ca"/>
      <Atom charge="0.0021" name="C14" type="ca"/>
      <Atom charge="-0.1744" name="C15" type="cd"/>
      <Atom charge="-0.1534" name="C16" type="cd"/>
      <Atom charge="-0.0402" name="C17" type="ca"/>
      <Atom charge="-0.0422" name="C18" type="ca"/>
      <Atom charge="-0.0878" name="C19" type="ca"/>
      <Atom charge="-0.0698" name="C20" type="ca"/>
      <Atom charge="0.0577" name="HA" type="h1"/>
      <Atom charge="0.143" name="HAE" type="ha"/>
      <Atom charge="0.136" name="HAF" type="ha"/>
      <Atom charge="0.14" name="HAG" type="ha"/>
      <Atom charge="0.18" name="HAH" type="h4"/>
      <Atom charge="0.177" name="HAI" type="h4"/>
      <Atom charge="0.141" name="HAJ" type="ha"/>
      <Atom charge="0.138" name="HAK" type="ha"/>
      <Atom charge="0.0512" name="H1AL" type="h1"/>
      <Atom charge="0.0512" name="H2AL" type="h1"/>
      <Atom charge="0.3658" name="H12" type="hn"/>
      <Atom charge="0.3275" name="H13" type="hn"/>
      <Atom charge="0.3017" name="H14" type="hn"/>
      <Atom charge="0.2987" name="H15" type="hn"/>
      <Atom charge="0.0427" name="H16" type="h1"/>
      <Atom charge="0.145" name="HAD" type="ha"/>
      <Atom charge="-0.0931" name="Br1" type="br"/>
      <Atom charge="-0.1011" name="Br2" type="br"/>
      <Bond atomName1="C1" atomName2="C2"/>
      <Bond atomName1="C1" atomName2="O1"/>
      <Bond atomName1="N1" atomName2="C2"/>
      <Bond atomName1="C2" atomName2="C16"/>
      <Bond atomName1="C2" atomName2="HA"/>
      <Bond atomName1="N2" atomName2="C1"/>
      <Bond atomName1="N3" atomName2="C7"/>
      <Bond atomName1="N4" atomName2="C18"/>
      <Bond atomName1="Br1" atomName2="C13"/>
      <Bond atomName1="C3" atomName2="C5"/>
      <Bond atomName1="C3" atomName2="HAD"/>
      <Bond atomName1="C4" atomName2="HAE"/>
      <Bond atomName1="C5" atomName2="C19"/>
      <Bond atomName1="C5" atomName2="HAF"/>
      <Bond atomName1="C6" atomName2="C4"/>
      <Bond atomName1="C6" atomName2="HAG"/>
      <Bond atomName1="C7" atomName2="HAH"/>
      <Bond atomName1="C8" atomName2="N4"/>
      <Bond atomName1="C8" atomName2="C16"/>
      <Bond atomName1="C8" atomName2="HAI"/>
      <Bond atomName1="C9" atomName2="C17"/>
      <Bond atomName1="C9" atomName2="HAJ"/>
      <Bond atomName1="C10" atomName2="C14"/>
      <Bond atomName1="C10" atomName2="HAK"/>
      <Bond atomName1="C11" atomName2="C12"/>
      <Bond atomName1="C11" atomName2="N2"/>
      <Bond atomName1="C11" atomName2="H1AL"/>
      <Bond atomName1="C11" atomName2="H2AL"/>
      <Bond atomName1="C12" atomName2="N1"/>
      <Bond atomName1="C13" atomName2="C3"/>
      <Bond atomName1="C13" atomName2="C9"/>
      <Bond atomName1="C14" atomName2="C4"/>
      <Bond atomName1="C14" atomName2="Br2"/>
      <Bond atomName1="C15" atomName2="C7"/>
      <Bond atomName1="C15" atomName2="C12"/>
      <Bond atomName1="C16" atomName2="C20"/>
      <Bond atomName1="C17" atomName2="C19"/>
      <Bond atomName1="C17" atomName2="N3"/>
      <Bond atomName1="C18" atomName2="C20"/>
      <Bond atomName1="C18" atomName2="C10"/>
      <Bond atomName1="C19" atomName2="C15"/>
      <Bond atomName1="C20" atomName2="C6"/>
      <Bond atomName1="N1" atomName2="H12"/>
      <Bond atomName1="N2" atomName2="H13"/>
      <Bond atomName1="N3" atomName2="H14"/>
      <Bond atomName1="N4" atomName2="H15"/>
      <Bond atomName1="C12" atomName2="H16"/>
    </Residue>
  </Residues>
  <HarmonicBondForce>
    <Bond k="298068.1599999999" length="0.1379" type1="c" type2="ns"/>
    <Bond k="218572.15999999995" length="0.14650000000000002" type1="c3" type2="n7"/>
    <Bond k="427855.8399999999" length="0.10189999999999999" type1="hn" type2="n7"/>
    <Bond k="220747.83999999997" length="0.1462" type1="c3" type2="ns"/>
    <Bond k="441244.6399999999" length="0.1013" type1="hn" type2="ns"/>
  </HarmonicBondForce>
  <HarmonicAngleForce>
    <Angle angle="1.939758930666498" k="700.4016" type1="c" type2="c3" type3="n7"/>
    <Angle angle="2.1064378742319563" k="546.4304" type1="c" type2="ns" type3="c3"/>
    <Angle angle="2.051634535719334" k="407.52160000000003" type1="c" type2="ns" type3="hn"/>
    <Angle angle="1.9388862660405008" k="706.2592000000001" type1="cd" type2="c3" type3="n7"/>
    <Angle angle="1.9177677820913692" k="512.1216000000001" type1="h1" type2="c3" type3="n7"/>
    <Angle angle="1.9380136014145037" k="697.0544" type1="c3" type2="c3" type3="n7"/>
    <Angle angle="2.1476276445790226" k="952.2784" type1="ns" type2="c" type3="o"/>
    <Angle angle="2.010270232447069" k="705.4224" type1="c3" type2="c" type3="ns"/>
    <Angle angle="1.9608774146156291" k="549.7776" type1="c3" type2="n7" type3="c3"/>
    <Angle angle="1.9074703395046029" k="399.99039999999997" type1="c3" type2="n7" type3="hn"/>
    <Angle angle="1.9479619781508712" k="696.2176000000001" type1="c3" type2="c3" type3="ns"/>
    <Angle angle="1.900314489571426" k="514.6320000000001" type1="h1" type2="c3" type3="ns"/>
    <Angle angle="2.053903463746927" k="385.76480000000004" type1="c3" type2="ns" type3="hn"/>
  </HarmonicAngleForce>
  <PeriodicTorsionForce>
    <Proper k1="1.2552" periodicity1="3" phase1="0.0" type1="c" type2="c3" type3="n7" type4="c3"/>
    <Proper k1="1.2552" periodicity1="3" phase1="0.0" type1="c" type2="c3" type3="n7" type4="hn"/>
    <Proper k1="0.41840000000000005" k2="0.7112800000000001" k3="4.26768" periodicity1="4" periodicity2="3" periodicity3="1" phase1="3.141592653589793" phase2="0.0" phase3="3.141592653589793" type1="c3" type2="c3" type3="ns" type4="c"/>
    <Proper k1="0.0" periodicity1="2" phase1="3.141592653589793" type1="h1" type2="c3" type3="ns" type4="c"/>
    <Proper k1="10.46" periodicity1="2" phase1="3.141592653589793" type1="o" type2="c" type3="ns" type4="c3"/>
    <Proper k1="10.46" k2="8.368" periodicity1="2" periodicity2="1" phase1="3.141592653589793" phase2="0.0" type1="o" type2="c" type3="ns" type4="hn"/>
    <Proper k1="1.0878400000000001" k2="2.092" periodicity1="2" periodicity2="1" phase1="3.141592653589793" phase2="0.0" type1="c3" type2="c" type3="ns" type4="c3"/>
    <Proper k1="10.46" periodicity1="2" phase1="3.141592653589793" type1="c3" type2="c" type3="ns" type4="hn"/>
    <Proper k1="1.2552" periodicity1="3" phase1="0.0" type1="cd" type2="c3" type3="n7" type4="c3"/>
    <Proper k1="0.9414" periodicity1="3" phase1="0.0" type1="h1" type2="c3" type3="n7" type4="c3"/>
    <Proper k1="2.25936" periodicity1="2" phase1="3.141592653589793" type1="ca" type2="ca" type3="cd" type4="c3"/>
    <Proper k1="2.11292" periodicity1="2" phase1="3.141592653589793" type1="ca" type2="ca" type3="cd" type4="cc"/>
    <Proper k1="0.9079280000000001" periodicity1="3" phase1="0.0" type1="c3" type2="c3" type3="n7" type4="hn"/>
    <Proper k1="0.0" periodicity1="2" phase1="0.0" type1="c3" type2="c3" type3="ns" type4="hn"/>
    <Proper k1="1.2552" periodicity1="3" phase1="0.0" type1="cd" type2="c3" type3="n7" type4="hn"/>
    <Proper k1="1.2552" periodicity1="3" phase1="0.0" type1="h1" type2="c3" type3="n7" type4="hn"/>
    <Proper k1="0.0" periodicity1="2" phase1="0.0" type1="h1" type2="c3" type3="ns" type4="hn"/>
    <Improper k1="43.932" periodicity1="2" phase1="3.141592653589793" type1="c" type2="c3" type3="ns" type4="o"/>
    <Improper k1="4.6024" periodicity1="2" phase1="3.141592653589793" type1="ns" type2="c" type3="c3" type4="hn"/>
    <Improper k1="4.6024" periodicity1="2" phase1="3.141592653589793" type1="na" type2="ca" type3="cc" type4="hn"/>
    <Improper k1="4.6024" periodicity1="2" phase1="3.141592653589793" type1="ca" type2="ca" type3="ca" type4="ha"/>
    <Improper k1="4.6024" periodicity1="2" phase1="3.141592653589793" type1="cc" type2="cd" type3="h4" type4="na"/>
    <Improper k1="4.6024" periodicity1="2" phase1="3.141592653589793" type1="cd" type2="c3" type3="ca" type4="cc"/>
    <Improper k1="4.6024" periodicity1="2" phase1="3.141592653589793" type1="ca" type2="ca" type3="ca" type4="na"/>
    <Improper k1="4.6024" periodicity1="2" phase1="3.141592653589793" type1="ca" type2="ca" type3="ca" type4="cd"/>
  </PeriodicTorsionForce>
</ForceField>
