<ForceField>
  <Info>
    <DateGenerated>2019-07-05</DateGenerated>
  </Info>
  <Residues>
    <Residue name="MC_09E">
      <Atom charge="-0.1483" name="C1" type="ca"/>
      <Atom charge="-0.1057" name="C2" type="c3"/>
      <Atom charge="-0.075" name="C3" type="ca"/>
      <Atom charge="-0.0454" name="C4" type="c3"/>
      <Atom charge="-0.154" name="C5" type="ca"/>
      <Atom charge="-0.157" name="C6" type="ca"/>
      <Atom charge="0.1055" name="C7" type="c3"/>
      <Atom charge="-0.089" name="C8" type="ca"/>
      <Atom charge="0.6251" name="C9" type="c"/>
      <Atom charge="-0.7562" name="N1" type="n7"/>
      <Atom charge="-0.499" name="O1" type="o"/>
      <Atom charge="0.1708" name="C10" type="c3"/>
      <Atom charge="0.7205" name="C11" type="c"/>
      <Atom charge="-0.5725" name="O2" type="o"/>
      <Atom charge="-0.4661" name="N2" type="ns"/>
      <Atom charge="0.0606" name="C12" type="ca"/>
      <Atom charge="0.1824" name="C13" type="c3"/>
      <Atom charge="-0.0644" name="C14" type="c3"/>
      <Atom charge="-0.4239" name="O3" type="os"/>
      <Atom charge="-0.1986" name="C15" type="c3"/>
      <Atom charge="1.1843" name="S1" type="sy"/>
      <Atom charge="-0.2515" name="C16" type="ca"/>
      <Atom charge="-0.0183" name="C17" type="ca"/>
      <Atom charge="-0.107" name="C18" type="ca"/>
      <Atom charge="0.0291" name="C19" type="ca"/>
      <Atom charge="-0.114" name="C20" type="ca"/>
      <Atom charge="-0.024" name="C21" type="ca"/>
      <Atom charge="-0.0821" name="Br1" type="br"/>
      <Atom charge="-0.6083" name="O4" type="o"/>
      <Atom charge="-0.6083" name="O5" type="o"/>
      <Atom charge="0.132" name="H1" type="ha"/>
      <Atom charge="0.0727" name="H2" type="hc"/>
      <Atom charge="0.0727" name="H3" type="hc"/>
      <Atom charge="0.138" name="H4" type="ha"/>
      <Atom charge="0.135" name="H5" type="ha"/>
      <Atom charge="0.0537" name="H6" type="h1"/>
      <Atom charge="0.138" name="H7" type="ha"/>
      <Atom charge="0.3588" name="H8" type="hn"/>
      <Atom charge="0.0582" name="H10" type="h1"/>
      <Atom charge="0.0582" name="H11" type="h1"/>
      <Atom charge="0.3395" name="H12" type="hn"/>
      <Atom charge="0.0937" name="H13" type="h1"/>
      <Atom charge="0.0772" name="H15" type="hc"/>
      <Atom charge="0.1112" name="H16" type="h1"/>
      <Atom charge="0.1112" name="H17" type="h1"/>
      <Atom charge="0.153" name="H18" type="ha"/>
      <Atom charge="0.153" name="H19" type="ha"/>
      <Atom charge="0.153" name="H20" type="ha"/>
      <Atom charge="0.0772" name="H14" type="hc"/>
      <Bond atomName1="N1" atomName2="C7"/>
      <Bond atomName1="N1" atomName2="C10"/>
      <Bond atomName1="C3" atomName2="C5"/>
      <Bond atomName1="C3" atomName2="C1"/>
      <Bond atomName1="C5" atomName2="C8"/>
      <Bond atomName1="C7" atomName2="C4"/>
      <Bond atomName1="C7" atomName2="C9"/>
      <Bond atomName1="C10" atomName2="C2"/>
      <Bond atomName1="C8" atomName2="C6"/>
      <Bond atomName1="O1" atomName2="C9"/>
      <Bond atomName1="C4" atomName2="C2"/>
      <Bond atomName1="C1" atomName2="C2"/>
      <Bond atomName1="C1" atomName2="C12"/>
      <Bond atomName1="C9" atomName2="O3"/>
      <Bond atomName1="Br1" atomName2="C19"/>
      <Bond atomName1="C2" atomName2="C11"/>
      <Bond atomName1="O3" atomName2="C13"/>
      <Bond atomName1="C6" atomName2="C12"/>
      <Bond atomName1="C12" atomName2="N2"/>
      <Bond atomName1="C18" atomName2="C19"/>
      <Bond atomName1="C18" atomName2="C17"/>
      <Bond atomName1="C19" atomName2="C20"/>
      <Bond atomName1="C13" atomName2="C17"/>
      <Bond atomName1="C13" atomName2="C14"/>
      <Bond atomName1="C11" atomName2="N2"/>
      <Bond atomName1="C11" atomName2="O2"/>
      <Bond atomName1="C17" atomName2="C16"/>
      <Bond atomName1="C14" atomName2="C15"/>
      <Bond atomName1="C20" atomName2="C21"/>
      <Bond atomName1="C16" atomName2="C21"/>
      <Bond atomName1="C16" atomName2="S1"/>
      <Bond atomName1="C15" atomName2="S1"/>
      <Bond atomName1="S1" atomName2="O4"/>
      <Bond atomName1="S1" atomName2="O5"/>
      <Bond atomName1="C3" atomName2="H1"/>
      <Bond atomName1="C4" atomName2="H2"/>
      <Bond atomName1="C4" atomName2="H3"/>
      <Bond atomName1="C5" atomName2="H4"/>
      <Bond atomName1="C6" atomName2="H5"/>
      <Bond atomName1="C7" atomName2="H6"/>
      <Bond atomName1="C8" atomName2="H7"/>
      <Bond atomName1="N1" atomName2="H8"/>
      <Bond atomName1="C10" atomName2="H10"/>
      <Bond atomName1="C10" atomName2="H11"/>
      <Bond atomName1="N2" atomName2="H12"/>
      <Bond atomName1="C13" atomName2="H13"/>
      <Bond atomName1="C14" atomName2="H14"/>
      <Bond atomName1="C14" atomName2="H15"/>
      <Bond atomName1="C15" atomName2="H16"/>
      <Bond atomName1="C15" atomName2="H17"/>
      <Bond atomName1="C18" atomName2="H18"/>
      <Bond atomName1="C20" atomName2="H19"/>
      <Bond atomName1="C21" atomName2="H20"/>
    </Residue>
  </Residues>
  <HarmonicBondForce>
    <Bond k="218572.15999999995" length="0.14650000000000002" type1="c3" type2="n7"/>
    <Bond k="427855.8399999999" length="0.10189999999999999" type1="hn" type2="n7"/>
    <Bond k="298068.1599999999" length="0.1379" type1="c" type2="ns"/>
    <Bond k="263759.3599999999" length="0.1412" type1="ca" type2="ns"/>
    <Bond k="441244.6399999999" length="0.1013" type1="hn" type2="ns"/>
  </HarmonicBondForce>
  <HarmonicAngleForce>
    <Angle angle="2.0977112279719847" k="716.3008" type1="ca" type2="ca" type3="ns"/>
    <Angle angle="1.9380136014145037" k="697.0544" type1="c3" type2="c3" type3="n7"/>
    <Angle angle="2.010270232447069" k="705.4224" type1="c3" type2="c" type3="ns"/>
    <Angle angle="1.9608774146156291" k="549.7776" type1="c3" type2="n7" type3="c3"/>
    <Angle angle="1.9074703395046029" k="399.99039999999997" type1="c3" type2="n7" type3="hn"/>
    <Angle angle="1.939758930666498" k="700.4016" type1="c" type2="c3" type3="n7"/>
    <Angle angle="1.9177677820913692" k="512.1216000000001" type1="h1" type2="c3" type3="n7"/>
    <Angle angle="2.159146817642185" k="549.7776" type1="c" type2="ns" type3="ca"/>
    <Angle angle="2.051634535719334" k="407.52160000000003" type1="c" type2="ns" type3="hn"/>
    <Angle angle="2.1476276445790226" k="952.2784" type1="ns" type2="c" type3="o"/>
    <Angle angle="2.0245819323134224" k="401.664" type1="ca" type2="ns" type3="hn"/>
  </HarmonicAngleForce>
  <PeriodicTorsionForce>
    <Proper k1="0.41840000000000005" periodicity1="3" phase1="0.0" type1="ca" type2="c3" type3="c3" type4="n7"/>
    <Proper k1="3.9748" periodicity1="2" phase1="3.141592653589793" type1="ca" type2="ca" type3="ns" type4="c"/>
    <Proper k1="1.8828" periodicity1="2" phase1="3.141592653589793" type1="ca" type2="ca" type3="ns" type4="hn"/>
    <Proper k1="0.87864" periodicity1="3" phase1="0.0" type1="c3" type2="c3" type3="c3" type4="n7"/>
    <Proper k1="0.9079280000000001" periodicity1="3" phase1="0.0" type1="c3" type2="c3" type3="n7" type4="hn"/>
    <Proper k1="3.138" k2="2.092" periodicity1="2" periodicity2="3" phase1="3.141592653589793" phase2="0.0" type1="c3" type2="c" type3="ns" type4="ca"/>
    <Proper k1="10.46" periodicity1="2" phase1="3.141592653589793" type1="c3" type2="c" type3="ns" type4="hn"/>
    <Proper k1="0.0" k2="2.97064" periodicity1="4" periodicity2="2" phase1="3.141592653589793" phase2="3.141592653589793" type1="ns" type2="c" type3="c3" type4="c3"/>
    <Proper k1="0.9414" periodicity1="3" phase1="0.0" type1="h1" type2="c3" type3="n7" type4="c3"/>
    <Proper k1="1.2552" periodicity1="3" phase1="0.0" type1="c" type2="c3" type3="n7" type4="c3"/>
    <Proper k1="1.2552" periodicity1="3" phase1="0.0" type1="c" type2="c3" type3="n7" type4="hn"/>
    <Proper k1="0.41840000000000005" periodicity1="3" phase1="0.0" type1="hc" type2="c3" type3="c3" type4="n7"/>
    <Proper k1="10.46" periodicity1="2" phase1="3.141592653589793" type1="o" type2="c" type3="ns" type4="ca"/>
    <Proper k1="10.46" k2="8.368" periodicity1="2" periodicity2="1" phase1="3.141592653589793" phase2="0.0" type1="o" type2="c" type3="ns" type4="hn"/>
    <Proper k1="1.2552" periodicity1="3" phase1="0.0" type1="h1" type2="c3" type3="n7" type4="hn"/>
    <Improper k1="4.6024" periodicity1="2" phase1="3.141592653589793" type1="ca" type2="ca" type3="ca" type4="ha"/>
    <Improper k1="4.6024" periodicity1="2" phase1="3.141592653589793" type1="c" type2="c3" type3="o" type4="os"/>
    <Improper k1="43.932" periodicity1="2" phase1="3.141592653589793" type1="c" type2="c3" type3="ns" type4="o"/>
    <Improper k1="4.6024" periodicity1="2" phase1="3.141592653589793" type1="ns" type2="c" type3="ca" type4="hn"/>
    <Improper k1="4.6024" periodicity1="2" phase1="3.141592653589793" type1="ca" type2="ca" type3="ca" type4="ns"/>
    <Improper k1="4.6024" periodicity1="2" phase1="3.141592653589793" type1="ca" type2="ca" type3="ca" type4="sy"/>
  </PeriodicTorsionForce>
</ForceField>
