<ForceField>
  <Info>
    <DateGenerated>2019-07-05</DateGenerated>
  </Info>
  <Residues>
    <Residue name="MC_09F">
      <Atom charge="0.1927" name="C24" type="c1"/>
      <Atom charge="-0.153" name="C5" type="ca"/>
      <Atom charge="-0.104" name="C8" type="ca"/>
      <Atom charge="-0.055" name="C3" type="ca"/>
      <Atom charge="-0.177" name="C6" type="ca"/>
      <Atom charge="-0.1773" name="C1" type="ca"/>
      <Atom charge="0.0646" name="C17" type="ca"/>
      <Atom charge="0.7435" name="C14" type="c"/>
      <Atom charge="0.5881" name="C9" type="c"/>
      <Atom charge="-0.0744" name="C21" type="c3"/>
      <Atom charge="-0.1024" name="C20" type="c3"/>
      <Atom charge="-0.1024" name="C22" type="c3"/>
      <Atom charge="-0.0874" name="C19" type="c3"/>
      <Atom charge="-0.0874" name="C23" type="c3"/>
      <Atom charge="-0.1114" name="C4" type="c3"/>
      <Atom charge="-0.2742" name="C13" type="c3"/>
      <Atom charge="0.1395" name="C7" type="c3"/>
      <Atom charge="0.2099" name="C18" type="c3"/>
      <Atom charge="0.0293" name="C2" type="c3"/>
      <Atom charge="-0.3278" name="N25" type="n1"/>
      <Atom charge="-0.5341" name="N16" type="ns"/>
      <Atom charge="-0.7302" name="N10" type="n7"/>
      <Atom charge="-0.598" name="O12" type="o"/>
      <Atom charge="-0.3449" name="O11" type="os"/>
      <Atom charge="0.143" name="H1" type="ha"/>
      <Atom charge="0.134" name="H2" type="ha"/>
      <Atom charge="0.128" name="H3" type="ha"/>
      <Atom charge="0.131" name="H4" type="ha"/>
      <Atom charge="0.0422" name="H5" type="hc"/>
      <Atom charge="0.0422" name="H6" type="hc"/>
      <Atom charge="0.0587" name="H7" type="hc"/>
      <Atom charge="0.0587" name="H8" type="hc"/>
      <Atom charge="0.0587" name="H9" type="hc"/>
      <Atom charge="0.0587" name="H10" type="hc"/>
      <Atom charge="0.0852" name="H11" type="hc"/>
      <Atom charge="0.0852" name="H12" type="hc"/>
      <Atom charge="0.0852" name="H13" type="hc"/>
      <Atom charge="0.0852" name="H14" type="hc"/>
      <Atom charge="0.0777" name="H15" type="hc"/>
      <Atom charge="0.0777" name="H16" type="hc"/>
      <Atom charge="0.2097" name="H17" type="h1"/>
      <Atom charge="0.2097" name="H18" type="h1"/>
      <Atom charge="0.1197" name="H19" type="h1"/>
      <Atom charge="0.3595" name="H20" type="hn"/>
      <Atom charge="0.4018" name="H21" type="hn"/>
      <Atom charge="-0.5795" name="O15" type="o"/>
      <Bond atomName1="N10" atomName2="C7"/>
      <Bond atomName1="N10" atomName2="C13"/>
      <Bond atomName1="C3" atomName2="C5"/>
      <Bond atomName1="C3" atomName2="C1"/>
      <Bond atomName1="C5" atomName2="C8"/>
      <Bond atomName1="C7" atomName2="C4"/>
      <Bond atomName1="C7" atomName2="C9"/>
      <Bond atomName1="C13" atomName2="C2"/>
      <Bond atomName1="C4" atomName2="C2"/>
      <Bond atomName1="C1" atomName2="C2"/>
      <Bond atomName1="C1" atomName2="C17"/>
      <Bond atomName1="C2" atomName2="C14"/>
      <Bond atomName1="C8" atomName2="C6"/>
      <Bond atomName1="C9" atomName2="O11"/>
      <Bond atomName1="C9" atomName2="O12"/>
      <Bond atomName1="O11" atomName2="C18"/>
      <Bond atomName1="C23" atomName2="C18"/>
      <Bond atomName1="C23" atomName2="C22"/>
      <Bond atomName1="C17" atomName2="C6"/>
      <Bond atomName1="C17" atomName2="N16"/>
      <Bond atomName1="C18" atomName2="C19"/>
      <Bond atomName1="C18" atomName2="C24"/>
      <Bond atomName1="C14" atomName2="N16"/>
      <Bond atomName1="C14" atomName2="O15"/>
      <Bond atomName1="C19" atomName2="C20"/>
      <Bond atomName1="C22" atomName2="C21"/>
      <Bond atomName1="C21" atomName2="C20"/>
      <Bond atomName1="C24" atomName2="N25"/>
      <Bond atomName1="C5" atomName2="H1"/>
      <Bond atomName1="C8" atomName2="H2"/>
      <Bond atomName1="C3" atomName2="H3"/>
      <Bond atomName1="C6" atomName2="H4"/>
      <Bond atomName1="C21" atomName2="H5"/>
      <Bond atomName1="C21" atomName2="H6"/>
      <Bond atomName1="C20" atomName2="H7"/>
      <Bond atomName1="C20" atomName2="H8"/>
      <Bond atomName1="C22" atomName2="H9"/>
      <Bond atomName1="C22" atomName2="H10"/>
      <Bond atomName1="C19" atomName2="H11"/>
      <Bond atomName1="C19" atomName2="H12"/>
      <Bond atomName1="C23" atomName2="H13"/>
      <Bond atomName1="C23" atomName2="H14"/>
      <Bond atomName1="C4" atomName2="H15"/>
      <Bond atomName1="C4" atomName2="H16"/>
      <Bond atomName1="C13" atomName2="H17"/>
      <Bond atomName1="C13" atomName2="H18"/>
      <Bond atomName1="C7" atomName2="H19"/>
      <Bond atomName1="N16" atomName2="H20"/>
      <Bond atomName1="N10" atomName2="H21"/>
    </Residue>
  </Residues>
  <HarmonicBondForce>
    <Bond k="263759.3599999999" length="0.1412" type1="ca" type2="ns"/>
    <Bond k="298068.1599999999" length="0.1379" type1="c" type2="ns"/>
    <Bond k="218572.15999999995" length="0.14650000000000002" type1="c3" type2="n7"/>
    <Bond k="441244.6399999999" length="0.1013" type1="hn" type2="ns"/>
    <Bond k="427855.8399999999" length="0.10189999999999999" type1="hn" type2="n7"/>
  </HarmonicBondForce>
  <HarmonicAngleForce>
    <Angle angle="2.0977112279719847" k="716.3008" type1="ca" type2="ca" type3="ns"/>
    <Angle angle="2.159146817642185" k="549.7776" type1="c" type2="ns" type3="ca"/>
    <Angle angle="2.0245819323134224" k="401.664" type1="ca" type2="ns" type3="hn"/>
    <Angle angle="2.051634535719334" k="407.52160000000003" type1="c" type2="ns" type3="hn"/>
    <Angle angle="1.939758930666498" k="700.4016" type1="c" type2="c3" type3="n7"/>
    <Angle angle="1.9380136014145037" k="697.0544" type1="c3" type2="c3" type3="n7"/>
    <Angle angle="1.9608774146156291" k="549.7776" type1="c3" type2="n7" type3="c3"/>
    <Angle angle="1.9074703395046029" k="399.99039999999997" type1="c3" type2="n7" type3="hn"/>
    <Angle angle="2.010270232447069" k="705.4224" type1="c3" type2="c" type3="ns"/>
    <Angle angle="2.1476276445790226" k="952.2784" type1="ns" type2="c" type3="o"/>
    <Angle angle="1.9177677820913692" k="512.1216000000001" type1="h1" type2="c3" type3="n7"/>
  </HarmonicAngleForce>
  <PeriodicTorsionForce>
    <Proper k1="3.9748" periodicity1="2" phase1="3.141592653589793" type1="ca" type2="ca" type3="ns" type4="c"/>
    <Proper k1="1.8828" periodicity1="2" phase1="3.141592653589793" type1="ca" type2="ca" type3="ns" type4="hn"/>
    <Proper k1="0.41840000000000005" periodicity1="3" phase1="0.0" type1="ca" type2="c3" type3="c3" type4="n7"/>
    <Proper k1="3.138" k2="2.092" periodicity1="2" periodicity2="3" phase1="3.141592653589793" phase2="0.0" type1="c3" type2="c" type3="ns" type4="ca"/>
    <Proper k1="10.46" periodicity1="2" phase1="3.141592653589793" type1="o" type2="c" type3="ns" type4="ca"/>
    <Proper k1="1.2552" periodicity1="3" phase1="0.0" type1="c" type2="c3" type3="n7" type4="c3"/>
    <Proper k1="1.2552" periodicity1="3" phase1="0.0" type1="c" type2="c3" type3="n7" type4="hn"/>
    <Proper k1="0.9079280000000001" periodicity1="3" phase1="0.0" type1="c3" type2="c3" type3="n7" type4="hn"/>
    <Proper k1="0.0" k2="2.97064" periodicity1="4" periodicity2="2" phase1="3.141592653589793" phase2="3.141592653589793" type1="ns" type2="c" type3="c3" type4="c3"/>
    <Proper k1="0.87864" periodicity1="3" phase1="0.0" type1="c3" type2="c3" type3="c3" type4="n7"/>
    <Proper k1="0.9414" periodicity1="3" phase1="0.0" type1="h1" type2="c3" type3="n7" type4="c3"/>
    <Proper k1="10.46" periodicity1="2" phase1="3.141592653589793" type1="c3" type2="c" type3="ns" type4="hn"/>
    <Proper k1="0.41840000000000005" periodicity1="3" phase1="0.0" type1="hc" type2="c3" type3="c3" type4="n7"/>
    <Proper k1="1.2552" periodicity1="3" phase1="0.0" type1="h1" type2="c3" type3="n7" type4="hn"/>
    <Proper k1="10.46" k2="8.368" periodicity1="2" periodicity2="1" phase1="3.141592653589793" phase2="0.0" type1="o" type2="c" type3="ns" type4="hn"/>
    <Improper k1="4.6024" periodicity1="2" phase1="3.141592653589793" type1="ca" type2="ca" type3="ca" type4="ha"/>
    <Improper k1="4.6024" periodicity1="2" phase1="3.141592653589793" type1="ca" type2="ca" type3="ca" type4="ns"/>
    <Improper k1="43.932" periodicity1="2" phase1="3.141592653589793" type1="c" type2="c3" type3="ns" type4="o"/>
    <Improper k1="43.932" periodicity1="2" phase1="3.141592653589793" type1="c" type2="c3" type3="o" type4="os"/>
    <Improper k1="4.6024" periodicity1="2" phase1="3.141592653589793" type1="ns" type2="c" type3="ca" type4="hn"/>
  </PeriodicTorsionForce>
</ForceField>
