<ForceField>
  <Info>
    <DateGenerated>2019-07-05</DateGenerated>
  </Info>
  <Residues>
    <Residue name="MC_09J">
      <Atom charge="-0.1579" name="C23" type="cx"/>
      <Atom charge="-0.1579" name="C24" type="cx"/>
      <Atom charge="0.0607" name="C22" type="cx"/>
      <Atom charge="-0.5519" name="N5" type="ns"/>
      <Atom charge="0.6807" name="C21" type="c"/>
      <Atom charge="-0.6041" name="O2" type="o"/>
      <Atom charge="-0.1536" name="C11" type="ca"/>
      <Atom charge="-0.03" name="C10" type="ca"/>
      <Atom charge="-0.093" name="C12" type="ca"/>
      <Atom charge="-0.139" name="C13" type="ca"/>
      <Atom charge="-0.0343" name="C14" type="ca"/>
      <Atom charge="-0.0548" name="C20" type="c3"/>
      <Atom charge="-0.0598" name="C9" type="ca"/>
      <Atom charge="-0.1114" name="C4" type="cc"/>
      <Atom charge="-0.1338" name="C5" type="cd"/>
      <Atom charge="0.7107" name="C3" type="c"/>
      <Atom charge="-0.5995" name="O1" type="o"/>
      <Atom charge="-0.3561" name="N4" type="n"/>
      <Atom charge="0.097" name="C7" type="c3"/>
      <Atom charge="-0.1211" name="C8" type="c3"/>
      <Atom charge="-0.1663" name="N3" type="na"/>
      <Atom charge="0.3893" name="C1" type="cd"/>
      <Atom charge="-0.315" name="N1" type="nc"/>
      <Atom charge="-0.303" name="N2" type="nd"/>
      <Atom charge="0.418" name="C2" type="cc"/>
      <Atom charge="-0.1615" name="C6" type="ca"/>
      <Atom charge="0.0824" name="C15" type="ca"/>
      <Atom charge="-0.0654" name="Cl1" type="cl"/>
      <Atom charge="-0.142" name="C16" type="ca"/>
      <Atom charge="-0.077" name="C17" type="ca"/>
      <Atom charge="-0.173" name="C18" type="ca"/>
      <Atom charge="0.1649" name="C19" type="ca"/>
      <Atom charge="-0.1229" name="F1" type="f"/>
      <Atom charge="0.07745" name="H1" type="hc"/>
      <Atom charge="0.07745" name="H2" type="hc"/>
      <Atom charge="0.07745" name="H3" type="hc"/>
      <Atom charge="0.07745" name="H4" type="hc"/>
      <Atom charge="0.1257" name="H5" type="h1"/>
      <Atom charge="0.3175" name="H6" type="hn"/>
      <Atom charge="0.165" name="H7" type="ha"/>
      <Atom charge="0.125" name="H8" type="ha"/>
      <Atom charge="0.138" name="H9" type="ha"/>
      <Atom charge="0.050367" name="H10" type="hc"/>
      <Atom charge="0.050367" name="H11" type="hc"/>
      <Atom charge="0.050367" name="H12" type="hc"/>
      <Atom charge="0.176" name="H13" type="ha"/>
      <Atom charge="0.0782" name="H14" type="h1"/>
      <Atom charge="0.0782" name="H15" type="h1"/>
      <Atom charge="0.052033" name="H16" type="hc"/>
      <Atom charge="0.052033" name="H17" type="hc"/>
      <Atom charge="0.052033" name="H18" type="hc"/>
      <Atom charge="0.157" name="H19" type="ha"/>
      <Atom charge="0.149" name="H20" type="ha"/>
      <Atom charge="0.157" name="H21" type="ha"/>
      <Bond atomName1="C8" atomName2="C7"/>
      <Bond atomName1="F1" atomName2="C19"/>
      <Bond atomName1="C18" atomName2="C19"/>
      <Bond atomName1="C18" atomName2="C17"/>
      <Bond atomName1="C19" atomName2="C6"/>
      <Bond atomName1="C17" atomName2="C16"/>
      <Bond atomName1="C20" atomName2="C14"/>
      <Bond atomName1="C7" atomName2="N4"/>
      <Bond atomName1="O1" atomName2="C3"/>
      <Bond atomName1="N4" atomName2="C3"/>
      <Bond atomName1="N4" atomName2="N3"/>
      <Bond atomName1="C6" atomName2="C2"/>
      <Bond atomName1="C6" atomName2="C15"/>
      <Bond atomName1="C16" atomName2="C15"/>
      <Bond atomName1="C3" atomName2="C4"/>
      <Bond atomName1="C14" atomName2="C13"/>
      <Bond atomName1="C14" atomName2="C9"/>
      <Bond atomName1="N3" atomName2="C2"/>
      <Bond atomName1="N3" atomName2="C1"/>
      <Bond atomName1="C2" atomName2="N2"/>
      <Bond atomName1="C13" atomName2="C12"/>
      <Bond atomName1="C15" atomName2="Cl1"/>
      <Bond atomName1="C4" atomName2="C9"/>
      <Bond atomName1="C4" atomName2="C5"/>
      <Bond atomName1="C9" atomName2="C10"/>
      <Bond atomName1="C1" atomName2="C5"/>
      <Bond atomName1="C1" atomName2="N1"/>
      <Bond atomName1="N2" atomName2="N1"/>
      <Bond atomName1="C12" atomName2="C11"/>
      <Bond atomName1="C10" atomName2="C11"/>
      <Bond atomName1="C11" atomName2="C21"/>
      <Bond atomName1="C21" atomName2="N5"/>
      <Bond atomName1="C21" atomName2="O2"/>
      <Bond atomName1="N5" atomName2="C22"/>
      <Bond atomName1="C22" atomName2="C23"/>
      <Bond atomName1="C22" atomName2="C24"/>
      <Bond atomName1="C23" atomName2="C24"/>
      <Bond atomName1="C23" atomName2="H1"/>
      <Bond atomName1="C23" atomName2="H2"/>
      <Bond atomName1="C24" atomName2="H3"/>
      <Bond atomName1="C24" atomName2="H4"/>
      <Bond atomName1="C22" atomName2="H5"/>
      <Bond atomName1="N5" atomName2="H6"/>
      <Bond atomName1="C10" atomName2="H7"/>
      <Bond atomName1="C12" atomName2="H8"/>
      <Bond atomName1="C13" atomName2="H9"/>
      <Bond atomName1="C20" atomName2="H10"/>
      <Bond atomName1="C20" atomName2="H11"/>
      <Bond atomName1="C20" atomName2="H12"/>
      <Bond atomName1="C5" atomName2="H13"/>
      <Bond atomName1="C7" atomName2="H14"/>
      <Bond atomName1="C7" atomName2="H15"/>
      <Bond atomName1="C8" atomName2="H16"/>
      <Bond atomName1="C8" atomName2="H17"/>
      <Bond atomName1="C8" atomName2="H18"/>
      <Bond atomName1="C16" atomName2="H19"/>
      <Bond atomName1="C17" atomName2="H20"/>
      <Bond atomName1="C18" atomName2="H21"/>
    </Residue>
  </Residues>
  <HarmonicBondForce>
    <Bond k="243676.15999999995" length="0.1434" type1="cx" type2="ns"/>
    <Bond k="298068.1599999999" length="0.1379" type1="c" type2="ns"/>
    <Bond k="441244.6399999999" length="0.1013" type1="hn" type2="ns"/>
  </HarmonicBondForce>
  <HarmonicAngleForce>
    <Angle angle="2.077290875723651" k="687.0128" type1="cx" type2="cx" type3="ns"/>
    <Angle angle="2.1319196813110737" k="548.9408" type1="c" type2="ns" type3="cx"/>
    <Angle angle="2.067167966062084" k="391.62239999999997" type1="cx" type2="ns" type3="hn"/>
    <Angle angle="1.994213203328721" k="511.2848" type1="h1" type2="cx" type3="ns"/>
    <Angle angle="2.1476276445790226" k="952.2784" type1="ns" type2="c" type3="o"/>
    <Angle angle="2.011491962923465" k="714.6272000000001" type1="ca" type2="c" type3="ns"/>
    <Angle angle="2.051634535719334" k="407.52160000000003" type1="c" type2="ns" type3="hn"/>
    <Angle angle="2.051809068644534" k="687.0128" type1="c3" type2="n" type3="na"/>
    <Angle angle="1.895776633516241" k="767.3456000000001" type1="cd" type2="nc" type3="nd"/>
    <Angle angle="1.895776633516241" k="767.3456000000001" type1="cc" type2="nd" type3="nc"/>
  </HarmonicAngleForce>
  <PeriodicTorsionForce>
    <Proper k1="0.0" periodicity1="2" phase1="0.0" type1="cx" type2="cx" type3="ns" type4="c"/>
    <Proper k1="0.0" periodicity1="2" phase1="0.0" type1="cx" type2="cx" type3="ns" type4="hn"/>
    <Proper k1="10.46" periodicity1="2" phase1="3.141592653589793" type1="o" type2="c" type3="ns" type4="cx"/>
    <Proper k1="10.46" periodicity1="2" phase1="3.141592653589793" type1="ca" type2="c" type3="ns" type4="cx"/>
    <Proper k1="0.0" periodicity1="2" phase1="0.0" type1="h1" type2="cx" type3="ns" type4="c"/>
    <Proper k1="10.46" k2="8.368" periodicity1="2" periodicity2="1" phase1="3.141592653589793" phase2="0.0" type1="o" type2="c" type3="ns" type4="hn"/>
    <Proper k1="10.46" periodicity1="2" phase1="3.141592653589793" type1="ca" type2="c" type3="ns" type4="hn"/>
    <Proper k1="2.11292" periodicity1="2" phase1="3.141592653589793" type1="ca" type2="ca" type3="cc" type4="cd"/>
    <Proper k1="2.11292" periodicity1="2" phase1="3.141592653589793" type1="ca" type2="ca" type3="cc" type4="c"/>
    <Proper k1="2.9288" periodicity1="2" phase1="3.141592653589793" type1="ca" type2="ca" type3="cc" type4="na"/>
    <Proper k1="2.9288" periodicity1="2" phase1="3.141592653589793" type1="ca" type2="ca" type3="cc" type4="nd"/>
    <Proper k1="0.0" periodicity1="2" phase1="0.0" type1="h1" type2="cx" type3="ns" type4="hn"/>
    <Improper k1="4.6024" periodicity1="2" phase1="3.141592653589793" type1="ns" type2="c" type3="cx" type4="hn"/>
    <Improper k1="43.932" periodicity1="2" phase1="3.141592653589793" type1="c" type2="ca" type3="ns" type4="o"/>
    <Improper k1="4.6024" periodicity1="2" phase1="3.141592653589793" type1="ca" type2="c" type3="ca" type4="ca"/>
    <Improper k1="4.6024" periodicity1="2" phase1="3.141592653589793" type1="ca" type2="ca" type3="ca" type4="ha"/>
    <Improper k1="4.6024" periodicity1="2" phase1="3.141592653589793" type1="ca" type2="ca" type3="ca" type4="cc"/>
    <Improper k1="4.6024" periodicity1="2" phase1="3.141592653589793" type1="cc" type2="c" type3="ca" type4="cd"/>
    <Improper k1="4.6024" periodicity1="2" phase1="3.141592653589793" type1="cd" type2="cc" type3="cd" type4="ha"/>
    <Improper k1="43.932" periodicity1="2" phase1="3.141592653589793" type1="c" type2="cc" type3="n" type4="o"/>
    <Improper k1="4.6024" periodicity1="2" phase1="3.141592653589793" type1="n" type2="c" type3="c3" type4="na"/>
    <Improper k1="4.6024" periodicity1="2" phase1="3.141592653589793" type1="na" type2="cc" type3="cd" type4="n"/>
    <Improper k1="4.6024" periodicity1="2" phase1="3.141592653589793" type1="cd" type2="cd" type3="na" type4="nc"/>
    <Improper k1="4.6024" periodicity1="2" phase1="3.141592653589793" type1="cc" type2="ca" type3="na" type4="nd"/>
  </PeriodicTorsionForce>
</ForceField>
