<ForceField>
  <Info>
    <DateGenerated>2019-07-05</DateGenerated>
  </Info>
  <Residues>
    <Residue name="MC_09L">
      <Atom charge="-0.1099" name="CAJ" type="cx"/>
      <Atom charge="-0.1099" name="CAK" type="cx"/>
      <Atom charge="-0.2377" name="CAI" type="cx"/>
      <Atom charge="0.7001" name="CAL" type="c"/>
      <Atom charge="-0.6121" name="OAB" type="o"/>
      <Atom charge="-0.4898" name="NAE" type="n"/>
      <Atom charge="0.0875" name="CAM" type="c3"/>
      <Atom charge="0.0835" name="CAO" type="c3"/>
      <Atom charge="0.0875" name="CAN" type="c3"/>
      <Atom charge="0.0835" name="CAP" type="c3"/>
      <Atom charge="-0.4898" name="NAF" type="n"/>
      <Atom charge="0.6807" name="CAQ" type="c"/>
      <Atom charge="-0.5861" name="OAC" type="o"/>
      <Atom charge="-0.1776" name="CAR" type="ca"/>
      <Atom charge="-0.072" name="CAS" type="ca"/>
      <Atom charge="0.1829" name="CAU" type="ca"/>
      <Atom charge="-0.1219" name="FAA" type="f"/>
      <Atom charge="-0.171" name="CAX" type="ca"/>
      <Atom charge="-0.071" name="CAW" type="ca"/>
      <Atom charge="-0.1013" name="CAT" type="ca"/>
      <Atom charge="-0.0444" name="CAV" type="c3"/>
      <Atom charge="0.3869" name="CAY" type="cc"/>
      <Atom charge="-0.1389" name="CAZ" type="ca"/>
      <Atom charge="-0.122" name="CBB" type="ca"/>
      <Atom charge="-0.102" name="CBE" type="ca"/>
      <Atom charge="-0.13" name="CBF" type="ca"/>
      <Atom charge="-0.063" name="CBD" type="ca"/>
      <Atom charge="-0.1326" name="CBA" type="ca"/>
      <Atom charge="0.6821" name="CBC" type="c"/>
      <Atom charge="-0.6305" name="OAD" type="o"/>
      <Atom charge="-0.3059" name="NAH" type="ns"/>
      <Atom charge="-0.4313" name="NAG" type="nd"/>
      <Atom charge="0.0842" name="H1" type="hc"/>
      <Atom charge="0.0842" name="H2" type="hc"/>
      <Atom charge="0.0842" name="H3" type="hc"/>
      <Atom charge="0.0842" name="H4" type="hc"/>
      <Atom charge="0.0887" name="H5" type="hc"/>
      <Atom charge="0.0657" name="H6" type="h1"/>
      <Atom charge="0.0657" name="H7" type="h1"/>
      <Atom charge="0.0667" name="H8" type="h1"/>
      <Atom charge="0.0667" name="H9" type="h1"/>
      <Atom charge="0.0657" name="H10" type="h1"/>
      <Atom charge="0.0657" name="H11" type="h1"/>
      <Atom charge="0.0667" name="H12" type="h1"/>
      <Atom charge="0.0667" name="H13" type="h1"/>
      <Atom charge="0.144" name="H14" type="ha"/>
      <Atom charge="0.152" name="H15" type="ha"/>
      <Atom charge="0.141" name="H16" type="ha"/>
      <Atom charge="0.0677" name="H17" type="hc"/>
      <Atom charge="0.0677" name="H18" type="hc"/>
      <Atom charge="0.136" name="H19" type="ha"/>
      <Atom charge="0.136" name="H20" type="ha"/>
      <Atom charge="0.14" name="H21" type="ha"/>
      <Atom charge="0.162" name="H22" type="ha"/>
      <Atom charge="0.3725" name="H23" type="hn"/>
      <Bond atomName1="CBF" atomName2="CBD"/>
      <Bond atomName1="CBF" atomName2="CBE"/>
      <Bond atomName1="CBD" atomName2="CBA"/>
      <Bond atomName1="OAD" atomName2="CBC"/>
      <Bond atomName1="CBE" atomName2="CBB"/>
      <Bond atomName1="CBA" atomName2="CBC"/>
      <Bond atomName1="CBA" atomName2="CAZ"/>
      <Bond atomName1="CBC" atomName2="NAH"/>
      <Bond atomName1="CBB" atomName2="CAZ"/>
      <Bond atomName1="CAZ" atomName2="CAY"/>
      <Bond atomName1="NAH" atomName2="NAG"/>
      <Bond atomName1="CAY" atomName2="NAG"/>
      <Bond atomName1="CAY" atomName2="CAV"/>
      <Bond atomName1="CAV" atomName2="CAT"/>
      <Bond atomName1="OAC" atomName2="CAQ"/>
      <Bond atomName1="CAS" atomName2="CAT"/>
      <Bond atomName1="CAS" atomName2="CAR"/>
      <Bond atomName1="CAT" atomName2="CAW"/>
      <Bond atomName1="CAQ" atomName2="CAR"/>
      <Bond atomName1="CAQ" atomName2="NAF"/>
      <Bond atomName1="CAO" atomName2="NAF"/>
      <Bond atomName1="CAO" atomName2="CAM"/>
      <Bond atomName1="CAR" atomName2="CAU"/>
      <Bond atomName1="NAF" atomName2="CAP"/>
      <Bond atomName1="CAW" atomName2="CAX"/>
      <Bond atomName1="CAM" atomName2="NAE"/>
      <Bond atomName1="CAP" atomName2="CAN"/>
      <Bond atomName1="CAU" atomName2="CAX"/>
      <Bond atomName1="CAU" atomName2="FAA"/>
      <Bond atomName1="NAE" atomName2="CAN"/>
      <Bond atomName1="NAE" atomName2="CAL"/>
      <Bond atomName1="OAB" atomName2="CAL"/>
      <Bond atomName1="CAL" atomName2="CAI"/>
      <Bond atomName1="CAI" atomName2="CAJ"/>
      <Bond atomName1="CAI" atomName2="CAK"/>
      <Bond atomName1="CAJ" atomName2="CAK"/>
      <Bond atomName1="CAJ" atomName2="H1"/>
      <Bond atomName1="CAJ" atomName2="H2"/>
      <Bond atomName1="CAK" atomName2="H3"/>
      <Bond atomName1="CAK" atomName2="H4"/>
      <Bond atomName1="CAI" atomName2="H5"/>
      <Bond atomName1="CAM" atomName2="H6"/>
      <Bond atomName1="CAM" atomName2="H7"/>
      <Bond atomName1="CAO" atomName2="H8"/>
      <Bond atomName1="CAO" atomName2="H9"/>
      <Bond atomName1="CAN" atomName2="H10"/>
      <Bond atomName1="CAN" atomName2="H11"/>
      <Bond atomName1="CAP" atomName2="H12"/>
      <Bond atomName1="CAP" atomName2="H13"/>
      <Bond atomName1="CAS" atomName2="H14"/>
      <Bond atomName1="CAX" atomName2="H15"/>
      <Bond atomName1="CAW" atomName2="H16"/>
      <Bond atomName1="CAV" atomName2="H17"/>
      <Bond atomName1="CAV" atomName2="H18"/>
      <Bond atomName1="CBB" atomName2="H19"/>
      <Bond atomName1="CBE" atomName2="H20"/>
      <Bond atomName1="CBF" atomName2="H21"/>
      <Bond atomName1="CBD" atomName2="H22"/>
      <Bond atomName1="NAH" atomName2="H23"/>
    </Residue>
  </Residues>
  <HarmonicBondForce>
    <Bond k="298068.1599999999" length="0.1379" type1="c" type2="ns"/>
    <Bond k="247609.11999999994" length="0.136" type1="nd" type2="ns"/>
    <Bond k="441244.6399999999" length="0.1013" type1="hn" type2="ns"/>
  </HarmonicBondForce>
  <HarmonicAngleForce>
    <Angle angle="2.0453513504121545" k="737.2207999999999" type1="cc" type2="nd" type3="ns"/>
    <Angle angle="2.011491962923465" k="714.6272000000001" type1="ca" type2="c" type3="ns"/>
    <Angle angle="2.1792181040401197" k="698.7280000000001" type1="c" type2="ns" type3="nd"/>
    <Angle angle="2.051634535719334" k="407.52160000000003" type1="c" type2="ns" type3="hn"/>
    <Angle angle="2.1476276445790226" k="952.2784" type1="ns" type2="c" type3="o"/>
    <Angle angle="2.014459022651855" k="521.3264" type1="hn" type2="ns" type3="nd"/>
  </HarmonicAngleForce>
  <PeriodicTorsionForce>
    <Proper k1="2.25936" periodicity1="2" phase1="3.141592653589793" type1="ca" type2="ca" type3="cc" type4="c3"/>
    <Proper k1="20.0832" periodicity1="2" phase1="3.141592653589793" type1="cc" type2="nd" type3="ns" type4="c"/>
    <Proper k1="20.0832" periodicity1="2" phase1="3.141592653589793" type1="cc" type2="nd" type3="ns" type4="hn"/>
    <Proper k1="2.9288" periodicity1="2" phase1="3.141592653589793" type1="ca" type2="ca" type3="cc" type4="nd"/>
    <Proper k1="10.46" periodicity1="2" phase1="3.141592653589793" type1="ca" type2="c" type3="ns" type4="nd"/>
    <Proper k1="10.46" periodicity1="2" phase1="3.141592653589793" type1="ca" type2="c" type3="ns" type4="hn"/>
    <Proper k1="10.46" periodicity1="2" phase1="3.141592653589793" type1="o" type2="c" type3="ns" type4="nd"/>
    <Proper k1="10.46" k2="8.368" periodicity1="2" periodicity2="1" phase1="3.141592653589793" phase2="0.0" type1="o" type2="c" type3="ns" type4="hn"/>
    <Improper k1="43.932" periodicity1="2" phase1="3.141592653589793" type1="c" type2="cx" type3="n" type4="o"/>
    <Improper k1="4.6024" periodicity1="2" phase1="3.141592653589793" type1="n" type2="c" type3="c3" type4="c3"/>
    <Improper k1="43.932" periodicity1="2" phase1="3.141592653589793" type1="c" type2="ca" type3="n" type4="o"/>
    <Improper k1="4.6024" periodicity1="2" phase1="3.141592653589793" type1="ca" type2="c" type3="ca" type4="ca"/>
    <Improper k1="4.6024" periodicity1="2" phase1="3.141592653589793" type1="ca" type2="ca" type3="ca" type4="ha"/>
    <Improper k1="4.6024" periodicity1="2" phase1="3.141592653589793" type1="cc" type2="c3" type3="ca" type4="nd"/>
    <Improper k1="4.6024" periodicity1="2" phase1="3.141592653589793" type1="ca" type2="ca" type3="ca" type4="cc"/>
    <Improper k1="43.932" periodicity1="2" phase1="3.141592653589793" type1="c" type2="ca" type3="ns" type4="o"/>
    <Improper k1="4.6024" periodicity1="2" phase1="3.141592653589793" type1="ns" type2="c" type3="hn" type4="nd"/>
  </PeriodicTorsionForce>
</ForceField>
