<ForceField>
  <Info>
    <DateGenerated>2019-07-05</DateGenerated>
  </Info>
  <Residues>
    <Residue name="MC_09M">
      <Atom charge="-0.2115" name="N3" type="n"/>
      <Atom charge="-0.1393" name="C4" type="ca"/>
      <Atom charge="-0.762" name="N2" type="nu"/>
      <Atom charge="0.6977" name="C7" type="c"/>
      <Atom charge="0.1448" name="C6" type="cc"/>
      <Atom charge="-0.0328" name="C9" type="ca"/>
      <Atom charge="-0.154" name="C13" type="ca"/>
      <Atom charge="-0.2432" name="C8" type="cd"/>
      <Atom charge="0.3486" name="C16" type="ca"/>
      <Atom charge="-0.899833" name="O7" type="o"/>
      <Atom charge="1.1629" name="P" type="p5"/>
      <Atom charge="-0.899833" name="O1" type="o"/>
      <Atom charge="-0.899833" name="O2" type="o"/>
      <Atom charge="-0.5752" name="O3" type="os"/>
      <Atom charge="-0.1356" name="C2" type="ca"/>
      <Atom charge="0.4442" name="C3" type="ca"/>
      <Atom charge="-0.698" name="N1" type="nb"/>
      <Atom charge="-0.1274" name="C17" type="c3"/>
      <Atom charge="-0.0292" name="C15" type="ca"/>
      <Atom charge="-0.5291" name="O6" type="oh"/>
      <Atom charge="0.2871" name="C5" type="c3"/>
      <Atom charge="-0.104" name="C14" type="ca"/>
      <Atom charge="-0.134" name="C12" type="ca"/>
      <Atom charge="-0.15" name="C11" type="ca"/>
      <Atom charge="0.0466" name="C10" type="ca"/>
      <Atom charge="-0.3731" name="O5" type="oh"/>
      <Atom charge="-0.6165" name="O4" type="o"/>
      <Atom charge="0.4598" name="H1" type="hn"/>
      <Atom charge="0.116" name="H2" type="ha"/>
      <Atom charge="0.143" name="H3" type="ha"/>
      <Atom charge="0.0412" name="H6" type="h1"/>
      <Atom charge="0.0412" name="H7" type="h1"/>
      <Atom charge="0.0871" name="H8" type="h4"/>
      <Atom charge="0.035033" name="H9" type="hc"/>
      <Atom charge="0.035033" name="H10" type="hc"/>
      <Atom charge="0.035033" name="H11" type="hc"/>
      <Atom charge="0.403" name="H12" type="ho"/>
      <Atom charge="0.0702" name="H13" type="h1"/>
      <Atom charge="0.0702" name="H14" type="h1"/>
      <Atom charge="0.134" name="H15" type="ha"/>
      <Atom charge="0.116" name="H16" type="ha"/>
      <Atom charge="0.136" name="H17" type="ha"/>
      <Atom charge="0.414" name="H18" type="ho"/>
      <Atom charge="0.2457" name="C1" type="c3"/>
      <Bond atomName1="C17" atomName2="C16"/>
      <Bond atomName1="C16" atomName2="N1"/>
      <Bond atomName1="C16" atomName2="C15"/>
      <Bond atomName1="N1" atomName2="C3"/>
      <Bond atomName1="O6" atomName2="C15"/>
      <Bond atomName1="C15" atomName2="C4"/>
      <Bond atomName1="C3" atomName2="C2"/>
      <Bond atomName1="C4" atomName2="C2"/>
      <Bond atomName1="C4" atomName2="C5"/>
      <Bond atomName1="C2" atomName2="C1"/>
      <Bond atomName1="O3" atomName2="C1"/>
      <Bond atomName1="O3" atomName2="P"/>
      <Bond atomName1="C5" atomName2="N2"/>
      <Bond atomName1="O2" atomName2="P"/>
      <Bond atomName1="N2" atomName2="C6"/>
      <Bond atomName1="O4" atomName2="C7"/>
      <Bond atomName1="P" atomName2="O7"/>
      <Bond atomName1="P" atomName2="O1"/>
      <Bond atomName1="C6" atomName2="C7"/>
      <Bond atomName1="C6" atomName2="C8"/>
      <Bond atomName1="C7" atomName2="N3"/>
      <Bond atomName1="C8" atomName2="C9"/>
      <Bond atomName1="N3" atomName2="O5"/>
      <Bond atomName1="N3" atomName2="C10"/>
      <Bond atomName1="C9" atomName2="C10"/>
      <Bond atomName1="C9" atomName2="C14"/>
      <Bond atomName1="C10" atomName2="C11"/>
      <Bond atomName1="C14" atomName2="C13"/>
      <Bond atomName1="C11" atomName2="C12"/>
      <Bond atomName1="C13" atomName2="C12"/>
      <Bond atomName1="N2" atomName2="H1"/>
      <Bond atomName1="C13" atomName2="H2"/>
      <Bond atomName1="C8" atomName2="H3"/>
      <Bond atomName1="C1" atomName2="H6"/>
      <Bond atomName1="C1" atomName2="H7"/>
      <Bond atomName1="C3" atomName2="H8"/>
      <Bond atomName1="C17" atomName2="H9"/>
      <Bond atomName1="C17" atomName2="H10"/>
      <Bond atomName1="C17" atomName2="H11"/>
      <Bond atomName1="O6" atomName2="H12"/>
      <Bond atomName1="C5" atomName2="H13"/>
      <Bond atomName1="C5" atomName2="H14"/>
      <Bond atomName1="C14" atomName2="H15"/>
      <Bond atomName1="C12" atomName2="H16"/>
      <Bond atomName1="C11" atomName2="H17"/>
      <Bond atomName1="O5" atomName2="H18"/>
    </Residue>
  </Residues>
  <HarmonicBondForce>
    <Bond k="304176.79999999993" length="0.1373" type1="cc" type2="nu"/>
    <Bond k="219074.23999999996" length="0.1464" type1="c3" type2="nu"/>
    <Bond k="443085.5999999999" length="0.10120000000000001" type1="hn" type2="nu"/>
  </HarmonicBondForce>
  <HarmonicAngleForce>
    <Angle angle="1.9441222537964837" k="702.0752000000001" type1="ca" type2="c3" type3="nu"/>
    <Angle angle="2.0684769630010797" k="712.28416" type1="c" type2="cc" type3="nu"/>
    <Angle angle="2.161415745669778" k="722.1584" type1="cd" type2="cc" type3="nu"/>
    <Angle angle="1.9161969857645744" k="512.1216000000001" type1="h1" type2="c3" type3="nu"/>
    <Angle angle="2.0895081804876114" k="548.9408" type1="c3" type2="nu" type3="cc"/>
    <Angle angle="2.0181242140810434" k="412.5424" type1="cc" type2="nu" type3="hn"/>
    <Angle angle="2.0244073993882226" k="388.2752" type1="c3" type2="nu" type3="hn"/>
  </HarmonicAngleForce>
  <PeriodicTorsionForce>
    <Proper k1="0.0" periodicity1="2" phase1="0.0" type1="ca" type2="c3" type3="nu" type4="cc"/>
    <Proper k1="0.0" periodicity1="2" phase1="0.0" type1="ca" type2="c3" type3="nu" type4="hn"/>
    <Proper k1="4.3932" periodicity1="2" phase1="3.141592653589793" type1="c" type2="cc" type3="nu" type4="c3"/>
    <Proper k1="4.3932" periodicity1="2" phase1="3.141592653589793" type1="c" type2="cc" type3="nu" type4="hn"/>
    <Proper k1="0.0" periodicity1="2" phase1="0.0" type1="h1" type2="c3" type3="nu" type4="cc"/>
    <Proper k1="2.11292" periodicity1="2" phase1="3.141592653589793" type1="ca" type2="ca" type3="cd" type4="cc"/>
    <Proper k1="4.3932" periodicity1="2" phase1="3.141592653589793" type1="cd" type2="cc" type3="nu" type4="c3"/>
    <Proper k1="4.3932" periodicity1="2" phase1="3.141592653589793" type1="cd" type2="cc" type3="nu" type4="hn"/>
    <Proper k1="2.9288" periodicity1="2" phase1="3.141592653589793" type1="ca" type2="ca" type3="cd" type4="ha"/>
    <Proper k1="0.0" periodicity1="2" phase1="0.0" type1="h1" type2="c3" type3="nu" type4="hn"/>
    <Improper k1="4.6024" periodicity1="2" phase1="3.141592653589793" type1="n" type2="c" type3="ca" type4="oh"/>
    <Improper k1="4.6024" periodicity1="2" phase1="3.141592653589793" type1="nu" type2="c3" type3="cc" type4="hn"/>
    <Improper k1="43.932" periodicity1="2" phase1="3.141592653589793" type1="c" type2="cc" type3="n" type4="o"/>
    <Improper k1="4.6024" periodicity1="2" phase1="3.141592653589793" type1="cc" type2="c" type3="cd" type4="nu"/>
    <Improper k1="4.6024" periodicity1="2" phase1="3.141592653589793" type1="ca" type2="ca" type3="ca" type4="cd"/>
    <Improper k1="4.6024" periodicity1="2" phase1="3.141592653589793" type1="ca" type2="ca" type3="ca" type4="ha"/>
    <Improper k1="4.6024" periodicity1="2" phase1="3.141592653589793" type1="cd" type2="ca" type3="cc" type4="ha"/>
    <Improper k1="4.6024" periodicity1="2" phase1="3.141592653589793" type1="ca" type2="c3" type3="ca" type4="nb"/>
    <Improper k1="4.6024" periodicity1="2" phase1="3.141592653589793" type1="ca" type2="ca" type3="h4" type4="nb"/>
    <Improper k1="4.6024" periodicity1="2" phase1="3.141592653589793" type1="ca" type2="ca" type3="ca" type4="oh"/>
    <Improper k1="4.6024" periodicity1="2" phase1="3.141592653589793" type1="ca" type2="ca" type3="ca" type4="n"/>
  </PeriodicTorsionForce>
</ForceField>
