<ForceField>
  <Info>
    <DateGenerated>2019-07-05</DateGenerated>
  </Info>
  <Residues>
    <Residue name="MC_09O">
      <Atom charge="0.1678" name="C1" type="c3"/>
      <Atom charge="0.1718" name="C2" type="c3"/>
      <Atom charge="-0.8362" name="N1" type="n7"/>
      <Atom charge="0.1678" name="C3" type="c3"/>
      <Atom charge="-0.0864" name="C4" type="c3"/>
      <Atom charge="0.1628" name="C5" type="c3"/>
      <Atom charge="-0.605" name="N2" type="nh"/>
      <Atom charge="0.3852" name="C6" type="ca"/>
      <Atom charge="-0.667" name="N3" type="nb"/>
      <Atom charge="0.3612" name="C7" type="ca"/>
      <Atom charge="-0.0097" name="C8" type="ca"/>
      <Atom charge="-0.128" name="C9" type="ca"/>
      <Atom charge="-0.2283" name="C10" type="ca"/>
      <Atom charge="0.0527" name="H1" type="h1"/>
      <Atom charge="0.0527" name="H2" type="h1"/>
      <Atom charge="0.0322" name="H3" type="h1"/>
      <Atom charge="0.0322" name="H4" type="h1"/>
      <Atom charge="0.3598" name="H5" type="hn"/>
      <Atom charge="0.0417" name="H7" type="h1"/>
      <Atom charge="0.0417" name="H8" type="h1"/>
      <Atom charge="0.0562" name="H9" type="hc"/>
      <Atom charge="0.0562" name="H10" type="hc"/>
      <Atom charge="0.0442" name="H11" type="h1"/>
      <Atom charge="0.0442" name="H12" type="h1"/>
      <Atom charge="0.0291" name="H14" type="h4"/>
      <Atom charge="0.143" name="H15" type="ha"/>
      <Atom charge="0.137" name="H16" type="ha"/>
      <Atom charge="0.0221" name="H13" type="h4"/>
      <Bond atomName1="C3" atomName2="C4"/>
      <Bond atomName1="C3" atomName2="N1"/>
      <Bond atomName1="C4" atomName2="C5"/>
      <Bond atomName1="N1" atomName2="C2"/>
      <Bond atomName1="C5" atomName2="N2"/>
      <Bond atomName1="C2" atomName2="C1"/>
      <Bond atomName1="N2" atomName2="C1"/>
      <Bond atomName1="N2" atomName2="C8"/>
      <Bond atomName1="C9" atomName2="C8"/>
      <Bond atomName1="C9" atomName2="C10"/>
      <Bond atomName1="C8" atomName2="C7"/>
      <Bond atomName1="C10" atomName2="C6"/>
      <Bond atomName1="C7" atomName2="N3"/>
      <Bond atomName1="C6" atomName2="N3"/>
      <Bond atomName1="C1" atomName2="H1"/>
      <Bond atomName1="C1" atomName2="H2"/>
      <Bond atomName1="C2" atomName2="H3"/>
      <Bond atomName1="C2" atomName2="H4"/>
      <Bond atomName1="N1" atomName2="H5"/>
      <Bond atomName1="C3" atomName2="H7"/>
      <Bond atomName1="C3" atomName2="H8"/>
      <Bond atomName1="C4" atomName2="H9"/>
      <Bond atomName1="C4" atomName2="H10"/>
      <Bond atomName1="C5" atomName2="H11"/>
      <Bond atomName1="C5" atomName2="H12"/>
      <Bond atomName1="C6" atomName2="H13"/>
      <Bond atomName1="C7" atomName2="H14"/>
      <Bond atomName1="C9" atomName2="H15"/>
      <Bond atomName1="C10" atomName2="H16"/>
    </Residue>
  </Residues>
  <HarmonicBondForce>
    <Bond k="218572.15999999995" length="0.14650000000000002" type1="c3" type2="n7"/>
    <Bond k="427855.8399999999" length="0.10189999999999999" type1="hn" type2="n7"/>
  </HarmonicBondForce>
  <HarmonicAngleForce>
    <Angle angle="1.9380136014145037" k="697.0544" type1="c3" type2="c3" type3="n7"/>
    <Angle angle="1.9608774146156291" k="549.7776" type1="c3" type2="n7" type3="c3"/>
    <Angle angle="1.9074703395046029" k="399.99039999999997" type1="c3" type2="n7" type3="hn"/>
    <Angle angle="1.9177677820913692" k="512.1216000000001" type1="h1" type2="c3" type3="n7"/>
  </HarmonicAngleForce>
  <PeriodicTorsionForce>
    <Proper k1="0.9079280000000001" periodicity1="3" phase1="0.0" type1="c3" type2="c3" type3="n7" type4="hn"/>
    <Proper k1="0.9414" periodicity1="3" phase1="0.0" type1="h1" type2="c3" type3="n7" type4="c3"/>
    <Proper k1="0.87864" periodicity1="3" phase1="0.0" type1="c3" type2="c3" type3="c3" type4="n7"/>
    <Proper k1="0.41840000000000005" periodicity1="3" phase1="0.0" type1="hc" type2="c3" type3="c3" type4="n7"/>
    <Proper k1="1.2552" periodicity1="3" phase1="0.0" type1="h1" type2="c3" type3="n7" type4="hn"/>
    <Improper k1="4.6024" periodicity1="2" phase1="3.141592653589793" type1="nh" type2="c3" type3="c3" type4="ca"/>
    <Improper k1="4.6024" periodicity1="2" phase1="3.141592653589793" type1="ca" type2="ca" type3="h4" type4="nb"/>
    <Improper k1="4.6024" periodicity1="2" phase1="3.141592653589793" type1="ca" type2="ca" type3="ca" type4="nh"/>
    <Improper k1="4.6024" periodicity1="2" phase1="3.141592653589793" type1="ca" type2="ca" type3="ca" type4="ha"/>
  </PeriodicTorsionForce>
</ForceField>
