<ForceField>
  <Info>
    <DateGenerated>2019-07-05</DateGenerated>
  </Info>
  <Residues>
    <Residue name="MC_09Q">
      <Atom charge="-0.036" name="C1" type="cp"/>
      <Atom charge="-0.1175" name="C2" type="ca"/>
      <Atom charge="-0.1255" name="C3" type="ca"/>
      <Atom charge="-0.124" name="C4" type="ca"/>
      <Atom charge="-0.1255" name="C5" type="ca"/>
      <Atom charge="-0.1175" name="C6" type="ca"/>
      <Atom charge="0.4282" name="C7" type="ca"/>
      <Atom charge="0.4092" name="C8" type="ca"/>
      <Atom charge="-0.1533" name="C9" type="cp"/>
      <Atom charge="-0.096" name="C10" type="ca"/>
      <Atom charge="-0.0757" name="C11" type="ca"/>
      <Atom charge="0.1378" name="C12" type="c3"/>
      <Atom charge="-0.1264" name="C13" type="c3"/>
      <Atom charge="0.1518" name="C14" type="c3"/>
      <Atom charge="0.1648" name="C15" type="c3"/>
      <Atom charge="0.1368" name="C16" type="c3"/>
      <Atom charge="-0.555" name="N1" type="nh"/>
      <Atom charge="-0.8282" name="N2" type="n7"/>
      <Atom charge="-0.669" name="N3" type="nb"/>
      <Atom charge="0.1325" name="H1" type="ha"/>
      <Atom charge="0.1315" name="H2" type="ha"/>
      <Atom charge="0.131" name="H3" type="ha"/>
      <Atom charge="0.1315" name="H4" type="ha"/>
      <Atom charge="0.1325" name="H5" type="ha"/>
      <Atom charge="0.0291" name="H7" type="h4"/>
      <Atom charge="0.154" name="H8" type="ha"/>
      <Atom charge="0.0397" name="H9" type="h1"/>
      <Atom charge="0.0397" name="H10" type="h1"/>
      <Atom charge="0.0557" name="H11" type="hc"/>
      <Atom charge="0.0557" name="H12" type="hc"/>
      <Atom charge="0.0522" name="H13" type="h1"/>
      <Atom charge="0.0522" name="H14" type="h1"/>
      <Atom charge="0.0472" name="H15" type="h1"/>
      <Atom charge="0.0472" name="H16" type="h1"/>
      <Atom charge="0.0542" name="H17" type="h1"/>
      <Atom charge="0.0542" name="H18" type="h1"/>
      <Atom charge="0.3558" name="H19" type="hn"/>
      <Atom charge="0.0251" name="H6" type="h4"/>
      <Bond atomName1="N2" atomName2="C14"/>
      <Bond atomName1="N2" atomName2="C15"/>
      <Bond atomName1="C14" atomName2="C13"/>
      <Bond atomName1="C13" atomName2="C12"/>
      <Bond atomName1="C15" atomName2="C16"/>
      <Bond atomName1="C3" atomName2="C2"/>
      <Bond atomName1="C3" atomName2="C4"/>
      <Bond atomName1="C2" atomName2="C1"/>
      <Bond atomName1="C16" atomName2="N1"/>
      <Bond atomName1="C12" atomName2="N1"/>
      <Bond atomName1="C4" atomName2="C5"/>
      <Bond atomName1="N1" atomName2="C11"/>
      <Bond atomName1="C10" atomName2="C11"/>
      <Bond atomName1="C10" atomName2="C9"/>
      <Bond atomName1="C11" atomName2="C7"/>
      <Bond atomName1="C1" atomName2="C9"/>
      <Bond atomName1="C1" atomName2="C6"/>
      <Bond atomName1="C9" atomName2="C8"/>
      <Bond atomName1="C7" atomName2="N3"/>
      <Bond atomName1="C5" atomName2="C6"/>
      <Bond atomName1="C8" atomName2="N3"/>
      <Bond atomName1="C2" atomName2="H1"/>
      <Bond atomName1="C3" atomName2="H2"/>
      <Bond atomName1="C4" atomName2="H3"/>
      <Bond atomName1="C5" atomName2="H4"/>
      <Bond atomName1="C6" atomName2="H5"/>
      <Bond atomName1="C7" atomName2="H6"/>
      <Bond atomName1="C8" atomName2="H7"/>
      <Bond atomName1="C10" atomName2="H8"/>
      <Bond atomName1="C12" atomName2="H9"/>
      <Bond atomName1="C12" atomName2="H10"/>
      <Bond atomName1="C13" atomName2="H11"/>
      <Bond atomName1="C13" atomName2="H12"/>
      <Bond atomName1="C14" atomName2="H13"/>
      <Bond atomName1="C14" atomName2="H14"/>
      <Bond atomName1="C15" atomName2="H15"/>
      <Bond atomName1="C15" atomName2="H16"/>
      <Bond atomName1="C16" atomName2="H17"/>
      <Bond atomName1="C16" atomName2="H18"/>
      <Bond atomName1="N2" atomName2="H19"/>
    </Residue>
  </Residues>
  <HarmonicBondForce>
    <Bond k="218572.15999999995" length="0.14650000000000002" type1="c3" type2="n7"/>
    <Bond k="427855.8399999999" length="0.10189999999999999" type1="hn" type2="n7"/>
  </HarmonicBondForce>
  <HarmonicAngleForce>
    <Angle angle="1.9380136014145037" k="697.0544" type1="c3" type2="c3" type3="n7"/>
    <Angle angle="1.9608774146156291" k="549.7776" type1="c3" type2="n7" type3="c3"/>
    <Angle angle="1.9074703395046029" k="399.99039999999997" type1="c3" type2="n7" type3="hn"/>
    <Angle angle="1.9177677820913692" k="512.1216000000001" type1="h1" type2="c3" type3="n7"/>
  </HarmonicAngleForce>
  <PeriodicTorsionForce>
    <Proper k1="0.87864" periodicity1="3" phase1="0.0" type1="c3" type2="c3" type3="c3" type4="n7"/>
    <Proper k1="0.9079280000000001" periodicity1="3" phase1="0.0" type1="c3" type2="c3" type3="n7" type4="hn"/>
    <Proper k1="0.9414" periodicity1="3" phase1="0.0" type1="h1" type2="c3" type3="n7" type4="c3"/>
    <Proper k1="0.41840000000000005" periodicity1="3" phase1="0.0" type1="hc" type2="c3" type3="c3" type4="n7"/>
    <Proper k1="1.2552" periodicity1="3" phase1="0.0" type1="h1" type2="c3" type3="n7" type4="hn"/>
    <Improper k1="4.6024" periodicity1="2" phase1="3.141592653589793" type1="cp" type2="ca" type3="ca" type4="cp"/>
    <Improper k1="4.6024" periodicity1="2" phase1="3.141592653589793" type1="ca" type2="ca" type3="cp" type4="ha"/>
    <Improper k1="4.6024" periodicity1="2" phase1="3.141592653589793" type1="ca" type2="ca" type3="ca" type4="ha"/>
    <Improper k1="4.6024" periodicity1="2" phase1="3.141592653589793" type1="ca" type2="ca" type3="h4" type4="nb"/>
    <Improper k1="4.6024" periodicity1="2" phase1="3.141592653589793" type1="ca" type2="cp" type3="h4" type4="nb"/>
    <Improper k1="4.6024" periodicity1="2" phase1="3.141592653589793" type1="ca" type2="ca" type3="ca" type4="nh"/>
    <Improper k1="4.6024" periodicity1="2" phase1="3.141592653589793" type1="nh" type2="c3" type3="c3" type4="ca"/>
  </PeriodicTorsionForce>
</ForceField>
