<ForceField>
  <Info>
    <DateGenerated>2019-07-05</DateGenerated>
  </Info>
  <Residues>
    <Residue name="MC_09V">
      <Atom charge="-0.6078" name="O1" type="oh"/>
      <Atom charge="0.1754" name="C1" type="c3"/>
      <Atom charge="-0.1317" name="C2" type="cx"/>
      <Atom charge="-0.1369" name="C3" type="cx"/>
      <Atom charge="-0.1369" name="C4" type="cx"/>
      <Atom charge="0.401" name="H1" type="ho"/>
      <Atom charge="0.0222" name="H2" type="h1"/>
      <Atom charge="0.0222" name="H3" type="h1"/>
      <Atom charge="0.0957" name="H4" type="hc"/>
      <Atom charge="0.0742" name="H5" type="hc"/>
      <Atom charge="0.0742" name="H6" type="hc"/>
      <Atom charge="0.0742" name="H7" type="hc"/>
      <Atom charge="0.0742" name="H8" type="hc"/>
      <Bond atomName1="O1" atomName2="C1"/>
      <Bond atomName1="C1" atomName2="C2"/>
      <Bond atomName1="C4" atomName2="C2"/>
      <Bond atomName1="C4" atomName2="C3"/>
      <Bond atomName1="C2" atomName2="C3"/>
      <Bond atomName1="O1" atomName2="H1"/>
      <Bond atomName1="C1" atomName2="H2"/>
      <Bond atomName1="C1" atomName2="H3"/>
      <Bond atomName1="C2" atomName2="H4"/>
      <Bond atomName1="C3" atomName2="H5"/>
      <Bond atomName1="C3" atomName2="H6"/>
      <Bond atomName1="C4" atomName2="H7"/>
      <Bond atomName1="C4" atomName2="H8"/>
    </Residue>
  </Residues>
  <PeriodicTorsionForce>
    <Proper k1="0.87864" periodicity1="3" phase1="0.0" type1="oh" type2="c3" type3="cx" type4="cx"/>
    <Proper k1="0.75312" k2="2.13384" periodicity1="3" periodicity2="1" phase1="0.0" phase2="0.0" type1="oh" type2="c3" type3="cx" type4="hc"/>
    <Proper k1="0.33472" periodicity1="3" phase1="0.0" type1="h1" type2="c3" type3="cx" type4="cx"/>
    <Proper k1="0.50208" periodicity1="3" phase1="0.0" type1="h1" type2="c3" type3="cx" type4="hc"/>
  </PeriodicTorsionForce>
</ForceField>
