<ForceField>
  <Info>
    <DateGenerated>2019-07-05</DateGenerated>
  </Info>
  <Residues>
    <Residue name="MC_09Z">
      <Atom charge="-0.1091" name="C1" type="c3"/>
      <Atom charge="0.2365" name="C2" type="c3"/>
      <Atom charge="-0.1091" name="C3" type="c3"/>
      <Atom charge="-0.8789" name="N4" type="nu"/>
      <Atom charge="0.7533" name="C5" type="cc"/>
      <Atom charge="-0.815" name="N6" type="nd"/>
      <Atom charge="0.7722" name="C7" type="cd"/>
      <Atom charge="-0.329" name="C8" type="cc"/>
      <Atom charge="-0.2263" name="S9" type="ss"/>
      <Atom charge="-1.0355" name="N10" type="nv"/>
      <Atom charge="0.6383" name="C11" type="c"/>
      <Atom charge="-0.2859" name="C12" type="ca"/>
      <Atom charge="-0.073" name="C13" type="ca"/>
      <Atom charge="-0.2633" name="C14" type="ca"/>
      <Atom charge="0.4362" name="C15" type="ca"/>
      <Atom charge="-0.697" name="N16" type="nb"/>
      <Atom charge="0.4702" name="C17" type="ca"/>
      <Atom charge="-0.5401" name="O18" type="o"/>
      <Atom charge="0.044533" name="H1" type="hc"/>
      <Atom charge="0.044533" name="H1A" type="hc"/>
      <Atom charge="0.044533" name="H1B" type="hc"/>
      <Atom charge="0.0847" name="H2" type="h1"/>
      <Atom charge="0.044533" name="H3" type="hc"/>
      <Atom charge="0.044533" name="H3A" type="hc"/>
      <Atom charge="0.044533" name="H3B" type="hc"/>
      <Atom charge="0.4528" name="HN4" type="hn"/>
      <Atom charge="0.4473" name="HN10" type="hn"/>
      <Atom charge="0.4473" name="HN1A" type="hn"/>
      <Atom charge="0.15" name="H13" type="ha"/>
      <Atom charge="0.139" name="H14" type="ha"/>
      <Atom charge="0.0231" name="H15" type="h4"/>
      <Atom charge="0.0431" name="H17" type="h4"/>
      <Bond atomName1="C1" atomName2="C2"/>
      <Bond atomName1="C2" atomName2="C3"/>
      <Bond atomName1="C2" atomName2="N4"/>
      <Bond atomName1="N4" atomName2="C5"/>
      <Bond atomName1="C5" atomName2="N6"/>
      <Bond atomName1="C5" atomName2="S9"/>
      <Bond atomName1="N6" atomName2="C7"/>
      <Bond atomName1="C7" atomName2="C8"/>
      <Bond atomName1="C7" atomName2="N10"/>
      <Bond atomName1="C8" atomName2="S9"/>
      <Bond atomName1="C8" atomName2="C11"/>
      <Bond atomName1="C11" atomName2="C12"/>
      <Bond atomName1="C11" atomName2="O18"/>
      <Bond atomName1="C12" atomName2="C13"/>
      <Bond atomName1="C12" atomName2="C17"/>
      <Bond atomName1="C13" atomName2="C14"/>
      <Bond atomName1="C14" atomName2="C15"/>
      <Bond atomName1="C15" atomName2="N16"/>
      <Bond atomName1="N16" atomName2="C17"/>
      <Bond atomName1="C1" atomName2="H1"/>
      <Bond atomName1="C1" atomName2="H1A"/>
      <Bond atomName1="C1" atomName2="H1B"/>
      <Bond atomName1="C2" atomName2="H2"/>
      <Bond atomName1="C3" atomName2="H3"/>
      <Bond atomName1="C3" atomName2="H3A"/>
      <Bond atomName1="C3" atomName2="H3B"/>
      <Bond atomName1="N4" atomName2="HN4"/>
      <Bond atomName1="N10" atomName2="HN10"/>
      <Bond atomName1="N10" atomName2="HN1A"/>
      <Bond atomName1="C13" atomName2="H13"/>
      <Bond atomName1="C14" atomName2="H14"/>
      <Bond atomName1="C15" atomName2="H15"/>
      <Bond atomName1="C17" atomName2="H17"/>
    </Residue>
  </Residues>
  <HarmonicBondForce>
    <Bond k="219074.23999999996" length="0.1464" type1="c3" type2="nu"/>
    <Bond k="304176.79999999993" length="0.1373" type1="cc" type2="nu"/>
    <Bond k="443085.5999999999" length="0.10120000000000001" type1="hn" type2="nu"/>
    <Bond k="304176.79999999993" length="0.1373" type1="cd" type2="nv"/>
    <Bond k="443085.5999999999" length="0.10120000000000001" type1="hn" type2="nv"/>
  </HarmonicBondForce>
  <HarmonicAngleForce>
    <Angle angle="1.9278906917529364" k="698.7280000000001" type1="c3" type2="c3" type3="nu"/>
    <Angle angle="2.0895081804876114" k="548.9408" type1="c3" type2="nu" type3="cc"/>
    <Angle angle="2.0244073993882226" k="388.2752" type1="c3" type2="nu" type3="hn"/>
    <Angle angle="1.9161969857645744" k="512.1216000000001" type1="h1" type2="c3" type3="nu"/>
    <Angle angle="2.1057397425311586" k="934.7056" type1="nd" type2="cc" type3="nu"/>
    <Angle angle="2.125985561854293" k="670.2768" type1="nu" type2="cc" type3="ss"/>
    <Angle angle="2.0181242140810434" k="412.5424" type1="cc" type2="nu" type3="hn"/>
    <Angle angle="2.0460494821129527" k="931.3584" type1="nd" type2="cd" type3="nv"/>
    <Angle angle="2.0181242140810434" k="412.5424" type1="cd" type2="nv" type3="hn"/>
    <Angle angle="2.161415745669778" k="722.1584" type1="cc" type2="cd" type3="nv"/>
    <Angle angle="2.0092230348958724" k="330.536" type1="hn" type2="nv" type3="hn"/>
  </HarmonicAngleForce>
  <PeriodicTorsionForce>
    <Proper k1="0.0" periodicity1="2" phase1="0.0" type1="c3" type2="c3" type3="nu" type4="cc"/>
    <Proper k1="0.0" periodicity1="2" phase1="0.0" type1="c3" type2="c3" type3="nu" type4="hn"/>
    <Proper k1="4.3932" periodicity1="2" phase1="3.141592653589793" type1="nd" type2="cc" type3="nu" type4="c3"/>
    <Proper k1="4.3932" periodicity1="2" phase1="3.141592653589793" type1="ss" type2="cc" type3="nu" type4="c3"/>
    <Proper k1="4.6024" periodicity1="2" phase1="3.141592653589793" type1="nu" type2="cc" type3="ss" type4="cc"/>
    <Proper k1="0.0" periodicity1="2" phase1="0.0" type1="h1" type2="c3" type3="nu" type4="cc"/>
    <Proper k1="4.6024" periodicity1="2" phase1="3.141592653589793" type1="cd" type2="cc" type3="ss" type4="cc"/>
    <Proper k1="4.6024" periodicity1="2" phase1="3.141592653589793" type1="c" type2="cc" type3="ss" type4="cc"/>
    <Proper k1="4.3932" periodicity1="2" phase1="3.141592653589793" type1="nd" type2="cc" type3="nu" type4="hn"/>
    <Proper k1="4.6024" periodicity1="2" phase1="3.141592653589793" type1="nd" type2="cc" type3="ss" type4="cc"/>
    <Proper k1="4.3932" periodicity1="2" phase1="3.141592653589793" type1="nd" type2="cd" type3="nv" type4="hn"/>
    <Proper k1="4.3932" periodicity1="2" phase1="3.141592653589793" type1="cc" type2="cd" type3="nv" type4="hn"/>
    <Proper k1="4.3932" periodicity1="2" phase1="3.141592653589793" type1="ss" type2="cc" type3="nu" type4="hn"/>
    <Proper k1="0.0" periodicity1="2" phase1="0.0" type1="h1" type2="c3" type3="nu" type4="hn"/>
    <Improper k1="4.6024" periodicity1="2" phase1="3.141592653589793" type1="nu" type2="c3" type3="cc" type4="hn"/>
    <Improper k1="4.6024" periodicity1="2" phase1="3.141592653589793" type1="cc" type2="nd" type3="nu" type4="ss"/>
    <Improper k1="4.6024" periodicity1="2" phase1="3.141592653589793" type1="cd" type2="cc" type3="nd" type4="nv"/>
    <Improper k1="4.6024" periodicity1="2" phase1="3.141592653589793" type1="cc" type2="c" type3="cd" type4="ss"/>
    <Improper k1="4.6024" periodicity1="2" phase1="3.141592653589793" type1="nv" type2="cd" type3="hn" type4="hn"/>
    <Improper k1="43.932" periodicity1="2" phase1="3.141592653589793" type1="c" type2="ca" type3="cc" type4="o"/>
    <Improper k1="4.6024" periodicity1="2" phase1="3.141592653589793" type1="ca" type2="c" type3="ca" type4="ca"/>
    <Improper k1="4.6024" periodicity1="2" phase1="3.141592653589793" type1="ca" type2="ca" type3="ca" type4="ha"/>
    <Improper k1="4.6024" periodicity1="2" phase1="3.141592653589793" type1="ca" type2="ca" type3="h4" type4="nb"/>
  </PeriodicTorsionForce>
</ForceField>
