<ForceField>
  <Info>
    <DateGenerated>2019-07-05</DateGenerated>
  </Info>
  <Residues>
    <Residue name="MC_0A7">
      <Atom charge="-0.8733" name="O01" type="o"/>
      <Atom charge="-0.167" name="C02" type="ca"/>
      <Atom charge="-0.166" name="C03" type="ca"/>
      <Atom charge="0.0157" name="C04" type="ca"/>
      <Atom charge="-0.0896" name="C05" type="ca"/>
      <Atom charge="-0.103" name="C06" type="ca"/>
      <Atom charge="-0.2" name="C07" type="ca"/>
      <Atom charge="0.8872" name="C08" type="c"/>
      <Atom charge="-0.8418" name="O09" type="o"/>
      <Atom charge="-0.1401" name="C10" type="c3"/>
      <Atom charge="0.9346" name="C11" type="c"/>
      <Atom charge="-0.8733" name="O12" type="o"/>
      <Atom charge="-0.8418" name="OXT" type="o"/>
      <Atom charge="0.076" name="H07" type="ha"/>
      <Atom charge="0.0407" name="H101" type="hc"/>
      <Atom charge="0.0407" name="H102" type="hc"/>
      <Atom charge="0.132" name="H06" type="ha"/>
      <Atom charge="0.073" name="H02" type="ha"/>
      <Atom charge="0.097" name="H03" type="ha"/>
      <Bond atomName1="O01" atomName2="C11"/>
      <Bond atomName1="C02" atomName2="C03"/>
      <Bond atomName1="C02" atomName2="C07"/>
      <Bond atomName1="C02" atomName2="H02"/>
      <Bond atomName1="C03" atomName2="C04"/>
      <Bond atomName1="C03" atomName2="H03"/>
      <Bond atomName1="C04" atomName2="C05"/>
      <Bond atomName1="C04" atomName2="C10"/>
      <Bond atomName1="C05" atomName2="C06"/>
      <Bond atomName1="C05" atomName2="C08"/>
      <Bond atomName1="C06" atomName2="C07"/>
      <Bond atomName1="C06" atomName2="H06"/>
      <Bond atomName1="C07" atomName2="H07"/>
      <Bond atomName1="C08" atomName2="O09"/>
      <Bond atomName1="C08" atomName2="OXT"/>
      <Bond atomName1="C10" atomName2="C11"/>
      <Bond atomName1="C10" atomName2="H101"/>
      <Bond atomName1="C10" atomName2="H102"/>
      <Bond atomName1="C11" atomName2="O12"/>
    </Residue>
  </Residues>
  <PeriodicTorsionForce>
    <Improper k1="4.6024" periodicity1="2" phase1="3.141592653589793" type1="ca" type2="ca" type3="ca" type4="ha"/>
    <Improper k1="4.6024" periodicity1="2" phase1="3.141592653589793" type1="ca" type2="c" type3="ca" type4="ca"/>
    <Improper k1="4.6024" periodicity1="2" phase1="3.141592653589793" type1="c" type2="ca" type3="o" type4="o"/>
    <Improper k1="4.6024" periodicity1="2" phase1="3.141592653589793" type1="c" type2="c3" type3="o" type4="o"/>
  </PeriodicTorsionForce>
</ForceField>
