<ForceField>
  <Info>
    <DateGenerated>2019-07-05</DateGenerated>
  </Info>
  <Residues>
    <Residue name="MC_0AJ">
      <Atom charge="-0.0791" name="CA" type="c3"/>
      <Atom charge="0.1245" name="CB" type="c3"/>
      <Atom charge="-0.3612" name="SG" type="ss"/>
      <Atom charge="0.005" name="CD" type="c3"/>
      <Atom charge="-0.3542" name="S" type="ss"/>
      <Atom charge="0.0187" name="C1" type="c3"/>
      <Atom charge="-0.0791" name="C2" type="c3"/>
      <Atom charge="0.0537" name="HAC1" type="hc"/>
      <Atom charge="0.0537" name="HAC2" type="hc"/>
      <Atom charge="0.0537" name="HAC3" type="hc"/>
      <Atom charge="0.0997" name="HB" type="h2"/>
      <Atom charge="0.066033" name="HDC1" type="h1"/>
      <Atom charge="0.066033" name="HDC2" type="h1"/>
      <Atom charge="0.066033" name="HDC3" type="h1"/>
      <Atom charge="0.0652" name="H1C1" type="h1"/>
      <Atom charge="0.0652" name="H1C2" type="h1"/>
      <Atom charge="0.045367" name="H2C1" type="hc"/>
      <Atom charge="0.045367" name="H2C2" type="hc"/>
      <Atom charge="0.045367" name="H2C3" type="hc"/>
      <Bond atomName1="CA" atomName2="CB"/>
      <Bond atomName1="CA" atomName2="HAC1"/>
      <Bond atomName1="CA" atomName2="HAC2"/>
      <Bond atomName1="CA" atomName2="HAC3"/>
      <Bond atomName1="CB" atomName2="SG"/>
      <Bond atomName1="CB" atomName2="S"/>
      <Bond atomName1="CB" atomName2="HB"/>
      <Bond atomName1="SG" atomName2="CD"/>
      <Bond atomName1="CD" atomName2="HDC1"/>
      <Bond atomName1="CD" atomName2="HDC2"/>
      <Bond atomName1="CD" atomName2="HDC3"/>
      <Bond atomName1="S" atomName2="C1"/>
      <Bond atomName1="C1" atomName2="C2"/>
      <Bond atomName1="C1" atomName2="H1C1"/>
      <Bond atomName1="C1" atomName2="H1C2"/>
      <Bond atomName1="C2" atomName2="H2C1"/>
      <Bond atomName1="C2" atomName2="H2C2"/>
      <Bond atomName1="C2" atomName2="H2C3"/>
    </Residue>
  </Residues>
</ForceField>
