<ForceField>
  <Info>
    <DateGenerated>2019-07-05</DateGenerated>
  </Info>
  <Residues>
    <Residue name="MC_0AO">
      <Atom charge="-0.8056" name="N1" type="nz"/>
      <Atom charge="-0.0185" name="C1" type="c3"/>
      <Atom charge="0.5599" name="C2" type="c"/>
      <Atom charge="-0.0381" name="C3" type="c3"/>
      <Atom charge="-0.1643" name="C4" type="ca"/>
      <Atom charge="-0.07" name="C5" type="ca"/>
      <Atom charge="-0.128" name="C6" type="ca"/>
      <Atom charge="-0.071" name="C7" type="ca"/>
      <Atom charge="-0.04" name="C8" type="ca"/>
      <Atom charge="-0.073" name="C9" type="ca"/>
      <Atom charge="-0.128" name="C10" type="ca"/>
      <Atom charge="-0.073" name="C11" type="ca"/>
      <Atom charge="-0.218" name="C12" type="ca"/>
      <Atom charge="-0.043" name="C13" type="ca"/>
      <Atom charge="0.4638" name="HN1" type="hn"/>
      <Atom charge="0.4638" name="HN2" type="hn"/>
      <Atom charge="0.141" name="HXT" type="ha"/>
      <Atom charge="0.156" name="H2" type="ha"/>
      <Atom charge="0.158" name="H3" type="ha"/>
      <Atom charge="0.157" name="H5" type="ha"/>
      <Atom charge="0.145" name="H6" type="ha"/>
      <Atom charge="0.099" name="H7" type="ha"/>
      <Atom charge="-0.4851" name="O1" type="o"/>
      <Atom charge="0.1337" name="H8" type="hx"/>
      <Atom charge="0.0712" name="H10" type="h4"/>
      <Atom charge="0.0922" name="H11" type="hc"/>
      <Atom charge="0.0922" name="H12" type="hc"/>
      <Atom charge="0.158" name="H13" type="ha"/>
      <Atom charge="0.4638" name="H131" type="hn"/>
      <Bond atomName1="N1" atomName2="C1"/>
      <Bond atomName1="N1" atomName2="HN1"/>
      <Bond atomName1="N1" atomName2="HN2"/>
      <Bond atomName1="C1" atomName2="C2"/>
      <Bond atomName1="C1" atomName2="C3"/>
      <Bond atomName1="C3" atomName2="C4"/>
      <Bond atomName1="C4" atomName2="C5"/>
      <Bond atomName1="C4" atomName2="C13"/>
      <Bond atomName1="C5" atomName2="C6"/>
      <Bond atomName1="C5" atomName2="HXT"/>
      <Bond atomName1="C6" atomName2="C7"/>
      <Bond atomName1="C6" atomName2="H2"/>
      <Bond atomName1="C7" atomName2="C8"/>
      <Bond atomName1="C8" atomName2="C9"/>
      <Bond atomName1="C8" atomName2="C13"/>
      <Bond atomName1="C9" atomName2="C10"/>
      <Bond atomName1="C9" atomName2="H3"/>
      <Bond atomName1="C10" atomName2="C11"/>
      <Bond atomName1="C10" atomName2="H5"/>
      <Bond atomName1="C11" atomName2="C12"/>
      <Bond atomName1="C11" atomName2="H6"/>
      <Bond atomName1="C12" atomName2="C13"/>
      <Bond atomName1="C12" atomName2="H7"/>
      <Bond atomName1="C2" atomName2="O1"/>
      <Bond atomName1="C1" atomName2="H8"/>
      <Bond atomName1="C2" atomName2="H10"/>
      <Bond atomName1="C3" atomName2="H11"/>
      <Bond atomName1="C3" atomName2="H12"/>
      <Bond atomName1="C7" atomName2="H13"/>
      <Bond atomName1="H131" atomName2="N1"/>
    </Residue>
  </Residues>
  <HarmonicBondForce>
    <Bond k="186271.67999999996" length="0.1511" type1="c3" type2="nz"/>
    <Bond k="404090.7199999999" length="0.10300000000000001" type1="hn" type2="nz"/>
  </HarmonicBondForce>
  <HarmonicAngleForce>
    <Angle angle="1.9326030807333212" k="691.1967999999999" type1="c" type2="c3" type3="nz"/>
    <Angle angle="1.9933405387027237" k="677.808" type1="c3" type2="c3" type3="nz"/>
    <Angle angle="1.8851301250790755" k="502.9168" type1="hx" type2="c3" type3="nz"/>
    <Angle angle="1.9217820393709562" k="386.6016" type1="c3" type2="nz" type3="hn"/>
    <Angle angle="1.8901915799098588" k="334.72" type1="hn" type2="nz" type3="hn"/>
  </HarmonicAngleForce>
  <PeriodicTorsionForce>
    <Proper k1="0.6508444444444444" periodicity1="3" phase1="0.0" type1="c" type2="c3" type3="nz" type4="hn"/>
    <Proper k1="0.6508444444444444" periodicity1="3" phase1="0.0" type1="c3" type2="c3" type3="nz" type4="hn"/>
    <Proper k1="0.456056" periodicity1="3" phase1="0.0" type1="hx" type2="c3" type3="nz" type4="hn"/>
    <Improper k1="43.932" periodicity1="2" phase1="3.141592653589793" type1="c" type2="c3" type3="h4" type4="o"/>
    <Improper k1="4.6024" periodicity1="2" phase1="3.141592653589793" type1="ca" type2="ca" type3="ca" type4="ha"/>
    <Improper k1="4.6024" periodicity1="2" phase1="3.141592653589793" type1="ca" type2="ca" type3="ca" type4="ca"/>
  </PeriodicTorsionForce>
</ForceField>
