<ForceField>
  <Info>
    <DateGenerated>2019-07-05</DateGenerated>
  </Info>
  <Residues>
    <Residue name="MC_0B1">
      <Atom charge="-0.5645" name="O1" type="o"/>
      <Atom charge="0.6837" name="C1" type="c"/>
      <Atom charge="-0.3573" name="N2" type="n"/>
      <Atom charge="0.0413" name="C5" type="c3"/>
      <Atom charge="0.4698" name="C4" type="cc"/>
      <Atom charge="-0.7296" name="N3" type="nz"/>
      <Atom charge="-0.5783" name="N1" type="nd"/>
      <Atom charge="0.2174" name="C3" type="cd"/>
      <Atom charge="-0.2022" name="C2" type="cc"/>
      <Atom charge="-0.1115" name="C6" type="cx"/>
      <Atom charge="-0.0994" name="C21" type="cx"/>
      <Atom charge="-0.0484" name="C7" type="cx"/>
      <Atom charge="-0.0583" name="C8" type="ca"/>
      <Atom charge="-0.15" name="C13" type="ca"/>
      <Atom charge="-0.162" name="C12" type="ca"/>
      <Atom charge="-0.109" name="C11" type="ca"/>
      <Atom charge="-0.007" name="C10" type="cp"/>
      <Atom charge="-0.096" name="C9" type="ca"/>
      <Atom charge="-0.024" name="C14" type="cp"/>
      <Atom charge="-0.153" name="C20" type="ca"/>
      <Atom charge="-0.082" name="C19" type="ca"/>
      <Atom charge="-0.204" name="C18" type="ca"/>
      <Atom charge="0.1501" name="C16" type="ca"/>
      <Atom charge="-0.149" name="C15" type="ca"/>
      <Atom charge="-0.3289" name="O2" type="os"/>
      <Atom charge="0.1267" name="C17" type="c3"/>
      <Atom charge="0.078033" name="H1" type="h1"/>
      <Atom charge="0.078033" name="H2" type="h1"/>
      <Atom charge="0.078033" name="H3" type="h1"/>
      <Atom charge="0.478467" name="H5" type="hn"/>
      <Atom charge="0.478467" name="H6" type="hn"/>
      <Atom charge="0.206" name="H8" type="ha"/>
      <Atom charge="0.1207" name="H10" type="hc"/>
      <Atom charge="0.0922" name="H11" type="hc"/>
      <Atom charge="0.0922" name="H12" type="hc"/>
      <Atom charge="0.1107" name="H13" type="hc"/>
      <Atom charge="0.134" name="H14" type="ha"/>
      <Atom charge="0.103" name="H15" type="ha"/>
      <Atom charge="0.147" name="H16" type="ha"/>
      <Atom charge="0.15" name="H17" type="ha"/>
      <Atom charge="0.131" name="H18" type="ha"/>
      <Atom charge="0.141" name="H19" type="ha"/>
      <Atom charge="0.145" name="H20" type="ha"/>
      <Atom charge="0.141" name="H21" type="ha"/>
      <Atom charge="0.0477" name="H22" type="h1"/>
      <Atom charge="0.0477" name="H23" type="h1"/>
      <Atom charge="0.0477" name="H24" type="h1"/>
      <Atom charge="0.478467" name="H33" type="hn"/>
      <Bond atomName1="C21" atomName2="C6"/>
      <Bond atomName1="C21" atomName2="C7"/>
      <Bond atomName1="O1" atomName2="C1"/>
      <Bond atomName1="C2" atomName2="C1"/>
      <Bond atomName1="C2" atomName2="C3"/>
      <Bond atomName1="C13" atomName2="C12"/>
      <Bond atomName1="C13" atomName2="C8"/>
      <Bond atomName1="C6" atomName2="C7"/>
      <Bond atomName1="C6" atomName2="C3"/>
      <Bond atomName1="C7" atomName2="C8"/>
      <Bond atomName1="C1" atomName2="N2"/>
      <Bond atomName1="C3" atomName2="N1"/>
      <Bond atomName1="C12" atomName2="C11"/>
      <Bond atomName1="C8" atomName2="C9"/>
      <Bond atomName1="N2" atomName2="C5"/>
      <Bond atomName1="N2" atomName2="C4"/>
      <Bond atomName1="N1" atomName2="C4"/>
      <Bond atomName1="C11" atomName2="C10"/>
      <Bond atomName1="C9" atomName2="C10"/>
      <Bond atomName1="C4" atomName2="N3"/>
      <Bond atomName1="C10" atomName2="C14"/>
      <Bond atomName1="C14" atomName2="C15"/>
      <Bond atomName1="C14" atomName2="C20"/>
      <Bond atomName1="C15" atomName2="C16"/>
      <Bond atomName1="C20" atomName2="C19"/>
      <Bond atomName1="C17" atomName2="O2"/>
      <Bond atomName1="C16" atomName2="O2"/>
      <Bond atomName1="C16" atomName2="C18"/>
      <Bond atomName1="C19" atomName2="C18"/>
      <Bond atomName1="C5" atomName2="H1"/>
      <Bond atomName1="C5" atomName2="H2"/>
      <Bond atomName1="C5" atomName2="H3"/>
      <Bond atomName1="N3" atomName2="H5"/>
      <Bond atomName1="N3" atomName2="H6"/>
      <Bond atomName1="C2" atomName2="H8"/>
      <Bond atomName1="C6" atomName2="H10"/>
      <Bond atomName1="C21" atomName2="H11"/>
      <Bond atomName1="C21" atomName2="H12"/>
      <Bond atomName1="C7" atomName2="H13"/>
      <Bond atomName1="C13" atomName2="H14"/>
      <Bond atomName1="C12" atomName2="H15"/>
      <Bond atomName1="C11" atomName2="H16"/>
      <Bond atomName1="C9" atomName2="H17"/>
      <Bond atomName1="C20" atomName2="H18"/>
      <Bond atomName1="C19" atomName2="H19"/>
      <Bond atomName1="C18" atomName2="H20"/>
      <Bond atomName1="C15" atomName2="H21"/>
      <Bond atomName1="C17" atomName2="H22"/>
      <Bond atomName1="C17" atomName2="H23"/>
      <Bond atomName1="C17" atomName2="H24"/>
      <Bond atomName1="H33" atomName2="N3"/>
    </Residue>
  </Residues>
  <HarmonicBondForce>
    <Bond k="198070.55999999994" length="0.14930000000000002" type1="cc" type2="nz"/>
    <Bond k="404090.7199999999" length="0.10300000000000001" type1="hn" type2="nz"/>
  </HarmonicBondForce>
  <HarmonicAngleForce>
    <Angle angle="2.075196480621258" k="881.426544" type1="n" type2="cc" type3="nz"/>
    <Angle angle="1.928588823453734" k="392.4592" type1="cc" type2="nz" type3="hn"/>
    <Angle angle="2.1429152555986377" k="876.037552" type1="nd" type2="cc" type3="nz"/>
    <Angle angle="1.8901915799098588" k="334.72" type1="hn" type2="nz" type3="hn"/>
  </HarmonicAngleForce>
  <PeriodicTorsionForce>
    <Proper k1="0.0" periodicity1="3" phase1="3.141592653589793" type1="n" type2="cc" type3="nz" type4="hn"/>
    <Proper k1="0.0" periodicity1="3" phase1="3.141592653589793" type1="nd" type2="cc" type3="nz" type4="hn"/>
    <Proper k1="0.0" periodicity1="3" phase1="0.0" type1="nd" type2="cd" type3="cx" type4="cx"/>
    <Proper k1="0.0" periodicity1="3" phase1="0.0" type1="nd" type2="cd" type3="cx" type4="hc"/>
    <Proper k1="0.343088" periodicity1="3" phase1="0.0" type1="cc" type2="cd" type3="cx" type4="cx"/>
    <Proper k1="1.50624" k2="6.15048" periodicity1="3" periodicity2="1" phase1="3.141592653589793" phase2="0.0" type1="cc" type2="cd" type3="cx" type4="hc"/>
    <Proper k1="1.02508" periodicity1="2" phase1="3.141592653589793" type1="ca" type2="ca" type3="cx" type4="cx"/>
    <Proper k1="0.0" periodicity1="2" phase1="3.141592653589793" type1="ca" type2="ca" type3="cx" type4="hc"/>
    <Improper k1="43.932" periodicity1="2" phase1="3.141592653589793" type1="c" type2="cc" type3="n" type4="o"/>
    <Improper k1="4.6024" periodicity1="2" phase1="3.141592653589793" type1="n" type2="c" type3="c3" type4="cc"/>
    <Improper k1="4.6024" periodicity1="2" phase1="3.141592653589793" type1="cc" type2="n" type3="nd" type4="nz"/>
    <Improper k1="4.6024" periodicity1="2" phase1="3.141592653589793" type1="cd" type2="cc" type3="cx" type4="nd"/>
    <Improper k1="4.6024" periodicity1="2" phase1="3.141592653589793" type1="cc" type2="c" type3="cd" type4="ha"/>
    <Improper k1="4.6024" periodicity1="2" phase1="3.141592653589793" type1="ca" type2="ca" type3="ca" type4="cx"/>
    <Improper k1="4.6024" periodicity1="2" phase1="3.141592653589793" type1="ca" type2="ca" type3="ca" type4="ha"/>
    <Improper k1="4.6024" periodicity1="2" phase1="3.141592653589793" type1="ca" type2="ca" type3="cp" type4="ha"/>
    <Improper k1="4.6024" periodicity1="2" phase1="3.141592653589793" type1="cp" type2="ca" type3="ca" type4="cp"/>
    <Improper k1="4.6024" periodicity1="2" phase1="3.141592653589793" type1="ca" type2="ca" type3="ca" type4="os"/>
  </PeriodicTorsionForce>
</ForceField>
