<ForceField>
  <Info>
    <DateGenerated>2019-07-05</DateGenerated>
  </Info>
  <Residues>
    <Residue name="MC_0B2">
      <Atom charge="-0.8006" name="N28" type="nz"/>
      <Atom charge="-0.0055" name="C29" type="c3"/>
      <Atom charge="-0.0994" name="C30" type="c3"/>
      <Atom charge="-0.0857" name="C41" type="c3"/>
      <Atom charge="-0.0774" name="C42" type="c3"/>
      <Atom charge="-0.0784" name="C43" type="c3"/>
      <Atom charge="-0.0814" name="C44" type="c3"/>
      <Atom charge="-0.0784" name="C45" type="c3"/>
      <Atom charge="-0.0774" name="C46" type="c3"/>
      <Atom charge="0.5581" name="C31" type="c"/>
      <Atom charge="-0.5011" name="O32" type="o"/>
      <Atom charge="-0.1607" name="C37" type="c3"/>
      <Atom charge="-0.0761" name="C38" type="c3"/>
      <Atom charge="0.1564" name="C39" type="c3"/>
      <Atom charge="-0.6018" name="O40" type="oh"/>
      <Atom charge="0.461133" name="H28" type="hn"/>
      <Atom charge="0.1377" name="H29" type="hx"/>
      <Atom charge="0.0892" name="H30" type="hc"/>
      <Atom charge="0.0892" name="H31" type="hc"/>
      <Atom charge="0.0247" name="H32" type="hc"/>
      <Atom charge="0.04795" name="H33" type="hc"/>
      <Atom charge="0.04795" name="H34" type="hc"/>
      <Atom charge="0.05345" name="H35" type="hc"/>
      <Atom charge="0.05345" name="H36" type="hc"/>
      <Atom charge="0.0592" name="H37" type="hc"/>
      <Atom charge="0.0592" name="H38" type="hc"/>
      <Atom charge="0.05345" name="H39" type="hc"/>
      <Atom charge="0.05345" name="H40" type="hc"/>
      <Atom charge="0.04795" name="H41" type="hc"/>
      <Atom charge="0.04795" name="H42" type="hc"/>
      <Atom charge="0.0857" name="H45" type="hc"/>
      <Atom charge="0.056033" name="H46" type="hc"/>
      <Atom charge="0.056033" name="H47" type="hc"/>
      <Atom charge="0.056033" name="H48" type="hc"/>
      <Atom charge="0.0417" name="H49" type="h1"/>
      <Atom charge="0.0417" name="H50" type="h1"/>
      <Atom charge="0.426" name="H51" type="ho"/>
      <Atom charge="0.461133" name="H2" type="hn"/>
      <Atom charge="0.461133" name="H283" type="hn"/>
      <Bond atomName1="C31" atomName2="C37"/>
      <Bond atomName1="C31" atomName2="O32"/>
      <Bond atomName1="C31" atomName2="C29"/>
      <Bond atomName1="C37" atomName2="C38"/>
      <Bond atomName1="C37" atomName2="C39"/>
      <Bond atomName1="O40" atomName2="C39"/>
      <Bond atomName1="C30" atomName2="C29"/>
      <Bond atomName1="C30" atomName2="C41"/>
      <Bond atomName1="C42" atomName2="C41"/>
      <Bond atomName1="C42" atomName2="C43"/>
      <Bond atomName1="C29" atomName2="N28"/>
      <Bond atomName1="C41" atomName2="C46"/>
      <Bond atomName1="C43" atomName2="C44"/>
      <Bond atomName1="C46" atomName2="C45"/>
      <Bond atomName1="C44" atomName2="C45"/>
      <Bond atomName1="N28" atomName2="H28"/>
      <Bond atomName1="C29" atomName2="H29"/>
      <Bond atomName1="C30" atomName2="H30"/>
      <Bond atomName1="C30" atomName2="H31"/>
      <Bond atomName1="C41" atomName2="H32"/>
      <Bond atomName1="C42" atomName2="H33"/>
      <Bond atomName1="C42" atomName2="H34"/>
      <Bond atomName1="C43" atomName2="H35"/>
      <Bond atomName1="C43" atomName2="H36"/>
      <Bond atomName1="C44" atomName2="H37"/>
      <Bond atomName1="C44" atomName2="H38"/>
      <Bond atomName1="C45" atomName2="H39"/>
      <Bond atomName1="C45" atomName2="H40"/>
      <Bond atomName1="C46" atomName2="H41"/>
      <Bond atomName1="C46" atomName2="H42"/>
      <Bond atomName1="C37" atomName2="H45"/>
      <Bond atomName1="C38" atomName2="H46"/>
      <Bond atomName1="C38" atomName2="H47"/>
      <Bond atomName1="C38" atomName2="H48"/>
      <Bond atomName1="C39" atomName2="H49"/>
      <Bond atomName1="C39" atomName2="H50"/>
      <Bond atomName1="O40" atomName2="H51"/>
      <Bond atomName1="N28" atomName2="H2"/>
      <Bond atomName1="H283" atomName2="N28"/>
    </Residue>
  </Residues>
  <HarmonicBondForce>
    <Bond k="186271.67999999996" length="0.1511" type1="c3" type2="nz"/>
    <Bond k="404090.7199999999" length="0.10300000000000001" type1="hn" type2="nz"/>
  </HarmonicBondForce>
  <HarmonicAngleForce>
    <Angle angle="1.9933405387027237" k="677.808" type1="c3" type2="c3" type3="nz"/>
    <Angle angle="1.9326030807333212" k="691.1967999999999" type1="c" type2="c3" type3="nz"/>
    <Angle angle="1.8851301250790755" k="502.9168" type1="hx" type2="c3" type3="nz"/>
    <Angle angle="1.9217820393709562" k="386.6016" type1="c3" type2="nz" type3="hn"/>
    <Angle angle="1.8901915799098588" k="334.72" type1="hn" type2="nz" type3="hn"/>
  </HarmonicAngleForce>
  <PeriodicTorsionForce>
    <Proper k1="0.87864" periodicity1="3" phase1="0.0" type1="c3" type2="c3" type3="c3" type4="nz"/>
    <Proper k1="0.6508444444444444" periodicity1="3" phase1="0.0" type1="c3" type2="c3" type3="nz" type4="hn"/>
    <Proper k1="0.6508444444444444" periodicity1="3" phase1="0.0" type1="c" type2="c3" type3="nz" type4="hn"/>
    <Proper k1="0.456056" periodicity1="3" phase1="0.0" type1="hx" type2="c3" type3="nz" type4="hn"/>
    <Improper k1="4.6024" periodicity1="2" phase1="3.141592653589793" type1="c" type2="c3" type3="c3" type4="o"/>
  </PeriodicTorsionForce>
</ForceField>
