<ForceField>
  <Info>
    <DateGenerated>2019-07-05</DateGenerated>
  </Info>
  <Residues>
    <Residue name="MC_0BB">
      <Atom charge="0.112" name="C1" type="c3"/>
      <Atom charge="-0.6565" name="O1" type="o"/>
      <Atom charge="-0.127" name="C3" type="ca"/>
      <Atom charge="-0.141" name="C4" type="ca"/>
      <Atom charge="-0.13" name="C5" type="ca"/>
      <Atom charge="-0.119" name="C6" type="ca"/>
      <Atom charge="0.0156" name="C7" type="ca"/>
      <Atom charge="-0.0174" name="C8" type="ca"/>
      <Atom charge="-0.37" name="N9" type="n"/>
      <Atom charge="0.7955" name="C10" type="c"/>
      <Atom charge="-0.346" name="N11" type="n"/>
      <Atom charge="-0.0864" name="C12" type="c3"/>
      <Atom charge="-0.1834" name="C13" type="c3"/>
      <Atom charge="0.1932" name="C17" type="c3"/>
      <Atom charge="-0.1284" name="C18" type="cc"/>
      <Atom charge="-0.0638" name="C19" type="ca"/>
      <Atom charge="-0.0161" name="C20" type="ca"/>
      <Atom charge="-0.0905" name="S21" type="ss"/>
      <Atom charge="-0.0374" name="C22" type="cd"/>
      <Atom charge="-0.0383" name="C23" type="ca"/>
      <Atom charge="-0.137" name="C24" type="ca"/>
      <Atom charge="-0.136" name="C25" type="ca"/>
      <Atom charge="-0.101" name="C26" type="ca"/>
      <Atom charge="-0.0538" name="C34" type="c3"/>
      <Atom charge="0.8936" name="C39" type="c"/>
      <Atom charge="-0.8513" name="O40" type="o"/>
      <Atom charge="-0.8513" name="O41" type="o"/>
      <Atom charge="0.0557" name="H1" type="h1"/>
      <Atom charge="0.0557" name="H1A" type="h1"/>
      <Atom charge="0.127" name="H3" type="ha"/>
      <Atom charge="0.125" name="H4" type="ha"/>
      <Atom charge="0.129" name="H5" type="ha"/>
      <Atom charge="0.145" name="H6" type="ha"/>
      <Atom charge="0.0592" name="H12" type="hc"/>
      <Atom charge="0.0592" name="H12A" type="hc"/>
      <Atom charge="0.0287" name="H13" type="hc"/>
      <Atom charge="0.0287" name="H13A" type="hc"/>
      <Atom charge="0.0707" name="H17" type="h1"/>
      <Atom charge="0.0707" name="H17A" type="h1"/>
      <Atom charge="0.197" name="H22" type="h4"/>
      <Atom charge="0.129" name="H24" type="ha"/>
      <Atom charge="0.125" name="H25" type="ha"/>
      <Atom charge="0.13" name="H26" type="ha"/>
      <Atom charge="0.0447" name="H34" type="hc"/>
      <Atom charge="0.0447" name="H34A" type="hc"/>
      <Atom charge="0.0447" name="H34B" type="hc"/>
      <Bond atomName1="N11" atomName2="C1"/>
      <Bond atomName1="C1" atomName2="C12"/>
      <Bond atomName1="C1" atomName2="H1"/>
      <Bond atomName1="C1" atomName2="H1A"/>
      <Bond atomName1="O1" atomName2="C10"/>
      <Bond atomName1="C8" atomName2="C3"/>
      <Bond atomName1="C3" atomName2="C4"/>
      <Bond atomName1="C3" atomName2="H3"/>
      <Bond atomName1="C4" atomName2="C5"/>
      <Bond atomName1="C4" atomName2="H4"/>
      <Bond atomName1="C6" atomName2="C5"/>
      <Bond atomName1="C5" atomName2="H5"/>
      <Bond atomName1="C7" atomName2="C6"/>
      <Bond atomName1="C6" atomName2="H6"/>
      <Bond atomName1="C8" atomName2="C7"/>
      <Bond atomName1="N11" atomName2="C7"/>
      <Bond atomName1="N9" atomName2="C8"/>
      <Bond atomName1="C17" atomName2="N9"/>
      <Bond atomName1="N9" atomName2="C10"/>
      <Bond atomName1="C10" atomName2="N11"/>
      <Bond atomName1="C13" atomName2="C12"/>
      <Bond atomName1="C12" atomName2="H12"/>
      <Bond atomName1="C12" atomName2="H12A"/>
      <Bond atomName1="C13" atomName2="C39"/>
      <Bond atomName1="C13" atomName2="H13"/>
      <Bond atomName1="C13" atomName2="H13A"/>
      <Bond atomName1="C18" atomName2="C17"/>
      <Bond atomName1="C17" atomName2="H17"/>
      <Bond atomName1="C17" atomName2="H17A"/>
      <Bond atomName1="C19" atomName2="C18"/>
      <Bond atomName1="C18" atomName2="C22"/>
      <Bond atomName1="C23" atomName2="C19"/>
      <Bond atomName1="C20" atomName2="C19"/>
      <Bond atomName1="C26" atomName2="C20"/>
      <Bond atomName1="C20" atomName2="S21"/>
      <Bond atomName1="S21" atomName2="C22"/>
      <Bond atomName1="C22" atomName2="H22"/>
      <Bond atomName1="C24" atomName2="C23"/>
      <Bond atomName1="C34" atomName2="C23"/>
      <Bond atomName1="C25" atomName2="C24"/>
      <Bond atomName1="C24" atomName2="H24"/>
      <Bond atomName1="C25" atomName2="C26"/>
      <Bond atomName1="C25" atomName2="H25"/>
      <Bond atomName1="C26" atomName2="H26"/>
      <Bond atomName1="C34" atomName2="H34"/>
      <Bond atomName1="C34" atomName2="H34A"/>
      <Bond atomName1="C34" atomName2="H34B"/>
      <Bond atomName1="O40" atomName2="C39"/>
      <Bond atomName1="C39" atomName2="O41"/>
    </Residue>
  </Residues>
  <PeriodicTorsionForce>
    <Proper k1="2.25936" periodicity1="2" phase1="3.141592653589793" type1="ca" type2="ca" type3="cc" type4="c3"/>
    <Proper k1="4.6024" periodicity1="2" phase1="3.141592653589793" type1="cc" type2="cd" type3="ss" type4="ca"/>
    <Proper k1="2.11292" periodicity1="2" phase1="3.141592653589793" type1="ca" type2="ca" type3="cc" type4="cd"/>
    <Proper k1="4.6024" periodicity1="2" phase1="3.141592653589793" type1="h4" type2="cd" type3="ss" type4="ca"/>
    <Improper k1="4.6024" periodicity1="2" phase1="3.141592653589793" type1="ca" type2="ca" type3="ca" type4="ha"/>
    <Improper k1="4.6024" periodicity1="2" phase1="3.141592653589793" type1="ca" type2="ca" type3="ca" type4="n"/>
    <Improper k1="4.6024" periodicity1="2" phase1="3.141592653589793" type1="n" type2="c" type3="c3" type4="ca"/>
    <Improper k1="43.932" periodicity1="2" phase1="3.141592653589793" type1="c" type2="n" type3="n" type4="o"/>
    <Improper k1="4.6024" periodicity1="2" phase1="3.141592653589793" type1="cc" type2="c3" type3="ca" type4="cd"/>
    <Improper k1="4.6024" periodicity1="2" phase1="3.141592653589793" type1="ca" type2="ca" type3="ca" type4="cc"/>
    <Improper k1="4.6024" periodicity1="2" phase1="3.141592653589793" type1="ca" type2="ca" type3="ca" type4="ss"/>
    <Improper k1="4.6024" periodicity1="2" phase1="3.141592653589793" type1="cd" type2="cc" type3="h4" type4="ss"/>
    <Improper k1="4.6024" periodicity1="2" phase1="3.141592653589793" type1="c" type2="c3" type3="o" type4="o"/>
  </PeriodicTorsionForce>
</ForceField>
