<ForceField>
  <Info>
    <DateGenerated>2019-07-05</DateGenerated>
  </Info>
  <Residues>
    <Residue name="MC_0BC">
      <Atom charge="-0.0951" name="CAA" type="c3"/>
      <Atom charge="-0.1911" name="CAB" type="c3"/>
      <Atom charge="-0.047" name="CAE" type="ca"/>
      <Atom charge="-0.277" name="CAF" type="ca"/>
      <Atom charge="0.4553" name="CAG" type="cc"/>
      <Atom charge="-0.1844" name="CAH" type="cc"/>
      <Atom charge="-0.034" name="CAI" type="ca"/>
      <Atom charge="-0.078" name="CAJ" type="ca"/>
      <Atom charge="-0.066" name="CAK" type="ca"/>
      <Atom charge="-0.017" name="CAL" type="ca"/>
      <Atom charge="0.1564" name="CAM" type="c3"/>
      <Atom charge="0.6787" name="CAW" type="c"/>
      <Atom charge="-0.2266" name="CAX" type="ca"/>
      <Atom charge="-0.1466" name="CAY" type="ca"/>
      <Atom charge="-0.1145" name="CAZ" type="ca"/>
      <Atom charge="-0.1255" name="CBA" type="ca"/>
      <Atom charge="0.4178" name="CBB" type="cd"/>
      <Atom charge="-0.0224" name="CBC" type="ca"/>
      <Atom charge="0.1971" name="CBD" type="ca"/>
      <Atom charge="0.5745" name="CBE" type="cc"/>
      <Atom charge="-0.664" name="NAN" type="nd"/>
      <Atom charge="0.1969" name="NAO" type="na"/>
      <Atom charge="-0.5768" name="NAP" type="nd"/>
      <Atom charge="-0.373" name="NAQ" type="nc"/>
      <Atom charge="-0.1948" name="NAS" type="nd"/>
      <Atom charge="-0.5291" name="OAC" type="o"/>
      <Atom charge="-0.5931" name="OAD" type="o"/>
      <Atom charge="-0.3309" name="OAT" type="os"/>
      <Atom charge="-0.2303" name="SAU" type="ss"/>
      <Atom charge="0.0517" name="H1" type="hc"/>
      <Atom charge="0.0517" name="H2" type="hc"/>
      <Atom charge="0.0517" name="H3" type="hc"/>
      <Atom charge="0.0587" name="H4" type="hc"/>
      <Atom charge="0.0587" name="H5" type="hc"/>
      <Atom charge="0.0587" name="H6" type="hc"/>
      <Atom charge="0.132" name="H7" type="ha"/>
      <Atom charge="0.137" name="H8" type="ha"/>
      <Atom charge="0.186" name="H10" type="h4"/>
      <Atom charge="0.165" name="H11" type="ha"/>
      <Atom charge="0.145" name="H12" type="ha"/>
      <Atom charge="0.182" name="H13" type="ha"/>
      <Atom charge="0.192" name="H14" type="ha"/>
      <Atom charge="0.0422" name="H15" type="h1"/>
      <Atom charge="0.0422" name="H16" type="h1"/>
      <Atom charge="0.3707" name="H17" type="hn"/>
      <Atom charge="-0.4621" name="NAR" type="ns"/>
      <Atom charge="0.5807" name="CAV" type="c"/>
      <Atom charge="0.0661" name="H9" type="h5"/>
      <Atom charge="0.3315" name="H18" type="hn"/>
      <Bond atomName1="CAG" atomName2="SAU"/>
      <Bond atomName1="CAG" atomName2="NAN"/>
      <Bond atomName1="SAU" atomName2="CAH"/>
      <Bond atomName1="NAN" atomName2="CBB"/>
      <Bond atomName1="CBB" atomName2="CAH"/>
      <Bond atomName1="CBB" atomName2="CAZ"/>
      <Bond atomName1="NAQ" atomName2="NAS"/>
      <Bond atomName1="NAQ" atomName2="CBE"/>
      <Bond atomName1="NAS" atomName2="NAO"/>
      <Bond atomName1="CAK" atomName2="CAZ"/>
      <Bond atomName1="CAK" atomName2="CBA"/>
      <Bond atomName1="CAZ" atomName2="CAI"/>
      <Bond atomName1="CBE" atomName2="CBA"/>
      <Bond atomName1="CBE" atomName2="NAP"/>
      <Bond atomName1="CBA" atomName2="CAJ"/>
      <Bond atomName1="NAO" atomName2="NAP"/>
      <Bond atomName1="CAI" atomName2="CAY"/>
      <Bond atomName1="CAJ" atomName2="CAY"/>
      <Bond atomName1="CAY" atomName2="CAW"/>
      <Bond atomName1="CAW" atomName2="OAD"/>
      <Bond atomName1="CAW" atomName2="NAR"/>
      <Bond atomName1="NAR" atomName2="CBC"/>
      <Bond atomName1="CAA" atomName2="CAM"/>
      <Bond atomName1="OAT" atomName2="CBD"/>
      <Bond atomName1="OAT" atomName2="CAM"/>
      <Bond atomName1="CBC" atomName2="CAL"/>
      <Bond atomName1="CBC" atomName2="CBD"/>
      <Bond atomName1="CAL" atomName2="CAX"/>
      <Bond atomName1="CBD" atomName2="CAF"/>
      <Bond atomName1="CAB" atomName2="CAV"/>
      <Bond atomName1="CAF" atomName2="CAE"/>
      <Bond atomName1="CAX" atomName2="CAE"/>
      <Bond atomName1="CAX" atomName2="CAV"/>
      <Bond atomName1="CAV" atomName2="OAC"/>
      <Bond atomName1="CAA" atomName2="H1"/>
      <Bond atomName1="CAA" atomName2="H2"/>
      <Bond atomName1="CAA" atomName2="H3"/>
      <Bond atomName1="CAB" atomName2="H4"/>
      <Bond atomName1="CAB" atomName2="H5"/>
      <Bond atomName1="CAB" atomName2="H6"/>
      <Bond atomName1="CAE" atomName2="H7"/>
      <Bond atomName1="CAF" atomName2="H8"/>
      <Bond atomName1="CAG" atomName2="H9"/>
      <Bond atomName1="CAH" atomName2="H10"/>
      <Bond atomName1="CAI" atomName2="H11"/>
      <Bond atomName1="CAJ" atomName2="H12"/>
      <Bond atomName1="CAK" atomName2="H13"/>
      <Bond atomName1="CAL" atomName2="H14"/>
      <Bond atomName1="CAM" atomName2="H15"/>
      <Bond atomName1="CAM" atomName2="H16"/>
      <Bond atomName1="NAO" atomName2="H17"/>
      <Bond atomName1="NAR" atomName2="H18"/>
    </Residue>
  </Residues>
  <HarmonicBondForce>
    <Bond k="298068.1599999999" length="0.1379" type1="c" type2="ns"/>
    <Bond k="263759.3599999999" length="0.1412" type1="ca" type2="ns"/>
    <Bond k="441244.6399999999" length="0.1013" type1="hn" type2="ns"/>
  </HarmonicBondForce>
  <HarmonicAngleForce>
    <Angle angle="2.0977112279719847" k="716.3008" type1="ca" type2="ca" type3="ns"/>
    <Angle angle="2.159146817642185" k="549.7776" type1="c" type2="ns" type3="ca"/>
    <Angle angle="2.051634535719334" k="407.52160000000003" type1="c" type2="ns" type3="hn"/>
    <Angle angle="2.011491962923465" k="714.6272000000001" type1="ca" type2="c" type3="ns"/>
    <Angle angle="2.0245819323134224" k="401.664" type1="ca" type2="ns" type3="hn"/>
    <Angle angle="2.1476276445790226" k="952.2784" type1="ns" type2="c" type3="o"/>
  </HarmonicAngleForce>
  <PeriodicTorsionForce>
    <Proper k1="4.6024" periodicity1="2" phase1="3.141592653589793" type1="cd" type2="cc" type3="ss" type4="cc"/>
    <Proper k1="4.6024" periodicity1="2" phase1="3.141592653589793" type1="h4" type2="cc" type3="ss" type4="cc"/>
    <Proper k1="2.11292" periodicity1="2" phase1="3.141592653589793" type1="ca" type2="ca" type3="cd" type4="cc"/>
    <Proper k1="4.6024" periodicity1="2" phase1="3.141592653589793" type1="nd" type2="cc" type3="ss" type4="cc"/>
    <Proper k1="4.6024" periodicity1="2" phase1="3.141592653589793" type1="h5" type2="cc" type3="ss" type4="cc"/>
    <Proper k1="2.9288" periodicity1="2" phase1="3.141592653589793" type1="ca" type2="ca" type3="cd" type4="nd"/>
    <Proper k1="2.9288" periodicity1="2" phase1="3.141592653589793" type1="ca" type2="ca" type3="cc" type4="nd"/>
    <Proper k1="2.9288" periodicity1="2" phase1="3.141592653589793" type1="ca" type2="ca" type3="cc" type4="nc"/>
    <Proper k1="3.9748" periodicity1="2" phase1="3.141592653589793" type1="ca" type2="ca" type3="ns" type4="c"/>
    <Proper k1="1.8828" periodicity1="2" phase1="3.141592653589793" type1="ca" type2="ca" type3="ns" type4="hn"/>
    <Proper k1="10.46" periodicity1="2" phase1="3.141592653589793" type1="ca" type2="c" type3="ns" type4="ca"/>
    <Proper k1="10.46" periodicity1="2" phase1="3.141592653589793" type1="ca" type2="c" type3="ns" type4="hn"/>
    <Proper k1="10.46" periodicity1="2" phase1="3.141592653589793" type1="o" type2="c" type3="ns" type4="ca"/>
    <Proper k1="10.46" k2="8.368" periodicity1="2" periodicity2="1" phase1="3.141592653589793" phase2="0.0" type1="o" type2="c" type3="ns" type4="hn"/>
    <Improper k1="4.6024" periodicity1="2" phase1="3.141592653589793" type1="ca" type2="ca" type3="ca" type4="ha"/>
    <Improper k1="4.6024" periodicity1="2" phase1="3.141592653589793" type1="cc" type2="h5" type3="nd" type4="ss"/>
    <Improper k1="4.6024" periodicity1="2" phase1="3.141592653589793" type1="cc" type2="cd" type3="h4" type4="ss"/>
    <Improper k1="43.932" periodicity1="2" phase1="3.141592653589793" type1="c" type2="ca" type3="ns" type4="o"/>
    <Improper k1="4.6024" periodicity1="2" phase1="3.141592653589793" type1="ca" type2="c" type3="ca" type4="ca"/>
    <Improper k1="4.6024" periodicity1="2" phase1="3.141592653589793" type1="ca" type2="ca" type3="ca" type4="cd"/>
    <Improper k1="4.6024" periodicity1="2" phase1="3.141592653589793" type1="ca" type2="ca" type3="ca" type4="cc"/>
    <Improper k1="4.6024" periodicity1="2" phase1="3.141592653589793" type1="cd" type2="ca" type3="cc" type4="nd"/>
    <Improper k1="4.6024" periodicity1="2" phase1="3.141592653589793" type1="ca" type2="ca" type3="ca" type4="ns"/>
    <Improper k1="4.6024" periodicity1="2" phase1="3.141592653589793" type1="ca" type2="ca" type3="ca" type4="os"/>
    <Improper k1="4.6024" periodicity1="2" phase1="3.141592653589793" type1="cc" type2="ca" type3="nc" type4="nd"/>
    <Improper k1="4.6024" periodicity1="2" phase1="3.141592653589793" type1="na" type2="hn" type3="nd" type4="nd"/>
    <Improper k1="4.6024" periodicity1="2" phase1="3.141592653589793" type1="ns" type2="c" type3="ca" type4="hn"/>
    <Improper k1="43.932" periodicity1="2" phase1="3.141592653589793" type1="c" type2="c3" type3="ca" type4="o"/>
  </PeriodicTorsionForce>
</ForceField>
