<ForceField>
  <Info>
    <DateGenerated>2019-07-05</DateGenerated>
  </Info>
  <Residues>
    <Residue name="MC_0BM">
      <Atom charge="1.3219" name="S10" type="s6"/>
      <Atom charge="-0.6178" name="O11" type="o"/>
      <Atom charge="-0.6178" name="O12" type="o"/>
      <Atom charge="-0.2483" name="C13" type="c3"/>
      <Atom charge="-0.8861" name="N9" type="n7"/>
      <Atom charge="0.1925" name="C8" type="c3"/>
      <Atom charge="0.6761" name="C15" type="c"/>
      <Atom charge="-0.5721" name="O16" type="o"/>
      <Atom charge="-0.0411" name="C7" type="c3"/>
      <Atom charge="-0.0953" name="C6" type="ca"/>
      <Atom charge="-0.126" name="C1" type="ca"/>
      <Atom charge="-0.126" name="C5" type="ca"/>
      <Atom charge="-0.123" name="C2" type="ca"/>
      <Atom charge="-0.123" name="C4" type="ca"/>
      <Atom charge="-0.123" name="C3" type="ca"/>
      <Atom charge="-0.4818" name="N17" type="n"/>
      <Atom charge="0.0477" name="C21" type="c3"/>
      <Atom charge="0.6401" name="C22" type="c"/>
      <Atom charge="-0.5391" name="O23" type="o"/>
      <Atom charge="-0.0934" name="C20" type="c3"/>
      <Atom charge="-0.0934" name="C19" type="c3"/>
      <Atom charge="0.09" name="C18" type="c3"/>
      <Atom charge="-0.6049" name="N24" type="ns"/>
      <Atom charge="0.123" name="C25" type="c3"/>
      <Atom charge="-0.0947" name="C26" type="c3"/>
      <Atom charge="-0.0939" name="C27" type="c3"/>
      <Atom charge="0.2273" name="C28" type="c3"/>
      <Atom charge="-0.7676" name="N29" type="nh"/>
      <Atom charge="0.2273" name="C30" type="c3"/>
      <Atom charge="-0.0939" name="C31" type="c3"/>
      <Atom charge="0.6971" name="C32" type="c2"/>
      <Atom charge="-0.8056" name="N33" type="nz"/>
      <Atom charge="-0.7951" name="N34" type="n2"/>
      <Atom charge="0.097367" name="H113" type="h1"/>
      <Atom charge="0.097367" name="H213" type="h1"/>
      <Atom charge="0.097367" name="H313" type="h1"/>
      <Atom charge="0.4658" name="HN9" type="hn"/>
      <Atom charge="0.0687" name="H8" type="h1"/>
      <Atom charge="0.0637" name="H17" type="hc"/>
      <Atom charge="0.0637" name="H27" type="hc"/>
      <Atom charge="0.1285" name="H1" type="ha"/>
      <Atom charge="0.1285" name="H5" type="ha"/>
      <Atom charge="0.136" name="H2" type="ha"/>
      <Atom charge="0.136" name="H4" type="ha"/>
      <Atom charge="0.137" name="H3" type="ha"/>
      <Atom charge="0.0747" name="H21" type="h1"/>
      <Atom charge="0.0572" name="H120" type="hc"/>
      <Atom charge="0.0572" name="H220" type="hc"/>
      <Atom charge="0.0622" name="H119" type="hc"/>
      <Atom charge="0.0622" name="H219" type="hc"/>
      <Atom charge="0.0532" name="H118" type="h1"/>
      <Atom charge="0.0532" name="H218" type="h1"/>
      <Atom charge="0.3055" name="HN24" type="hn"/>
      <Atom charge="0.0632" name="H125" type="h1"/>
      <Atom charge="0.0632" name="H225" type="h1"/>
      <Atom charge="0.0607" name="H26" type="hc"/>
      <Atom charge="0.0727" name="H127" type="hc"/>
      <Atom charge="0.0727" name="H227" type="hc"/>
      <Atom charge="0.0642" name="H128" type="h1"/>
      <Atom charge="0.0642" name="H228" type="h1"/>
      <Atom charge="0.0642" name="H130" type="h1"/>
      <Atom charge="0.0642" name="H230" type="h1"/>
      <Atom charge="0.0727" name="H131" type="hc"/>
      <Atom charge="0.0727" name="H231" type="hc"/>
      <Atom charge="0.466467" name="H133" type="hn"/>
      <Atom charge="0.466467" name="H233" type="hn"/>
      <Atom charge="0.4374" name="H134" type="hn"/>
      <Atom charge="0.466467" name="H333" type="hn"/>
      <Bond atomName1="C1" atomName2="C2"/>
      <Bond atomName1="C1" atomName2="C6"/>
      <Bond atomName1="C1" atomName2="H1"/>
      <Bond atomName1="C2" atomName2="C3"/>
      <Bond atomName1="C2" atomName2="H2"/>
      <Bond atomName1="C3" atomName2="C4"/>
      <Bond atomName1="C3" atomName2="H3"/>
      <Bond atomName1="C4" atomName2="H4"/>
      <Bond atomName1="C5" atomName2="C4"/>
      <Bond atomName1="C5" atomName2="H5"/>
      <Bond atomName1="C6" atomName2="C5"/>
      <Bond atomName1="C7" atomName2="C6"/>
      <Bond atomName1="C7" atomName2="H17"/>
      <Bond atomName1="C7" atomName2="H27"/>
      <Bond atomName1="C8" atomName2="C7"/>
      <Bond atomName1="C8" atomName2="H8"/>
      <Bond atomName1="N9" atomName2="C8"/>
      <Bond atomName1="N9" atomName2="S10"/>
      <Bond atomName1="N9" atomName2="HN9"/>
      <Bond atomName1="S10" atomName2="O11"/>
      <Bond atomName1="O12" atomName2="S10"/>
      <Bond atomName1="C13" atomName2="S10"/>
      <Bond atomName1="C13" atomName2="H113"/>
      <Bond atomName1="C13" atomName2="H213"/>
      <Bond atomName1="C13" atomName2="H313"/>
      <Bond atomName1="C15" atomName2="N17"/>
      <Bond atomName1="C15" atomName2="C8"/>
      <Bond atomName1="O16" atomName2="C15"/>
      <Bond atomName1="N17" atomName2="C18"/>
      <Bond atomName1="C18" atomName2="H118"/>
      <Bond atomName1="C18" atomName2="H218"/>
      <Bond atomName1="C19" atomName2="C18"/>
      <Bond atomName1="C19" atomName2="H119"/>
      <Bond atomName1="C19" atomName2="H219"/>
      <Bond atomName1="C20" atomName2="C19"/>
      <Bond atomName1="C20" atomName2="H120"/>
      <Bond atomName1="C20" atomName2="H220"/>
      <Bond atomName1="C21" atomName2="C20"/>
      <Bond atomName1="C21" atomName2="N17"/>
      <Bond atomName1="C21" atomName2="H21"/>
      <Bond atomName1="C22" atomName2="C21"/>
      <Bond atomName1="C22" atomName2="O23"/>
      <Bond atomName1="N24" atomName2="C22"/>
      <Bond atomName1="N24" atomName2="HN24"/>
      <Bond atomName1="C25" atomName2="N24"/>
      <Bond atomName1="C25" atomName2="H125"/>
      <Bond atomName1="C25" atomName2="H225"/>
      <Bond atomName1="C26" atomName2="C25"/>
      <Bond atomName1="C26" atomName2="C31"/>
      <Bond atomName1="C26" atomName2="H26"/>
      <Bond atomName1="C27" atomName2="C26"/>
      <Bond atomName1="C27" atomName2="H127"/>
      <Bond atomName1="C27" atomName2="H227"/>
      <Bond atomName1="C28" atomName2="C27"/>
      <Bond atomName1="C28" atomName2="N29"/>
      <Bond atomName1="C28" atomName2="H128"/>
      <Bond atomName1="C28" atomName2="H228"/>
      <Bond atomName1="N29" atomName2="C30"/>
      <Bond atomName1="C30" atomName2="C31"/>
      <Bond atomName1="C30" atomName2="H130"/>
      <Bond atomName1="C30" atomName2="H230"/>
      <Bond atomName1="C31" atomName2="H131"/>
      <Bond atomName1="C31" atomName2="H231"/>
      <Bond atomName1="C32" atomName2="N29"/>
      <Bond atomName1="C32" atomName2="N33"/>
      <Bond atomName1="N33" atomName2="H133"/>
      <Bond atomName1="N33" atomName2="H233"/>
      <Bond atomName1="N34" atomName2="C32"/>
      <Bond atomName1="N34" atomName2="H134"/>
      <Bond atomName1="H333" atomName2="N33"/>
    </Residue>
  </Residues>
  <HarmonicBondForce>
    <Bond k="272796.79999999993" length="0.16720000000000002" type1="n7" type2="s6"/>
    <Bond k="218572.15999999995" length="0.14650000000000002" type1="c3" type2="n7"/>
    <Bond k="427855.8399999999" length="0.10189999999999999" type1="hn" type2="n7"/>
    <Bond k="298068.1599999999" length="0.1379" type1="c" type2="ns"/>
    <Bond k="220747.83999999997" length="0.1462" type1="c3" type2="ns"/>
    <Bond k="441244.6399999999" length="0.1013" type1="hn" type2="ns"/>
    <Bond k="185267.51999999996" length="0.1512" type1="c2" type2="nz"/>
    <Bond k="404090.7199999999" length="0.10300000000000001" type1="hn" type2="nz"/>
  </HarmonicBondForce>
  <HarmonicAngleForce>
    <Angle angle="2.034181243199391" k="539.736" type1="c3" type2="n7" type3="s6"/>
    <Angle angle="1.9128808601857852" k="377.39680000000004" type1="hn" type2="n7" type3="s6"/>
    <Angle angle="1.8750072154175084" k="1044.3264" type1="n7" type2="s6" type3="o"/>
    <Angle angle="1.779712238258618" k="774.0400000000001" type1="c3" type2="s6" type3="n7"/>
    <Angle angle="1.939758930666498" k="700.4016" type1="c" type2="c3" type3="n7"/>
    <Angle angle="1.9380136014145037" k="697.0544" type1="c3" type2="c3" type3="n7"/>
    <Angle angle="1.9177677820913692" k="512.1216000000001" type1="h1" type2="c3" type3="n7"/>
    <Angle angle="1.9074703395046029" k="399.99039999999997" type1="c3" type2="n7" type3="hn"/>
    <Angle angle="2.010270232447069" k="705.4224" type1="c3" type2="c" type3="ns"/>
    <Angle angle="2.1064378742319563" k="546.4304" type1="c" type2="ns" type3="c3"/>
    <Angle angle="2.051634535719334" k="407.52160000000003" type1="c" type2="ns" type3="hn"/>
    <Angle angle="2.1476276445790226" k="952.2784" type1="ns" type2="c" type3="o"/>
    <Angle angle="1.9479619781508712" k="696.2176000000001" type1="c3" type2="c3" type3="ns"/>
    <Angle angle="1.900314489571426" k="514.6320000000001" type1="h1" type2="c3" type3="ns"/>
    <Angle angle="2.053903463746927" k="385.76480000000004" type1="c3" type2="ns" type3="hn"/>
    <Angle angle="1.9884536167971398" k="856.0464000000001" type1="nh" type2="c2" type3="nz"/>
    <Angle angle="1.9263198954261416" k="385.76480000000004" type1="c2" type2="nz" type3="hn"/>
    <Angle angle="1.971698455977994" k="917.9696" type1="n2" type2="c2" type3="nz"/>
    <Angle angle="1.8901915799098588" k="334.72" type1="hn" type2="nz" type3="hn"/>
  </HarmonicAngleForce>
  <PeriodicTorsionForce>
    <Proper k1="1.2552" periodicity1="3" phase1="0.0" type1="c" type2="c3" type3="n7" type4="s6"/>
    <Proper k1="1.2552" periodicity1="3" phase1="0.0" type1="c3" type2="c3" type3="n7" type4="s6"/>
    <Proper k1="1.2552" periodicity1="3" phase1="0.0" type1="h1" type2="c3" type3="n7" type4="s6"/>
    <Proper k1="13.109866666666667" periodicity1="2" phase1="0.0" type1="c3" type2="n7" type3="s6" type4="o"/>
    <Proper k1="13.109866666666667" periodicity1="2" phase1="0.0" type1="hn" type2="n7" type3="s6" type4="o"/>
    <Proper k1="15.10424" periodicity1="2" phase1="0.0" type1="c3" type2="n7" type3="s6" type4="c3"/>
    <Proper k1="13.109866666666667" periodicity1="2" phase1="0.0" type1="hn" type2="n7" type3="s6" type4="c3"/>
    <Proper k1="0.41840000000000005" periodicity1="3" phase1="0.0" type1="ca" type2="c3" type3="c3" type4="n7"/>
    <Proper k1="0.41840000000000005" periodicity1="3" phase1="0.0" type1="hc" type2="c3" type3="c3" type4="n7"/>
    <Proper k1="1.2552" periodicity1="3" phase1="0.0" type1="c" type2="c3" type3="n7" type4="hn"/>
    <Proper k1="0.9079280000000001" periodicity1="3" phase1="0.0" type1="c3" type2="c3" type3="n7" type4="hn"/>
    <Proper k1="0.41840000000000005" k2="8.870080000000002" periodicity1="1" periodicity2="2" phase1="3.141592653589793" phase2="3.141592653589793" type1="ns" type2="c" type3="c3" type4="n"/>
    <Proper k1="1.0878400000000001" k2="2.092" periodicity1="2" periodicity2="1" phase1="3.141592653589793" phase2="0.0" type1="c3" type2="c" type3="ns" type4="c3"/>
    <Proper k1="10.46" periodicity1="2" phase1="3.141592653589793" type1="c3" type2="c" type3="ns" type4="hn"/>
    <Proper k1="0.41840000000000005" k2="0.7112800000000001" k3="4.26768" periodicity1="4" periodicity2="3" periodicity3="1" phase1="3.141592653589793" phase2="0.0" phase3="3.141592653589793" type1="c3" type2="c3" type3="ns" type4="c"/>
    <Proper k1="0.0" periodicity1="2" phase1="3.141592653589793" type1="h1" type2="c3" type3="ns" type4="c"/>
    <Proper k1="10.46" periodicity1="2" phase1="3.141592653589793" type1="o" type2="c" type3="ns" type4="c3"/>
    <Proper k1="10.46" k2="8.368" periodicity1="2" periodicity2="1" phase1="3.141592653589793" phase2="0.0" type1="o" type2="c" type3="ns" type4="hn"/>
    <Proper k1="0.0" k2="2.97064" periodicity1="4" periodicity2="2" phase1="3.141592653589793" phase2="3.141592653589793" type1="ns" type2="c" type3="c3" type4="c3"/>
    <Proper k1="0.41840000000000005" periodicity1="3" phase1="0.0" type1="c3" type2="c3" type3="c3" type4="ns"/>
    <Proper k1="0.0" periodicity1="2" phase1="0.0" type1="c3" type2="c3" type3="ns" type4="hn"/>
    <Proper k1="0.0" periodicity1="3" phase1="3.141592653589793" type1="nh" type2="c2" type3="nz" type4="hn"/>
    <Proper k1="0.0" periodicity1="3" phase1="3.141592653589793" type1="n2" type2="c2" type3="nz" type4="hn"/>
    <Proper k1="1.2552" periodicity1="3" phase1="0.0" type1="h1" type2="c3" type3="n7" type4="hn"/>
    <Proper k1="0.0" periodicity1="2" phase1="0.0" type1="h1" type2="c3" type3="ns" type4="hn"/>
    <Improper k1="43.932" periodicity1="2" phase1="3.141592653589793" type1="c" type2="c3" type3="n" type4="o"/>
    <Improper k1="4.6024" periodicity1="2" phase1="3.141592653589793" type1="ca" type2="ca" type3="ca" type4="ha"/>
    <Improper k1="4.6024" periodicity1="2" phase1="3.141592653589793" type1="n" type2="c" type3="c3" type4="c3"/>
    <Improper k1="43.932" periodicity1="2" phase1="3.141592653589793" type1="c" type2="c3" type3="ns" type4="o"/>
    <Improper k1="4.6024" periodicity1="2" phase1="3.141592653589793" type1="ns" type2="c" type3="c3" type4="hn"/>
    <Improper k1="4.6024" periodicity1="2" phase1="3.141592653589793" type1="nh" type2="c2" type3="c3" type4="c3"/>
    <Improper k1="4.6024" periodicity1="2" phase1="3.141592653589793" type1="c2" type2="n2" type3="nh" type4="nz"/>
  </PeriodicTorsionForce>
</ForceField>
