<ForceField>
  <Info>
    <DateGenerated>2019-07-05</DateGenerated>
  </Info>
  <Residues>
    <Residue name="MC_0BP">
      <Atom charge="-0.691" name="N1" type="nb"/>
      <Atom charge="0.3703" name="C2" type="cp"/>
      <Atom charge="-0.2088" name="C3" type="ca"/>
      <Atom charge="-0.102" name="C4" type="ca"/>
      <Atom charge="-0.2088" name="C12" type="ca"/>
      <Atom charge="-0.102" name="C11" type="ca"/>
      <Atom charge="-0.2493" name="C10" type="ca"/>
      <Atom charge="0.4182" name="C9" type="ca"/>
      <Atom charge="-0.691" name="N8" type="nb"/>
      <Atom charge="0.3703" name="C7" type="cp"/>
      <Atom charge="-0.2493" name="C5" type="ca"/>
      <Atom charge="0.4182" name="C6" type="ca"/>
      <Atom charge="0.163" name="H1" type="ha"/>
      <Atom charge="0.139" name="H2" type="ha"/>
      <Atom charge="0.139" name="H4" type="ha"/>
      <Atom charge="0.137" name="H5" type="ha"/>
      <Atom charge="0.0231" name="H6" type="h4"/>
      <Atom charge="0.137" name="H7" type="ha"/>
      <Atom charge="0.0231" name="H8" type="h4"/>
      <Atom charge="0.163" name="H3" type="ha"/>
      <Bond atomName1="C6" atomName2="C5"/>
      <Bond atomName1="C6" atomName2="N1"/>
      <Bond atomName1="C5" atomName2="C4"/>
      <Bond atomName1="N1" atomName2="C2"/>
      <Bond atomName1="N8" atomName2="C9"/>
      <Bond atomName1="N8" atomName2="C7"/>
      <Bond atomName1="C2" atomName2="C7"/>
      <Bond atomName1="C2" atomName2="C3"/>
      <Bond atomName1="C4" atomName2="C3"/>
      <Bond atomName1="C9" atomName2="C10"/>
      <Bond atomName1="C7" atomName2="C12"/>
      <Bond atomName1="C10" atomName2="C11"/>
      <Bond atomName1="C12" atomName2="C11"/>
      <Bond atomName1="C3" atomName2="H1"/>
      <Bond atomName1="C4" atomName2="H2"/>
      <Bond atomName1="C12" atomName2="H3"/>
      <Bond atomName1="C11" atomName2="H4"/>
      <Bond atomName1="C10" atomName2="H5"/>
      <Bond atomName1="C9" atomName2="H6"/>
      <Bond atomName1="C5" atomName2="H7"/>
      <Bond atomName1="C6" atomName2="H8"/>
    </Residue>
  </Residues>
  <PeriodicTorsionForce>
    <Proper k1="2.0710800000000003" periodicity1="3" phase1="0.0" type1="cp" type2="cp" type3="nb" type4="ca"/>
    <Proper k1="2.0710800000000003" periodicity1="3" phase1="0.0" type1="ca" type2="cp" type3="nb" type4="ca"/>
    <Improper k1="4.6024" periodicity1="2" phase1="3.141592653589793" type1="cp" type2="ca" type3="cp" type4="nb"/>
    <Improper k1="4.6024" periodicity1="2" phase1="3.141592653589793" type1="ca" type2="ca" type3="cp" type4="ha"/>
    <Improper k1="4.6024" periodicity1="2" phase1="3.141592653589793" type1="ca" type2="ca" type3="ca" type4="ha"/>
    <Improper k1="4.6024" periodicity1="2" phase1="3.141592653589793" type1="ca" type2="ca" type3="h4" type4="nb"/>
  </PeriodicTorsionForce>
</ForceField>
