<ForceField>
  <Info>
    <DateGenerated>2019-07-05</DateGenerated>
  </Info>
  <Residues>
    <Residue name="MC_0BV">
      <Atom charge="-0.5201" name="OAA" type="o"/>
      <Atom charge="0.5739" name="CAB" type="c"/>
      <Atom charge="-0.1601" name="CAL" type="c3"/>
      <Atom charge="-0.0783" name="CAM" type="ca"/>
      <Atom charge="-0.029" name="CAO" type="ca"/>
      <Atom charge="-0.125" name="CAH" type="ca"/>
      <Atom charge="-0.122" name="CAD" type="ca"/>
      <Atom charge="-0.124" name="CAF" type="ca"/>
      <Atom charge="-0.113" name="CAJ" type="ca"/>
      <Atom charge="-0.021" name="CAQ" type="ca"/>
      <Atom charge="-0.022" name="CAP" type="ca"/>
      <Atom charge="-0.117" name="CAI" type="ca"/>
      <Atom charge="-0.12" name="CAE" type="ca"/>
      <Atom charge="-0.126" name="CAC" type="ca"/>
      <Atom charge="-0.111" name="CAG" type="ca"/>
      <Atom charge="-0.035" name="CAN" type="ca"/>
      <Atom charge="-0.098" name="CAK" type="ca"/>
      <Atom charge="0.0022" name="H1" type="h4"/>
      <Atom charge="0.0757" name="H2" type="hc"/>
      <Atom charge="0.0757" name="H3" type="hc"/>
      <Atom charge="0.131" name="H4" type="ha"/>
      <Atom charge="0.13" name="H5" type="ha"/>
      <Atom charge="0.131" name="H6" type="ha"/>
      <Atom charge="0.135" name="H7" type="ha"/>
      <Atom charge="0.134" name="H8" type="ha"/>
      <Atom charge="0.131" name="H9" type="ha"/>
      <Atom charge="0.131" name="H10" type="ha"/>
      <Atom charge="0.135" name="H11" type="ha"/>
      <Atom charge="0.138" name="H12" type="ha"/>
      <Bond atomName1="CAC" atomName2="CAE"/>
      <Bond atomName1="CAC" atomName2="CAG"/>
      <Bond atomName1="CAE" atomName2="CAI"/>
      <Bond atomName1="CAG" atomName2="CAN"/>
      <Bond atomName1="CAI" atomName2="CAP"/>
      <Bond atomName1="CAN" atomName2="CAP"/>
      <Bond atomName1="CAN" atomName2="CAK"/>
      <Bond atomName1="CAP" atomName2="CAQ"/>
      <Bond atomName1="CAK" atomName2="CAM"/>
      <Bond atomName1="CAQ" atomName2="CAJ"/>
      <Bond atomName1="CAQ" atomName2="CAO"/>
      <Bond atomName1="OAA" atomName2="CAB"/>
      <Bond atomName1="CAJ" atomName2="CAF"/>
      <Bond atomName1="CAM" atomName2="CAO"/>
      <Bond atomName1="CAM" atomName2="CAL"/>
      <Bond atomName1="CAO" atomName2="CAH"/>
      <Bond atomName1="CAB" atomName2="CAL"/>
      <Bond atomName1="CAF" atomName2="CAD"/>
      <Bond atomName1="CAH" atomName2="CAD"/>
      <Bond atomName1="CAB" atomName2="H1"/>
      <Bond atomName1="CAL" atomName2="H2"/>
      <Bond atomName1="CAL" atomName2="H3"/>
      <Bond atomName1="CAH" atomName2="H4"/>
      <Bond atomName1="CAD" atomName2="H5"/>
      <Bond atomName1="CAF" atomName2="H6"/>
      <Bond atomName1="CAJ" atomName2="H7"/>
      <Bond atomName1="CAI" atomName2="H8"/>
      <Bond atomName1="CAE" atomName2="H9"/>
      <Bond atomName1="CAC" atomName2="H10"/>
      <Bond atomName1="CAG" atomName2="H11"/>
      <Bond atomName1="CAK" atomName2="H12"/>
    </Residue>
  </Residues>
  <PeriodicTorsionForce>
    <Improper k1="43.932" periodicity1="2" phase1="3.141592653589793" type1="c" type2="c3" type3="h4" type4="o"/>
    <Improper k1="4.6024" periodicity1="2" phase1="3.141592653589793" type1="ca" type2="ca" type3="ca" type4="ca"/>
    <Improper k1="4.6024" periodicity1="2" phase1="3.141592653589793" type1="ca" type2="ca" type3="ca" type4="ha"/>
  </PeriodicTorsionForce>
</ForceField>
