<ForceField>
  <Info>
    <DateGenerated>2019-07-05</DateGenerated>
  </Info>
  <Residues>
    <Residue name="MC_0BW">
      <Atom charge="0.1688" name="CAO" type="c3"/>
      <Atom charge="0.1618" name="CAM" type="c3"/>
      <Atom charge="-0.7336" name="NBA" type="n3"/>
      <Atom charge="0.1521" name="CAC" type="c3"/>
      <Atom charge="0.1618" name="CAN" type="c3"/>
      <Atom charge="0.1688" name="CAP" type="c3"/>
      <Atom charge="-0.63" name="NBB" type="nh"/>
      <Atom charge="0.0806" name="CAZ" type="ca"/>
      <Atom charge="-0.167" name="CAJ" type="ca"/>
      <Atom charge="-0.089" name="CAI" type="ca"/>
      <Atom charge="-0.1236" name="CAX" type="ca"/>
      <Atom charge="0.6477" name="CAU" type="c"/>
      <Atom charge="-0.541" name="OAE" type="o"/>
      <Atom charge="-0.4319" name="OAR" type="os"/>
      <Atom charge="0.1417" name="CAA" type="c3"/>
      <Atom charge="-0.066" name="CAL" type="ca"/>
      <Atom charge="0.0636" name="CAY" type="ca"/>
      <Atom charge="-0.4621" name="NAQ" type="ns"/>
      <Atom charge="0.6737" name="CAT" type="c"/>
      <Atom charge="-0.5901" name="OAD" type="o"/>
      <Atom charge="-0.1126" name="CAW" type="ca"/>
      <Atom charge="-0.096" name="CAK" type="ca"/>
      <Atom charge="-0.144" name="CAH" type="ca"/>
      <Atom charge="-0.099" name="CAF" type="ca"/>
      <Atom charge="-0.2" name="CAG" type="ca"/>
      <Atom charge="0.1321" name="CAV" type="ca"/>
      <Atom charge="-0.3229" name="OAS" type="os"/>
      <Atom charge="0.1287" name="CAB" type="c3"/>
      <Atom charge="0.0482" name="H1" type="h1"/>
      <Atom charge="0.0482" name="H2" type="h1"/>
      <Atom charge="0.04195" name="H3" type="h1"/>
      <Atom charge="0.04195" name="H4" type="h1"/>
      <Atom charge="0.033367" name="H6" type="h1"/>
      <Atom charge="0.033367" name="H7" type="h1"/>
      <Atom charge="0.033367" name="H8" type="h1"/>
      <Atom charge="0.04195" name="H9" type="h1"/>
      <Atom charge="0.04195" name="H10" type="h1"/>
      <Atom charge="0.0482" name="H11" type="h1"/>
      <Atom charge="0.0482" name="H12" type="h1"/>
      <Atom charge="0.142" name="H13" type="ha"/>
      <Atom charge="0.149" name="H14" type="ha"/>
      <Atom charge="0.0487" name="H15" type="h1"/>
      <Atom charge="0.0487" name="H16" type="h1"/>
      <Atom charge="0.0487" name="H17" type="h1"/>
      <Atom charge="0.194" name="H18" type="ha"/>
      <Atom charge="0.3385" name="H19" type="hn"/>
      <Atom charge="0.172" name="H20" type="ha"/>
      <Atom charge="0.128" name="H21" type="ha"/>
      <Atom charge="0.134" name="H22" type="ha"/>
      <Atom charge="0.137" name="H23" type="ha"/>
      <Atom charge="0.0427" name="H24" type="h1"/>
      <Atom charge="0.0427" name="H25" type="h1"/>
      <Atom charge="0.0427" name="H26" type="h1"/>
      <Bond atomName1="CAB" atomName2="OAS"/>
      <Bond atomName1="CAA" atomName2="OAR"/>
      <Bond atomName1="OAE" atomName2="CAU"/>
      <Bond atomName1="OAS" atomName2="CAV"/>
      <Bond atomName1="CAU" atomName2="OAR"/>
      <Bond atomName1="CAU" atomName2="CAX"/>
      <Bond atomName1="CAV" atomName2="CAK"/>
      <Bond atomName1="CAV" atomName2="CAG"/>
      <Bond atomName1="CAK" atomName2="CAW"/>
      <Bond atomName1="CAL" atomName2="CAX"/>
      <Bond atomName1="CAL" atomName2="CAY"/>
      <Bond atomName1="CAX" atomName2="CAI"/>
      <Bond atomName1="CAG" atomName2="CAF"/>
      <Bond atomName1="NAQ" atomName2="CAY"/>
      <Bond atomName1="NAQ" atomName2="CAT"/>
      <Bond atomName1="CAY" atomName2="CAZ"/>
      <Bond atomName1="CAW" atomName2="CAT"/>
      <Bond atomName1="CAW" atomName2="CAH"/>
      <Bond atomName1="CAI" atomName2="CAJ"/>
      <Bond atomName1="CAT" atomName2="OAD"/>
      <Bond atomName1="CAF" atomName2="CAH"/>
      <Bond atomName1="CAZ" atomName2="CAJ"/>
      <Bond atomName1="CAZ" atomName2="NBB"/>
      <Bond atomName1="NBB" atomName2="CAO"/>
      <Bond atomName1="NBB" atomName2="CAP"/>
      <Bond atomName1="CAO" atomName2="CAM"/>
      <Bond atomName1="CAP" atomName2="CAN"/>
      <Bond atomName1="CAM" atomName2="NBA"/>
      <Bond atomName1="CAN" atomName2="NBA"/>
      <Bond atomName1="NBA" atomName2="CAC"/>
      <Bond atomName1="CAO" atomName2="H1"/>
      <Bond atomName1="CAO" atomName2="H2"/>
      <Bond atomName1="CAM" atomName2="H3"/>
      <Bond atomName1="CAM" atomName2="H4"/>
      <Bond atomName1="CAC" atomName2="H6"/>
      <Bond atomName1="CAC" atomName2="H7"/>
      <Bond atomName1="CAC" atomName2="H8"/>
      <Bond atomName1="CAN" atomName2="H9"/>
      <Bond atomName1="CAN" atomName2="H10"/>
      <Bond atomName1="CAP" atomName2="H11"/>
      <Bond atomName1="CAP" atomName2="H12"/>
      <Bond atomName1="CAJ" atomName2="H13"/>
      <Bond atomName1="CAI" atomName2="H14"/>
      <Bond atomName1="CAA" atomName2="H15"/>
      <Bond atomName1="CAA" atomName2="H16"/>
      <Bond atomName1="CAA" atomName2="H17"/>
      <Bond atomName1="CAL" atomName2="H18"/>
      <Bond atomName1="NAQ" atomName2="H19"/>
      <Bond atomName1="CAK" atomName2="H20"/>
      <Bond atomName1="CAH" atomName2="H21"/>
      <Bond atomName1="CAF" atomName2="H22"/>
      <Bond atomName1="CAG" atomName2="H23"/>
      <Bond atomName1="CAB" atomName2="H24"/>
      <Bond atomName1="CAB" atomName2="H25"/>
      <Bond atomName1="CAB" atomName2="H26"/>
    </Residue>
  </Residues>
  <HarmonicBondForce>
    <Bond k="263759.3599999999" length="0.1412" type1="ca" type2="ns"/>
    <Bond k="298068.1599999999" length="0.1379" type1="c" type2="ns"/>
    <Bond k="441244.6399999999" length="0.1013" type1="hn" type2="ns"/>
  </HarmonicBondForce>
  <HarmonicAngleForce>
    <Angle angle="2.0977112279719847" k="716.3008" type1="ca" type2="ca" type3="ns"/>
    <Angle angle="2.159146817642185" k="549.7776" type1="c" type2="ns" type3="ca"/>
    <Angle angle="2.0245819323134224" k="401.664" type1="ca" type2="ns" type3="hn"/>
    <Angle angle="2.1476276445790226" k="952.2784" type1="ns" type2="c" type3="o"/>
    <Angle angle="2.011491962923465" k="714.6272000000001" type1="ca" type2="c" type3="ns"/>
    <Angle angle="2.051634535719334" k="407.52160000000003" type1="c" type2="ns" type3="hn"/>
  </HarmonicAngleForce>
  <PeriodicTorsionForce>
    <Proper k1="3.9748" periodicity1="2" phase1="3.141592653589793" type1="ca" type2="ca" type3="ns" type4="c"/>
    <Proper k1="1.8828" periodicity1="2" phase1="3.141592653589793" type1="ca" type2="ca" type3="ns" type4="hn"/>
    <Proper k1="10.46" periodicity1="2" phase1="3.141592653589793" type1="o" type2="c" type3="ns" type4="ca"/>
    <Proper k1="10.46" periodicity1="2" phase1="3.141592653589793" type1="ca" type2="c" type3="ns" type4="ca"/>
    <Proper k1="10.46" k2="8.368" periodicity1="2" periodicity2="1" phase1="3.141592653589793" phase2="0.0" type1="o" type2="c" type3="ns" type4="hn"/>
    <Proper k1="10.46" periodicity1="2" phase1="3.141592653589793" type1="ca" type2="c" type3="ns" type4="hn"/>
    <Improper k1="4.6024" periodicity1="2" phase1="3.141592653589793" type1="nh" type2="c3" type3="c3" type4="ca"/>
    <Improper k1="4.6024" periodicity1="2" phase1="3.141592653589793" type1="ca" type2="ca" type3="ca" type4="nh"/>
    <Improper k1="4.6024" periodicity1="2" phase1="3.141592653589793" type1="ca" type2="ca" type3="ca" type4="ha"/>
    <Improper k1="4.6024" periodicity1="2" phase1="3.141592653589793" type1="ca" type2="c" type3="ca" type4="ca"/>
    <Improper k1="4.6024" periodicity1="2" phase1="3.141592653589793" type1="c" type2="ca" type3="o" type4="os"/>
    <Improper k1="4.6024" periodicity1="2" phase1="3.141592653589793" type1="ca" type2="ca" type3="ca" type4="ns"/>
    <Improper k1="4.6024" periodicity1="2" phase1="3.141592653589793" type1="ns" type2="c" type3="ca" type4="hn"/>
    <Improper k1="43.932" periodicity1="2" phase1="3.141592653589793" type1="c" type2="ca" type3="ns" type4="o"/>
    <Improper k1="4.6024" periodicity1="2" phase1="3.141592653589793" type1="ca" type2="ca" type3="ca" type4="os"/>
  </PeriodicTorsionForce>
</ForceField>
