<ForceField>
  <Info>
    <DateGenerated>2019-07-05</DateGenerated>
  </Info>
  <Residues>
    <Residue name="MC_0BZ">
      <Atom charge="-0.1539" name="F24" type="f"/>
      <Atom charge="-0.871" name="N02" type="nb"/>
      <Atom charge="-0.79" name="N03" type="nb"/>
      <Atom charge="-0.7623" name="N04" type="nu"/>
      <Atom charge="-0.09" name="C05" type="ca"/>
      <Atom charge="-0.1086" name="C06" type="ca"/>
      <Atom charge="-0.09" name="C07" type="ca"/>
      <Atom charge="-0.1665" name="C08" type="ca"/>
      <Atom charge="0.1056" name="C09" type="ca"/>
      <Atom charge="-0.1665" name="C10" type="ca"/>
      <Atom charge="0.9709" name="C12" type="ca"/>
      <Atom charge="0.7512" name="C13" type="ca"/>
      <Atom charge="-0.5096" name="C14" type="ca"/>
      <Atom charge="0.5242" name="C15" type="ca"/>
      <Atom charge="0.1366" name="C16" type="ca"/>
      <Atom charge="-0.126" name="C17" type="ca"/>
      <Atom charge="-0.123" name="C18" type="ca"/>
      <Atom charge="-0.141" name="C19" type="ca"/>
      <Atom charge="-0.149" name="C20" type="ca"/>
      <Atom charge="0.0719" name="C21" type="ca"/>
      <Atom charge="-0.8383" name="O25" type="o"/>
      <Atom charge="-0.8383" name="O26" type="o"/>
      <Atom charge="0.4528" name="H1" type="hn"/>
      <Atom charge="0.4618" name="H2" type="hn"/>
      <Atom charge="0.153" name="H3" type="ha"/>
      <Atom charge="0.153" name="H4" type="ha"/>
      <Atom charge="0.1195" name="H5" type="ha"/>
      <Atom charge="0.1195" name="H6" type="ha"/>
      <Atom charge="0.133" name="H7" type="ha"/>
      <Atom charge="0.0281" name="H8" type="h4"/>
      <Atom charge="0.197" name="H9" type="ha"/>
      <Atom charge="0.134" name="H10" type="ha"/>
      <Atom charge="0.128" name="H11" type="ha"/>
      <Atom charge="0.137" name="H12" type="ha"/>
      <Atom charge="-0.7353" name="N01" type="nu"/>
      <Atom charge="0.8822" name="C11" type="c"/>
      <Bond atomName1="C08" atomName2="C07"/>
      <Bond atomName1="C08" atomName2="C09"/>
      <Bond atomName1="N01" atomName2="C09"/>
      <Bond atomName1="N01" atomName2="C12"/>
      <Bond atomName1="C07" atomName2="C06"/>
      <Bond atomName1="N03" atomName2="C12"/>
      <Bond atomName1="N03" atomName2="C15"/>
      <Bond atomName1="C09" atomName2="C10"/>
      <Bond atomName1="O26" atomName2="C11"/>
      <Bond atomName1="C12" atomName2="N02"/>
      <Bond atomName1="C06" atomName2="C11"/>
      <Bond atomName1="C06" atomName2="C05"/>
      <Bond atomName1="C15" atomName2="C14"/>
      <Bond atomName1="C10" atomName2="C05"/>
      <Bond atomName1="C11" atomName2="O25"/>
      <Bond atomName1="N02" atomName2="C13"/>
      <Bond atomName1="C14" atomName2="C13"/>
      <Bond atomName1="C13" atomName2="N04"/>
      <Bond atomName1="F24" atomName2="C21"/>
      <Bond atomName1="C21" atomName2="C20"/>
      <Bond atomName1="C21" atomName2="C16"/>
      <Bond atomName1="N04" atomName2="C16"/>
      <Bond atomName1="C20" atomName2="C19"/>
      <Bond atomName1="C16" atomName2="C17"/>
      <Bond atomName1="C19" atomName2="C18"/>
      <Bond atomName1="C17" atomName2="C18"/>
      <Bond atomName1="N01" atomName2="H1"/>
      <Bond atomName1="N04" atomName2="H2"/>
      <Bond atomName1="C05" atomName2="H3"/>
      <Bond atomName1="C07" atomName2="H4"/>
      <Bond atomName1="C08" atomName2="H5"/>
      <Bond atomName1="C10" atomName2="H6"/>
      <Bond atomName1="C14" atomName2="H7"/>
      <Bond atomName1="C15" atomName2="H8"/>
      <Bond atomName1="C17" atomName2="H9"/>
      <Bond atomName1="C18" atomName2="H10"/>
      <Bond atomName1="C19" atomName2="H11"/>
      <Bond atomName1="C20" atomName2="H12"/>
    </Residue>
  </Residues>
  <HarmonicBondForce>
    <Bond k="290453.27999999997" length="0.1386" type1="ca" type2="nu"/>
    <Bond k="443085.5999999999" length="0.10120000000000001" type1="hn" type2="nu"/>
  </HarmonicBondForce>
  <HarmonicAngleForce>
    <Angle angle="2.040988027282169" k="938.0527999999999" type1="nb" type2="ca" type3="nu"/>
    <Angle angle="2.1109757302871417" k="721.3216000000001" type1="ca" type2="ca" type3="nu"/>
    <Angle angle="2.224596664591972" k="545.5936" type1="ca" type2="nu" type3="ca"/>
    <Angle angle="2.0258036627898184" k="408.3584" type1="ca" type2="nu" type3="hn"/>
  </HarmonicAngleForce>
  <PeriodicTorsionForce>
    <Proper k1="4.3932" periodicity1="2" phase1="3.141592653589793" type1="nb" type2="ca" type3="nu" type4="ca"/>
    <Proper k1="4.3932" periodicity1="2" phase1="3.141592653589793" type1="nb" type2="ca" type3="nu" type4="hn"/>
    <Proper k1="4.3932" periodicity1="2" phase1="3.141592653589793" type1="ca" type2="ca" type3="nu" type4="ca"/>
    <Proper k1="4.3932" periodicity1="2" phase1="3.141592653589793" type1="ca" type2="ca" type3="nu" type4="hn"/>
    <Improper k1="4.6024" periodicity1="2" phase1="3.141592653589793" type1="nu" type2="ca" type3="ca" type4="hn"/>
    <Improper k1="4.6024" periodicity1="2" phase1="3.141592653589793" type1="ca" type2="ca" type3="ca" type4="ha"/>
    <Improper k1="4.6024" periodicity1="2" phase1="3.141592653589793" type1="ca" type2="c" type3="ca" type4="ca"/>
    <Improper k1="4.6024" periodicity1="2" phase1="3.141592653589793" type1="ca" type2="ca" type3="ca" type4="nu"/>
    <Improper k1="43.932" periodicity1="2" phase1="3.141592653589793" type1="ca" type2="nb" type3="nb" type4="nu"/>
    <Improper k1="4.6024" periodicity1="2" phase1="3.141592653589793" type1="ca" type2="ca" type3="nb" type4="nu"/>
    <Improper k1="4.6024" periodicity1="2" phase1="3.141592653589793" type1="ca" type2="ca" type3="h4" type4="nb"/>
    <Improper k1="4.6024" periodicity1="2" phase1="3.141592653589793" type1="c" type2="ca" type3="o" type4="o"/>
  </PeriodicTorsionForce>
</ForceField>
