<ForceField>
  <Info>
    <DateGenerated>2019-07-05</DateGenerated>
  </Info>
  <Residues>
    <Residue name="MC_0C2">
      <Atom charge="-0.038" name="C1" type="ca"/>
      <Atom charge="-0.19" name="C2" type="ca"/>
      <Atom charge="-0.132" name="C3" type="ca"/>
      <Atom charge="-0.137" name="C4" type="ca"/>
      <Atom charge="-0.137" name="C5" type="ca"/>
      <Atom charge="-0.1198" name="C6" type="ca"/>
      <Atom charge="0.0588" name="C7" type="cc"/>
      <Atom charge="-0.2153" name="C8" type="ca"/>
      <Atom charge="-0.1453" name="C9" type="ca"/>
      <Atom charge="0.0258" name="C10" type="ca"/>
      <Atom charge="0.1961" name="C11" type="ca"/>
      <Atom charge="0.1389" name="C12" type="ca"/>
      <Atom charge="0.1349" name="C13" type="ca"/>
      <Atom charge="-0.1513" name="C14" type="cd"/>
      <Atom charge="-0.244" name="C15" type="cd"/>
      <Atom charge="-0.012" name="C16" type="cd"/>
      <Atom charge="0.0096" name="C17" type="cc"/>
      <Atom charge="-0.1482" name="C18" type="cc"/>
      <Atom charge="0.7017" name="C19" type="c"/>
      <Atom charge="0.7183" name="C20" type="c"/>
      <Atom charge="0.1334" name="C21" type="c3"/>
      <Atom charge="-0.0484" name="C22" type="c3"/>
      <Atom charge="-0.0831" name="C23" type="c3"/>
      <Atom charge="-0.2403" name="C24" type="c3"/>
      <Atom charge="-0.0664" name="N1" type="na"/>
      <Atom charge="-0.4021" name="N2" type="ns"/>
      <Atom charge="-0.6853" name="N3" type="ns"/>
      <Atom charge="-0.6495" name="O1" type="o"/>
      <Atom charge="-0.5501" name="O2" type="o"/>
      <Atom charge="-0.6063" name="O3" type="o"/>
      <Atom charge="-0.6063" name="O4" type="o"/>
      <Atom charge="-0.3069" name="O5" type="os"/>
      <Atom charge="-0.1249" name="F1" type="f"/>
      <Atom charge="-0.1389" name="F2" type="f"/>
      <Atom charge="1.3106" name="S1" type="s6"/>
      <Atom charge="0.134" name="H1" type="ha"/>
      <Atom charge="0.139" name="H2" type="ha"/>
      <Atom charge="0.155" name="H4" type="ha"/>
      <Atom charge="0.165" name="H5" type="ha"/>
      <Atom charge="0.145" name="H6" type="ha"/>
      <Atom charge="0.139" name="H7" type="ha"/>
      <Atom charge="0.149" name="H8" type="h4"/>
      <Atom charge="0.0637" name="H10" type="h1"/>
      <Atom charge="0.0637" name="H11" type="h1"/>
      <Atom charge="0.0677" name="H12" type="hc"/>
      <Atom charge="0.0397" name="H13" type="hc"/>
      <Atom charge="0.0397" name="H14" type="hc"/>
      <Atom charge="0.0397" name="H15" type="hc"/>
      <Atom charge="0.103033" name="H16" type="h1"/>
      <Atom charge="0.103033" name="H17" type="h1"/>
      <Atom charge="0.103033" name="H18" type="h1"/>
      <Atom charge="0.3625" name="H21" type="hn"/>
      <Atom charge="0.3365" name="H9" type="hn"/>
      <Atom charge="0.0896" name="C25" type="c3"/>
      <Atom charge="0.156" name="H3" type="ha"/>
      <Atom charge="0.0777" name="H19" type="h1"/>
      <Atom charge="0.0777" name="H20" type="h1"/>
      <Bond atomName1="O3" atomName2="S1"/>
      <Bond atomName1="C24" atomName2="S1"/>
      <Bond atomName1="S1" atomName2="O4"/>
      <Bond atomName1="S1" atomName2="N3"/>
      <Bond atomName1="F2" atomName2="C13"/>
      <Bond atomName1="C4" atomName2="C13"/>
      <Bond atomName1="C4" atomName2="C3"/>
      <Bond atomName1="C13" atomName2="C9"/>
      <Bond atomName1="N3" atomName2="C20"/>
      <Bond atomName1="C3" atomName2="C12"/>
      <Bond atomName1="C9" atomName2="C25"/>
      <Bond atomName1="C9" atomName2="C5"/>
      <Bond atomName1="C25" atomName2="N1"/>
      <Bond atomName1="C20" atomName2="O2"/>
      <Bond atomName1="C20" atomName2="C14"/>
      <Bond atomName1="C12" atomName2="C5"/>
      <Bond atomName1="C12" atomName2="F1"/>
      <Bond atomName1="N1" atomName2="C14"/>
      <Bond atomName1="N1" atomName2="C10"/>
      <Bond atomName1="C14" atomName2="C7"/>
      <Bond atomName1="O1" atomName2="C19"/>
      <Bond atomName1="C19" atomName2="N2"/>
      <Bond atomName1="C19" atomName2="C18"/>
      <Bond atomName1="C10" atomName2="C2"/>
      <Bond atomName1="C10" atomName2="C6"/>
      <Bond atomName1="C7" atomName2="C18"/>
      <Bond atomName1="C7" atomName2="C6"/>
      <Bond atomName1="N2" atomName2="C17"/>
      <Bond atomName1="C2" atomName2="C1"/>
      <Bond atomName1="C18" atomName2="C16"/>
      <Bond atomName1="C6" atomName2="C11"/>
      <Bond atomName1="C17" atomName2="C15"/>
      <Bond atomName1="C16" atomName2="C15"/>
      <Bond atomName1="C1" atomName2="C8"/>
      <Bond atomName1="C11" atomName2="C8"/>
      <Bond atomName1="C11" atomName2="O5"/>
      <Bond atomName1="C8" atomName2="C22"/>
      <Bond atomName1="O5" atomName2="C21"/>
      <Bond atomName1="C22" atomName2="C21"/>
      <Bond atomName1="C22" atomName2="C23"/>
      <Bond atomName1="C1" atomName2="H1"/>
      <Bond atomName1="C2" atomName2="H2"/>
      <Bond atomName1="C3" atomName2="H3"/>
      <Bond atomName1="C4" atomName2="H4"/>
      <Bond atomName1="C5" atomName2="H5"/>
      <Bond atomName1="C15" atomName2="H6"/>
      <Bond atomName1="C16" atomName2="H7"/>
      <Bond atomName1="C17" atomName2="H8"/>
      <Bond atomName1="C21" atomName2="H10"/>
      <Bond atomName1="C21" atomName2="H11"/>
      <Bond atomName1="C22" atomName2="H12"/>
      <Bond atomName1="C23" atomName2="H13"/>
      <Bond atomName1="C23" atomName2="H14"/>
      <Bond atomName1="C23" atomName2="H15"/>
      <Bond atomName1="C24" atomName2="H16"/>
      <Bond atomName1="C24" atomName2="H17"/>
      <Bond atomName1="C24" atomName2="H18"/>
      <Bond atomName1="C25" atomName2="H19"/>
      <Bond atomName1="C25" atomName2="H20"/>
      <Bond atomName1="N3" atomName2="H21"/>
      <Bond atomName1="N2" atomName2="H9"/>
    </Residue>
  </Residues>
  <HarmonicBondForce>
    <Bond k="296059.83999999997" length="0.1381" type1="cc" type2="ns"/>
    <Bond k="298068.1599999999" length="0.1379" type1="c" type2="ns"/>
    <Bond k="441244.6399999999" length="0.1013" type1="hn" type2="ns"/>
    <Bond k="237065.43999999997" length="0.17190000000000003" type1="ns" type2="s6"/>
  </HarmonicBondForce>
  <HarmonicAngleForce>
    <Angle angle="1.9669860669976094" k="728.8528" type1="cd" type2="c" type3="ns"/>
    <Angle angle="2.11760798144472" k="728.0160000000001" type1="cd" type2="cc" type3="ns"/>
    <Angle angle="2.15146736893341" k="557.3088" type1="c" type2="ns" type3="cc"/>
    <Angle angle="2.0814796659284376" k="404.1744" type1="cc" type2="ns" type3="hn"/>
    <Angle angle="1.9669860669976094" k="728.8528" type1="cc" type2="c" type3="ns"/>
    <Angle angle="2.051634535719334" k="407.52160000000003" type1="c" type2="ns" type3="hn"/>
    <Angle angle="2.15146736893341" k="725.5056000000001" type1="c" type2="cd" type3="na"/>
    <Angle angle="2.1774727747881255" k="520.4896" type1="c" type2="ns" type3="s6"/>
    <Angle angle="1.8053685782629345" k="759.8144" type1="c3" type2="s6" type3="ns"/>
    <Angle angle="2.01917141163224" k="524.6736000000001" type1="h4" type2="cc" type3="ns"/>
    <Angle angle="2.1476276445790226" k="952.2784" type1="ns" type2="c" type3="o"/>
    <Angle angle="1.8678513654843314" k="1026.7536" type1="ns" type2="s6" type3="o"/>
    <Angle angle="1.9645426060448175" k="361.49760000000003" type1="hn" type2="ns" type3="s6"/>
  </HarmonicAngleForce>
  <PeriodicTorsionForce>
    <Proper k1="2.11292" periodicity1="2" phase1="3.141592653589793" type1="ca" type2="ca" type3="cc" type4="cd"/>
    <Proper k1="2.11292" periodicity1="2" phase1="3.141592653589793" type1="ca" type2="ca" type3="cc" type4="cc"/>
    <Proper k1="10.46" periodicity1="2" phase1="3.141592653589793" type1="cd" type2="c" type3="ns" type4="s6"/>
    <Proper k1="10.46" periodicity1="2" phase1="3.141592653589793" type1="cd" type2="c" type3="ns" type4="hn"/>
    <Proper k1="6.9036" periodicity1="2" phase1="3.141592653589793" type1="cd" type2="cc" type3="ns" type4="c"/>
    <Proper k1="6.9036" periodicity1="2" phase1="3.141592653589793" type1="cd" type2="cc" type3="ns" type4="hn"/>
    <Proper k1="10.46" periodicity1="2" phase1="3.141592653589793" type1="cc" type2="c" type3="ns" type4="cc"/>
    <Proper k1="10.46" periodicity1="2" phase1="3.141592653589793" type1="o" type2="c" type3="ns" type4="cc"/>
    <Proper k1="10.46" periodicity1="2" phase1="3.141592653589793" type1="cc" type2="c" type3="ns" type4="hn"/>
    <Proper k1="6.9036" periodicity1="2" phase1="3.141592653589793" type1="h4" type2="cc" type3="ns" type4="c"/>
    <Proper k1="3.213312" periodicity1="2" phase1="3.141592653589793" type1="c" type2="ns" type3="s6" type4="c3"/>
    <Proper k1="4.602399999999999" periodicity1="2" phase1="3.141592653589793" type1="c" type2="ns" type3="s6" type4="o"/>
    <Proper k1="4.602399999999999" periodicity1="2" phase1="3.141592653589793" type1="hn" type2="ns" type3="s6" type4="c3"/>
    <Proper k1="10.46" k2="8.368" periodicity1="2" periodicity2="1" phase1="3.141592653589793" phase2="0.0" type1="o" type2="c" type3="ns" type4="hn"/>
    <Proper k1="10.46" periodicity1="2" phase1="3.141592653589793" type1="o" type2="c" type3="ns" type4="s6"/>
    <Proper k1="4.602399999999999" periodicity1="2" phase1="3.141592653589793" type1="hn" type2="ns" type3="s6" type4="o"/>
    <Proper k1="6.9036" periodicity1="2" phase1="3.141592653589793" type1="h4" type2="cc" type3="ns" type4="hn"/>
    <Improper k1="4.6024" periodicity1="2" phase1="3.141592653589793" type1="ca" type2="ca" type3="ca" type4="ha"/>
    <Improper k1="4.6024" periodicity1="2" phase1="3.141592653589793" type1="ca" type2="ca" type3="ca" type4="cc"/>
    <Improper k1="4.6024" periodicity1="2" phase1="3.141592653589793" type1="cc" type2="ca" type3="cc" type4="cd"/>
    <Improper k1="4.6024" periodicity1="2" phase1="3.141592653589793" type1="ca" type2="ca" type3="ca" type4="na"/>
    <Improper k1="4.6024" periodicity1="2" phase1="3.141592653589793" type1="ca" type2="ca" type3="ca" type4="os"/>
    <Improper k1="4.6024" periodicity1="2" phase1="3.141592653589793" type1="cd" type2="c" type3="cc" type4="na"/>
    <Improper k1="4.6024" periodicity1="2" phase1="3.141592653589793" type1="cd" type2="cc" type3="cd" type4="ha"/>
    <Improper k1="4.6024" periodicity1="2" phase1="3.141592653589793" type1="cc" type2="cd" type3="h4" type4="ns"/>
    <Improper k1="4.6024" periodicity1="2" phase1="3.141592653589793" type1="cc" type2="c" type3="cc" type4="cd"/>
    <Improper k1="43.932" periodicity1="2" phase1="3.141592653589793" type1="c" type2="cc" type3="ns" type4="o"/>
    <Improper k1="43.932" periodicity1="2" phase1="3.141592653589793" type1="c" type2="cd" type3="ns" type4="o"/>
    <Improper k1="4.6024" periodicity1="2" phase1="3.141592653589793" type1="na" type2="c3" type3="ca" type4="cd"/>
    <Improper k1="4.6024" periodicity1="2" phase1="3.141592653589793" type1="ns" type2="c" type3="cc" type4="hn"/>
    <Improper k1="4.6024" periodicity1="2" phase1="3.141592653589793" type1="ns" type2="c" type3="hn" type4="s6"/>
  </PeriodicTorsionForce>
</ForceField>
