<ForceField>
  <Info>
    <DateGenerated>2019-07-05</DateGenerated>
  </Info>
  <Residues>
    <Residue name="MC_0C5">
      <Atom charge="-0.8363" name="O01" type="o"/>
      <Atom charge="0.8802" name="C02" type="c"/>
      <Atom charge="-0.1016" name="C03" type="ca"/>
      <Atom charge="-0.101" name="C04" type="ca"/>
      <Atom charge="-0.1495" name="C05" type="ca"/>
      <Atom charge="-0.101" name="C06" type="ca"/>
      <Atom charge="-0.1495" name="C07" type="ca"/>
      <Atom charge="0.0546" name="C08" type="ca"/>
      <Atom charge="-0.7313" name="N09" type="nu"/>
      <Atom charge="0.9949" name="C10" type="ca"/>
      <Atom charge="-0.866" name="N11" type="nb"/>
      <Atom charge="0.7132" name="C12" type="ca"/>
      <Atom charge="-0.7583" name="N13" type="nu"/>
      <Atom charge="0.2066" name="C14" type="ca"/>
      <Atom charge="-0.144" name="C15" type="ca"/>
      <Atom charge="-0.091" name="C16" type="ca"/>
      <Atom charge="-0.173" name="C17" type="ca"/>
      <Atom charge="-0.082" name="C18" type="ca"/>
      <Atom charge="-0.054" name="C19" type="ca"/>
      <Atom charge="0.2538" name="C20" type="cg"/>
      <Atom charge="-0.3868" name="N21" type="n1"/>
      <Atom charge="-0.4996" name="C22" type="ca"/>
      <Atom charge="0.5412" name="C23" type="ca"/>
      <Atom charge="-0.776" name="N24" type="nb"/>
      <Atom charge="-0.8363" name="O25" type="o"/>
      <Atom charge="0.1545" name="H1" type="ha"/>
      <Atom charge="0.113" name="H2" type="ha"/>
      <Atom charge="0.1545" name="H3" type="ha"/>
      <Atom charge="0.113" name="H4" type="ha"/>
      <Atom charge="0.4568" name="H5" type="hn"/>
      <Atom charge="0.4558" name="H6" type="hn"/>
      <Atom charge="0.185" name="H7" type="ha"/>
      <Atom charge="0.133" name="H8" type="ha"/>
      <Atom charge="0.128" name="H9" type="ha"/>
      <Atom charge="0.141" name="H10" type="ha"/>
      <Atom charge="0.129" name="H11" type="ha"/>
      <Atom charge="0.0301" name="H12" type="h4"/>
      <Bond atomName1="C16" atomName2="C17"/>
      <Bond atomName1="C16" atomName2="C15"/>
      <Bond atomName1="C17" atomName2="C18"/>
      <Bond atomName1="C15" atomName2="C14"/>
      <Bond atomName1="C18" atomName2="C19"/>
      <Bond atomName1="C14" atomName2="C19"/>
      <Bond atomName1="C14" atomName2="N13"/>
      <Bond atomName1="C19" atomName2="C20"/>
      <Bond atomName1="N13" atomName2="C12"/>
      <Bond atomName1="C20" atomName2="N21"/>
      <Bond atomName1="C12" atomName2="C22"/>
      <Bond atomName1="C12" atomName2="N11"/>
      <Bond atomName1="C22" atomName2="C23"/>
      <Bond atomName1="O01" atomName2="C02"/>
      <Bond atomName1="N11" atomName2="C10"/>
      <Bond atomName1="C06" atomName2="C07"/>
      <Bond atomName1="C06" atomName2="C03"/>
      <Bond atomName1="C23" atomName2="N24"/>
      <Bond atomName1="C07" atomName2="C08"/>
      <Bond atomName1="C02" atomName2="C03"/>
      <Bond atomName1="C02" atomName2="O25"/>
      <Bond atomName1="C03" atomName2="C04"/>
      <Bond atomName1="C10" atomName2="N24"/>
      <Bond atomName1="C10" atomName2="N09"/>
      <Bond atomName1="C08" atomName2="N09"/>
      <Bond atomName1="C08" atomName2="C05"/>
      <Bond atomName1="C04" atomName2="C05"/>
      <Bond atomName1="C04" atomName2="H1"/>
      <Bond atomName1="C05" atomName2="H2"/>
      <Bond atomName1="C06" atomName2="H3"/>
      <Bond atomName1="C07" atomName2="H4"/>
      <Bond atomName1="N09" atomName2="H5"/>
      <Bond atomName1="N13" atomName2="H6"/>
      <Bond atomName1="C15" atomName2="H7"/>
      <Bond atomName1="C16" atomName2="H8"/>
      <Bond atomName1="C17" atomName2="H9"/>
      <Bond atomName1="C18" atomName2="H10"/>
      <Bond atomName1="C22" atomName2="H11"/>
      <Bond atomName1="C23" atomName2="H12"/>
    </Residue>
  </Residues>
  <HarmonicBondForce>
    <Bond k="290453.27999999997" length="0.1386" type1="ca" type2="nu"/>
    <Bond k="443085.5999999999" length="0.10120000000000001" type1="hn" type2="nu"/>
  </HarmonicBondForce>
  <HarmonicAngleForce>
    <Angle angle="2.1109757302871417" k="721.3216000000001" type1="ca" type2="ca" type3="nu"/>
    <Angle angle="2.224596664591972" k="545.5936" type1="ca" type2="nu" type3="ca"/>
    <Angle angle="2.0258036627898184" k="408.3584" type1="ca" type2="nu" type3="hn"/>
    <Angle angle="2.040988027282169" k="938.0527999999999" type1="nb" type2="ca" type3="nu"/>
  </HarmonicAngleForce>
  <PeriodicTorsionForce>
    <Proper k1="4.3932" periodicity1="2" phase1="3.141592653589793" type1="ca" type2="ca" type3="nu" type4="ca"/>
    <Proper k1="4.3932" periodicity1="2" phase1="3.141592653589793" type1="ca" type2="ca" type3="nu" type4="hn"/>
    <Proper k1="4.3932" periodicity1="2" phase1="3.141592653589793" type1="nb" type2="ca" type3="nu" type4="ca"/>
    <Proper k1="4.3932" periodicity1="2" phase1="3.141592653589793" type1="nb" type2="ca" type3="nu" type4="hn"/>
    <Proper k1="0.0" periodicity1="2" phase1="3.141592653589793" type1="ca" type2="ca" type3="cg" type4="n1"/>
    <Improper k1="4.6024" periodicity1="2" phase1="3.141592653589793" type1="c" type2="ca" type3="o" type4="o"/>
    <Improper k1="4.6024" periodicity1="2" phase1="3.141592653589793" type1="ca" type2="c" type3="ca" type4="ca"/>
    <Improper k1="4.6024" periodicity1="2" phase1="3.141592653589793" type1="ca" type2="ca" type3="ca" type4="ha"/>
    <Improper k1="4.6024" periodicity1="2" phase1="3.141592653589793" type1="ca" type2="ca" type3="ca" type4="nu"/>
    <Improper k1="4.6024" periodicity1="2" phase1="3.141592653589793" type1="nu" type2="ca" type3="ca" type4="hn"/>
    <Improper k1="4.6024" periodicity1="2" phase1="3.141592653589793" type1="ca" type2="nb" type3="nb" type4="nu"/>
    <Improper k1="4.6024" periodicity1="2" phase1="3.141592653589793" type1="ca" type2="ca" type3="nb" type4="nu"/>
    <Improper k1="4.6024" periodicity1="2" phase1="3.141592653589793" type1="ca" type2="ca" type3="ca" type4="cg"/>
    <Improper k1="4.6024" periodicity1="2" phase1="3.141592653589793" type1="ca" type2="ca" type3="h4" type4="nb"/>
  </PeriodicTorsionForce>
</ForceField>
