<ForceField>
  <Info>
    <DateGenerated>2019-07-05</DateGenerated>
  </Info>
  <Residues>
    <Residue name="MC_0CA">
      <Atom charge="0.0004" name="C13" type="ca"/>
      <Atom charge="-0.1939" name="C30" type="ca"/>
      <Atom charge="-0.223" name="C14" type="ca"/>
      <Atom charge="-0.1303" name="C16" type="cc"/>
      <Atom charge="-0.0005" name="C21" type="c3"/>
      <Atom charge="-0.0733" name="C22" type="ca"/>
      <Atom charge="-0.064" name="C23" type="ca"/>
      <Atom charge="-0.132" name="C24" type="ca"/>
      <Atom charge="-0.087" name="C25" type="ca"/>
      <Atom charge="-0.072" name="C26" type="ca"/>
      <Atom charge="-0.02" name="C27" type="ca"/>
      <Atom charge="0.1441" name="C11" type="ca"/>
      <Atom charge="0.2383" name="C2" type="c3"/>
      <Atom charge="-0.1124" name="C3" type="c3"/>
      <Atom charge="0.1451" name="C4" type="c3"/>
      <Atom charge="-0.1124" name="C5" type="c3"/>
      <Atom charge="0.2383" name="C6" type="c3"/>
      <Atom charge="-0.014" name="C31" type="ca"/>
      <Atom charge="-0.6841" name="N33" type="n2"/>
      <Atom charge="-0.8006" name="N34" type="nz"/>
      <Atom charge="-0.17" name="C29" type="ca"/>
      <Atom charge="-0.066" name="C28" type="ca"/>
      <Atom charge="-0.0854" name="N15" type="na"/>
      <Atom charge="-0.0851" name="C38" type="c3"/>
      <Atom charge="-0.0851" name="C39" type="c3"/>
      <Atom charge="-0.0982" name="C17" type="cd"/>
      <Atom charge="-0.1058" name="C18" type="ca"/>
      <Atom charge="0.8782" name="C35" type="c"/>
      <Atom charge="-0.8253" name="O36" type="o"/>
      <Atom charge="-0.8253" name="O37" type="o"/>
      <Atom charge="-0.0262" name="C19" type="ca"/>
      <Atom charge="-0.235" name="C12" type="ca"/>
      <Atom charge="-0.3519" name="O10" type="os"/>
      <Atom charge="-0.7886" name="N1" type="nh"/>
      <Atom charge="0.168" name="H1" type="ha"/>
      <Atom charge="0.0207" name="H2" type="hc"/>
      <Atom charge="0.153" name="H3" type="ha"/>
      <Atom charge="0.143" name="H4" type="ha"/>
      <Atom charge="0.168" name="H5" type="ha"/>
      <Atom charge="0.05945" name="H9" type="h1"/>
      <Atom charge="0.05945" name="H10" type="h1"/>
      <Atom charge="0.0587" name="H11" type="hc"/>
      <Atom charge="0.0587" name="H12" type="hc"/>
      <Atom charge="0.0667" name="H13" type="h1"/>
      <Atom charge="0.0587" name="H14" type="hc"/>
      <Atom charge="0.0587" name="H15" type="hc"/>
      <Atom charge="0.05945" name="H16" type="h1"/>
      <Atom charge="0.05945" name="H17" type="h1"/>
      <Atom charge="0.2" name="H19" type="ha"/>
      <Atom charge="0.4214" name="H20" type="hn"/>
      <Atom charge="0.458467" name="H21" type="hn"/>
      <Atom charge="0.458467" name="H22" type="hn"/>
      <Atom charge="0.093" name="H23" type="ha"/>
      <Atom charge="0.149" name="H24" type="ha"/>
      <Atom charge="0.0662" name="H25" type="h1"/>
      <Atom charge="0.0662" name="H26" type="h1"/>
      <Atom charge="0.0387" name="H27" type="hc"/>
      <Atom charge="0.0387" name="H28" type="hc"/>
      <Atom charge="0.0387" name="H29" type="hc"/>
      <Atom charge="0.0387" name="H30" type="hc"/>
      <Atom charge="0.0387" name="H31" type="hc"/>
      <Atom charge="0.0387" name="H32" type="hc"/>
      <Atom charge="0.19" name="H33" type="ha"/>
      <Atom charge="0.101" name="H35" type="ha"/>
      <Atom charge="0.047367" name="H37" type="hc"/>
      <Atom charge="0.047367" name="H38" type="hc"/>
      <Atom charge="0.047367" name="H39" type="hc"/>
      <Atom charge="0.3984" name="H6" type="hn"/>
      <Atom charge="0.0956" name="C20" type="c3"/>
      <Atom charge="0.6512" name="C7" type="c2"/>
      <Atom charge="0.458467" name="H343" type="hn"/>
      <Atom charge="0.5458" name="C32" type="ce"/>
      <Atom charge="-0.9121" name="N9" type="n2"/>
      <Atom charge="-0.1864" name="C8" type="c3"/>
      <Bond atomName1="C13" atomName2="C14"/>
      <Bond atomName1="C13" atomName2="C18"/>
      <Bond atomName1="C30" atomName2="C31"/>
      <Bond atomName1="C30" atomName2="C29"/>
      <Bond atomName1="C14" atomName2="C11"/>
      <Bond atomName1="C14" atomName2="H1"/>
      <Bond atomName1="C16" atomName2="N15"/>
      <Bond atomName1="C16" atomName2="C21"/>
      <Bond atomName1="C21" atomName2="C38"/>
      <Bond atomName1="C21" atomName2="H2"/>
      <Bond atomName1="C22" atomName2="C20"/>
      <Bond atomName1="C22" atomName2="C23"/>
      <Bond atomName1="C23" atomName2="H3"/>
      <Bond atomName1="C24" atomName2="C23"/>
      <Bond atomName1="C24" atomName2="H4"/>
      <Bond atomName1="C25" atomName2="C22"/>
      <Bond atomName1="C25" atomName2="H5"/>
      <Bond atomName1="C26" atomName2="C25"/>
      <Bond atomName1="C26" atomName2="C27"/>
      <Bond atomName1="C27" atomName2="C24"/>
      <Bond atomName1="C11" atomName2="O10"/>
      <Bond atomName1="C11" atomName2="C12"/>
      <Bond atomName1="C2" atomName2="C3"/>
      <Bond atomName1="C2" atomName2="H9"/>
      <Bond atomName1="C2" atomName2="H10"/>
      <Bond atomName1="C3" atomName2="H11"/>
      <Bond atomName1="C3" atomName2="H12"/>
      <Bond atomName1="C4" atomName2="C3"/>
      <Bond atomName1="C4" atomName2="O10"/>
      <Bond atomName1="C4" atomName2="H13"/>
      <Bond atomName1="C5" atomName2="C4"/>
      <Bond atomName1="C5" atomName2="H14"/>
      <Bond atomName1="C5" atomName2="H15"/>
      <Bond atomName1="C6" atomName2="N1"/>
      <Bond atomName1="C6" atomName2="C5"/>
      <Bond atomName1="C6" atomName2="H16"/>
      <Bond atomName1="C6" atomName2="H17"/>
      <Bond atomName1="C7" atomName2="N9"/>
      <Bond atomName1="C31" atomName2="C26"/>
      <Bond atomName1="C31" atomName2="H19"/>
      <Bond atomName1="C32" atomName2="C30"/>
      <Bond atomName1="N33" atomName2="C32"/>
      <Bond atomName1="N33" atomName2="H20"/>
      <Bond atomName1="N34" atomName2="C32"/>
      <Bond atomName1="N34" atomName2="H21"/>
      <Bond atomName1="N34" atomName2="H22"/>
      <Bond atomName1="C29" atomName2="C28"/>
      <Bond atomName1="C29" atomName2="H23"/>
      <Bond atomName1="C28" atomName2="C27"/>
      <Bond atomName1="C28" atomName2="H24"/>
      <Bond atomName1="C20" atomName2="H25"/>
      <Bond atomName1="C20" atomName2="H26"/>
      <Bond atomName1="N15" atomName2="C20"/>
      <Bond atomName1="C38" atomName2="H27"/>
      <Bond atomName1="C38" atomName2="H28"/>
      <Bond atomName1="C38" atomName2="H29"/>
      <Bond atomName1="C39" atomName2="C21"/>
      <Bond atomName1="C39" atomName2="H30"/>
      <Bond atomName1="C39" atomName2="H31"/>
      <Bond atomName1="C39" atomName2="H32"/>
      <Bond atomName1="C17" atomName2="C16"/>
      <Bond atomName1="C17" atomName2="H33"/>
      <Bond atomName1="C18" atomName2="C17"/>
      <Bond atomName1="C18" atomName2="C19"/>
      <Bond atomName1="C35" atomName2="O36"/>
      <Bond atomName1="C35" atomName2="C13"/>
      <Bond atomName1="O37" atomName2="C35"/>
      <Bond atomName1="C19" atomName2="C12"/>
      <Bond atomName1="C19" atomName2="N15"/>
      <Bond atomName1="C12" atomName2="H35"/>
      <Bond atomName1="N1" atomName2="C7"/>
      <Bond atomName1="N1" atomName2="C2"/>
      <Bond atomName1="C8" atomName2="C7"/>
      <Bond atomName1="C8" atomName2="H37"/>
      <Bond atomName1="C8" atomName2="H38"/>
      <Bond atomName1="C8" atomName2="H39"/>
      <Bond atomName1="N9" atomName2="H6"/>
      <Bond atomName1="H343" atomName2="N34"/>
    </Residue>
  </Residues>
  <HarmonicBondForce>
    <Bond k="404090.7199999999" length="0.10300000000000001" type1="hn" type2="nz"/>
    <Bond k="198070.55999999994" length="0.14930000000000002" type1="ce" type2="nz"/>
  </HarmonicBondForce>
  <HarmonicAngleForce>
    <Angle angle="2.0668189002116852" k="702.753008" type1="ca" type2="ce" type3="nz"/>
    <Angle angle="2.0666443672864854" k="904.0201440000001" type1="n2" type2="ce" type3="nz"/>
    <Angle angle="1.8901915799098588" k="334.72" type1="hn" type2="nz" type3="hn"/>
    <Angle angle="1.928588823453734" k="392.4592" type1="ce" type2="nz" type3="hn"/>
  </HarmonicAngleForce>
  <PeriodicTorsionForce>
    <Proper k1="2.11292" periodicity1="2" phase1="3.141592653589793" type1="ca" type2="ca" type3="cd" type4="cc"/>
    <Proper k1="2.9288" periodicity1="2" phase1="3.141592653589793" type1="ca" type2="ca" type3="cd" type4="ha"/>
    <Proper k1="3.3472000000000004" periodicity1="2" phase1="3.141592653589793" type1="ca" type2="ce" type3="n2" type4="hn"/>
    <Proper k1="0.343088" periodicity1="3" phase1="3.141592653589793" type1="ca" type2="ce" type3="nz" type4="hn"/>
    <Proper k1="2.9288" periodicity1="2" phase1="3.141592653589793" type1="ca" type2="ca" type3="ce" type4="n2"/>
    <Proper k1="2.9288" periodicity1="2" phase1="3.141592653589793" type1="ca" type2="ca" type3="ce" type4="nz"/>
    <Proper k1="0.0" periodicity1="3" phase1="3.141592653589793" type1="n2" type2="ce" type3="nz" type4="hn"/>
    <Proper k1="3.3472000000000004" periodicity1="2" phase1="3.141592653589793" type1="nz" type2="ce" type3="n2" type4="hn"/>
    <Improper k1="4.6024" periodicity1="2" phase1="3.141592653589793" type1="ca" type2="c" type3="ca" type4="ca"/>
    <Improper k1="4.6024" periodicity1="2" phase1="3.141592653589793" type1="ca" type2="ca" type3="ca" type4="ce"/>
    <Improper k1="4.6024" periodicity1="2" phase1="3.141592653589793" type1="ca" type2="ca" type3="ca" type4="ha"/>
    <Improper k1="4.6024" periodicity1="2" phase1="3.141592653589793" type1="cc" type2="c3" type3="cd" type4="na"/>
    <Improper k1="4.6024" periodicity1="2" phase1="3.141592653589793" type1="ca" type2="ca" type3="ca" type4="ca"/>
    <Improper k1="4.6024" periodicity1="2" phase1="3.141592653589793" type1="ca" type2="ca" type3="ca" type4="os"/>
    <Improper k1="4.6024" periodicity1="2" phase1="3.141592653589793" type1="na" type2="c3" type3="ca" type4="cc"/>
    <Improper k1="4.6024" periodicity1="2" phase1="3.141592653589793" type1="cd" type2="ca" type3="cc" type4="ha"/>
    <Improper k1="4.6024" periodicity1="2" phase1="3.141592653589793" type1="ca" type2="ca" type3="ca" type4="cd"/>
    <Improper k1="4.6024" periodicity1="2" phase1="3.141592653589793" type1="c" type2="ca" type3="o" type4="o"/>
    <Improper k1="4.6024" periodicity1="2" phase1="3.141592653589793" type1="ca" type2="ca" type3="ca" type4="na"/>
    <Improper k1="4.6024" periodicity1="2" phase1="3.141592653589793" type1="nh" type2="c2" type3="c3" type4="c3"/>
    <Improper k1="4.6024" periodicity1="2" phase1="3.141592653589793" type1="c2" type2="c3" type3="n2" type4="nh"/>
    <Improper k1="4.6024" periodicity1="2" phase1="3.141592653589793" type1="ce" type2="ca" type3="n2" type4="nz"/>
  </PeriodicTorsionForce>
</ForceField>
