<ForceField>
  <Info>
    <DateGenerated>2019-07-05</DateGenerated>
  </Info>
  <Residues>
    <Residue name="MC_0CE">
      <Atom charge="-0.034" name="C1" type="cp"/>
      <Atom charge="-0.5088" name="N1" type="nc"/>
      <Atom charge="-0.5001" name="O1" type="o"/>
      <Atom charge="0.0268" name="C2" type="ca"/>
      <Atom charge="0.0604" name="N2" type="na"/>
      <Atom charge="-0.4216" name="O2" type="os"/>
      <Atom charge="-0.1043" name="C3" type="ca"/>
      <Atom charge="-0.6541" name="N3" type="nc"/>
      <Atom charge="0.134" name="C4" type="ca"/>
      <Atom charge="-0.0803" name="N4" type="na"/>
      <Atom charge="-0.3043" name="C5" type="cd"/>
      <Atom charge="0.3526" name="C6" type="cd"/>
      <Atom charge="-0.0563" name="C7" type="cc"/>
      <Atom charge="0.0656" name="C8" type="c3"/>
      <Atom charge="-0.0887" name="C9" type="c3"/>
      <Atom charge="-0.0411" name="C10" type="c3"/>
      <Atom charge="-0.2406" name="C11" type="ca"/>
      <Atom charge="-0.1839" name="C12" type="ca"/>
      <Atom charge="0.5728" name="C13" type="cd"/>
      <Atom charge="0.7291" name="C14" type="c"/>
      <Atom charge="0.059" name="C15" type="c3"/>
      <Atom charge="-0.1176" name="C16" type="c3"/>
      <Atom charge="-0.1176" name="C17" type="c3"/>
      <Atom charge="0.0238" name="C18" type="ca"/>
      <Atom charge="-0.108" name="C19" type="cp"/>
      <Atom charge="-0.06" name="C20" type="ca"/>
      <Atom charge="-0.1163" name="C21" type="ca"/>
      <Atom charge="0.1964" name="C22" type="c3"/>
      <Atom charge="-0.1074" name="C23" type="c3"/>
      <Atom charge="-0.0824" name="C24" type="c3"/>
      <Atom charge="-0.1194" name="C25" type="c3"/>
      <Atom charge="0.1394" name="C26" type="c3"/>
      <Atom charge="-0.065" name="C27" type="ca"/>
      <Atom charge="-0.187" name="C28" type="ca"/>
      <Atom charge="0.218" name="H7" type="h4"/>
      <Atom charge="0.0557" name="H8" type="h1"/>
      <Atom charge="0.0557" name="H8A" type="h1"/>
      <Atom charge="0.0557" name="H8B" type="h1"/>
      <Atom charge="0.0617" name="H9" type="hc"/>
      <Atom charge="0.0617" name="H9A" type="hc"/>
      <Atom charge="0.0587" name="H10" type="hc"/>
      <Atom charge="0.0587" name="H10A" type="hc"/>
      <Atom charge="0.0558" name="H13" type="h4"/>
      <Atom charge="0.0677" name="H15" type="h1"/>
      <Atom charge="0.0532" name="H16" type="hc"/>
      <Atom charge="0.0532" name="H16A" type="hc"/>
      <Atom charge="0.0532" name="H16B" type="hc"/>
      <Atom charge="0.0532" name="H17" type="hc"/>
      <Atom charge="0.0532" name="H17A" type="hc"/>
      <Atom charge="0.0532" name="H17B" type="hc"/>
      <Atom charge="0.137" name="H20" type="ha"/>
      <Atom charge="0.0397" name="H22" type="h1"/>
      <Atom charge="0.0552" name="H23" type="hc"/>
      <Atom charge="0.0552" name="H23A" type="hc"/>
      <Atom charge="0.0442" name="H24" type="hc"/>
      <Atom charge="0.0442" name="H24A" type="hc"/>
      <Atom charge="0.0507" name="H25" type="hc"/>
      <Atom charge="0.0507" name="H25A" type="hc"/>
      <Atom charge="0.0467" name="H26" type="h1"/>
      <Atom charge="0.0467" name="H26A" type="h1"/>
      <Atom charge="0.147" name="H27" type="ha"/>
      <Atom charge="0.159" name="H28" type="ha"/>
      <Bond atomName1="C1" atomName2="C2"/>
      <Bond atomName1="C1" atomName2="C12"/>
      <Bond atomName1="C1" atomName2="C19"/>
      <Bond atomName1="N1" atomName2="N2"/>
      <Bond atomName1="N1" atomName2="C6"/>
      <Bond atomName1="O1" atomName2="C14"/>
      <Bond atomName1="C2" atomName2="C3"/>
      <Bond atomName1="C2" atomName2="N4"/>
      <Bond atomName1="N2" atomName2="C7"/>
      <Bond atomName1="N2" atomName2="C8"/>
      <Bond atomName1="O2" atomName2="C22"/>
      <Bond atomName1="O2" atomName2="C26"/>
      <Bond atomName1="C3" atomName2="C4"/>
      <Bond atomName1="C3" atomName2="C10"/>
      <Bond atomName1="N3" atomName2="C13"/>
      <Bond atomName1="N3" atomName2="C14"/>
      <Bond atomName1="C4" atomName2="C5"/>
      <Bond atomName1="C4" atomName2="C11"/>
      <Bond atomName1="N4" atomName2="C15"/>
      <Bond atomName1="N4" atomName2="C18"/>
      <Bond atomName1="C5" atomName2="C6"/>
      <Bond atomName1="C5" atomName2="C7"/>
      <Bond atomName1="C6" atomName2="C9"/>
      <Bond atomName1="C7" atomName2="H7"/>
      <Bond atomName1="C8" atomName2="H8"/>
      <Bond atomName1="C8" atomName2="H8A"/>
      <Bond atomName1="C8" atomName2="H8B"/>
      <Bond atomName1="C9" atomName2="C10"/>
      <Bond atomName1="C9" atomName2="H9"/>
      <Bond atomName1="C9" atomName2="H9A"/>
      <Bond atomName1="C10" atomName2="H10"/>
      <Bond atomName1="C10" atomName2="H10A"/>
      <Bond atomName1="C11" atomName2="C12"/>
      <Bond atomName1="C11" atomName2="C14"/>
      <Bond atomName1="C12" atomName2="C13"/>
      <Bond atomName1="C13" atomName2="H13"/>
      <Bond atomName1="C15" atomName2="C16"/>
      <Bond atomName1="C15" atomName2="C17"/>
      <Bond atomName1="C15" atomName2="H15"/>
      <Bond atomName1="C16" atomName2="H16"/>
      <Bond atomName1="C16" atomName2="H16A"/>
      <Bond atomName1="C16" atomName2="H16B"/>
      <Bond atomName1="C17" atomName2="H17"/>
      <Bond atomName1="C17" atomName2="H17A"/>
      <Bond atomName1="C17" atomName2="H17B"/>
      <Bond atomName1="C18" atomName2="C19"/>
      <Bond atomName1="C18" atomName2="C28"/>
      <Bond atomName1="C19" atomName2="C20"/>
      <Bond atomName1="C20" atomName2="C21"/>
      <Bond atomName1="C20" atomName2="H20"/>
      <Bond atomName1="C21" atomName2="C22"/>
      <Bond atomName1="C21" atomName2="C27"/>
      <Bond atomName1="C22" atomName2="C23"/>
      <Bond atomName1="C22" atomName2="H22"/>
      <Bond atomName1="C23" atomName2="C24"/>
      <Bond atomName1="C23" atomName2="H23"/>
      <Bond atomName1="C23" atomName2="H23A"/>
      <Bond atomName1="C24" atomName2="C25"/>
      <Bond atomName1="C24" atomName2="H24"/>
      <Bond atomName1="C24" atomName2="H24A"/>
      <Bond atomName1="C25" atomName2="C26"/>
      <Bond atomName1="C25" atomName2="H25"/>
      <Bond atomName1="C25" atomName2="H25A"/>
      <Bond atomName1="C26" atomName2="H26"/>
      <Bond atomName1="C26" atomName2="H26A"/>
      <Bond atomName1="C27" atomName2="C28"/>
      <Bond atomName1="C27" atomName2="H27"/>
      <Bond atomName1="C28" atomName2="H28"/>
    </Residue>
  </Residues>
  <HarmonicAngleForce>
    <Angle angle="2.1694442602289516" k="552.288" type1="cd" type2="ca" type3="cp"/>
  </HarmonicAngleForce>
  <PeriodicTorsionForce>
    <Proper k1="2.9288" periodicity1="2" phase1="3.141592653589793" type1="cp" type2="ca" type3="cd" type4="nc"/>
    <Proper k1="2.9288" periodicity1="2" phase1="3.141592653589793" type1="cp" type2="ca" type3="cd" type4="h4"/>
    <Proper k1="2.11292" periodicity1="2" phase1="3.141592653589793" type1="ca" type2="ca" type3="cd" type4="cd"/>
    <Proper k1="2.11292" periodicity1="2" phase1="3.141592653589793" type1="ca" type2="ca" type3="cd" type4="cc"/>
    <Proper k1="2.9288" periodicity1="2" phase1="3.141592653589793" type1="ca" type2="ca" type3="cd" type4="nc"/>
    <Proper k1="2.9288" periodicity1="2" phase1="3.141592653589793" type1="ca" type2="ca" type3="cd" type4="h4"/>
    <Improper k1="4.6024" periodicity1="2" phase1="3.141592653589793" type1="cp" type2="ca" type3="ca" type4="cp"/>
    <Improper k1="4.6024" periodicity1="2" phase1="3.141592653589793" type1="ca" type2="ca" type3="cp" type4="na"/>
    <Improper k1="4.6024" periodicity1="2" phase1="3.141592653589793" type1="na" type2="c3" type3="cc" type4="nc"/>
    <Improper k1="4.6024" periodicity1="2" phase1="3.141592653589793" type1="ca" type2="ca" type3="ca" type4="cd"/>
    <Improper k1="4.6024" periodicity1="2" phase1="3.141592653589793" type1="cd" type2="ca" type3="cc" type4="cd"/>
    <Improper k1="4.6024" periodicity1="2" phase1="3.141592653589793" type1="cd" type2="c3" type3="cd" type4="nc"/>
    <Improper k1="4.6024" periodicity1="2" phase1="3.141592653589793" type1="cc" type2="cd" type3="h4" type4="na"/>
    <Improper k1="4.6024" periodicity1="2" phase1="3.141592653589793" type1="ca" type2="c" type3="ca" type4="ca"/>
    <Improper k1="4.6024" periodicity1="2" phase1="3.141592653589793" type1="ca" type2="ca" type3="cd" type4="cp"/>
    <Improper k1="4.6024" periodicity1="2" phase1="3.141592653589793" type1="cd" type2="ca" type3="h4" type4="nc"/>
    <Improper k1="43.932" periodicity1="2" phase1="3.141592653589793" type1="c" type2="ca" type3="nc" type4="o"/>
    <Improper k1="4.6024" periodicity1="2" phase1="3.141592653589793" type1="ca" type2="ca" type3="cp" type4="ha"/>
    <Improper k1="4.6024" periodicity1="2" phase1="3.141592653589793" type1="ca" type2="ca" type3="ca" type4="ha"/>
  </PeriodicTorsionForce>
</ForceField>
