<ForceField>
  <Info>
    <DateGenerated>2019-07-05</DateGenerated>
  </Info>
  <Residues>
    <Residue name="MC_0CH">
      <Atom charge="-0.950833" name="O20" type="o"/>
      <Atom charge="1.3039" name="P17" type="p5"/>
      <Atom charge="-0.950833" name="O19" type="o"/>
      <Atom charge="-0.950833" name="O18" type="o"/>
      <Atom charge="-0.7108" name="O16" type="os"/>
      <Atom charge="1.4258" name="P13" type="p5"/>
      <Atom charge="-0.867" name="O15" type="o"/>
      <Atom charge="-0.867" name="O14" type="o"/>
      <Atom charge="-0.5982" name="O29" type="os"/>
      <Atom charge="0.2374" name="C28" type="c3"/>
      <Atom charge="-0.0944" name="C27" type="c3"/>
      <Atom charge="-0.0814" name="C30" type="c3"/>
      <Atom charge="0.1324" name="C13" type="c3"/>
      <Atom charge="-0.6248" name="O33" type="oh"/>
      <Atom charge="0.0147" name="H4" type="h1"/>
      <Atom charge="0.0147" name="H5" type="h1"/>
      <Atom charge="0.0377" name="H6" type="hc"/>
      <Atom charge="0.0377" name="H7" type="hc"/>
      <Atom charge="0.0457" name="H8" type="hc"/>
      <Atom charge="0.0457" name="H9" type="hc"/>
      <Atom charge="0.0127" name="H10" type="h1"/>
      <Atom charge="0.0127" name="H11" type="h1"/>
      <Atom charge="0.374" name="H12" type="ho"/>
      <Bond atomName1="O20" atomName2="P17"/>
      <Bond atomName1="O14" atomName2="P13"/>
      <Bond atomName1="P17" atomName2="O16"/>
      <Bond atomName1="P17" atomName2="O19"/>
      <Bond atomName1="P17" atomName2="O18"/>
      <Bond atomName1="O15" atomName2="P13"/>
      <Bond atomName1="O16" atomName2="P13"/>
      <Bond atomName1="P13" atomName2="O29"/>
      <Bond atomName1="O29" atomName2="C28"/>
      <Bond atomName1="C27" atomName2="C28"/>
      <Bond atomName1="C27" atomName2="C30"/>
      <Bond atomName1="C13" atomName2="C30"/>
      <Bond atomName1="C13" atomName2="O33"/>
      <Bond atomName1="C28" atomName2="H4"/>
      <Bond atomName1="C28" atomName2="H5"/>
      <Bond atomName1="C27" atomName2="H6"/>
      <Bond atomName1="C27" atomName2="H7"/>
      <Bond atomName1="C30" atomName2="H8"/>
      <Bond atomName1="C30" atomName2="H9"/>
      <Bond atomName1="C13" atomName2="H10"/>
      <Bond atomName1="C13" atomName2="H11"/>
      <Bond atomName1="O33" atomName2="H12"/>
    </Residue>
  </Residues>
</ForceField>
