<ForceField>
  <Info>
    <DateGenerated>2019-07-05</DateGenerated>
  </Info>
  <Residues>
    <Residue name="MC_0CK">
      <Atom charge="-0.2991" name="C7" type="cc"/>
      <Atom charge="-0.1669" name="N2" type="na"/>
      <Atom charge="0.4174" name="C8" type="cc"/>
      <Atom charge="-0.695" name="N3" type="nd"/>
      <Atom charge="0.4228" name="C9" type="cd"/>
      <Atom charge="-0.4536" name="C10" type="ca"/>
      <Atom charge="0.5032" name="C11" type="ca"/>
      <Atom charge="-0.804" name="N4" type="nb"/>
      <Atom charge="0.9499" name="C12" type="ca"/>
      <Atom charge="-0.782" name="N5" type="nb"/>
      <Atom charge="0.5958" name="C13" type="ca"/>
      <Atom charge="-0.0924" name="C14" type="c3"/>
      <Atom charge="0.04" name="C15" type="c3"/>
      <Atom charge="-0.0924" name="C16" type="c3"/>
      <Atom charge="-0.0784" name="C17" type="c3"/>
      <Atom charge="-0.0844" name="C18" type="c3"/>
      <Atom charge="-0.0784" name="C19" type="c3"/>
      <Atom charge="-0.175" name="C1" type="ca"/>
      <Atom charge="0.1299" name="C2" type="ca"/>
      <Atom charge="-0.175" name="C3" type="ca"/>
      <Atom charge="-0.0735" name="C4" type="ca"/>
      <Atom charge="-0.1095" name="C5" type="ca"/>
      <Atom charge="-0.0735" name="C6" type="ca"/>
      <Atom charge="0.0671" name="H1" type="h5"/>
      <Atom charge="0.145" name="H2" type="ha"/>
      <Atom charge="0.0281" name="H3" type="h4"/>
      <Atom charge="0.4528" name="H4" type="hn"/>
      <Atom charge="0.4528" name="H5" type="hn"/>
      <Atom charge="0.05445" name="H6" type="hc"/>
      <Atom charge="0.05445" name="H7" type="hc"/>
      <Atom charge="0.0857" name="H8" type="h1"/>
      <Atom charge="0.05445" name="H9" type="hc"/>
      <Atom charge="0.05445" name="H10" type="hc"/>
      <Atom charge="0.04845" name="H11" type="hc"/>
      <Atom charge="0.04845" name="H12" type="hc"/>
      <Atom charge="0.0467" name="H13" type="hc"/>
      <Atom charge="0.0467" name="H14" type="hc"/>
      <Atom charge="0.04845" name="H15" type="hc"/>
      <Atom charge="0.04845" name="H16" type="hc"/>
      <Atom charge="0.1425" name="H17" type="ha"/>
      <Atom charge="0.1425" name="H18" type="ha"/>
      <Atom charge="0.1435" name="H19" type="ha"/>
      <Atom charge="0.1435" name="H20" type="ha"/>
      <Atom charge="-0.9875" name="N1" type="nv"/>
      <Atom charge="-0.1469" name="F1" type="f"/>
      <Bond atomName1="N1" atomName2="C12"/>
      <Bond atomName1="N4" atomName2="C12"/>
      <Bond atomName1="N4" atomName2="C11"/>
      <Bond atomName1="C12" atomName2="N5"/>
      <Bond atomName1="C11" atomName2="C10"/>
      <Bond atomName1="N5" atomName2="C13"/>
      <Bond atomName1="C17" atomName2="C16"/>
      <Bond atomName1="C17" atomName2="C18"/>
      <Bond atomName1="C10" atomName2="C13"/>
      <Bond atomName1="C13" atomName2="C7"/>
      <Bond atomName1="C16" atomName2="C15"/>
      <Bond atomName1="C1" atomName2="C6"/>
      <Bond atomName1="C1" atomName2="C2"/>
      <Bond atomName1="C18" atomName2="C19"/>
      <Bond atomName1="C6" atomName2="C5"/>
      <Bond atomName1="C7" atomName2="N2"/>
      <Bond atomName1="C7" atomName2="C9"/>
      <Bond atomName1="C15" atomName2="N2"/>
      <Bond atomName1="C15" atomName2="C14"/>
      <Bond atomName1="F1" atomName2="C2"/>
      <Bond atomName1="C19" atomName2="C14"/>
      <Bond atomName1="C2" atomName2="C3"/>
      <Bond atomName1="N2" atomName2="C8"/>
      <Bond atomName1="C5" atomName2="C9"/>
      <Bond atomName1="C5" atomName2="C4"/>
      <Bond atomName1="C9" atomName2="N3"/>
      <Bond atomName1="C8" atomName2="N3"/>
      <Bond atomName1="C3" atomName2="C4"/>
      <Bond atomName1="C8" atomName2="H1"/>
      <Bond atomName1="C10" atomName2="H2"/>
      <Bond atomName1="C11" atomName2="H3"/>
      <Bond atomName1="N1" atomName2="H4"/>
      <Bond atomName1="N1" atomName2="H5"/>
      <Bond atomName1="C14" atomName2="H6"/>
      <Bond atomName1="C14" atomName2="H7"/>
      <Bond atomName1="C15" atomName2="H8"/>
      <Bond atomName1="C16" atomName2="H9"/>
      <Bond atomName1="C16" atomName2="H10"/>
      <Bond atomName1="C17" atomName2="H11"/>
      <Bond atomName1="C17" atomName2="H12"/>
      <Bond atomName1="C18" atomName2="H13"/>
      <Bond atomName1="C18" atomName2="H14"/>
      <Bond atomName1="C19" atomName2="H15"/>
      <Bond atomName1="C19" atomName2="H16"/>
      <Bond atomName1="C1" atomName2="H17"/>
      <Bond atomName1="C3" atomName2="H18"/>
      <Bond atomName1="C4" atomName2="H19"/>
      <Bond atomName1="C6" atomName2="H20"/>
    </Residue>
  </Residues>
  <HarmonicBondForce>
    <Bond k="290453.27999999997" length="0.1386" type1="ca" type2="nv"/>
    <Bond k="443085.5999999999" length="0.10120000000000001" type1="hn" type2="nv"/>
  </HarmonicBondForce>
  <HarmonicAngleForce>
    <Angle angle="2.040988027282169" k="938.0527999999999" type1="nb" type2="ca" type3="nv"/>
    <Angle angle="2.0258036627898184" k="408.3584" type1="ca" type2="nv" type3="hn"/>
    <Angle angle="2.0092230348958724" k="330.536" type1="hn" type2="nv" type3="hn"/>
  </HarmonicAngleForce>
  <PeriodicTorsionForce>
    <Proper k1="2.11292" periodicity1="2" phase1="3.141592653589793" type1="ca" type2="ca" type3="cd" type4="cc"/>
    <Proper k1="2.9288" periodicity1="2" phase1="3.141592653589793" type1="ca" type2="ca" type3="cc" type4="na"/>
    <Proper k1="2.9288" periodicity1="2" phase1="3.141592653589793" type1="nb" type2="ca" type3="cc" type4="na"/>
    <Proper k1="2.9288" periodicity1="2" phase1="3.141592653589793" type1="ca" type2="ca" type3="cd" type4="nd"/>
    <Proper k1="2.11292" periodicity1="2" phase1="3.141592653589793" type1="ca" type2="ca" type3="cc" type4="cd"/>
    <Proper k1="2.9288" periodicity1="2" phase1="3.141592653589793" type1="nb" type2="ca" type3="cc" type4="cd"/>
    <Proper k1="4.3932" periodicity1="2" phase1="3.141592653589793" type1="nb" type2="ca" type3="nv" type4="hn"/>
    <Improper k1="4.6024" periodicity1="2" phase1="3.141592653589793" type1="cc" type2="ca" type3="cd" type4="na"/>
    <Improper k1="4.6024" periodicity1="2" phase1="3.141592653589793" type1="na" type2="c3" type3="cc" type4="cc"/>
    <Improper k1="4.6024" periodicity1="2" phase1="3.141592653589793" type1="cc" type2="h5" type3="na" type4="nd"/>
    <Improper k1="4.6024" periodicity1="2" phase1="3.141592653589793" type1="cd" type2="ca" type3="cc" type4="nd"/>
    <Improper k1="4.6024" periodicity1="2" phase1="3.141592653589793" type1="ca" type2="ca" type3="ca" type4="ha"/>
    <Improper k1="4.6024" periodicity1="2" phase1="3.141592653589793" type1="ca" type2="ca" type3="h4" type4="nb"/>
    <Improper k1="43.932" periodicity1="2" phase1="3.141592653589793" type1="ca" type2="nb" type3="nb" type4="nv"/>
    <Improper k1="4.6024" periodicity1="2" phase1="3.141592653589793" type1="ca" type2="ca" type3="cc" type4="nb"/>
    <Improper k1="4.6024" periodicity1="2" phase1="3.141592653589793" type1="ca" type2="ca" type3="ca" type4="cd"/>
    <Improper k1="4.6024" periodicity1="2" phase1="3.141592653589793" type1="nv" type2="ca" type3="hn" type4="hn"/>
  </PeriodicTorsionForce>
</ForceField>
