<ForceField>
  <Info>
    <DateGenerated>2019-07-05</DateGenerated>
  </Info>
  <Residues>
    <Residue name="MC_0CL">
      <Atom charge="-0.1954" name="Cl1" type="cl"/>
      <Atom charge="0.048" name="C2" type="c3"/>
      <Atom charge="-0.1054" name="C3" type="c3"/>
      <Atom charge="0.048" name="C4" type="c3"/>
      <Atom charge="-0.1954" name="Cl5" type="cl"/>
      <Atom charge="0.0647" name="H2" type="h1"/>
      <Atom charge="0.0647" name="H2A" type="h1"/>
      <Atom charge="0.0707" name="H3" type="hc"/>
      <Atom charge="0.0707" name="H3A" type="hc"/>
      <Atom charge="0.0647" name="H4" type="h1"/>
      <Atom charge="0.0647" name="H4A" type="h1"/>
      <Bond atomName1="C2" atomName2="Cl1"/>
      <Bond atomName1="C3" atomName2="C2"/>
      <Bond atomName1="C2" atomName2="H2"/>
      <Bond atomName1="C2" atomName2="H2A"/>
      <Bond atomName1="C4" atomName2="C3"/>
      <Bond atomName1="C3" atomName2="H3"/>
      <Bond atomName1="C3" atomName2="H3A"/>
      <Bond atomName1="C4" atomName2="Cl5"/>
      <Bond atomName1="C4" atomName2="H4"/>
      <Bond atomName1="C4" atomName2="H4A"/>
    </Residue>
  </Residues>
</ForceField>
