<ForceField>
  <Info>
    <DateGenerated>2019-07-05</DateGenerated>
  </Info>
  <Residues>
    <Residue name="MC_0CM">
      <Atom charge="-0.948167" name="O12" type="o"/>
      <Atom charge="1.2969" name="P8" type="p5"/>
      <Atom charge="-0.948167" name="O13" type="o"/>
      <Atom charge="-0.948167" name="O9" type="o"/>
      <Atom charge="-0.7068" name="O7" type="os"/>
      <Atom charge="1.4138" name="P6" type="p5"/>
      <Atom charge="-0.8595" name="O10" type="o"/>
      <Atom charge="-0.8595" name="O11" type="o"/>
      <Atom charge="-0.5952" name="O5" type="os"/>
      <Atom charge="0.2575" name="C4" type="c3"/>
      <Atom charge="-0.0381" name="C3" type="c1"/>
      <Atom charge="-0.3131" name="C2" type="c1"/>
      <Atom charge="0.024" name="C1" type="c3"/>
      <Atom charge="0.0562" name="H4" type="h1"/>
      <Atom charge="0.0562" name="H5" type="h1"/>
      <Atom charge="0.037033" name="H6" type="hc"/>
      <Atom charge="0.037033" name="H7" type="hc"/>
      <Atom charge="0.037033" name="H8" type="hc"/>
      <Bond atomName1="C4" atomName2="C3"/>
      <Bond atomName1="C4" atomName2="O5"/>
      <Bond atomName1="C3" atomName2="C2"/>
      <Bond atomName1="C2" atomName2="C1"/>
      <Bond atomName1="O5" atomName2="P6"/>
      <Bond atomName1="O13" atomName2="P8"/>
      <Bond atomName1="O9" atomName2="P8"/>
      <Bond atomName1="P6" atomName2="O7"/>
      <Bond atomName1="P6" atomName2="O10"/>
      <Bond atomName1="P6" atomName2="O11"/>
      <Bond atomName1="O7" atomName2="P8"/>
      <Bond atomName1="P8" atomName2="O12"/>
      <Bond atomName1="C4" atomName2="H4"/>
      <Bond atomName1="C4" atomName2="H5"/>
      <Bond atomName1="C1" atomName2="H6"/>
      <Bond atomName1="C1" atomName2="H7"/>
      <Bond atomName1="C1" atomName2="H8"/>
    </Residue>
  </Residues>
</ForceField>
