<ForceField>
  <Info>
    <DateGenerated>2019-07-05</DateGenerated>
  </Info>
  <Residues>
    <Residue name="MC_0CN">
      <Atom charge="-0.845" name="O15" type="o"/>
      <Atom charge="1.3978" name="P13" type="p5"/>
      <Atom charge="-0.845" name="O14" type="o"/>
      <Atom charge="-0.7068" name="O16" type="os"/>
      <Atom charge="1.3049" name="P17" type="p5"/>
      <Atom charge="-0.924167" name="O19" type="o"/>
      <Atom charge="-0.924167" name="O18" type="o"/>
      <Atom charge="-0.924167" name="O20" type="o"/>
      <Atom charge="-0.5062" name="O29" type="os"/>
      <Atom charge="0.2466" name="C28" type="c3"/>
      <Atom charge="-0.4203" name="C27" type="c2"/>
      <Atom charge="-0.0768" name="C30" type="c1"/>
      <Atom charge="-0.4081" name="C13" type="c2"/>
      <Atom charge="0.1432" name="H4" type="h1"/>
      <Atom charge="0.1432" name="H5" type="h1"/>
      <Atom charge="0.146" name="H6" type="ha"/>
      <Atom charge="0.0995" name="H10" type="ha"/>
      <Atom charge="0.0995" name="H11" type="ha"/>
      <Bond atomName1="O19" atomName2="P17"/>
      <Bond atomName1="O14" atomName2="P13"/>
      <Bond atomName1="O15" atomName2="P13"/>
      <Bond atomName1="P17" atomName2="O16"/>
      <Bond atomName1="P17" atomName2="O20"/>
      <Bond atomName1="P17" atomName2="O18"/>
      <Bond atomName1="O16" atomName2="P13"/>
      <Bond atomName1="P13" atomName2="O29"/>
      <Bond atomName1="O29" atomName2="C28"/>
      <Bond atomName1="C13" atomName2="C30"/>
      <Bond atomName1="C30" atomName2="C27"/>
      <Bond atomName1="C28" atomName2="C27"/>
      <Bond atomName1="C28" atomName2="H4"/>
      <Bond atomName1="C28" atomName2="H5"/>
      <Bond atomName1="C27" atomName2="H6"/>
      <Bond atomName1="C13" atomName2="H10"/>
      <Bond atomName1="C13" atomName2="H11"/>
    </Residue>
  </Residues>
  <PeriodicTorsionForce>
    <Improper k1="4.6024" periodicity1="2" phase1="3.141592653589793" type1="c2" type2="c1" type3="c3" type4="ha"/>
    <Improper k1="4.6024" periodicity1="2" phase1="3.141592653589793" type1="c2" type2="c1" type3="ha" type4="ha"/>
  </PeriodicTorsionForce>
</ForceField>
