<ForceField>
  <Info>
    <DateGenerated>2019-07-05</DateGenerated>
  </Info>
  <Residues>
    <Residue name="MC_0CO">
      <Atom charge="-0.0832" name="C5" type="ce"/>
      <Atom charge="-0.0452" name="C4" type="c3"/>
      <Atom charge="0.1521" name="C3" type="c3"/>
      <Atom charge="-0.0984" name="C2" type="c3"/>
      <Atom charge="0.1893" name="C1" type="c3"/>
      <Atom charge="-0.0852" name="C10" type="ce"/>
      <Atom charge="-0.117" name="C6" type="cf"/>
      <Atom charge="-0.16" name="C7" type="cf"/>
      <Atom charge="-0.0914" name="C8" type="c2"/>
      <Atom charge="-0.0345" name="C14" type="c3"/>
      <Atom charge="-0.06" name="C13" type="c3"/>
      <Atom charge="-0.0674" name="C12" type="c3"/>
      <Atom charge="-0.0774" name="C11" type="c3"/>
      <Atom charge="-0.0442" name="C9" type="c3"/>
      <Atom charge="-0.0754" name="C15" type="c3"/>
      <Atom charge="-0.0764" name="C16" type="c3"/>
      <Atom charge="-0.0507" name="C17" type="c3"/>
      <Atom charge="-0.209" name="C19" type="c2"/>
      <Atom charge="-0.6118" name="O3" type="oh"/>
      <Atom charge="-0.5968" name="O1" type="oh"/>
      <Atom charge="0.1458" name="C20" type="c3"/>
      <Atom charge="-0.1054" name="C22" type="c3"/>
      <Atom charge="-0.1027" name="C23" type="c3"/>
      <Atom charge="0.1234" name="C28" type="c3"/>
      <Atom charge="-0.4016" name="O21" type="os"/>
      <Atom charge="-0.0574" name="C24" type="c3"/>
      <Atom charge="0.1468" name="C25" type="c3"/>
      <Atom charge="-0.1196" name="C26" type="c3"/>
      <Atom charge="-0.6068" name="O25" type="oh"/>
      <Atom charge="-0.1196" name="C27" type="c3"/>
      <Atom charge="-0.0961" name="C18" type="c3"/>
      <Atom charge="-0.1121" name="C21" type="c3"/>
      <Atom charge="0.0567" name="H4" type="hc"/>
      <Atom charge="0.0567" name="H4A" type="hc"/>
      <Atom charge="0.0537" name="H3" type="h1"/>
      <Atom charge="0.0562" name="H2" type="hc"/>
      <Atom charge="0.0562" name="H2A" type="hc"/>
      <Atom charge="0.0367" name="H1" type="h1"/>
      <Atom charge="0.133" name="H6" type="ha"/>
      <Atom charge="0.147" name="H7" type="ha"/>
      <Atom charge="0.0617" name="H14" type="hc"/>
      <Atom charge="0.0417" name="H12" type="hc"/>
      <Atom charge="0.0417" name="H12A" type="hc"/>
      <Atom charge="0.0437" name="H11" type="hc"/>
      <Atom charge="0.0437" name="H11A" type="hc"/>
      <Atom charge="0.0477" name="H9" type="hc"/>
      <Atom charge="0.0477" name="H9A" type="hc"/>
      <Atom charge="0.0497" name="H15" type="hc"/>
      <Atom charge="0.0497" name="H15A" type="hc"/>
      <Atom charge="0.0457" name="H16" type="hc"/>
      <Atom charge="0.0457" name="H16A" type="hc"/>
      <Atom charge="0.0547" name="H17" type="hc"/>
      <Atom charge="0.1215" name="H19" type="ha"/>
      <Atom charge="0.1215" name="H19A" type="ha"/>
      <Atom charge="0.401" name="HO3" type="ho"/>
      <Atom charge="0.4" name="HO1" type="ho"/>
      <Atom charge="0.0517" name="H22" type="hc"/>
      <Atom charge="0.0517" name="H22A" type="hc"/>
      <Atom charge="0.0647" name="H23" type="hc"/>
      <Atom charge="0.0607" name="H28" type="h1"/>
      <Atom charge="0.0607" name="H28A" type="h1"/>
      <Atom charge="0.0522" name="H24" type="hc"/>
      <Atom charge="0.0522" name="H24A" type="hc"/>
      <Atom charge="0.042533" name="H26" type="hc"/>
      <Atom charge="0.042533" name="H26A" type="hc"/>
      <Atom charge="0.042533" name="H26B" type="hc"/>
      <Atom charge="0.403" name="HO25" type="ho"/>
      <Atom charge="0.042533" name="H27" type="hc"/>
      <Atom charge="0.042533" name="H27A" type="hc"/>
      <Atom charge="0.042533" name="H27B" type="hc"/>
      <Atom charge="0.051367" name="H18" type="hc"/>
      <Atom charge="0.051367" name="H18A" type="hc"/>
      <Atom charge="0.051367" name="H18B" type="hc"/>
      <Atom charge="0.0437" name="H21" type="hc"/>
      <Atom charge="0.0437" name="H21A" type="hc"/>
      <Atom charge="0.0437" name="H21B" type="hc"/>
      <Bond atomName1="C5" atomName2="C4"/>
      <Bond atomName1="C5" atomName2="C10"/>
      <Bond atomName1="C5" atomName2="C6"/>
      <Bond atomName1="C4" atomName2="C3"/>
      <Bond atomName1="C3" atomName2="C2"/>
      <Bond atomName1="C3" atomName2="O3"/>
      <Bond atomName1="C2" atomName2="C1"/>
      <Bond atomName1="C1" atomName2="C10"/>
      <Bond atomName1="C1" atomName2="O1"/>
      <Bond atomName1="C10" atomName2="C19"/>
      <Bond atomName1="C6" atomName2="C7"/>
      <Bond atomName1="C7" atomName2="C8"/>
      <Bond atomName1="C8" atomName2="C14"/>
      <Bond atomName1="C8" atomName2="C9"/>
      <Bond atomName1="C14" atomName2="C13"/>
      <Bond atomName1="C14" atomName2="C15"/>
      <Bond atomName1="C13" atomName2="C12"/>
      <Bond atomName1="C13" atomName2="C17"/>
      <Bond atomName1="C13" atomName2="C18"/>
      <Bond atomName1="C12" atomName2="C11"/>
      <Bond atomName1="C11" atomName2="C9"/>
      <Bond atomName1="C15" atomName2="C16"/>
      <Bond atomName1="C16" atomName2="C17"/>
      <Bond atomName1="C17" atomName2="C20"/>
      <Bond atomName1="C20" atomName2="C22"/>
      <Bond atomName1="C20" atomName2="O21"/>
      <Bond atomName1="C20" atomName2="C21"/>
      <Bond atomName1="C22" atomName2="C23"/>
      <Bond atomName1="C23" atomName2="C28"/>
      <Bond atomName1="C23" atomName2="C24"/>
      <Bond atomName1="C28" atomName2="O21"/>
      <Bond atomName1="C24" atomName2="C25"/>
      <Bond atomName1="C25" atomName2="C26"/>
      <Bond atomName1="C25" atomName2="O25"/>
      <Bond atomName1="C25" atomName2="C27"/>
      <Bond atomName1="C4" atomName2="H4"/>
      <Bond atomName1="C4" atomName2="H4A"/>
      <Bond atomName1="C3" atomName2="H3"/>
      <Bond atomName1="C2" atomName2="H2"/>
      <Bond atomName1="C2" atomName2="H2A"/>
      <Bond atomName1="C1" atomName2="H1"/>
      <Bond atomName1="C6" atomName2="H6"/>
      <Bond atomName1="C7" atomName2="H7"/>
      <Bond atomName1="C14" atomName2="H14"/>
      <Bond atomName1="C12" atomName2="H12"/>
      <Bond atomName1="C12" atomName2="H12A"/>
      <Bond atomName1="C11" atomName2="H11"/>
      <Bond atomName1="C11" atomName2="H11A"/>
      <Bond atomName1="C9" atomName2="H9"/>
      <Bond atomName1="C9" atomName2="H9A"/>
      <Bond atomName1="C15" atomName2="H15"/>
      <Bond atomName1="C15" atomName2="H15A"/>
      <Bond atomName1="C16" atomName2="H16"/>
      <Bond atomName1="C16" atomName2="H16A"/>
      <Bond atomName1="C17" atomName2="H17"/>
      <Bond atomName1="C19" atomName2="H19"/>
      <Bond atomName1="C19" atomName2="H19A"/>
      <Bond atomName1="O3" atomName2="HO3"/>
      <Bond atomName1="O1" atomName2="HO1"/>
      <Bond atomName1="C22" atomName2="H22"/>
      <Bond atomName1="C22" atomName2="H22A"/>
      <Bond atomName1="C23" atomName2="H23"/>
      <Bond atomName1="C28" atomName2="H28"/>
      <Bond atomName1="C28" atomName2="H28A"/>
      <Bond atomName1="C24" atomName2="H24"/>
      <Bond atomName1="C24" atomName2="H24A"/>
      <Bond atomName1="C26" atomName2="H26"/>
      <Bond atomName1="C26" atomName2="H26A"/>
      <Bond atomName1="C26" atomName2="H26B"/>
      <Bond atomName1="O25" atomName2="HO25"/>
      <Bond atomName1="C27" atomName2="H27"/>
      <Bond atomName1="C27" atomName2="H27A"/>
      <Bond atomName1="C27" atomName2="H27B"/>
      <Bond atomName1="C18" atomName2="H18"/>
      <Bond atomName1="C18" atomName2="H18A"/>
      <Bond atomName1="C18" atomName2="H18B"/>
      <Bond atomName1="C21" atomName2="H21"/>
      <Bond atomName1="C21" atomName2="H21A"/>
      <Bond atomName1="C21" atomName2="H21B"/>
    </Residue>
  </Residues>
  <PeriodicTorsionForce>
    <Proper k1="0.343088" periodicity1="3" phase1="0.0" type1="c3" type2="c3" type3="ce" type4="ce"/>
    <Proper k1="0.0" periodicity1="3" phase1="0.0" type1="oh" type2="c3" type3="ce" type4="ce"/>
    <Proper k1="1.50624" k2="6.15048" periodicity1="3" periodicity2="1" phase1="3.141592653589793" phase2="0.0" type1="h1" type2="c3" type3="ce" type4="ce"/>
    <Proper k1="0.343088" periodicity1="3" phase1="0.0" type1="c3" type2="c3" type3="ce" type4="cf"/>
    <Proper k1="0.343088" periodicity1="3" phase1="0.0" type1="c3" type2="c3" type3="ce" type4="c2"/>
    <Proper k1="1.50624" k2="6.15048" periodicity1="3" periodicity2="1" phase1="3.141592653589793" phase2="0.0" type1="hc" type2="c3" type3="ce" type4="ce"/>
    <Proper k1="1.50624" k2="6.15048" periodicity1="3" periodicity2="1" phase1="3.141592653589793" phase2="0.0" type1="hc" type2="c3" type3="ce" type4="cf"/>
    <Proper k1="0.0" periodicity1="3" phase1="0.0" type1="oh" type2="c3" type3="ce" type4="c2"/>
    <Proper k1="1.50624" k2="6.15048" periodicity1="3" periodicity2="1" phase1="3.141592653589793" phase2="0.0" type1="h1" type2="c3" type3="ce" type4="c2"/>
    <Improper k1="4.6024" periodicity1="2" phase1="3.141592653589793" type1="ce" type2="c3" type3="ce" type4="cf"/>
    <Improper k1="4.6024" periodicity1="2" phase1="3.141592653589793" type1="ce" type2="c2" type3="c3" type4="ce"/>
    <Improper k1="4.6024" periodicity1="2" phase1="3.141592653589793" type1="cf" type2="ce" type3="cf" type4="ha"/>
    <Improper k1="4.6024" periodicity1="2" phase1="3.141592653589793" type1="cf" type2="c2" type3="cf" type4="ha"/>
    <Improper k1="4.6024" periodicity1="2" phase1="3.141592653589793" type1="c2" type2="c3" type3="c3" type4="cf"/>
    <Improper k1="4.6024" periodicity1="2" phase1="3.141592653589793" type1="c2" type2="ce" type3="ha" type4="ha"/>
  </PeriodicTorsionForce>
</ForceField>
