<ForceField>
  <Info>
    <DateGenerated>2019-07-05</DateGenerated>
  </Info>
  <Residues>
    <Residue name="MC_0CP">
      <Atom charge="0.1267" name="C1" type="c3"/>
      <Atom charge="-0.6029" name="N1" type="ns"/>
      <Atom charge="-0.3119" name="O1" type="os"/>
      <Atom charge="0.1171" name="C2" type="ca"/>
      <Atom charge="-0.6029" name="N2" type="ns"/>
      <Atom charge="-0.3079" name="O2" type="os"/>
      <Atom charge="0.1231" name="C3" type="ca"/>
      <Atom charge="0.1371" name="C4" type="c3"/>
      <Atom charge="-0.1074" name="C5" type="c3"/>
      <Atom charge="-0.0807" name="C6" type="c3"/>
      <Atom charge="-0.0844" name="C7" type="c3"/>
      <Atom charge="-0.0814" name="C8" type="c3"/>
      <Atom charge="-0.0687" name="C9" type="c3"/>
      <Atom charge="-0.0824" name="C10" type="c3"/>
      <Atom charge="-0.183" name="C11" type="ca"/>
      <Atom charge="-0.0883" name="C12" type="ca"/>
      <Atom charge="-0.127" name="C13" type="ca"/>
      <Atom charge="-0.187" name="C14" type="ca"/>
      <Atom charge="-0.0634" name="C15" type="c3"/>
      <Atom charge="0.1095" name="C16" type="c3"/>
      <Atom charge="0.8225" name="C17" type="c"/>
      <Atom charge="0.1095" name="C18" type="c3"/>
      <Atom charge="0.041367" name="H1" type="h1"/>
      <Atom charge="0.041367" name="H1A" type="h1"/>
      <Atom charge="0.041367" name="H1B" type="h1"/>
      <Atom charge="0.343" name="HN2" type="hn"/>
      <Atom charge="0.0487" name="H4" type="h1"/>
      <Atom charge="0.0547" name="H5" type="hc"/>
      <Atom charge="0.0547" name="H5A" type="hc"/>
      <Atom charge="0.0777" name="H6" type="hc"/>
      <Atom charge="0.0447" name="H7" type="hc"/>
      <Atom charge="0.0447" name="H7A" type="hc"/>
      <Atom charge="0.0467" name="H8" type="hc"/>
      <Atom charge="0.0467" name="H8A" type="hc"/>
      <Atom charge="0.0877" name="H9" type="hc"/>
      <Atom charge="0.0572" name="H10" type="hc"/>
      <Atom charge="0.0572" name="H10A" type="hc"/>
      <Atom charge="0.146" name="H11" type="ha"/>
      <Atom charge="0.133" name="H13" type="ha"/>
      <Atom charge="0.142" name="H14" type="ha"/>
      <Atom charge="0.0717" name="H15" type="hc"/>
      <Atom charge="0.0537" name="H16" type="h1"/>
      <Atom charge="0.0537" name="H16A" type="h1"/>
      <Atom charge="0.0537" name="H18" type="h1"/>
      <Atom charge="0.0537" name="H18A" type="h1"/>
      <Atom charge="0.343" name="HN1" type="hn"/>
      <Atom charge="-0.7035" name="O3" type="o"/>
      <Bond atomName1="C1" atomName2="O1"/>
      <Bond atomName1="N1" atomName2="C16"/>
      <Bond atomName1="N1" atomName2="C17"/>
      <Bond atomName1="O1" atomName2="C2"/>
      <Bond atomName1="C2" atomName2="C3"/>
      <Bond atomName1="C2" atomName2="C14"/>
      <Bond atomName1="N2" atomName2="C17"/>
      <Bond atomName1="N2" atomName2="C18"/>
      <Bond atomName1="O2" atomName2="C3"/>
      <Bond atomName1="O2" atomName2="C4"/>
      <Bond atomName1="C3" atomName2="C11"/>
      <Bond atomName1="O3" atomName2="C17"/>
      <Bond atomName1="C4" atomName2="C5"/>
      <Bond atomName1="C4" atomName2="C9"/>
      <Bond atomName1="C5" atomName2="C6"/>
      <Bond atomName1="C6" atomName2="C7"/>
      <Bond atomName1="C6" atomName2="C10"/>
      <Bond atomName1="C7" atomName2="C8"/>
      <Bond atomName1="C8" atomName2="C9"/>
      <Bond atomName1="C9" atomName2="C10"/>
      <Bond atomName1="C11" atomName2="C12"/>
      <Bond atomName1="C12" atomName2="C13"/>
      <Bond atomName1="C12" atomName2="C15"/>
      <Bond atomName1="C13" atomName2="C14"/>
      <Bond atomName1="C15" atomName2="C16"/>
      <Bond atomName1="C15" atomName2="C18"/>
      <Bond atomName1="C1" atomName2="H1"/>
      <Bond atomName1="C1" atomName2="H1A"/>
      <Bond atomName1="C1" atomName2="H1B"/>
      <Bond atomName1="N1" atomName2="HN1"/>
      <Bond atomName1="N2" atomName2="HN2"/>
      <Bond atomName1="C4" atomName2="H4"/>
      <Bond atomName1="C5" atomName2="H5"/>
      <Bond atomName1="C5" atomName2="H5A"/>
      <Bond atomName1="C6" atomName2="H6"/>
      <Bond atomName1="C7" atomName2="H7"/>
      <Bond atomName1="C7" atomName2="H7A"/>
      <Bond atomName1="C8" atomName2="H8"/>
      <Bond atomName1="C8" atomName2="H8A"/>
      <Bond atomName1="C9" atomName2="H9"/>
      <Bond atomName1="C10" atomName2="H10"/>
      <Bond atomName1="C10" atomName2="H10A"/>
      <Bond atomName1="C11" atomName2="H11"/>
      <Bond atomName1="C13" atomName2="H13"/>
      <Bond atomName1="C14" atomName2="H14"/>
      <Bond atomName1="C15" atomName2="H15"/>
      <Bond atomName1="C16" atomName2="H16"/>
      <Bond atomName1="C16" atomName2="H16A"/>
      <Bond atomName1="C18" atomName2="H18"/>
      <Bond atomName1="C18" atomName2="H18A"/>
    </Residue>
  </Residues>
  <HarmonicBondForce>
    <Bond k="220747.83999999997" length="0.1462" type1="c3" type2="ns"/>
    <Bond k="298068.1599999999" length="0.1379" type1="c" type2="ns"/>
    <Bond k="441244.6399999999" length="0.1013" type1="hn" type2="ns"/>
  </HarmonicBondForce>
  <HarmonicAngleForce>
    <Angle angle="1.9479619781508712" k="696.2176000000001" type1="c3" type2="c3" type3="ns"/>
    <Angle angle="1.900314489571426" k="514.6320000000001" type1="h1" type2="c3" type3="ns"/>
    <Angle angle="1.9819958985647608" k="940.5632" type1="ns" type2="c" type3="ns"/>
    <Angle angle="2.1476276445790226" k="952.2784" type1="ns" type2="c" type3="o"/>
    <Angle angle="2.1064378742319563" k="546.4304" type1="c" type2="ns" type3="c3"/>
    <Angle angle="2.053903463746927" k="385.76480000000004" type1="c3" type2="ns" type3="hn"/>
    <Angle angle="2.051634535719334" k="407.52160000000003" type1="c" type2="ns" type3="hn"/>
  </HarmonicAngleForce>
  <PeriodicTorsionForce>
    <Proper k1="0.87864" periodicity1="3" phase1="0.0" type1="ca" type2="c3" type3="c3" type4="ns"/>
    <Proper k1="0.41840000000000005" periodicity1="3" phase1="0.0" type1="c3" type2="c3" type3="c3" type4="ns"/>
    <Proper k1="10.46" periodicity1="2" phase1="3.141592653589793" type1="ns" type2="c" type3="ns" type4="c3"/>
    <Proper k1="10.46" periodicity1="2" phase1="3.141592653589793" type1="ns" type2="c" type3="ns" type4="hn"/>
    <Proper k1="0.41840000000000005" k2="0.7112800000000001" k3="4.26768" periodicity1="4" periodicity2="3" periodicity3="1" phase1="3.141592653589793" phase2="0.0" phase3="3.141592653589793" type1="c3" type2="c3" type3="ns" type4="c"/>
    <Proper k1="0.0" periodicity1="2" phase1="0.0" type1="c3" type2="c3" type3="ns" type4="hn"/>
    <Proper k1="10.46" periodicity1="2" phase1="3.141592653589793" type1="o" type2="c" type3="ns" type4="c3"/>
    <Proper k1="0.0" periodicity1="2" phase1="3.141592653589793" type1="h1" type2="c3" type3="ns" type4="c"/>
    <Proper k1="10.46" k2="8.368" periodicity1="2" periodicity2="1" phase1="3.141592653589793" phase2="0.0" type1="o" type2="c" type3="ns" type4="hn"/>
    <Proper k1="0.0" periodicity1="2" phase1="0.0" type1="h1" type2="c3" type3="ns" type4="hn"/>
    <Improper k1="4.6024" periodicity1="2" phase1="3.141592653589793" type1="ns" type2="c" type3="c3" type4="hn"/>
    <Improper k1="4.6024" periodicity1="2" phase1="3.141592653589793" type1="ca" type2="ca" type3="ca" type4="os"/>
    <Improper k1="4.6024" periodicity1="2" phase1="3.141592653589793" type1="ca" type2="ca" type3="ca" type4="ha"/>
    <Improper k1="43.932" periodicity1="2" phase1="3.141592653589793" type1="c" type2="ns" type3="ns" type4="o"/>
  </PeriodicTorsionForce>
</ForceField>
