<ForceField>
  <Info>
    <DateGenerated>2019-07-05</DateGenerated>
  </Info>
  <Residues>
    <Residue name="MC_0CT">
      <Atom charge="-0.0621" name="NAF" type="na"/>
      <Atom charge="-0.0682" name="CAH" type="ca"/>
      <Atom charge="-0.146" name="CAC" type="ca"/>
      <Atom charge="-0.084" name="CAA" type="ca"/>
      <Atom charge="-0.157" name="CAB" type="ca"/>
      <Atom charge="-0.045" name="CAD" type="ca"/>
      <Atom charge="0.0174" name="CAI" type="ca"/>
      <Atom charge="-0.2104" name="NAG" type="nc"/>
      <Atom charge="-0.1394" name="NAE" type="nd"/>
      <Atom charge="0.3367" name="H1" type="hn"/>
      <Atom charge="0.134" name="H2" type="ha"/>
      <Atom charge="0.138" name="H3" type="ha"/>
      <Atom charge="0.139" name="H4" type="ha"/>
      <Atom charge="0.147" name="H5" type="ha"/>
      <Bond atomName1="NAF" atomName2="NAE"/>
      <Bond atomName1="NAF" atomName2="CAH"/>
      <Bond atomName1="CAC" atomName2="CAH"/>
      <Bond atomName1="CAC" atomName2="CAA"/>
      <Bond atomName1="NAE" atomName2="NAG"/>
      <Bond atomName1="CAH" atomName2="CAI"/>
      <Bond atomName1="CAA" atomName2="CAB"/>
      <Bond atomName1="NAG" atomName2="CAI"/>
      <Bond atomName1="CAI" atomName2="CAD"/>
      <Bond atomName1="CAB" atomName2="CAD"/>
      <Bond atomName1="NAF" atomName2="H1"/>
      <Bond atomName1="CAC" atomName2="H2"/>
      <Bond atomName1="CAA" atomName2="H3"/>
      <Bond atomName1="CAB" atomName2="H4"/>
      <Bond atomName1="CAD" atomName2="H5"/>
    </Residue>
  </Residues>
  <PeriodicTorsionForce>
    <Improper k1="4.6024" periodicity1="2" phase1="3.141592653589793" type1="na" type2="ca" type3="hn" type4="nd"/>
    <Improper k1="4.6024" periodicity1="2" phase1="3.141592653589793" type1="ca" type2="ca" type3="ca" type4="na"/>
    <Improper k1="4.6024" periodicity1="2" phase1="3.141592653589793" type1="ca" type2="ca" type3="ca" type4="ha"/>
    <Improper k1="4.6024" periodicity1="2" phase1="3.141592653589793" type1="ca" type2="ca" type3="ca" type4="nc"/>
  </PeriodicTorsionForce>
</ForceField>
