<ForceField>
  <Info>
    <DateGenerated>2019-07-05</DateGenerated>
  </Info>
  <Residues>
    <Residue name="MC_0CU">
      <Atom charge="-0.1312" name="CAK" type="ca"/>
      <Atom charge="0.0249" name="NAG" type="na"/>
      <Atom charge="-0.1434" name="NAE" type="nc"/>
      <Atom charge="-0.2274" name="NAF" type="nd"/>
      <Atom charge="0.0604" name="CAJ" type="ca"/>
      <Atom charge="-0.052" name="CAD" type="ca"/>
      <Atom charge="0.0204" name="CAH" type="ca"/>
      <Atom charge="-0.0854" name="ClA" type="cl"/>
      <Atom charge="-0.092" name="CAC" type="ca"/>
      <Atom charge="0.0394" name="CAI" type="ca"/>
      <Atom charge="-0.0944" name="ClB" type="cl"/>
      <Atom charge="0.3497" name="H1" type="hn"/>
      <Atom charge="0.167" name="H2" type="ha"/>
      <Atom charge="0.165" name="H3" type="ha"/>
      <Bond atomName1="ClB" atomName2="CAI"/>
      <Bond atomName1="NAG" atomName2="NAE"/>
      <Bond atomName1="NAG" atomName2="CAK"/>
      <Bond atomName1="NAE" atomName2="NAF"/>
      <Bond atomName1="CAI" atomName2="CAK"/>
      <Bond atomName1="CAI" atomName2="CAC"/>
      <Bond atomName1="CAK" atomName2="CAJ"/>
      <Bond atomName1="NAF" atomName2="CAJ"/>
      <Bond atomName1="CAC" atomName2="CAH"/>
      <Bond atomName1="CAJ" atomName2="CAD"/>
      <Bond atomName1="CAH" atomName2="CAD"/>
      <Bond atomName1="CAH" atomName2="ClA"/>
      <Bond atomName1="NAG" atomName2="H1"/>
      <Bond atomName1="CAD" atomName2="H2"/>
      <Bond atomName1="CAC" atomName2="H3"/>
    </Residue>
  </Residues>
  <PeriodicTorsionForce>
    <Improper k1="4.6024" periodicity1="2" phase1="3.141592653589793" type1="ca" type2="ca" type3="ca" type4="na"/>
    <Improper k1="4.6024" periodicity1="2" phase1="3.141592653589793" type1="na" type2="ca" type3="hn" type4="nc"/>
    <Improper k1="4.6024" periodicity1="2" phase1="3.141592653589793" type1="ca" type2="ca" type3="ca" type4="nd"/>
    <Improper k1="4.6024" periodicity1="2" phase1="3.141592653589793" type1="ca" type2="ca" type3="ca" type4="ha"/>
  </PeriodicTorsionForce>
</ForceField>
