<ForceField>
  <Info>
    <DateGenerated>2019-07-05</DateGenerated>
  </Info>
  <Residues>
    <Residue name="MC_0CV">
      <Atom charge="-0.176" name="C11" type="ca"/>
      <Atom charge="-0.182" name="C20" type="ca"/>
      <Atom charge="-0.1883" name="C8" type="ca"/>
      <Atom charge="-0.3272" name="C9" type="ca"/>
      <Atom charge="-0.0976" name="C15" type="ca"/>
      <Atom charge="0.4586" name="C10" type="ca"/>
      <Atom charge="0.1976" name="C7" type="ca"/>
      <Atom charge="0.1291" name="C16" type="ca"/>
      <Atom charge="0.3929" name="C13" type="cc"/>
      <Atom charge="0.5008" name="C12" type="ca"/>
      <Atom charge="0.1568" name="C2" type="c3"/>
      <Atom charge="0.1568" name="C6" type="c3"/>
      <Atom charge="0.1568" name="C3" type="c3"/>
      <Atom charge="0.1568" name="C5" type="c3"/>
      <Atom charge="-0.0378" name="C23" type="c3"/>
      <Atom charge="-0.0854" name="C19" type="c3"/>
      <Atom charge="0.1287" name="C22" type="c3"/>
      <Atom charge="-0.4911" name="N18" type="nd"/>
      <Atom charge="-0.1728" name="N17" type="na"/>
      <Atom charge="-0.732" name="N14" type="nb"/>
      <Atom charge="-0.624" name="N1" type="nh"/>
      <Atom charge="-0.8212" name="N4" type="n7"/>
      <Atom charge="-0.3279" name="O21" type="os"/>
      <Atom charge="0.168" name="H11" type="ha"/>
      <Atom charge="0.14" name="H20" type="ha"/>
      <Atom charge="0.0567" name="H21" type="h1"/>
      <Atom charge="0.0567" name="H22" type="h1"/>
      <Atom charge="0.0567" name="H62" type="h1"/>
      <Atom charge="0.0567" name="H61" type="h1"/>
      <Atom charge="0.04045" name="H32" type="h1"/>
      <Atom charge="0.04045" name="H31" type="h1"/>
      <Atom charge="0.04045" name="H51" type="h1"/>
      <Atom charge="0.04045" name="H52" type="h1"/>
      <Atom charge="0.049033" name="H233" type="hc"/>
      <Atom charge="0.049033" name="H232" type="hc"/>
      <Atom charge="0.049033" name="H231" type="hc"/>
      <Atom charge="0.055367" name="H193" type="hc"/>
      <Atom charge="0.055367" name="H191" type="hc"/>
      <Atom charge="0.055367" name="H192" type="hc"/>
      <Atom charge="0.041367" name="H221" type="h1"/>
      <Atom charge="0.041367" name="H223" type="h1"/>
      <Atom charge="0.041367" name="H222" type="h1"/>
      <Atom charge="0.3397" name="H17" type="hn"/>
      <Atom charge="0.3568" name="H1" type="hn"/>
      <Bond atomName1="O21" atomName2="C22"/>
      <Bond atomName1="O21" atomName2="C16"/>
      <Bond atomName1="C20" atomName2="C16"/>
      <Bond atomName1="C20" atomName2="C15"/>
      <Bond atomName1="C16" atomName2="C11"/>
      <Bond atomName1="C23" atomName2="C15"/>
      <Bond atomName1="C15" atomName2="C10"/>
      <Bond atomName1="C11" atomName2="C8"/>
      <Bond atomName1="C10" atomName2="C8"/>
      <Bond atomName1="C10" atomName2="N14"/>
      <Bond atomName1="C8" atomName2="C7"/>
      <Bond atomName1="N14" atomName2="C12"/>
      <Bond atomName1="C7" atomName2="N1"/>
      <Bond atomName1="C7" atomName2="C9"/>
      <Bond atomName1="C6" atomName2="N1"/>
      <Bond atomName1="C6" atomName2="C5"/>
      <Bond atomName1="N1" atomName2="C2"/>
      <Bond atomName1="C12" atomName2="C9"/>
      <Bond atomName1="C12" atomName2="N17"/>
      <Bond atomName1="C2" atomName2="C3"/>
      <Bond atomName1="N4" atomName2="C5"/>
      <Bond atomName1="N4" atomName2="C3"/>
      <Bond atomName1="C9" atomName2="C13"/>
      <Bond atomName1="N17" atomName2="N18"/>
      <Bond atomName1="C13" atomName2="N18"/>
      <Bond atomName1="C13" atomName2="C19"/>
      <Bond atomName1="C11" atomName2="H11"/>
      <Bond atomName1="C20" atomName2="H20"/>
      <Bond atomName1="C2" atomName2="H21"/>
      <Bond atomName1="C2" atomName2="H22"/>
      <Bond atomName1="C6" atomName2="H62"/>
      <Bond atomName1="C6" atomName2="H61"/>
      <Bond atomName1="C3" atomName2="H32"/>
      <Bond atomName1="C3" atomName2="H31"/>
      <Bond atomName1="C5" atomName2="H51"/>
      <Bond atomName1="C5" atomName2="H52"/>
      <Bond atomName1="C23" atomName2="H233"/>
      <Bond atomName1="C23" atomName2="H232"/>
      <Bond atomName1="C23" atomName2="H231"/>
      <Bond atomName1="C19" atomName2="H193"/>
      <Bond atomName1="C19" atomName2="H191"/>
      <Bond atomName1="C19" atomName2="H192"/>
      <Bond atomName1="C22" atomName2="H221"/>
      <Bond atomName1="C22" atomName2="H223"/>
      <Bond atomName1="C22" atomName2="H222"/>
      <Bond atomName1="N17" atomName2="H17"/>
      <Bond atomName1="N4" atomName2="H1"/>
    </Residue>
  </Residues>
  <HarmonicBondForce>
    <Bond k="218572.15999999995" length="0.14650000000000002" type1="c3" type2="n7"/>
    <Bond k="427855.8399999999" length="0.10189999999999999" type1="hn" type2="n7"/>
  </HarmonicBondForce>
  <HarmonicAngleForce>
    <Angle angle="1.9380136014145037" k="697.0544" type1="c3" type2="c3" type3="n7"/>
    <Angle angle="1.9608774146156291" k="549.7776" type1="c3" type2="n7" type3="c3"/>
    <Angle angle="1.9074703395046029" k="399.99039999999997" type1="c3" type2="n7" type3="hn"/>
    <Angle angle="1.9177677820913692" k="512.1216000000001" type1="h1" type2="c3" type3="n7"/>
  </HarmonicAngleForce>
  <PeriodicTorsionForce>
    <Proper k1="2.25936" periodicity1="2" phase1="3.141592653589793" type1="ca" type2="ca" type3="cc" type4="c3"/>
    <Proper k1="2.9288" periodicity1="2" phase1="3.141592653589793" type1="ca" type2="ca" type3="cc" type4="nd"/>
    <Proper k1="0.9079280000000001" periodicity1="3" phase1="0.0" type1="c3" type2="c3" type3="n7" type4="hn"/>
    <Proper k1="0.9414" periodicity1="3" phase1="0.0" type1="h1" type2="c3" type3="n7" type4="c3"/>
    <Proper k1="1.2552" periodicity1="3" phase1="0.0" type1="h1" type2="c3" type3="n7" type4="hn"/>
    <Improper k1="4.6024" periodicity1="2" phase1="3.141592653589793" type1="ca" type2="ca" type3="ca" type4="ha"/>
    <Improper k1="4.6024" periodicity1="2" phase1="3.141592653589793" type1="ca" type2="ca" type3="ca" type4="ca"/>
    <Improper k1="4.6024" periodicity1="2" phase1="3.141592653589793" type1="ca" type2="ca" type3="ca" type4="cc"/>
    <Improper k1="4.6024" periodicity1="2" phase1="3.141592653589793" type1="ca" type2="ca" type3="ca" type4="nb"/>
    <Improper k1="4.6024" periodicity1="2" phase1="3.141592653589793" type1="ca" type2="ca" type3="ca" type4="nh"/>
    <Improper k1="4.6024" periodicity1="2" phase1="3.141592653589793" type1="ca" type2="ca" type3="ca" type4="os"/>
    <Improper k1="4.6024" periodicity1="2" phase1="3.141592653589793" type1="cc" type2="c3" type3="ca" type4="nd"/>
    <Improper k1="4.6024" periodicity1="2" phase1="3.141592653589793" type1="ca" type2="ca" type3="na" type4="nb"/>
    <Improper k1="4.6024" periodicity1="2" phase1="3.141592653589793" type1="na" type2="ca" type3="hn" type4="nd"/>
    <Improper k1="4.6024" periodicity1="2" phase1="3.141592653589793" type1="nh" type2="c3" type3="c3" type4="ca"/>
  </PeriodicTorsionForce>
</ForceField>
