<ForceField>
  <Info>
    <DateGenerated>2019-07-05</DateGenerated>
  </Info>
  <Residues>
    <Residue name="MC_0CZ">
      <Atom charge="-0.0905" name="CAM" type="ca"/>
      <Atom charge="-0.152" name="CAI" type="ca"/>
      <Atom charge="0.1241" name="CAQ" type="ca"/>
      <Atom charge="-0.5201" name="OAA" type="oh"/>
      <Atom charge="-0.152" name="CAJ" type="ca"/>
      <Atom charge="-0.0905" name="CAN" type="ca"/>
      <Atom charge="-0.1208" name="CAS" type="ca"/>
      <Atom charge="-0.0504" name="CAW" type="c3"/>
      <Atom charge="0.6299" name="CAU" type="c3"/>
      <Atom charge="-0.2093" name="FAD" type="f"/>
      <Atom charge="-0.2093" name="FAE" type="f"/>
      <Atom charge="-0.2093" name="FAC" type="f"/>
      <Atom charge="0.6299" name="CAV" type="c3"/>
      <Atom charge="-0.2093" name="FAG" type="f"/>
      <Atom charge="-0.2093" name="FAH" type="f"/>
      <Atom charge="-0.2093" name="FAF" type="f"/>
      <Atom charge="-0.1208" name="CAT" type="ca"/>
      <Atom charge="-0.0905" name="CAO" type="ca"/>
      <Atom charge="-0.152" name="CAK" type="ca"/>
      <Atom charge="0.1241" name="CAR" type="ca"/>
      <Atom charge="-0.5201" name="OAB" type="oh"/>
      <Atom charge="-0.152" name="CAL" type="ca"/>
      <Atom charge="-0.0905" name="CAP" type="ca"/>
      <Atom charge="0.1525" name="H1" type="ha"/>
      <Atom charge="0.148" name="H2" type="ha"/>
      <Atom charge="0.423" name="H3" type="ho"/>
      <Atom charge="0.148" name="H4" type="ha"/>
      <Atom charge="0.1525" name="H5" type="ha"/>
      <Atom charge="0.1525" name="H6" type="ha"/>
      <Atom charge="0.148" name="H7" type="ha"/>
      <Atom charge="0.423" name="H8" type="ho"/>
      <Atom charge="0.148" name="H9" type="ha"/>
      <Atom charge="0.1525" name="H10" type="ha"/>
      <Bond atomName1="FAC" atomName2="CAU"/>
      <Bond atomName1="FAD" atomName2="CAU"/>
      <Bond atomName1="FAE" atomName2="CAU"/>
      <Bond atomName1="CAU" atomName2="CAW"/>
      <Bond atomName1="CAO" atomName2="CAK"/>
      <Bond atomName1="CAO" atomName2="CAT"/>
      <Bond atomName1="FAH" atomName2="CAV"/>
      <Bond atomName1="CAK" atomName2="CAR"/>
      <Bond atomName1="CAW" atomName2="CAV"/>
      <Bond atomName1="CAW" atomName2="CAT"/>
      <Bond atomName1="CAW" atomName2="CAS"/>
      <Bond atomName1="FAG" atomName2="CAV"/>
      <Bond atomName1="CAV" atomName2="FAF"/>
      <Bond atomName1="CAT" atomName2="CAP"/>
      <Bond atomName1="CAM" atomName2="CAS"/>
      <Bond atomName1="CAM" atomName2="CAI"/>
      <Bond atomName1="CAS" atomName2="CAN"/>
      <Bond atomName1="CAI" atomName2="CAQ"/>
      <Bond atomName1="CAR" atomName2="OAB"/>
      <Bond atomName1="CAR" atomName2="CAL"/>
      <Bond atomName1="CAN" atomName2="CAJ"/>
      <Bond atomName1="CAP" atomName2="CAL"/>
      <Bond atomName1="CAQ" atomName2="CAJ"/>
      <Bond atomName1="CAQ" atomName2="OAA"/>
      <Bond atomName1="CAM" atomName2="H1"/>
      <Bond atomName1="CAI" atomName2="H2"/>
      <Bond atomName1="OAA" atomName2="H3"/>
      <Bond atomName1="CAJ" atomName2="H4"/>
      <Bond atomName1="CAN" atomName2="H5"/>
      <Bond atomName1="CAO" atomName2="H6"/>
      <Bond atomName1="CAK" atomName2="H7"/>
      <Bond atomName1="OAB" atomName2="H8"/>
      <Bond atomName1="CAL" atomName2="H9"/>
      <Bond atomName1="CAP" atomName2="H10"/>
    </Residue>
  </Residues>
  <PeriodicTorsionForce>
    <Improper k1="4.6024" periodicity1="2" phase1="3.141592653589793" type1="ca" type2="ca" type3="ca" type4="ha"/>
    <Improper k1="4.6024" periodicity1="2" phase1="3.141592653589793" type1="ca" type2="ca" type3="ca" type4="oh"/>
  </PeriodicTorsionForce>
</ForceField>
