<ForceField>
  <Info>
    <DateGenerated>2019-07-05</DateGenerated>
  </Info>
  <Residues>
    <Residue name="MC_0D1">
      <Atom charge="-0.09" name="CAI" type="ca"/>
      <Atom charge="-0.15525" name="CAE" type="ca"/>
      <Atom charge="0.1146" name="CAO" type="ca"/>
      <Atom charge="-0.5221" name="OAA" type="oh"/>
      <Atom charge="-0.15525" name="CAF" type="ca"/>
      <Atom charge="-0.09" name="CAJ" type="ca"/>
      <Atom charge="-0.0703" name="CAQ" type="ca"/>
      <Atom charge="0.0086" name="CAN" type="ce"/>
      <Atom charge="0.0918" name="CAM" type="c2"/>
      <Atom charge="-0.0724" name="ClD" type="cl"/>
      <Atom charge="-0.0724" name="ClC" type="cl"/>
      <Atom charge="-0.0703" name="CAR" type="ca"/>
      <Atom charge="-0.09" name="CAK" type="ca"/>
      <Atom charge="-0.15525" name="CAG" type="ca"/>
      <Atom charge="0.1146" name="CAP" type="ca"/>
      <Atom charge="-0.5221" name="OAB" type="oh"/>
      <Atom charge="-0.15525" name="CAH" type="ca"/>
      <Atom charge="-0.09" name="CAL" type="ca"/>
      <Atom charge="0.1405" name="H1" type="ha"/>
      <Atom charge="0.14375" name="H2" type="ha"/>
      <Atom charge="0.4215" name="H3" type="ho"/>
      <Atom charge="0.14375" name="H4" type="ha"/>
      <Atom charge="0.1405" name="H5" type="ha"/>
      <Atom charge="0.1405" name="H6" type="ha"/>
      <Atom charge="0.14375" name="H7" type="ha"/>
      <Atom charge="0.4215" name="H8" type="ho"/>
      <Atom charge="0.14375" name="H9" type="ha"/>
      <Atom charge="0.1405" name="H10" type="ha"/>
      <Bond atomName1="ClC" atomName2="CAM"/>
      <Bond atomName1="CAK" atomName2="CAG"/>
      <Bond atomName1="CAK" atomName2="CAR"/>
      <Bond atomName1="CAG" atomName2="CAP"/>
      <Bond atomName1="ClD" atomName2="CAM"/>
      <Bond atomName1="CAM" atomName2="CAN"/>
      <Bond atomName1="CAN" atomName2="CAR"/>
      <Bond atomName1="CAN" atomName2="CAQ"/>
      <Bond atomName1="OAB" atomName2="CAP"/>
      <Bond atomName1="CAR" atomName2="CAL"/>
      <Bond atomName1="CAP" atomName2="CAH"/>
      <Bond atomName1="CAQ" atomName2="CAJ"/>
      <Bond atomName1="CAQ" atomName2="CAI"/>
      <Bond atomName1="CAJ" atomName2="CAF"/>
      <Bond atomName1="CAH" atomName2="CAL"/>
      <Bond atomName1="CAI" atomName2="CAE"/>
      <Bond atomName1="CAF" atomName2="CAO"/>
      <Bond atomName1="CAE" atomName2="CAO"/>
      <Bond atomName1="CAO" atomName2="OAA"/>
      <Bond atomName1="CAI" atomName2="H1"/>
      <Bond atomName1="CAE" atomName2="H2"/>
      <Bond atomName1="OAA" atomName2="H3"/>
      <Bond atomName1="CAF" atomName2="H4"/>
      <Bond atomName1="CAJ" atomName2="H5"/>
      <Bond atomName1="CAK" atomName2="H6"/>
      <Bond atomName1="CAG" atomName2="H7"/>
      <Bond atomName1="OAB" atomName2="H8"/>
      <Bond atomName1="CAH" atomName2="H9"/>
      <Bond atomName1="CAL" atomName2="H10"/>
    </Residue>
  </Residues>
  <PeriodicTorsionForce>
    <Proper k1="2.11292" periodicity1="2" phase1="3.141592653589793" type1="ca" type2="ca" type3="ce" type4="ca"/>
    <Improper k1="4.6024" periodicity1="2" phase1="3.141592653589793" type1="ca" type2="ca" type3="ca" type4="ha"/>
    <Improper k1="4.6024" periodicity1="2" phase1="3.141592653589793" type1="ca" type2="ca" type3="ca" type4="oh"/>
    <Improper k1="4.6024" periodicity1="2" phase1="3.141592653589793" type1="ca" type2="ca" type3="ca" type4="ce"/>
    <Improper k1="4.6024" periodicity1="2" phase1="3.141592653589793" type1="ce" type2="c2" type3="ca" type4="ca"/>
    <Improper k1="4.6024" periodicity1="2" phase1="3.141592653589793" type1="c2" type2="ce" type3="cl" type4="cl"/>
  </PeriodicTorsionForce>
</ForceField>
