<ForceField>
  <Info>
    <DateGenerated>2019-07-05</DateGenerated>
  </Info>
  <Residues>
    <Residue name="MC_0D8">
      <Atom charge="-0.5938" name="OH" type="oh"/>
      <Atom charge="-0.8096" name="N3" type="nz"/>
      <Atom charge="0.0928" name="CA3" type="c3"/>
      <Atom charge="-0.1154" name="C7" type="c3"/>
      <Atom charge="0.1564" name="C8" type="c3"/>
      <Atom charge="0.459467" name="H3" type="hn"/>
      <Atom charge="0.1132" name="HA21" type="hx"/>
      <Atom charge="0.1132" name="HA3" type="hx"/>
      <Atom charge="0.0357" name="H14" type="h1"/>
      <Atom charge="0.0357" name="H24" type="h1"/>
      <Atom charge="0.0797" name="H89" type="hc"/>
      <Atom charge="0.0797" name="H99" type="hc"/>
      <Atom charge="0.434" name="H2" type="ho"/>
      <Atom charge="0.459467" name="H1" type="hn"/>
      <Atom charge="0.459467" name="H33" type="hn"/>
      <Bond atomName1="N3" atomName2="CA3"/>
      <Bond atomName1="N3" atomName2="H3"/>
      <Bond atomName1="CA3" atomName2="C7"/>
      <Bond atomName1="CA3" atomName2="HA21"/>
      <Bond atomName1="CA3" atomName2="HA3"/>
      <Bond atomName1="C8" atomName2="H14"/>
      <Bond atomName1="C8" atomName2="H24"/>
      <Bond atomName1="C7" atomName2="C8"/>
      <Bond atomName1="C7" atomName2="H89"/>
      <Bond atomName1="C7" atomName2="H99"/>
      <Bond atomName1="OH" atomName2="C8"/>
      <Bond atomName1="OH" atomName2="H2"/>
      <Bond atomName1="N3" atomName2="H1"/>
      <Bond atomName1="H33" atomName2="N3"/>
    </Residue>
  </Residues>
  <HarmonicBondForce>
    <Bond k="186271.67999999996" length="0.1511" type1="c3" type2="nz"/>
    <Bond k="404090.7199999999" length="0.10300000000000001" type1="hn" type2="nz"/>
  </HarmonicBondForce>
  <HarmonicAngleForce>
    <Angle angle="1.9933405387027237" k="677.808" type1="c3" type2="c3" type3="nz"/>
    <Angle angle="1.8851301250790755" k="502.9168" type1="hx" type2="c3" type3="nz"/>
    <Angle angle="1.9217820393709562" k="386.6016" type1="c3" type2="nz" type3="hn"/>
    <Angle angle="1.8901915799098588" k="334.72" type1="hn" type2="nz" type3="hn"/>
  </HarmonicAngleForce>
  <PeriodicTorsionForce>
    <Proper k1="0.87864" periodicity1="3" phase1="0.0" type1="c3" type2="c3" type3="c3" type4="nz"/>
    <Proper k1="0.6508444444444444" periodicity1="3" phase1="0.0" type1="c3" type2="c3" type3="nz" type4="hn"/>
    <Proper k1="0.456056" periodicity1="3" phase1="0.0" type1="hx" type2="c3" type3="nz" type4="hn"/>
  </PeriodicTorsionForce>
</ForceField>
