<ForceField>
  <Info>
    <DateGenerated>2019-07-05</DateGenerated>
  </Info>
  <Residues>
    <Residue name="MC_0DF">
      <Atom charge="-0.6525" name="O1" type="o"/>
      <Atom charge="0.8055" name="C3" type="c"/>
      <Atom charge="-0.359" name="N1" type="n"/>
      <Atom charge="0.1163" name="C7" type="c3"/>
      <Atom charge="-0.1157" name="C2" type="ca"/>
      <Atom charge="-0.088" name="C6" type="ca"/>
      <Atom charge="-0.1553" name="C5" type="cp"/>
      <Atom charge="0.4372" name="C4" type="ca"/>
      <Atom charge="-0.69" name="N3" type="nb"/>
      <Atom charge="0.4882" name="C1" type="ca"/>
      <Atom charge="-0.5204" name="N2" type="ns"/>
      <Atom charge="-0.031" name="C8" type="cp"/>
      <Atom charge="-0.1195" name="C13" type="ca"/>
      <Atom charge="-0.1235" name="C12" type="ca"/>
      <Atom charge="-0.124" name="C11" type="ca"/>
      <Atom charge="-0.1235" name="C10" type="ca"/>
      <Atom charge="-0.1195" name="C9" type="ca"/>
      <Atom charge="0.054367" name="H1" type="h1"/>
      <Atom charge="0.054367" name="H2" type="h1"/>
      <Atom charge="0.054367" name="H3" type="h1"/>
      <Atom charge="0.146" name="H4" type="ha"/>
      <Atom charge="0.0341" name="H5" type="h4"/>
      <Atom charge="0.3705" name="H6" type="hn"/>
      <Atom charge="0.1315" name="H7" type="ha"/>
      <Atom charge="0.1325" name="H8" type="ha"/>
      <Atom charge="0.132" name="H9" type="ha"/>
      <Atom charge="0.1325" name="H10" type="ha"/>
      <Atom charge="0.1315" name="H11" type="ha"/>
      <Bond atomName1="C7" atomName2="N1"/>
      <Bond atomName1="O1" atomName2="C3"/>
      <Bond atomName1="N1" atomName2="C3"/>
      <Bond atomName1="N1" atomName2="C2"/>
      <Bond atomName1="C3" atomName2="N2"/>
      <Bond atomName1="C2" atomName2="C6"/>
      <Bond atomName1="C2" atomName2="C1"/>
      <Bond atomName1="N2" atomName2="C1"/>
      <Bond atomName1="C6" atomName2="C5"/>
      <Bond atomName1="C1" atomName2="N3"/>
      <Bond atomName1="C13" atomName2="C12"/>
      <Bond atomName1="C13" atomName2="C8"/>
      <Bond atomName1="C5" atomName2="C8"/>
      <Bond atomName1="C5" atomName2="C4"/>
      <Bond atomName1="N3" atomName2="C4"/>
      <Bond atomName1="C12" atomName2="C11"/>
      <Bond atomName1="C8" atomName2="C9"/>
      <Bond atomName1="C11" atomName2="C10"/>
      <Bond atomName1="C9" atomName2="C10"/>
      <Bond atomName1="C7" atomName2="H1"/>
      <Bond atomName1="C7" atomName2="H2"/>
      <Bond atomName1="C7" atomName2="H3"/>
      <Bond atomName1="C6" atomName2="H4"/>
      <Bond atomName1="C4" atomName2="H5"/>
      <Bond atomName1="N2" atomName2="H6"/>
      <Bond atomName1="C13" atomName2="H7"/>
      <Bond atomName1="C12" atomName2="H8"/>
      <Bond atomName1="C11" atomName2="H9"/>
      <Bond atomName1="C10" atomName2="H10"/>
      <Bond atomName1="C9" atomName2="H11"/>
    </Residue>
  </Residues>
  <HarmonicBondForce>
    <Bond k="298068.1599999999" length="0.1379" type1="c" type2="ns"/>
    <Bond k="263759.3599999999" length="0.1412" type1="ca" type2="ns"/>
    <Bond k="441244.6399999999" length="0.1013" type1="hn" type2="ns"/>
  </HarmonicBondForce>
  <HarmonicAngleForce>
    <Angle angle="2.1476276445790226" k="952.2784" type1="ns" type2="c" type3="o"/>
    <Angle angle="2.159146817642185" k="549.7776" type1="c" type2="ns" type3="ca"/>
    <Angle angle="2.051634535719334" k="407.52160000000003" type1="c" type2="ns" type3="hn"/>
    <Angle angle="1.9819958985647608" k="940.5632" type1="n" type2="c" type3="ns"/>
    <Angle angle="2.0977112279719847" k="716.3008" type1="ca" type2="ca" type3="ns"/>
    <Angle angle="2.1617648115201766" k="897.8864" type1="nb" type2="ca" type3="ns"/>
    <Angle angle="2.0245819323134224" k="401.664" type1="ca" type2="ns" type3="hn"/>
  </HarmonicAngleForce>
  <PeriodicTorsionForce>
    <Proper k1="10.46" periodicity1="2" phase1="3.141592653589793" type1="o" type2="c" type3="ns" type4="ca"/>
    <Proper k1="10.46" k2="8.368" periodicity1="2" periodicity2="1" phase1="3.141592653589793" phase2="0.0" type1="o" type2="c" type3="ns" type4="hn"/>
    <Proper k1="3.9748" periodicity1="2" phase1="3.141592653589793" type1="ca" type2="ca" type3="ns" type4="c"/>
    <Proper k1="1.8828" periodicity1="2" phase1="3.141592653589793" type1="nb" type2="ca" type3="ns" type4="c"/>
    <Proper k1="10.46" periodicity1="2" phase1="3.141592653589793" type1="n" type2="c" type3="ns" type4="ca"/>
    <Proper k1="10.46" periodicity1="2" phase1="3.141592653589793" type1="n" type2="c" type3="ns" type4="hn"/>
    <Proper k1="1.8828" periodicity1="2" phase1="3.141592653589793" type1="ca" type2="ca" type3="ns" type4="hn"/>
    <Proper k1="1.8828" periodicity1="2" phase1="3.141592653589793" type1="nb" type2="ca" type3="ns" type4="hn"/>
    <Improper k1="43.932" periodicity1="2" phase1="3.141592653589793" type1="c" type2="n" type3="ns" type4="o"/>
    <Improper k1="4.6024" periodicity1="2" phase1="3.141592653589793" type1="n" type2="c" type3="c3" type4="ca"/>
    <Improper k1="4.6024" periodicity1="2" phase1="3.141592653589793" type1="ca" type2="ca" type3="ca" type4="n"/>
    <Improper k1="4.6024" periodicity1="2" phase1="3.141592653589793" type1="ca" type2="ca" type3="cp" type4="ha"/>
    <Improper k1="4.6024" periodicity1="2" phase1="3.141592653589793" type1="cp" type2="ca" type3="ca" type4="cp"/>
    <Improper k1="4.6024" periodicity1="2" phase1="3.141592653589793" type1="ca" type2="cp" type3="h4" type4="nb"/>
    <Improper k1="4.6024" periodicity1="2" phase1="3.141592653589793" type1="ca" type2="ca" type3="nb" type4="ns"/>
    <Improper k1="4.6024" periodicity1="2" phase1="3.141592653589793" type1="ns" type2="c" type3="ca" type4="hn"/>
    <Improper k1="4.6024" periodicity1="2" phase1="3.141592653589793" type1="ca" type2="ca" type3="ca" type4="ha"/>
  </PeriodicTorsionForce>
</ForceField>
