<ForceField>
  <Info>
    <DateGenerated>2019-07-05</DateGenerated>
  </Info>
  <Residues>
    <Residue name="MC_0DI">
      <Atom charge="0.0875" name="C1" type="c3"/>
      <Atom charge="-0.1259" name="F1" type="f"/>
      <Atom charge="-0.4988" name="N1" type="n"/>
      <Atom charge="-0.6021" name="O1" type="o"/>
      <Atom charge="-0.0534" name="Cl1" type="cl"/>
      <Atom charge="0.0735" name="C2" type="c3"/>
      <Atom charge="-0.1169" name="F2" type="f"/>
      <Atom charge="-0.4518" name="N2" type="n"/>
      <Atom charge="-0.5611" name="O2" type="o"/>
      <Atom charge="0.0735" name="C3" type="c3"/>
      <Atom charge="-0.7926" name="N3" type="nz"/>
      <Atom charge="0.0875" name="C4" type="c3"/>
      <Atom charge="0.6381" name="C5" type="c"/>
      <Atom charge="0.0295" name="C6" type="c3"/>
      <Atom charge="-0.0481" name="C7" type="c3"/>
      <Atom charge="-0.1203" name="C8" type="ca"/>
      <Atom charge="-0.114" name="C9" type="ca"/>
      <Atom charge="0.0454" name="C10" type="ca"/>
      <Atom charge="-0.098" name="C11" type="ca"/>
      <Atom charge="-0.107" name="C12" type="ca"/>
      <Atom charge="-0.202" name="C13" type="ca"/>
      <Atom charge="0.6857" name="C14" type="c"/>
      <Atom charge="-0.1686" name="C15" type="ca"/>
      <Atom charge="0.1679" name="C16" type="ca"/>
      <Atom charge="-0.14" name="C17" type="ca"/>
      <Atom charge="-0.115" name="C18" type="ca"/>
      <Atom charge="0.1219" name="C19" type="ca"/>
      <Atom charge="-0.138" name="C20" type="ca"/>
      <Atom charge="0.07795" name="H1" type="h1"/>
      <Atom charge="0.07795" name="H1A" type="h1"/>
      <Atom charge="0.0747" name="H2" type="h1"/>
      <Atom charge="0.0747" name="H2A" type="h1"/>
      <Atom charge="0.0747" name="H3" type="h1"/>
      <Atom charge="0.0747" name="H3A" type="h1"/>
      <Atom charge="0.463467" name="HN3" type="hn"/>
      <Atom charge="0.463467" name="HN3A" type="hn"/>
      <Atom charge="0.07795" name="H4" type="h1"/>
      <Atom charge="0.07795" name="H4A" type="h1"/>
      <Atom charge="0.1257" name="H6" type="hx"/>
      <Atom charge="0.0962" name="H7" type="hc"/>
      <Atom charge="0.0962" name="H7A" type="hc"/>
      <Atom charge="0.152" name="H9" type="ha"/>
      <Atom charge="0.168" name="H11" type="ha"/>
      <Atom charge="0.157" name="H12" type="ha"/>
      <Atom charge="0.156" name="H13" type="ha"/>
      <Atom charge="0.167" name="H17" type="ha"/>
      <Atom charge="0.166" name="H18" type="ha"/>
      <Atom charge="0.157" name="H20" type="ha"/>
      <Atom charge="0.463467" name="H33" type="hn"/>
      <Bond atomName1="C1" atomName2="N1"/>
      <Bond atomName1="C1" atomName2="C2"/>
      <Bond atomName1="F1" atomName2="C19"/>
      <Bond atomName1="N1" atomName2="C4"/>
      <Bond atomName1="N1" atomName2="C14"/>
      <Bond atomName1="O1" atomName2="C5"/>
      <Bond atomName1="Cl1" atomName2="C10"/>
      <Bond atomName1="C2" atomName2="N2"/>
      <Bond atomName1="F2" atomName2="C16"/>
      <Bond atomName1="N2" atomName2="C3"/>
      <Bond atomName1="N2" atomName2="C5"/>
      <Bond atomName1="O2" atomName2="C14"/>
      <Bond atomName1="C3" atomName2="C4"/>
      <Bond atomName1="N3" atomName2="C6"/>
      <Bond atomName1="C5" atomName2="C6"/>
      <Bond atomName1="C6" atomName2="C7"/>
      <Bond atomName1="C7" atomName2="C8"/>
      <Bond atomName1="C8" atomName2="C9"/>
      <Bond atomName1="C8" atomName2="C13"/>
      <Bond atomName1="C9" atomName2="C10"/>
      <Bond atomName1="C10" atomName2="C11"/>
      <Bond atomName1="C11" atomName2="C12"/>
      <Bond atomName1="C12" atomName2="C13"/>
      <Bond atomName1="C14" atomName2="C15"/>
      <Bond atomName1="C15" atomName2="C16"/>
      <Bond atomName1="C15" atomName2="C20"/>
      <Bond atomName1="C16" atomName2="C17"/>
      <Bond atomName1="C17" atomName2="C18"/>
      <Bond atomName1="C18" atomName2="C19"/>
      <Bond atomName1="C19" atomName2="C20"/>
      <Bond atomName1="C1" atomName2="H1"/>
      <Bond atomName1="C1" atomName2="H1A"/>
      <Bond atomName1="C2" atomName2="H2"/>
      <Bond atomName1="C2" atomName2="H2A"/>
      <Bond atomName1="C3" atomName2="H3"/>
      <Bond atomName1="C3" atomName2="H3A"/>
      <Bond atomName1="N3" atomName2="HN3"/>
      <Bond atomName1="N3" atomName2="HN3A"/>
      <Bond atomName1="C4" atomName2="H4"/>
      <Bond atomName1="C4" atomName2="H4A"/>
      <Bond atomName1="C6" atomName2="H6"/>
      <Bond atomName1="C7" atomName2="H7"/>
      <Bond atomName1="C7" atomName2="H7A"/>
      <Bond atomName1="C9" atomName2="H9"/>
      <Bond atomName1="C11" atomName2="H11"/>
      <Bond atomName1="C12" atomName2="H12"/>
      <Bond atomName1="C13" atomName2="H13"/>
      <Bond atomName1="C17" atomName2="H17"/>
      <Bond atomName1="C18" atomName2="H18"/>
      <Bond atomName1="C20" atomName2="H20"/>
      <Bond atomName1="H33" atomName2="N3"/>
    </Residue>
  </Residues>
  <HarmonicBondForce>
    <Bond k="186271.67999999996" length="0.1511" type1="c3" type2="nz"/>
    <Bond k="404090.7199999999" length="0.10300000000000001" type1="hn" type2="nz"/>
  </HarmonicBondForce>
  <HarmonicAngleForce>
    <Angle angle="1.9326030807333212" k="691.1967999999999" type1="c" type2="c3" type3="nz"/>
    <Angle angle="1.9933405387027237" k="677.808" type1="c3" type2="c3" type3="nz"/>
    <Angle angle="1.8851301250790755" k="502.9168" type1="hx" type2="c3" type3="nz"/>
    <Angle angle="1.9217820393709562" k="386.6016" type1="c3" type2="nz" type3="hn"/>
    <Angle angle="1.8901915799098588" k="334.72" type1="hn" type2="nz" type3="hn"/>
  </HarmonicAngleForce>
  <PeriodicTorsionForce>
    <Proper k1="0.6508444444444444" periodicity1="3" phase1="0.0" type1="c" type2="c3" type3="nz" type4="hn"/>
    <Proper k1="0.6508444444444444" periodicity1="3" phase1="0.0" type1="c3" type2="c3" type3="nz" type4="hn"/>
    <Proper k1="0.456056" periodicity1="3" phase1="0.0" type1="hx" type2="c3" type3="nz" type4="hn"/>
    <Improper k1="4.6024" periodicity1="2" phase1="3.141592653589793" type1="n" type2="c" type3="c3" type4="c3"/>
    <Improper k1="43.932" periodicity1="2" phase1="3.141592653589793" type1="c" type2="c3" type3="n" type4="o"/>
    <Improper k1="4.6024" periodicity1="2" phase1="3.141592653589793" type1="ca" type2="ca" type3="ca" type4="ha"/>
    <Improper k1="43.932" periodicity1="2" phase1="3.141592653589793" type1="c" type2="ca" type3="n" type4="o"/>
    <Improper k1="4.6024" periodicity1="2" phase1="3.141592653589793" type1="ca" type2="c" type3="ca" type4="ca"/>
  </PeriodicTorsionForce>
</ForceField>
