<ForceField>
  <Info>
    <DateGenerated>2019-07-05</DateGenerated>
  </Info>
  <Residues>
    <Residue name="MC_0DJ">
      <Atom charge="0.4552" name="C1" type="ca"/>
      <Atom charge="-0.2083" name="C2" type="cp"/>
      <Atom charge="-0.075" name="C3" type="ca"/>
      <Atom charge="-0.1097" name="C4" type="ca"/>
      <Atom charge="0.5212" name="C5" type="ca"/>
      <Atom charge="-0.681" name="N6" type="nb"/>
      <Atom charge="-0.358" name="N7" type="n"/>
      <Atom charge="0.8065" name="C8" type="c"/>
      <Atom charge="-0.5134" name="N9" type="ns"/>
      <Atom charge="0.1123" name="C10" type="c3"/>
      <Atom charge="-0.6175" name="O11" type="o"/>
      <Atom charge="0.007" name="C12" type="cp"/>
      <Atom charge="-0.059" name="C13" type="ca"/>
      <Atom charge="-0.101" name="C14" type="ca"/>
      <Atom charge="-0.125" name="C15" type="ca"/>
      <Atom charge="-0.2056" name="C16" type="ca"/>
      <Atom charge="-0.035" name="C17" type="ca"/>
      <Atom charge="0.5087" name="C18" type="c"/>
      <Atom charge="-0.4181" name="O19" type="o"/>
      <Atom charge="-0.6784" name="N20" type="nz"/>
      <Atom charge="0.0281" name="H1" type="h4"/>
      <Atom charge="0.145" name="H2" type="ha"/>
      <Atom charge="0.3805" name="H3" type="hn"/>
      <Atom charge="0.059367" name="H4" type="h1"/>
      <Atom charge="0.059367" name="H5" type="h1"/>
      <Atom charge="0.059367" name="H6" type="h1"/>
      <Atom charge="0.164" name="H7" type="ha"/>
      <Atom charge="0.163" name="H8" type="ha"/>
      <Atom charge="0.109" name="H9" type="ha"/>
      <Atom charge="0.171" name="H10" type="ha"/>
      <Atom charge="0.478133" name="H11" type="hn"/>
      <Atom charge="0.478133" name="H12" type="hn"/>
      <Atom charge="0.478133" name="H203" type="hn"/>
      <Bond atomName1="O19" atomName2="C18"/>
      <Bond atomName1="N20" atomName2="C18"/>
      <Bond atomName1="C18" atomName2="C16"/>
      <Bond atomName1="C16" atomName2="C15"/>
      <Bond atomName1="C16" atomName2="C17"/>
      <Bond atomName1="C15" atomName2="C14"/>
      <Bond atomName1="C17" atomName2="C12"/>
      <Bond atomName1="C14" atomName2="C13"/>
      <Bond atomName1="C12" atomName2="C13"/>
      <Bond atomName1="C12" atomName2="C2"/>
      <Bond atomName1="C2" atomName2="C3"/>
      <Bond atomName1="C2" atomName2="C1"/>
      <Bond atomName1="C3" atomName2="C4"/>
      <Bond atomName1="C1" atomName2="N6"/>
      <Bond atomName1="N6" atomName2="C5"/>
      <Bond atomName1="C4" atomName2="C5"/>
      <Bond atomName1="C4" atomName2="N7"/>
      <Bond atomName1="C5" atomName2="N9"/>
      <Bond atomName1="N7" atomName2="C10"/>
      <Bond atomName1="N7" atomName2="C8"/>
      <Bond atomName1="N9" atomName2="C8"/>
      <Bond atomName1="C8" atomName2="O11"/>
      <Bond atomName1="C1" atomName2="H1"/>
      <Bond atomName1="C3" atomName2="H2"/>
      <Bond atomName1="N9" atomName2="H3"/>
      <Bond atomName1="C10" atomName2="H4"/>
      <Bond atomName1="C10" atomName2="H5"/>
      <Bond atomName1="C10" atomName2="H6"/>
      <Bond atomName1="C13" atomName2="H7"/>
      <Bond atomName1="C14" atomName2="H8"/>
      <Bond atomName1="C15" atomName2="H9"/>
      <Bond atomName1="C17" atomName2="H10"/>
      <Bond atomName1="N20" atomName2="H11"/>
      <Bond atomName1="N20" atomName2="H12"/>
      <Bond atomName1="H203" atomName2="N20"/>
    </Residue>
  </Residues>
  <HarmonicBondForce>
    <Bond k="263759.3599999999" length="0.1412" type1="ca" type2="ns"/>
    <Bond k="298068.1599999999" length="0.1379" type1="c" type2="ns"/>
    <Bond k="441244.6399999999" length="0.1013" type1="hn" type2="ns"/>
    <Bond k="165602.71999999997" length="0.15460000000000002" type1="c" type2="nz"/>
    <Bond k="404090.7199999999" length="0.10300000000000001" type1="hn" type2="nz"/>
  </HarmonicBondForce>
  <HarmonicAngleForce>
    <Angle angle="2.0977112279719847" k="716.3008" type1="ca" type2="ca" type3="ns"/>
    <Angle angle="2.159146817642185" k="549.7776" type1="c" type2="ns" type3="ca"/>
    <Angle angle="2.0245819323134224" k="401.664" type1="ca" type2="ns" type3="hn"/>
    <Angle angle="2.1617648115201766" k="897.8864" type1="nb" type2="ca" type3="ns"/>
    <Angle angle="1.9819958985647608" k="940.5632" type1="n" type2="c" type3="ns"/>
    <Angle angle="2.051634535719334" k="407.52160000000003" type1="c" type2="ns" type3="hn"/>
    <Angle angle="2.1476276445790226" k="952.2784" type1="ns" type2="c" type3="o"/>
    <Angle angle="2.031126917008401" k="673.473376" type1="ca" type2="c" type3="nz"/>
    <Angle angle="1.9394098648160991" k="376.56" type1="c" type2="nz" type3="hn"/>
    <Angle angle="2.073974750144862" k="892.0287999999999" type1="nz" type2="c" type3="o"/>
    <Angle angle="1.8901915799098588" k="334.72" type1="hn" type2="nz" type3="hn"/>
  </HarmonicAngleForce>
  <PeriodicTorsionForce>
    <Proper k1="3.9748" periodicity1="2" phase1="3.141592653589793" type1="ca" type2="ca" type3="ns" type4="c"/>
    <Proper k1="1.8828" periodicity1="2" phase1="3.141592653589793" type1="ca" type2="ca" type3="ns" type4="hn"/>
    <Proper k1="10.46" periodicity1="2" phase1="3.141592653589793" type1="n" type2="c" type3="ns" type4="ca"/>
    <Proper k1="10.46" periodicity1="2" phase1="3.141592653589793" type1="o" type2="c" type3="ns" type4="ca"/>
    <Proper k1="1.8828" periodicity1="2" phase1="3.141592653589793" type1="nb" type2="ca" type3="ns" type4="c"/>
    <Proper k1="1.8828" periodicity1="2" phase1="3.141592653589793" type1="nb" type2="ca" type3="ns" type4="hn"/>
    <Proper k1="10.46" periodicity1="2" phase1="3.141592653589793" type1="n" type2="c" type3="ns" type4="hn"/>
    <Proper k1="10.46" k2="8.368" periodicity1="2" periodicity2="1" phase1="3.141592653589793" phase2="0.0" type1="o" type2="c" type3="ns" type4="hn"/>
    <Proper k1="0.343088" periodicity1="3" phase1="3.141592653589793" type1="ca" type2="c" type3="nz" type4="hn"/>
    <Proper k1="0.0" periodicity1="3" phase1="3.141592653589793" type1="o" type2="c" type3="nz" type4="hn"/>
    <Improper k1="4.6024" periodicity1="2" phase1="3.141592653589793" type1="ca" type2="cp" type3="h4" type4="nb"/>
    <Improper k1="4.6024" periodicity1="2" phase1="3.141592653589793" type1="cp" type2="ca" type3="ca" type4="cp"/>
    <Improper k1="4.6024" periodicity1="2" phase1="3.141592653589793" type1="ca" type2="ca" type3="cp" type4="ha"/>
    <Improper k1="4.6024" periodicity1="2" phase1="3.141592653589793" type1="ca" type2="ca" type3="ca" type4="n"/>
    <Improper k1="4.6024" periodicity1="2" phase1="3.141592653589793" type1="ca" type2="ca" type3="nb" type4="ns"/>
    <Improper k1="4.6024" periodicity1="2" phase1="3.141592653589793" type1="n" type2="c" type3="c3" type4="ca"/>
    <Improper k1="43.932" periodicity1="2" phase1="3.141592653589793" type1="c" type2="n" type3="ns" type4="o"/>
    <Improper k1="4.6024" periodicity1="2" phase1="3.141592653589793" type1="ns" type2="c" type3="ca" type4="hn"/>
    <Improper k1="4.6024" periodicity1="2" phase1="3.141592653589793" type1="ca" type2="ca" type3="ca" type4="ha"/>
    <Improper k1="4.6024" periodicity1="2" phase1="3.141592653589793" type1="ca" type2="c" type3="ca" type4="ca"/>
    <Improper k1="43.932" periodicity1="2" phase1="3.141592653589793" type1="c" type2="ca" type3="nz" type4="o"/>
  </PeriodicTorsionForce>
</ForceField>
