<ForceField>
  <Info>
    <DateGenerated>2019-07-05</DateGenerated>
  </Info>
  <Residues>
    <Residue name="MC_0DQ">
      <Atom charge="-0.8782" name="N25" type="nv"/>
      <Atom charge="0.1532" name="C26" type="cc"/>
      <Atom charge="0.2698" name="C27" type="cc"/>
      <Atom charge="-0.294" name="N28" type="nc"/>
      <Atom charge="-0.1191" name="N29" type="nd"/>
      <Atom charge="0.0172" name="S30" type="ss"/>
      <Atom charge="-0.1085" name="C31" type="ca"/>
      <Atom charge="-0.113" name="C32" type="ca"/>
      <Atom charge="-0.13" name="C33" type="ca"/>
      <Atom charge="-0.124" name="C34" type="ca"/>
      <Atom charge="-0.13" name="C35" type="ca"/>
      <Atom charge="-0.113" name="C36" type="ca"/>
      <Atom charge="0.4488" name="H25" type="hn"/>
      <Atom charge="0.1405" name="H26" type="ha"/>
      <Atom charge="0.132" name="H27" type="ha"/>
      <Atom charge="0.13" name="H28" type="ha"/>
      <Atom charge="0.132" name="H29" type="ha"/>
      <Atom charge="0.1405" name="H30" type="ha"/>
      <Atom charge="0.4488" name="H2" type="hn"/>
      <Bond atomName1="C35" atomName2="C36"/>
      <Bond atomName1="C35" atomName2="C34"/>
      <Bond atomName1="C36" atomName2="C31"/>
      <Bond atomName1="N28" atomName2="N29"/>
      <Bond atomName1="N28" atomName2="C27"/>
      <Bond atomName1="N29" atomName2="S30"/>
      <Bond atomName1="C34" atomName2="C33"/>
      <Bond atomName1="C31" atomName2="C27"/>
      <Bond atomName1="C31" atomName2="C32"/>
      <Bond atomName1="C27" atomName2="C26"/>
      <Bond atomName1="C33" atomName2="C32"/>
      <Bond atomName1="S30" atomName2="C26"/>
      <Bond atomName1="C26" atomName2="N25"/>
      <Bond atomName1="N25" atomName2="H25"/>
      <Bond atomName1="C32" atomName2="H26"/>
      <Bond atomName1="C33" atomName2="H27"/>
      <Bond atomName1="C34" atomName2="H28"/>
      <Bond atomName1="C35" atomName2="H29"/>
      <Bond atomName1="C36" atomName2="H30"/>
      <Bond atomName1="N25" atomName2="H2"/>
    </Residue>
  </Residues>
  <HarmonicBondForce>
    <Bond k="304176.79999999993" length="0.1373" type1="cc" type2="nv"/>
    <Bond k="443085.5999999999" length="0.10120000000000001" type1="hn" type2="nv"/>
  </HarmonicBondForce>
  <HarmonicAngleForce>
    <Angle angle="2.0895081804876114" k="719.648" type1="cc" type2="cc" type3="nv"/>
    <Angle angle="2.125985561854293" k="670.2768" type1="nv" type2="cc" type3="ss"/>
    <Angle angle="2.0181242140810434" k="412.5424" type1="cc" type2="nv" type3="hn"/>
    <Angle angle="1.626995928709114" k="832.616" type1="cc" type2="ss" type3="nd"/>
    <Angle angle="2.036973770002582" k="706.34288" type1="nc" type2="nd" type3="ss"/>
    <Angle angle="2.0092230348958724" k="330.536" type1="hn" type2="nv" type3="hn"/>
  </HarmonicAngleForce>
  <PeriodicTorsionForce>
    <Proper k1="4.6024" periodicity1="2" phase1="3.141592653589793" type1="nv" type2="cc" type3="ss" type4="nd"/>
    <Proper k1="2.11292" periodicity1="2" phase1="3.141592653589793" type1="ca" type2="ca" type3="cc" type4="cc"/>
    <Proper k1="4.3932" periodicity1="2" phase1="3.141592653589793" type1="cc" type2="cc" type3="nv" type4="hn"/>
    <Proper k1="4.6024" periodicity1="2" phase1="3.141592653589793" type1="cc" type2="cc" type3="ss" type4="nd"/>
    <Proper k1="2.9288" periodicity1="2" phase1="3.141592653589793" type1="ca" type2="ca" type3="cc" type4="nc"/>
    <Proper k1="4.3932" periodicity1="2" phase1="3.141592653589793" type1="ss" type2="cc" type3="nv" type4="hn"/>
    <Improper k1="4.6024" periodicity1="2" phase1="3.141592653589793" type1="nv" type2="cc" type3="hn" type4="hn"/>
    <Improper k1="4.6024" periodicity1="2" phase1="3.141592653589793" type1="cc" type2="cc" type3="nv" type4="ss"/>
    <Improper k1="4.6024" periodicity1="2" phase1="3.141592653589793" type1="cc" type2="ca" type3="cc" type4="nc"/>
    <Improper k1="4.6024" periodicity1="2" phase1="3.141592653589793" type1="ca" type2="ca" type3="ca" type4="cc"/>
    <Improper k1="4.6024" periodicity1="2" phase1="3.141592653589793" type1="ca" type2="ca" type3="ca" type4="ha"/>
  </PeriodicTorsionForce>
</ForceField>
