<ForceField>
  <Info>
    <DateGenerated>2019-07-05</DateGenerated>
  </Info>
  <Residues>
    <Residue name="MC_0DU">
      <Atom charge="-0.0818" name="C10" type="ca"/>
      <Atom charge="-0.0433" name="C13" type="ca"/>
      <Atom charge="0.0127" name="C15" type="c3"/>
      <Atom charge="0.0529" name="C20" type="ca"/>
      <Atom charge="-0.143" name="C22" type="ca"/>
      <Atom charge="-0.143" name="C24" type="ca"/>
      <Atom charge="0.0424" name="C02" type="cc"/>
      <Atom charge="-0.215" name="C03" type="cd"/>
      <Atom charge="-0.1082" name="C04" type="cd"/>
      <Atom charge="0.6711" name="C05" type="c3"/>
      <Atom charge="-0.2183" name="F06" type="f"/>
      <Atom charge="-0.2183" name="F07" type="f"/>
      <Atom charge="-0.2183" name="F08" type="f"/>
      <Atom charge="-0.0624" name="C09" type="cc"/>
      <Atom charge="-0.097" name="C11" type="ca"/>
      <Atom charge="-0.127" name="C12" type="ca"/>
      <Atom charge="-0.0411" name="C14" type="c3"/>
      <Atom charge="-0.5319" name="N16" type="ns"/>
      <Atom charge="-0.5921" name="O18" type="o"/>
      <Atom charge="-0.1076" name="C19" type="ca"/>
      <Atom charge="-0.121" name="C23" type="ca"/>
      <Atom charge="0.0529" name="C25" type="ca"/>
      <Atom charge="-0.0529" name="Cl2" type="cl"/>
      <Atom charge="0.8856" name="C27" type="c"/>
      <Atom charge="-0.8358" name="O28" type="o"/>
      <Atom charge="-0.8358" name="O29" type="o"/>
      <Atom charge="-0.127" name="C30" type="ca"/>
      <Atom charge="-0.097" name="C31" type="ca"/>
      <Atom charge="0.6847" name="C32" type="c"/>
      <Atom charge="-0.6235" name="O33" type="o"/>
      <Atom charge="-0.316" name="N34" type="n"/>
      <Atom charge="0.0713" name="C35" type="c3"/>
      <Atom charge="0.0807" name="H15" type="h1"/>
      <Atom charge="0.136" name="H24" type="ha"/>
      <Atom charge="0.153" name="H03" type="ha"/>
      <Atom charge="0.124" name="H11" type="ha"/>
      <Atom charge="0.1355" name="H12" type="ha"/>
      <Atom charge="0.0657" name="H14" type="hc"/>
      <Atom charge="0.0657" name="H14A" type="hc"/>
      <Atom charge="0.2995" name="HN16" type="hn"/>
      <Atom charge="0.125" name="H23" type="ha"/>
      <Atom charge="0.1355" name="H30" type="ha"/>
      <Atom charge="0.124" name="H31" type="ha"/>
      <Atom charge="0.0587" name="H35" type="h1"/>
      <Atom charge="0.0587" name="H35A" type="h1"/>
      <Atom charge="0.0587" name="H35B" type="h1"/>
      <Atom charge="0.6757" name="C17" type="c"/>
      <Atom charge="-0.0529" name="Cl1" type="cl"/>
      <Atom charge="-0.0579" name="C01" type="c3"/>
      <Atom charge="0.136" name="H22" type="ha"/>
      <Atom charge="0.054033" name="H01" type="hc"/>
      <Atom charge="0.054033" name="H01A" type="hc"/>
      <Atom charge="0.054033" name="H01B" type="hc"/>
      <Bond atomName1="C31" atomName2="C10"/>
      <Bond atomName1="C09" atomName2="C10"/>
      <Bond atomName1="C10" atomName2="C11"/>
      <Bond atomName1="C30" atomName2="C13"/>
      <Bond atomName1="C13" atomName2="C14"/>
      <Bond atomName1="C13" atomName2="C12"/>
      <Bond atomName1="N16" atomName2="C15"/>
      <Bond atomName1="C15" atomName2="C14"/>
      <Bond atomName1="C15" atomName2="C27"/>
      <Bond atomName1="C15" atomName2="H15"/>
      <Bond atomName1="C19" atomName2="C17"/>
      <Bond atomName1="C17" atomName2="O18"/>
      <Bond atomName1="C17" atomName2="N16"/>
      <Bond atomName1="C22" atomName2="C20"/>
      <Bond atomName1="C20" atomName2="C19"/>
      <Bond atomName1="C20" atomName2="Cl1"/>
      <Bond atomName1="C23" atomName2="C22"/>
      <Bond atomName1="C22" atomName2="H22"/>
      <Bond atomName1="C23" atomName2="C24"/>
      <Bond atomName1="C24" atomName2="C25"/>
      <Bond atomName1="C24" atomName2="H24"/>
      <Bond atomName1="C02" atomName2="C01"/>
      <Bond atomName1="C01" atomName2="H01"/>
      <Bond atomName1="C01" atomName2="H01A"/>
      <Bond atomName1="C01" atomName2="H01B"/>
      <Bond atomName1="C03" atomName2="C02"/>
      <Bond atomName1="C02" atomName2="N34"/>
      <Bond atomName1="C04" atomName2="C03"/>
      <Bond atomName1="C03" atomName2="H03"/>
      <Bond atomName1="C05" atomName2="C04"/>
      <Bond atomName1="C04" atomName2="C09"/>
      <Bond atomName1="F06" atomName2="C05"/>
      <Bond atomName1="F08" atomName2="C05"/>
      <Bond atomName1="C05" atomName2="F07"/>
      <Bond atomName1="C09" atomName2="C32"/>
      <Bond atomName1="C11" atomName2="C12"/>
      <Bond atomName1="C11" atomName2="H11"/>
      <Bond atomName1="C12" atomName2="H12"/>
      <Bond atomName1="C14" atomName2="H14"/>
      <Bond atomName1="C14" atomName2="H14A"/>
      <Bond atomName1="N16" atomName2="HN16"/>
      <Bond atomName1="C25" atomName2="C19"/>
      <Bond atomName1="C23" atomName2="H23"/>
      <Bond atomName1="C25" atomName2="Cl2"/>
      <Bond atomName1="O28" atomName2="C27"/>
      <Bond atomName1="C27" atomName2="O29"/>
      <Bond atomName1="C31" atomName2="C30"/>
      <Bond atomName1="C30" atomName2="H30"/>
      <Bond atomName1="C31" atomName2="H31"/>
      <Bond atomName1="C32" atomName2="N34"/>
      <Bond atomName1="C32" atomName2="O33"/>
      <Bond atomName1="N34" atomName2="C35"/>
      <Bond atomName1="C35" atomName2="H35"/>
      <Bond atomName1="C35" atomName2="H35A"/>
      <Bond atomName1="C35" atomName2="H35B"/>
    </Residue>
  </Residues>
  <HarmonicBondForce>
    <Bond k="220747.83999999997" length="0.1462" type1="c3" type2="ns"/>
    <Bond k="441244.6399999999" length="0.1013" type1="hn" type2="ns"/>
    <Bond k="298068.1599999999" length="0.1379" type1="c" type2="ns"/>
  </HarmonicBondForce>
  <HarmonicAngleForce>
    <Angle angle="2.053903463746927" k="385.76480000000004" type1="c3" type2="ns" type3="hn"/>
    <Angle angle="2.1064378742319563" k="546.4304" type1="c" type2="ns" type3="c3"/>
    <Angle angle="1.9479619781508712" k="696.2176000000001" type1="c3" type2="c3" type3="ns"/>
    <Angle angle="1.903456082225016" k="707.096" type1="c" type2="c3" type3="ns"/>
    <Angle angle="1.900314489571426" k="514.6320000000001" type1="h1" type2="c3" type3="ns"/>
    <Angle angle="2.1476276445790226" k="952.2784" type1="ns" type2="c" type3="o"/>
    <Angle angle="2.011491962923465" k="714.6272000000001" type1="ca" type2="c" type3="ns"/>
    <Angle angle="2.051634535719334" k="407.52160000000003" type1="c" type2="ns" type3="hn"/>
  </HarmonicAngleForce>
  <PeriodicTorsionForce>
    <Proper k1="0.87864" periodicity1="3" phase1="0.0" type1="ca" type2="c3" type3="c3" type4="ns"/>
    <Proper k1="10.46" periodicity1="2" phase1="3.141592653589793" type1="o" type2="c" type3="ns" type4="c3"/>
    <Proper k1="10.46" periodicity1="2" phase1="3.141592653589793" type1="ca" type2="c" type3="ns" type4="c3"/>
    <Proper k1="2.11292" periodicity1="2" phase1="3.141592653589793" type1="ca" type2="ca" type3="cc" type4="cd"/>
    <Proper k1="2.11292" periodicity1="2" phase1="3.141592653589793" type1="ca" type2="ca" type3="cc" type4="c"/>
    <Proper k1="0.0" periodicity1="2" phase1="0.0" type1="c3" type2="c3" type3="ns" type4="hn"/>
    <Proper k1="0.41840000000000005" k2="0.7112800000000001" k3="4.26768" periodicity1="4" periodicity2="3" periodicity3="1" phase1="3.141592653589793" phase2="0.0" phase3="3.141592653589793" type1="c3" type2="c3" type3="ns" type4="c"/>
    <Proper k1="10.46" k2="8.368" periodicity1="2" periodicity2="1" phase1="3.141592653589793" phase2="0.0" type1="o" type2="c" type3="ns" type4="hn"/>
    <Proper k1="10.46" periodicity1="2" phase1="3.141592653589793" type1="ca" type2="c" type3="ns" type4="hn"/>
    <Proper k1="0.0" periodicity1="2" phase1="0.0" type1="c" type2="c3" type3="ns" type4="hn"/>
    <Proper k1="1.63176" k2="2.67776" periodicity1="2" periodicity2="1" phase1="3.141592653589793" phase2="0.0" type1="c" type2="c3" type3="ns" type4="c"/>
    <Proper k1="0.0" periodicity1="2" phase1="0.0" type1="h1" type2="c3" type3="ns" type4="hn"/>
    <Proper k1="0.0" periodicity1="2" phase1="3.141592653589793" type1="h1" type2="c3" type3="ns" type4="c"/>
    <Improper k1="4.6024" periodicity1="2" phase1="3.141592653589793" type1="ca" type2="ca" type3="ca" type4="cc"/>
    <Improper k1="4.6024" periodicity1="2" phase1="3.141592653589793" type1="ca" type2="ca" type3="ca" type4="ha"/>
    <Improper k1="4.6024" periodicity1="2" phase1="3.141592653589793" type1="cc" type2="c3" type3="cd" type4="n"/>
    <Improper k1="4.6024" periodicity1="2" phase1="3.141592653589793" type1="cd" type2="cc" type3="cd" type4="ha"/>
    <Improper k1="4.6024" periodicity1="2" phase1="3.141592653589793" type1="cd" type2="c3" type3="cc" type4="cd"/>
    <Improper k1="4.6024" periodicity1="2" phase1="3.141592653589793" type1="cc" type2="c" type3="ca" type4="cd"/>
    <Improper k1="4.6024" periodicity1="2" phase1="3.141592653589793" type1="ns" type2="c" type3="c3" type4="hn"/>
    <Improper k1="4.6024" periodicity1="2" phase1="3.141592653589793" type1="ca" type2="c" type3="ca" type4="ca"/>
    <Improper k1="4.6024" periodicity1="2" phase1="3.141592653589793" type1="c" type2="c3" type3="o" type4="o"/>
    <Improper k1="43.932" periodicity1="2" phase1="3.141592653589793" type1="c" type2="cc" type3="n" type4="o"/>
    <Improper k1="4.6024" periodicity1="2" phase1="3.141592653589793" type1="n" type2="c" type3="c3" type4="cc"/>
    <Improper k1="43.932" periodicity1="2" phase1="3.141592653589793" type1="c" type2="ca" type3="ns" type4="o"/>
  </PeriodicTorsionForce>
</ForceField>
