<ForceField>
  <Info>
    <DateGenerated>2019-07-05</DateGenerated>
  </Info>
  <Residues>
    <Residue name="MC_0DX">
      <Atom charge="0.1526" name="CAA" type="c3"/>
      <Atom charge="-0.6105" name="OAE" type="o"/>
      <Atom charge="-0.6105" name="OAF" type="o"/>
      <Atom charge="-0.645" name="OAG" type="o"/>
      <Atom charge="-0.645" name="OAH" type="o"/>
      <Atom charge="-0.1095" name="CAI" type="ca"/>
      <Atom charge="-0.1095" name="CAJ" type="ca"/>
      <Atom charge="-0.0974" name="CAK" type="c3"/>
      <Atom charge="-0.0974" name="CAL" type="c3"/>
      <Atom charge="-0.1014" name="CAM" type="c3"/>
      <Atom charge="-0.1014" name="CAN" type="c3"/>
      <Atom charge="0.2188" name="CAO" type="c3"/>
      <Atom charge="0.2188" name="CAP" type="c3"/>
      <Atom charge="0.1658" name="CAQ" type="c3"/>
      <Atom charge="0.1658" name="CAR" type="c3"/>
      <Atom charge="0.1663" name="CAS" type="c3"/>
      <Atom charge="0.1663" name="CAT" type="c3"/>
      <Atom charge="0.1638" name="CAU" type="c3"/>
      <Atom charge="0.1638" name="CAV" type="c3"/>
      <Atom charge="0.1638" name="CAW" type="c3"/>
      <Atom charge="0.1638" name="CAX" type="c3"/>
      <Atom charge="0.13915" name="CAY" type="c3"/>
      <Atom charge="0.13915" name="CAZ" type="c3"/>
      <Atom charge="0.13915" name="CBA" type="c3"/>
      <Atom charge="0.13915" name="CBB" type="c3"/>
      <Atom charge="0.1618" name="CBC" type="c3"/>
      <Atom charge="0.1618" name="CBD" type="c3"/>
      <Atom charge="0.1618" name="CBE" type="c3"/>
      <Atom charge="0.1618" name="CBF" type="c3"/>
      <Atom charge="0.1223" name="CBG" type="c3"/>
      <Atom charge="0.1223" name="CBH" type="c3"/>
      <Atom charge="0.1223" name="CBI" type="c3"/>
      <Atom charge="0.1223" name="CBJ" type="c3"/>
      <Atom charge="0.092" name="CBK" type="c3"/>
      <Atom charge="0.092" name="CBL" type="c3"/>
      <Atom charge="-0.7936" name="NBM" type="nu"/>
      <Atom charge="-0.7936" name="NBN" type="nu"/>
      <Atom charge="0.2571" name="CBO" type="ca"/>
      <Atom charge="0.2571" name="CBP" type="ca"/>
      <Atom charge="0.7201" name="CBQ" type="c"/>
      <Atom charge="0.7201" name="CBR" type="c"/>
      <Atom charge="0.7431" name="CBS" type="c"/>
      <Atom charge="0.7431" name="CBT" type="c"/>
      <Atom charge="-0.0976" name="CBU" type="ca"/>
      <Atom charge="-0.0976" name="CBV" type="ca"/>
      <Atom charge="-0.2411" name="CBW" type="ca"/>
      <Atom charge="-0.2411" name="CBX" type="ca"/>
      <Atom charge="-0.007" name="CBY" type="ca"/>
      <Atom charge="-0.007" name="CBZ" type="ca"/>
      <Atom charge="-0.7346" name="NCA" type="n3"/>
      <Atom charge="-0.7346" name="NCB" type="n3"/>
      <Atom charge="-0.4256" name="OCC" type="os"/>
      <Atom charge="-0.4256" name="OCD" type="os"/>
      <Atom charge="-0.7321" name="NCE" type="n3"/>
      <Atom charge="-0.7321" name="NCF" type="n3"/>
      <Atom charge="-0.7271" name="NCG" type="n3"/>
      <Atom charge="-0.7271" name="NCH" type="n3"/>
      <Atom charge="-0.4679" name="NCI" type="n"/>
      <Atom charge="-0.4679" name="NCJ" type="n"/>
      <Atom charge="0.032533" name="HAA" type="h1"/>
      <Atom charge="0.032533" name="HAAA" type="h1"/>
      <Atom charge="0.032533" name="HAAB" type="h1"/>
      <Atom charge="0.032533" name="HAB" type="h1"/>
      <Atom charge="0.032533" name="HABA" type="h1"/>
      <Atom charge="0.032533" name="HABB" type="h1"/>
      <Atom charge="0.165" name="HAI" type="ha"/>
      <Atom charge="0.165" name="HAJ" type="ha"/>
      <Atom charge="0.0612" name="HAK" type="hc"/>
      <Atom charge="0.0612" name="HAKA" type="hc"/>
      <Atom charge="0.0612" name="HAL" type="hc"/>
      <Atom charge="0.0612" name="HALA" type="hc"/>
      <Atom charge="0.0617" name="HAM" type="hc"/>
      <Atom charge="0.0617" name="HAMA" type="hc"/>
      <Atom charge="0.0617" name="HAN" type="hc"/>
      <Atom charge="0.0617" name="HANA" type="hc"/>
      <Atom charge="0.04345" name="HAO" type="h1"/>
      <Atom charge="0.04345" name="HAOA" type="h1"/>
      <Atom charge="0.04345" name="HAP" type="h1"/>
      <Atom charge="0.04345" name="HAPA" type="h1"/>
      <Atom charge="0.0362" name="HAQ" type="h1"/>
      <Atom charge="0.0362" name="HAQA" type="h1"/>
      <Atom charge="0.0362" name="HAR" type="h1"/>
      <Atom charge="0.0362" name="HARA" type="h1"/>
      <Atom charge="0.0367" name="HAS" type="h1"/>
      <Atom charge="0.0367" name="HASA" type="h1"/>
      <Atom charge="0.0367" name="HAT" type="h1"/>
      <Atom charge="0.0367" name="HATA" type="h1"/>
      <Atom charge="0.041575" name="HAU" type="h1"/>
      <Atom charge="0.041575" name="HAUA" type="h1"/>
      <Atom charge="0.041575" name="HAV" type="h1"/>
      <Atom charge="0.041575" name="HAVA" type="h1"/>
      <Atom charge="0.041575" name="HAW" type="h1"/>
      <Atom charge="0.041575" name="HAWA" type="h1"/>
      <Atom charge="0.041575" name="HAX" type="h1"/>
      <Atom charge="0.041575" name="HAXA" type="h1"/>
      <Atom charge="0.053075" name="HAY" type="h1"/>
      <Atom charge="0.053075" name="HAYA" type="h1"/>
      <Atom charge="0.053075" name="HAZ" type="h1"/>
      <Atom charge="0.053075" name="HAZA" type="h1"/>
      <Atom charge="0.053075" name="HBA" type="h1"/>
      <Atom charge="0.053075" name="HBAA" type="h1"/>
      <Atom charge="0.053075" name="HBB" type="h1"/>
      <Atom charge="0.053075" name="HBBA" type="h1"/>
      <Atom charge="0.0417" name="HBC" type="h1"/>
      <Atom charge="0.0417" name="HBCA" type="h1"/>
      <Atom charge="0.0417" name="HBD" type="h1"/>
      <Atom charge="0.0417" name="HBDA" type="h1"/>
      <Atom charge="0.0417" name="HBE" type="h1"/>
      <Atom charge="0.0417" name="HBEA" type="h1"/>
      <Atom charge="0.0417" name="HBF" type="h1"/>
      <Atom charge="0.0417" name="HBFA" type="h1"/>
      <Atom charge="0.044075" name="HBG" type="h1"/>
      <Atom charge="0.044075" name="HBGA" type="h1"/>
      <Atom charge="0.044075" name="HBH" type="h1"/>
      <Atom charge="0.044075" name="HBHA" type="h1"/>
      <Atom charge="0.044075" name="HBI" type="h1"/>
      <Atom charge="0.044075" name="HBIA" type="h1"/>
      <Atom charge="0.044075" name="HBJ" type="h1"/>
      <Atom charge="0.044075" name="HBJA" type="h1"/>
      <Atom charge="0.0752" name="HBK" type="h1"/>
      <Atom charge="0.0752" name="HBKA" type="h1"/>
      <Atom charge="0.0752" name="HBL" type="h1"/>
      <Atom charge="0.0752" name="HBLA" type="h1"/>
      <Atom charge="0.4888" name="HNBM" type="hn"/>
      <Atom charge="0.4888" name="HNBN" type="hn"/>
      <Atom charge="0.1526" name="CAB" type="c3"/>
      <Bond atomName1="NCA" atomName2="CAA"/>
      <Bond atomName1="CAA" atomName2="HAA"/>
      <Bond atomName1="CAA" atomName2="HAAA"/>
      <Bond atomName1="CAA" atomName2="HAAB"/>
      <Bond atomName1="CAB" atomName2="NCB"/>
      <Bond atomName1="CAB" atomName2="HAB"/>
      <Bond atomName1="CAB" atomName2="HABA"/>
      <Bond atomName1="CAB" atomName2="HABB"/>
      <Bond atomName1="OAE" atomName2="CBQ"/>
      <Bond atomName1="CBR" atomName2="OAF"/>
      <Bond atomName1="CBS" atomName2="OAG"/>
      <Bond atomName1="OAH" atomName2="CBT"/>
      <Bond atomName1="CBP" atomName2="CAI"/>
      <Bond atomName1="CAI" atomName2="CBU"/>
      <Bond atomName1="CAI" atomName2="HAI"/>
      <Bond atomName1="CBV" atomName2="CAJ"/>
      <Bond atomName1="CAJ" atomName2="CBO"/>
      <Bond atomName1="CAJ" atomName2="HAJ"/>
      <Bond atomName1="CAO" atomName2="CAK"/>
      <Bond atomName1="CAK" atomName2="CAQ"/>
      <Bond atomName1="CAK" atomName2="HAK"/>
      <Bond atomName1="CAK" atomName2="HAKA"/>
      <Bond atomName1="CAR" atomName2="CAL"/>
      <Bond atomName1="CAL" atomName2="CAP"/>
      <Bond atomName1="CAL" atomName2="HAL"/>
      <Bond atomName1="CAL" atomName2="HALA"/>
      <Bond atomName1="CBK" atomName2="CAM"/>
      <Bond atomName1="CAM" atomName2="CAS"/>
      <Bond atomName1="CAM" atomName2="HAM"/>
      <Bond atomName1="CAM" atomName2="HAMA"/>
      <Bond atomName1="CAN" atomName2="CAT"/>
      <Bond atomName1="CAN" atomName2="CBL"/>
      <Bond atomName1="CAN" atomName2="HAN"/>
      <Bond atomName1="CAN" atomName2="HANA"/>
      <Bond atomName1="NBM" atomName2="CAO"/>
      <Bond atomName1="CAO" atomName2="HAO"/>
      <Bond atomName1="CAO" atomName2="HAOA"/>
      <Bond atomName1="CAP" atomName2="NBN"/>
      <Bond atomName1="CAP" atomName2="HAP"/>
      <Bond atomName1="CAP" atomName2="HAPA"/>
      <Bond atomName1="CAQ" atomName2="NCE"/>
      <Bond atomName1="CAQ" atomName2="HAQ"/>
      <Bond atomName1="CAQ" atomName2="HAQA"/>
      <Bond atomName1="NCF" atomName2="CAR"/>
      <Bond atomName1="CAR" atomName2="HAR"/>
      <Bond atomName1="CAR" atomName2="HARA"/>
      <Bond atomName1="CAS" atomName2="NCG"/>
      <Bond atomName1="CAS" atomName2="HAS"/>
      <Bond atomName1="CAS" atomName2="HASA"/>
      <Bond atomName1="NCH" atomName2="CAT"/>
      <Bond atomName1="CAT" atomName2="HAT"/>
      <Bond atomName1="CAT" atomName2="HATA"/>
      <Bond atomName1="CBC" atomName2="CAU"/>
      <Bond atomName1="CAU" atomName2="NCA"/>
      <Bond atomName1="CAU" atomName2="HAU"/>
      <Bond atomName1="CAU" atomName2="HAUA"/>
      <Bond atomName1="CBD" atomName2="CAV"/>
      <Bond atomName1="NCA" atomName2="CAV"/>
      <Bond atomName1="CAV" atomName2="HAV"/>
      <Bond atomName1="CAV" atomName2="HAVA"/>
      <Bond atomName1="NCB" atomName2="CAW"/>
      <Bond atomName1="CAW" atomName2="CBE"/>
      <Bond atomName1="CAW" atomName2="HAW"/>
      <Bond atomName1="CAW" atomName2="HAWA"/>
      <Bond atomName1="CAX" atomName2="NCB"/>
      <Bond atomName1="CAX" atomName2="CBF"/>
      <Bond atomName1="CAX" atomName2="HAX"/>
      <Bond atomName1="CAX" atomName2="HAXA"/>
      <Bond atomName1="CBG" atomName2="CAY"/>
      <Bond atomName1="CAY" atomName2="OCC"/>
      <Bond atomName1="CAY" atomName2="HAY"/>
      <Bond atomName1="CAY" atomName2="HAYA"/>
      <Bond atomName1="CBH" atomName2="CAZ"/>
      <Bond atomName1="CAZ" atomName2="OCC"/>
      <Bond atomName1="CAZ" atomName2="HAZ"/>
      <Bond atomName1="CAZ" atomName2="HAZA"/>
      <Bond atomName1="CBA" atomName2="CBI"/>
      <Bond atomName1="CBA" atomName2="OCD"/>
      <Bond atomName1="CBA" atomName2="HBA"/>
      <Bond atomName1="CBA" atomName2="HBAA"/>
      <Bond atomName1="OCD" atomName2="CBB"/>
      <Bond atomName1="CBB" atomName2="CBJ"/>
      <Bond atomName1="CBB" atomName2="HBB"/>
      <Bond atomName1="CBB" atomName2="HBBA"/>
      <Bond atomName1="CBC" atomName2="NCE"/>
      <Bond atomName1="CBC" atomName2="HBC"/>
      <Bond atomName1="CBC" atomName2="HBCA"/>
      <Bond atomName1="NCE" atomName2="CBD"/>
      <Bond atomName1="CBD" atomName2="HBD"/>
      <Bond atomName1="CBD" atomName2="HBDA"/>
      <Bond atomName1="NCF" atomName2="CBE"/>
      <Bond atomName1="CBE" atomName2="HBE"/>
      <Bond atomName1="CBE" atomName2="HBEA"/>
      <Bond atomName1="CBF" atomName2="NCF"/>
      <Bond atomName1="CBF" atomName2="HBF"/>
      <Bond atomName1="CBF" atomName2="HBFA"/>
      <Bond atomName1="NCG" atomName2="CBG"/>
      <Bond atomName1="CBG" atomName2="HBG"/>
      <Bond atomName1="CBG" atomName2="HBGA"/>
      <Bond atomName1="NCG" atomName2="CBH"/>
      <Bond atomName1="CBH" atomName2="HBH"/>
      <Bond atomName1="CBH" atomName2="HBHA"/>
      <Bond atomName1="CBI" atomName2="NCH"/>
      <Bond atomName1="CBI" atomName2="HBI"/>
      <Bond atomName1="CBI" atomName2="HBIA"/>
      <Bond atomName1="NCH" atomName2="CBJ"/>
      <Bond atomName1="CBJ" atomName2="HBJ"/>
      <Bond atomName1="CBJ" atomName2="HBJA"/>
      <Bond atomName1="NCI" atomName2="CBK"/>
      <Bond atomName1="CBK" atomName2="HBK"/>
      <Bond atomName1="CBK" atomName2="HBKA"/>
      <Bond atomName1="NCJ" atomName2="CBL"/>
      <Bond atomName1="CBL" atomName2="HBL"/>
      <Bond atomName1="CBL" atomName2="HBLA"/>
      <Bond atomName1="CBO" atomName2="NBM"/>
      <Bond atomName1="NBM" atomName2="HNBM"/>
      <Bond atomName1="NBN" atomName2="CBP"/>
      <Bond atomName1="NBN" atomName2="HNBN"/>
      <Bond atomName1="CBW" atomName2="CBO"/>
      <Bond atomName1="CBP" atomName2="CBX"/>
      <Bond atomName1="CBU" atomName2="CBQ"/>
      <Bond atomName1="CBQ" atomName2="NCI"/>
      <Bond atomName1="NCJ" atomName2="CBR"/>
      <Bond atomName1="CBR" atomName2="CBV"/>
      <Bond atomName1="NCI" atomName2="CBS"/>
      <Bond atomName1="CBW" atomName2="CBS"/>
      <Bond atomName1="CBT" atomName2="CBX"/>
      <Bond atomName1="CBT" atomName2="NCJ"/>
      <Bond atomName1="CBU" atomName2="CBY"/>
      <Bond atomName1="CBZ" atomName2="CBV"/>
      <Bond atomName1="CBY" atomName2="CBW"/>
      <Bond atomName1="CBX" atomName2="CBZ"/>
      <Bond atomName1="CBZ" atomName2="CBY"/>
    </Residue>
  </Residues>
  <HarmonicBondForce>
    <Bond k="219074.23999999996" length="0.1464" type1="c3" type2="nu"/>
    <Bond k="290453.27999999997" length="0.1386" type1="ca" type2="nu"/>
    <Bond k="443085.5999999999" length="0.10120000000000001" type1="hn" type2="nu"/>
  </HarmonicBondForce>
  <HarmonicAngleForce>
    <Angle angle="2.1109757302871417" k="721.3216000000001" type1="ca" type2="ca" type3="nu"/>
    <Angle angle="1.9278906917529364" k="698.7280000000001" type1="c3" type2="c3" type3="nu"/>
    <Angle angle="2.094046036542797" k="545.5936" type1="c3" type2="nu" type3="ca"/>
    <Angle angle="2.0244073993882226" k="388.2752" type1="c3" type2="nu" type3="hn"/>
    <Angle angle="1.9161969857645744" k="512.1216000000001" type1="h1" type2="c3" type3="nu"/>
    <Angle angle="2.0258036627898184" k="408.3584" type1="ca" type2="nu" type3="hn"/>
  </HarmonicAngleForce>
  <PeriodicTorsionForce>
    <Proper k1="4.3932" periodicity1="2" phase1="3.141592653589793" type1="ca" type2="ca" type3="nu" type4="hn"/>
    <Proper k1="0.0" periodicity1="2" phase1="0.0" type1="c3" type2="c3" type3="nu" type4="ca"/>
    <Proper k1="0.0" periodicity1="2" phase1="0.0" type1="c3" type2="c3" type3="nu" type4="hn"/>
    <Proper k1="0.87864" periodicity1="3" phase1="0.0" type1="c3" type2="c3" type3="c3" type4="nu"/>
    <Proper k1="1.389088" periodicity1="2" phase1="0.0" type1="h1" type2="c3" type3="nu" type4="ca"/>
    <Proper k1="0.0" periodicity1="2" phase1="0.0" type1="h1" type2="c3" type3="nu" type4="hn"/>
    <Improper k1="4.6024" periodicity1="2" phase1="3.141592653589793" type1="ca" type2="ca" type3="ca" type4="ha"/>
    <Improper k1="4.6024" periodicity1="2" phase1="3.141592653589793" type1="nu" type2="c3" type3="ca" type4="hn"/>
    <Improper k1="4.6024" periodicity1="2" phase1="3.141592653589793" type1="ca" type2="ca" type3="ca" type4="nu"/>
    <Improper k1="43.932" periodicity1="2" phase1="3.141592653589793" type1="c" type2="ca" type3="n" type4="o"/>
    <Improper k1="4.6024" periodicity1="2" phase1="3.141592653589793" type1="ca" type2="c" type3="ca" type4="ca"/>
    <Improper k1="4.6024" periodicity1="2" phase1="3.141592653589793" type1="ca" type2="ca" type3="ca" type4="ca"/>
    <Improper k1="4.6024" periodicity1="2" phase1="3.141592653589793" type1="n" type2="c" type3="c" type4="c3"/>
  </PeriodicTorsionForce>
</ForceField>
