<ForceField>
  <Info>
    <DateGenerated>2019-07-05</DateGenerated>
  </Info>
  <Residues>
    <Residue name="MC_0E1">
      <Atom charge="-0.1553" name="C1" type="ca"/>
      <Atom charge="0.2488" name="C2" type="cg"/>
      <Atom charge="-0.3548" name="N3" type="n1"/>
      <Atom charge="-0.036" name="C4" type="ca"/>
      <Atom charge="-0.2646" name="C5" type="ca"/>
      <Atom charge="0.4886" name="C6" type="ca"/>
      <Atom charge="-0.754" name="N7" type="nb"/>
      <Atom charge="0.6816" name="C8" type="ca"/>
      <Atom charge="-0.6103" name="O9" type="oh"/>
      <Atom charge="0.1777" name="C10" type="c3"/>
      <Atom charge="-0.3746" name="O11" type="os"/>
      <Atom charge="0.1651" name="C12" type="c3"/>
      <Atom charge="-0.3657" name="C13" type="c3"/>
      <Atom charge="-0.0471" name="C14" type="c3"/>
      <Atom charge="-0.0471" name="C15" type="c3"/>
      <Atom charge="-0.1357" name="C16" type="c3"/>
      <Atom charge="0.153" name="H1" type="ha"/>
      <Atom charge="0.0627" name="H3" type="h1"/>
      <Atom charge="0.0627" name="H4" type="h1"/>
      <Atom charge="0.0117" name="H5" type="h1"/>
      <Atom charge="0.2357" name="H6" type="hc"/>
      <Atom charge="0.0442" name="H7" type="hc"/>
      <Atom charge="0.0442" name="H8" type="hc"/>
      <Atom charge="0.0442" name="H9" type="hc"/>
      <Atom charge="0.0442" name="H10" type="hc"/>
      <Atom charge="0.0442" name="H11" type="hc"/>
      <Atom charge="0.0442" name="H12" type="hc"/>
      <Atom charge="0.0742" name="H13" type="hc"/>
      <Atom charge="0.0742" name="H14" type="hc"/>
      <Atom charge="0.442" name="H2" type="ho"/>
      <Bond atomName1="N3" atomName2="C2"/>
      <Bond atomName1="C2" atomName2="C1"/>
      <Bond atomName1="O9" atomName2="C8"/>
      <Bond atomName1="C1" atomName2="C8"/>
      <Bond atomName1="C1" atomName2="C4"/>
      <Bond atomName1="C8" atomName2="N7"/>
      <Bond atomName1="C4" atomName2="C5"/>
      <Bond atomName1="N7" atomName2="C6"/>
      <Bond atomName1="C5" atomName2="C6"/>
      <Bond atomName1="C5" atomName2="C10"/>
      <Bond atomName1="C6" atomName2="C16"/>
      <Bond atomName1="C10" atomName2="O11"/>
      <Bond atomName1="C16" atomName2="C12"/>
      <Bond atomName1="O11" atomName2="C12"/>
      <Bond atomName1="C12" atomName2="C13"/>
      <Bond atomName1="C13" atomName2="C15"/>
      <Bond atomName1="C13" atomName2="C14"/>
      <Bond atomName1="C4" atomName2="H1"/>
      <Bond atomName1="C10" atomName2="H3"/>
      <Bond atomName1="C10" atomName2="H4"/>
      <Bond atomName1="C12" atomName2="H5"/>
      <Bond atomName1="C13" atomName2="H6"/>
      <Bond atomName1="C14" atomName2="H7"/>
      <Bond atomName1="C14" atomName2="H8"/>
      <Bond atomName1="C14" atomName2="H9"/>
      <Bond atomName1="C15" atomName2="H10"/>
      <Bond atomName1="C15" atomName2="H11"/>
      <Bond atomName1="C15" atomName2="H12"/>
      <Bond atomName1="C16" atomName2="H13"/>
      <Bond atomName1="C16" atomName2="H14"/>
      <Bond atomName1="O9" atomName2="H2"/>
    </Residue>
  </Residues>
  <PeriodicTorsionForce>
    <Proper k1="0.0" periodicity1="2" phase1="3.141592653589793" type1="ca" type2="ca" type3="cg" type4="n1"/>
    <Improper k1="4.6024" periodicity1="2" phase1="3.141592653589793" type1="ca" type2="ca" type3="ca" type4="cg"/>
    <Improper k1="4.6024" periodicity1="2" phase1="3.141592653589793" type1="ca" type2="ca" type3="ca" type4="ha"/>
    <Improper k1="4.6024" periodicity1="2" phase1="3.141592653589793" type1="ca" type2="c3" type3="ca" type4="nb"/>
    <Improper k1="4.6024" periodicity1="2" phase1="3.141592653589793" type1="ca" type2="ca" type3="nb" type4="oh"/>
  </PeriodicTorsionForce>
</ForceField>
