<ForceField>
  <Info>
    <DateGenerated>2019-07-05</DateGenerated>
  </Info>
  <Residues>
    <Residue name="MC_0EC">
      <Atom charge="0.9079" name="C1" type="ca"/>
      <Atom charge="-0.789" name="N2" type="nb"/>
      <Atom charge="0.5066" name="C3" type="ca"/>
      <Atom charge="-0.3386" name="C4" type="ca"/>
      <Atom charge="0.7672" name="C5" type="ca"/>
      <Atom charge="-1.0145" name="N5" type="nv"/>
      <Atom charge="-0.853" name="N6" type="nb"/>
      <Atom charge="-0.2783" name="C7" type="ca"/>
      <Atom charge="0.1691" name="C8" type="ca"/>
      <Atom charge="-0.3099" name="O8" type="os"/>
      <Atom charge="0.1031" name="C9" type="ca"/>
      <Atom charge="-0.3139" name="O9" type="os"/>
      <Atom charge="-0.16" name="C10" type="ca"/>
      <Atom charge="-0.6843" name="N11" type="nh"/>
      <Atom charge="0.1778" name="C12" type="c3"/>
      <Atom charge="0.1523" name="C13" type="c3"/>
      <Atom charge="-0.8232" name="N14" type="n7"/>
      <Atom charge="0.1523" name="C15" type="c3"/>
      <Atom charge="0.1778" name="C16" type="c3"/>
      <Atom charge="0.1237" name="C8A" type="c3"/>
      <Atom charge="0.1277" name="C9A" type="c3"/>
      <Atom charge="0.162" name="H7" type="ha"/>
      <Atom charge="0.137" name="H10" type="ha"/>
      <Atom charge="0.3538" name="HN14" type="hn"/>
      <Atom charge="0.05995" name="H12" type="h1"/>
      <Atom charge="0.05995" name="H12A" type="h1"/>
      <Atom charge="0.0407" name="H13" type="h1"/>
      <Atom charge="0.0407" name="H13A" type="h1"/>
      <Atom charge="0.4438" name="HN5" type="hn"/>
      <Atom charge="0.0407" name="H15" type="h1"/>
      <Atom charge="0.4438" name="HN5A" type="hn"/>
      <Atom charge="0.0407" name="H15A" type="h1"/>
      <Atom charge="0.05995" name="H16" type="h1"/>
      <Atom charge="0.05995" name="H16A" type="h1"/>
      <Atom charge="0.046033" name="H8A" type="h1"/>
      <Atom charge="0.046033" name="H8AA" type="h1"/>
      <Atom charge="0.046033" name="H8AB" type="h1"/>
      <Atom charge="0.040033" name="H9A" type="h1"/>
      <Atom charge="0.040033" name="H9AA" type="h1"/>
      <Atom charge="0.040033" name="H9AB" type="h1"/>
      <Bond atomName1="N6" atomName2="C1"/>
      <Bond atomName1="C1" atomName2="N11"/>
      <Bond atomName1="C1" atomName2="N2"/>
      <Bond atomName1="C3" atomName2="N2"/>
      <Bond atomName1="C4" atomName2="C3"/>
      <Bond atomName1="C3" atomName2="C7"/>
      <Bond atomName1="C5" atomName2="C4"/>
      <Bond atomName1="C10" atomName2="C4"/>
      <Bond atomName1="N5" atomName2="C5"/>
      <Bond atomName1="C5" atomName2="N6"/>
      <Bond atomName1="HN5A" atomName2="N5"/>
      <Bond atomName1="N5" atomName2="HN5"/>
      <Bond atomName1="C8" atomName2="C7"/>
      <Bond atomName1="C7" atomName2="H7"/>
      <Bond atomName1="C9" atomName2="C8"/>
      <Bond atomName1="C8" atomName2="O8"/>
      <Bond atomName1="C8A" atomName2="O8"/>
      <Bond atomName1="C10" atomName2="C9"/>
      <Bond atomName1="O9" atomName2="C9"/>
      <Bond atomName1="C9A" atomName2="O9"/>
      <Bond atomName1="H10" atomName2="C10"/>
      <Bond atomName1="C16" atomName2="N11"/>
      <Bond atomName1="N11" atomName2="C12"/>
      <Bond atomName1="C13" atomName2="C12"/>
      <Bond atomName1="C12" atomName2="H12"/>
      <Bond atomName1="C12" atomName2="H12A"/>
      <Bond atomName1="N14" atomName2="C13"/>
      <Bond atomName1="H13" atomName2="C13"/>
      <Bond atomName1="C13" atomName2="H13A"/>
      <Bond atomName1="C15" atomName2="N14"/>
      <Bond atomName1="N14" atomName2="HN14"/>
      <Bond atomName1="H15A" atomName2="C15"/>
      <Bond atomName1="H15" atomName2="C15"/>
      <Bond atomName1="C15" atomName2="C16"/>
      <Bond atomName1="H16" atomName2="C16"/>
      <Bond atomName1="C16" atomName2="H16A"/>
      <Bond atomName1="H8A" atomName2="C8A"/>
      <Bond atomName1="H8AB" atomName2="C8A"/>
      <Bond atomName1="C8A" atomName2="H8AA"/>
      <Bond atomName1="H9AB" atomName2="C9A"/>
      <Bond atomName1="H9AA" atomName2="C9A"/>
      <Bond atomName1="C9A" atomName2="H9A"/>
    </Residue>
  </Residues>
  <HarmonicBondForce>
    <Bond k="290453.27999999997" length="0.1386" type1="ca" type2="nv"/>
    <Bond k="443085.5999999999" length="0.10120000000000001" type1="hn" type2="nv"/>
    <Bond k="218572.15999999995" length="0.14650000000000002" type1="c3" type2="n7"/>
    <Bond k="427855.8399999999" length="0.10189999999999999" type1="hn" type2="n7"/>
  </HarmonicBondForce>
  <HarmonicAngleForce>
    <Angle angle="2.1109757302871417" k="721.3216000000001" type1="ca" type2="ca" type3="nv"/>
    <Angle angle="2.0258036627898184" k="408.3584" type1="ca" type2="nv" type3="hn"/>
    <Angle angle="2.040988027282169" k="938.0527999999999" type1="nb" type2="ca" type3="nv"/>
    <Angle angle="1.9380136014145037" k="697.0544" type1="c3" type2="c3" type3="n7"/>
    <Angle angle="1.9608774146156291" k="549.7776" type1="c3" type2="n7" type3="c3"/>
    <Angle angle="1.9074703395046029" k="399.99039999999997" type1="c3" type2="n7" type3="hn"/>
    <Angle angle="1.9177677820913692" k="512.1216000000001" type1="h1" type2="c3" type3="n7"/>
    <Angle angle="2.0092230348958724" k="330.536" type1="hn" type2="nv" type3="hn"/>
  </HarmonicAngleForce>
  <PeriodicTorsionForce>
    <Proper k1="4.3932" periodicity1="2" phase1="3.141592653589793" type1="ca" type2="ca" type3="nv" type4="hn"/>
    <Proper k1="4.3932" periodicity1="2" phase1="3.141592653589793" type1="nb" type2="ca" type3="nv" type4="hn"/>
    <Proper k1="0.9079280000000001" periodicity1="3" phase1="0.0" type1="c3" type2="c3" type3="n7" type4="hn"/>
    <Proper k1="0.9414" periodicity1="3" phase1="0.0" type1="h1" type2="c3" type3="n7" type4="c3"/>
    <Proper k1="1.2552" periodicity1="3" phase1="0.0" type1="h1" type2="c3" type3="n7" type4="hn"/>
    <Improper k1="4.6024" periodicity1="2" phase1="3.141592653589793" type1="ca" type2="nb" type3="nb" type4="nh"/>
    <Improper k1="4.6024" periodicity1="2" phase1="3.141592653589793" type1="ca" type2="ca" type3="ca" type4="nb"/>
    <Improper k1="4.6024" periodicity1="2" phase1="3.141592653589793" type1="ca" type2="ca" type3="ca" type4="ca"/>
    <Improper k1="4.6024" periodicity1="2" phase1="3.141592653589793" type1="ca" type2="ca" type3="nb" type4="nv"/>
    <Improper k1="4.6024" periodicity1="2" phase1="3.141592653589793" type1="nv" type2="ca" type3="hn" type4="hn"/>
    <Improper k1="4.6024" periodicity1="2" phase1="3.141592653589793" type1="ca" type2="ca" type3="ca" type4="ha"/>
    <Improper k1="4.6024" periodicity1="2" phase1="3.141592653589793" type1="ca" type2="ca" type3="ca" type4="os"/>
    <Improper k1="4.6024" periodicity1="2" phase1="3.141592653589793" type1="nh" type2="c3" type3="c3" type4="ca"/>
  </PeriodicTorsionForce>
</ForceField>
