<ForceField>
  <Info>
    <DateGenerated>2019-07-05</DateGenerated>
  </Info>
  <Residues>
    <Residue name="MC_0EX">
      <Atom charge="-0.2583" name="N1" type="na"/>
      <Atom charge="-0.0732" name="C3" type="ca"/>
      <Atom charge="-0.151" name="C2" type="ca"/>
      <Atom charge="-0.1666" name="C4" type="ca"/>
      <Atom charge="0.0714" name="C5" type="ca"/>
      <Atom charge="-0.0713" name="C6" type="ca"/>
      <Atom charge="-0.2681" name="C7" type="c3"/>
      <Atom charge="-0.3032" name="C8" type="c3"/>
      <Atom charge="-0.7772" name="N2" type="n7"/>
      <Atom charge="0.2291" name="C9" type="c3"/>
      <Atom charge="-0.0953" name="C10" type="ca"/>
      <Atom charge="-0.115" name="C11" type="ca"/>
      <Atom charge="-0.1235" name="C12" type="ca"/>
      <Atom charge="-0.123" name="C13" type="ca"/>
      <Atom charge="-0.1235" name="C14" type="ca"/>
      <Atom charge="-0.115" name="C15" type="ca"/>
      <Atom charge="0.0544" name="C16" type="ca"/>
      <Atom charge="-0.7041" name="N3" type="nc"/>
      <Atom charge="0.7237" name="C17" type="cd"/>
      <Atom charge="-0.8412" name="N4" type="nu"/>
      <Atom charge="0.1848" name="C1" type="c3"/>
      <Atom charge="-0.5371" name="N5" type="nc"/>
      <Atom charge="0.4518" name="C18" type="cd"/>
      <Atom charge="-0.7446" name="N6" type="nz"/>
      <Atom charge="-0.4904" name="N7" type="ns"/>
      <Atom charge="0.7331" name="C19" type="c"/>
      <Atom charge="-0.5195" name="O1" type="o"/>
      <Atom charge="0.3357" name="H1" type="hn"/>
      <Atom charge="0.279" name="H2" type="ha"/>
      <Atom charge="0.2062" name="H3" type="hc"/>
      <Atom charge="0.2062" name="H4" type="hc"/>
      <Atom charge="0.2567" name="H5" type="h1"/>
      <Atom charge="0.2567" name="H6" type="h1"/>
      <Atom charge="0.3458" name="H7" type="hn"/>
      <Atom charge="0.0577" name="H9" type="h1"/>
      <Atom charge="0.0577" name="H10" type="h1"/>
      <Atom charge="0.1265" name="H11" type="ha"/>
      <Atom charge="0.1365" name="H12" type="ha"/>
      <Atom charge="0.14" name="H13" type="ha"/>
      <Atom charge="0.1365" name="H14" type="ha"/>
      <Atom charge="0.1265" name="H15" type="ha"/>
      <Atom charge="0.4898" name="H17" type="hn"/>
      <Atom charge="0.0647" name="H18" type="h1"/>
      <Atom charge="0.0647" name="H19" type="h1"/>
      <Atom charge="0.4808" name="H21" type="hn"/>
      <Atom charge="0.4808" name="H22" type="hn"/>
      <Atom charge="0.3405" name="H23" type="hn"/>
      <Atom charge="-0.0271" name="C20" type="c3"/>
      <Atom charge="-0.1143" name="C21" type="ca"/>
      <Atom charge="-0.12" name="C22" type="ca"/>
      <Atom charge="-0.1245" name="C23" type="ca"/>
      <Atom charge="-0.122" name="C24" type="ca"/>
      <Atom charge="-0.1245" name="C25" type="ca"/>
      <Atom charge="-0.12" name="C26" type="ca"/>
      <Atom charge="0.0747" name="H8" type="hc"/>
      <Atom charge="0.0747" name="H16" type="hc"/>
      <Atom charge="0.1325" name="H20" type="ha"/>
      <Atom charge="0.14" name="H24" type="ha"/>
      <Atom charge="0.139" name="H25" type="ha"/>
      <Atom charge="0.14" name="H26" type="ha"/>
      <Atom charge="0.1325" name="H27" type="ha"/>
      <Atom charge="0.4808" name="H63" type="hn"/>
      <Bond atomName1="C1" atomName2="N4"/>
      <Bond atomName1="C14" atomName2="C13"/>
      <Bond atomName1="C14" atomName2="C15"/>
      <Bond atomName1="C13" atomName2="C12"/>
      <Bond atomName1="C15" atomName2="C10"/>
      <Bond atomName1="N4" atomName2="C17"/>
      <Bond atomName1="C12" atomName2="C11"/>
      <Bond atomName1="C10" atomName2="C11"/>
      <Bond atomName1="C10" atomName2="C9"/>
      <Bond atomName1="C17" atomName2="N3"/>
      <Bond atomName1="C17" atomName2="N1"/>
      <Bond atomName1="N2" atomName2="C9"/>
      <Bond atomName1="N2" atomName2="C8"/>
      <Bond atomName1="N3" atomName2="C16"/>
      <Bond atomName1="N1" atomName2="C3"/>
      <Bond atomName1="C8" atomName2="C7"/>
      <Bond atomName1="C16" atomName2="C3"/>
      <Bond atomName1="C16" atomName2="C6"/>
      <Bond atomName1="C7" atomName2="C6"/>
      <Bond atomName1="C3" atomName2="C2"/>
      <Bond atomName1="C6" atomName2="C5"/>
      <Bond atomName1="C2" atomName2="C4"/>
      <Bond atomName1="C5" atomName2="C4"/>
      <Bond atomName1="C5" atomName2="N5"/>
      <Bond atomName1="C4" atomName2="C19"/>
      <Bond atomName1="N5" atomName2="C18"/>
      <Bond atomName1="C19" atomName2="O1"/>
      <Bond atomName1="C19" atomName2="N7"/>
      <Bond atomName1="C18" atomName2="N7"/>
      <Bond atomName1="C18" atomName2="N6"/>
      <Bond atomName1="N1" atomName2="H1"/>
      <Bond atomName1="C2" atomName2="H2"/>
      <Bond atomName1="C7" atomName2="H3"/>
      <Bond atomName1="C7" atomName2="H4"/>
      <Bond atomName1="C8" atomName2="H5"/>
      <Bond atomName1="C8" atomName2="H6"/>
      <Bond atomName1="N2" atomName2="H7"/>
      <Bond atomName1="C9" atomName2="H9"/>
      <Bond atomName1="C9" atomName2="H10"/>
      <Bond atomName1="C11" atomName2="H11"/>
      <Bond atomName1="C12" atomName2="H12"/>
      <Bond atomName1="C13" atomName2="H13"/>
      <Bond atomName1="C14" atomName2="H14"/>
      <Bond atomName1="C15" atomName2="H15"/>
      <Bond atomName1="N4" atomName2="H17"/>
      <Bond atomName1="C1" atomName2="H18"/>
      <Bond atomName1="C1" atomName2="H19"/>
      <Bond atomName1="N6" atomName2="H21"/>
      <Bond atomName1="N6" atomName2="H22"/>
      <Bond atomName1="N7" atomName2="H23"/>
      <Bond atomName1="C1" atomName2="C20"/>
      <Bond atomName1="C20" atomName2="C21"/>
      <Bond atomName1="C21" atomName2="C22"/>
      <Bond atomName1="C22" atomName2="C23"/>
      <Bond atomName1="C23" atomName2="C24"/>
      <Bond atomName1="C24" atomName2="C25"/>
      <Bond atomName1="C25" atomName2="C26"/>
      <Bond atomName1="C26" atomName2="C21"/>
      <Bond atomName1="C20" atomName2="H8"/>
      <Bond atomName1="C20" atomName2="H16"/>
      <Bond atomName1="C22" atomName2="H20"/>
      <Bond atomName1="C23" atomName2="H24"/>
      <Bond atomName1="C24" atomName2="H25"/>
      <Bond atomName1="C25" atomName2="H26"/>
      <Bond atomName1="C26" atomName2="H27"/>
      <Bond atomName1="H63" atomName2="N6"/>
    </Residue>
  </Residues>
  <HarmonicBondForce>
    <Bond k="218572.15999999995" length="0.14650000000000002" type1="c3" type2="n7"/>
    <Bond k="427855.8399999999" length="0.10189999999999999" type1="hn" type2="n7"/>
    <Bond k="304176.79999999993" length="0.1373" type1="cd" type2="nu"/>
    <Bond k="219074.23999999996" length="0.1464" type1="c3" type2="nu"/>
    <Bond k="443085.5999999999" length="0.10120000000000001" type1="hn" type2="nu"/>
    <Bond k="198070.55999999994" length="0.14930000000000002" type1="cd" type2="nz"/>
    <Bond k="296059.83999999997" length="0.1381" type1="cd" type2="ns"/>
    <Bond k="404090.7199999999" length="0.10300000000000001" type1="hn" type2="nz"/>
    <Bond k="298068.1599999999" length="0.1379" type1="c" type2="ns"/>
    <Bond k="441244.6399999999" length="0.1013" type1="hn" type2="ns"/>
  </HarmonicBondForce>
  <HarmonicAngleForce>
    <Angle angle="2.04692214673895" k="927.1744" type1="na" type2="cd" type3="nu"/>
    <Angle angle="2.011491962923465" k="714.6272000000001" type1="ca" type2="c" type3="ns"/>
    <Angle angle="1.9380136014145037" k="697.0544" type1="c3" type2="c3" type3="n7"/>
    <Angle angle="1.9608774146156291" k="549.7776" type1="c3" type2="n7" type3="c3"/>
    <Angle angle="1.9074703395046029" k="399.99039999999997" type1="c3" type2="n7" type3="hn"/>
    <Angle angle="1.9177677820913692" k="512.1216000000001" type1="h1" type2="c3" type3="n7"/>
    <Angle angle="1.95756128903684" k="698.7280000000001" type1="ca" type2="c3" type3="n7"/>
    <Angle angle="2.1057397425311586" k="934.7056" type1="nc" type2="cd" type3="nu"/>
    <Angle angle="2.0895081804876114" k="548.9408" type1="c3" type2="nu" type3="cd"/>
    <Angle angle="2.0181242140810434" k="412.5424" type1="cd" type2="nu" type3="hn"/>
    <Angle angle="1.9161969857645744" k="512.1216000000001" type1="h1" type2="c3" type3="nu"/>
    <Angle angle="1.9278906917529364" k="698.7280000000001" type1="c3" type2="c3" type3="nu"/>
    <Angle angle="2.0244073993882226" k="388.2752" type1="c3" type2="nu" type3="hn"/>
    <Angle angle="2.1429152555986377" k="876.037552" type1="nc" type2="cd" type3="nz"/>
    <Angle angle="2.1467549799530254" k="922.9904" type1="nc" type2="cd" type3="ns"/>
    <Angle angle="1.928588823453734" k="392.4592" type1="cd" type2="nz" type3="hn"/>
    <Angle angle="2.15146736893341" k="557.3088" type1="c" type2="ns" type3="cd"/>
    <Angle angle="2.0814796659284376" k="404.1744" type1="cd" type2="ns" type3="hn"/>
    <Angle angle="1.9823449644151594" k="888.530976" type1="ns" type2="cd" type3="nz"/>
    <Angle angle="2.1476276445790226" k="952.2784" type1="ns" type2="c" type3="o"/>
    <Angle angle="2.051634535719334" k="407.52160000000003" type1="c" type2="ns" type3="hn"/>
    <Angle angle="1.8901915799098588" k="334.72" type1="hn" type2="nz" type3="hn"/>
  </HarmonicAngleForce>
  <PeriodicTorsionForce>
    <Proper k1="4.3932" periodicity1="2" phase1="3.141592653589793" type1="na" type2="cd" type3="nu" type4="c3"/>
    <Proper k1="4.3932" periodicity1="2" phase1="3.141592653589793" type1="na" type2="cd" type3="nu" type4="hn"/>
    <Proper k1="10.46" periodicity1="2" phase1="3.141592653589793" type1="ca" type2="c" type3="ns" type4="cd"/>
    <Proper k1="10.46" periodicity1="2" phase1="3.141592653589793" type1="ca" type2="c" type3="ns" type4="hn"/>
    <Proper k1="0.41840000000000005" periodicity1="3" phase1="0.0" type1="ca" type2="c3" type3="c3" type4="n7"/>
    <Proper k1="0.9079280000000001" periodicity1="3" phase1="0.0" type1="c3" type2="c3" type3="n7" type4="hn"/>
    <Proper k1="1.2552" periodicity1="3" phase1="0.0" type1="ca" type2="c3" type3="n7" type4="c3"/>
    <Proper k1="0.9414" periodicity1="3" phase1="0.0" type1="h1" type2="c3" type3="n7" type4="c3"/>
    <Proper k1="0.41840000000000005" periodicity1="3" phase1="0.0" type1="hc" type2="c3" type3="c3" type4="n7"/>
    <Proper k1="1.2552" periodicity1="3" phase1="0.0" type1="ca" type2="c3" type3="n7" type4="hn"/>
    <Proper k1="4.3932" periodicity1="2" phase1="3.141592653589793" type1="nc" type2="cd" type3="nu" type4="c3"/>
    <Proper k1="4.3932" periodicity1="2" phase1="3.141592653589793" type1="nc" type2="cd" type3="nu" type4="hn"/>
    <Proper k1="0.0" periodicity1="2" phase1="0.0" type1="h1" type2="c3" type3="nu" type4="cd"/>
    <Proper k1="0.0" periodicity1="2" phase1="0.0" type1="c3" type2="c3" type3="nu" type4="cd"/>
    <Proper k1="0.0" periodicity1="3" phase1="3.141592653589793" type1="nc" type2="cd" type3="nz" type4="hn"/>
    <Proper k1="6.9036" periodicity1="2" phase1="3.141592653589793" type1="nc" type2="cd" type3="ns" type4="c"/>
    <Proper k1="6.9036" periodicity1="2" phase1="3.141592653589793" type1="nc" type2="cd" type3="ns" type4="hn"/>
    <Proper k1="10.46" periodicity1="2" phase1="3.141592653589793" type1="o" type2="c" type3="ns" type4="cd"/>
    <Proper k1="6.9036" periodicity1="2" phase1="3.141592653589793" type1="nz" type2="cd" type3="ns" type4="c"/>
    <Proper k1="6.9036" periodicity1="2" phase1="3.141592653589793" type1="nz" type2="cd" type3="ns" type4="hn"/>
    <Proper k1="0.0" periodicity1="3" phase1="3.141592653589793" type1="ns" type2="cd" type3="nz" type4="hn"/>
    <Proper k1="10.46" k2="8.368" periodicity1="2" periodicity2="1" phase1="3.141592653589793" phase2="0.0" type1="o" type2="c" type3="ns" type4="hn"/>
    <Proper k1="1.2552" periodicity1="3" phase1="0.0" type1="h1" type2="c3" type3="n7" type4="hn"/>
    <Proper k1="0.0" periodicity1="2" phase1="0.0" type1="h1" type2="c3" type3="nu" type4="hn"/>
    <Proper k1="0.0" periodicity1="2" phase1="0.0" type1="c3" type2="c3" type3="nu" type4="hn"/>
    <Improper k1="4.6024" periodicity1="2" phase1="3.141592653589793" type1="na" type2="ca" type3="cd" type4="hn"/>
    <Improper k1="4.6024" periodicity1="2" phase1="3.141592653589793" type1="ca" type2="ca" type3="ca" type4="na"/>
    <Improper k1="4.6024" periodicity1="2" phase1="3.141592653589793" type1="ca" type2="ca" type3="ca" type4="ha"/>
    <Improper k1="4.6024" periodicity1="2" phase1="3.141592653589793" type1="ca" type2="c" type3="ca" type4="ca"/>
    <Improper k1="4.6024" periodicity1="2" phase1="3.141592653589793" type1="ca" type2="ca" type3="ca" type4="nc"/>
    <Improper k1="4.6024" periodicity1="2" phase1="3.141592653589793" type1="cd" type2="na" type3="nc" type4="nu"/>
    <Improper k1="4.6024" periodicity1="2" phase1="3.141592653589793" type1="nu" type2="c3" type3="cd" type4="hn"/>
    <Improper k1="4.6024" periodicity1="2" phase1="3.141592653589793" type1="cd" type2="nc" type3="ns" type4="nz"/>
    <Improper k1="4.6024" periodicity1="2" phase1="3.141592653589793" type1="ns" type2="c" type3="cd" type4="hn"/>
    <Improper k1="43.932" periodicity1="2" phase1="3.141592653589793" type1="c" type2="ca" type3="ns" type4="o"/>
  </PeriodicTorsionForce>
</ForceField>
