<ForceField>
  <Info>
    <DateGenerated>2019-07-05</DateGenerated>
  </Info>
  <Residues>
    <Residue name="MC_0F4">
      <Atom charge="-0.2233" name="F1" type="f"/>
      <Atom charge="0.6752" name="C2" type="c3"/>
      <Atom charge="-0.2233" name="F3" type="f"/>
      <Atom charge="-0.2233" name="F4" type="f"/>
      <Atom charge="-0.1623" name="C5" type="ca"/>
      <Atom charge="-0.099" name="C6" type="ca"/>
      <Atom charge="-0.115" name="C7" type="ca"/>
      <Atom charge="-0.102" name="C8" type="ca"/>
      <Atom charge="0.0706" name="C9" type="ca"/>
      <Atom charge="-0.4891" name="N10" type="ns"/>
      <Atom charge="0.7831" name="C11" type="c"/>
      <Atom charge="-0.6321" name="O12" type="o"/>
      <Atom charge="-0.4881" name="N13" type="ns"/>
      <Atom charge="0.0956" name="C14" type="ca"/>
      <Atom charge="-0.193" name="C15" type="ca"/>
      <Atom charge="-0.084" name="C16" type="ca"/>
      <Atom charge="-0.19" name="C17" type="ca"/>
      <Atom charge="0.1856" name="C18" type="ca"/>
      <Atom charge="-0.681" name="N19" type="nu"/>
      <Atom charge="0.2046" name="C20" type="ca"/>
      <Atom charge="-0.204" name="C21" type="ca"/>
      <Atom charge="-0.052" name="C22" type="ca"/>
      <Atom charge="-0.1268" name="C23" type="ca"/>
      <Atom charge="0.0726" name="C24" type="ca"/>
      <Atom charge="-0.4461" name="N25" type="ns"/>
      <Atom charge="0.7197" name="C26" type="c"/>
      <Atom charge="-0.6505" name="O27" type="o"/>
      <Atom charge="-0.2204" name="C28" type="cc"/>
      <Atom charge="0.0698" name="C29" type="cf"/>
      <Atom charge="-0.1501" name="C30" type="cd"/>
      <Atom charge="-0.145" name="C31" type="cc"/>
      <Atom charge="-0.226" name="C32" type="cc"/>
      <Atom charge="-0.1203" name="C33" type="cd"/>
      <Atom charge="-0.1141" name="N34" type="na"/>
      <Atom charge="-0.203" name="C36" type="ca"/>
      <Atom charge="-0.178" name="C37" type="ca"/>
      <Atom charge="-0.119" name="C38" type="ca"/>
      <Atom charge="0.147" name="H6" type="ha"/>
      <Atom charge="0.144" name="H7" type="ha"/>
      <Atom charge="0.168" name="H8" type="ha"/>
      <Atom charge="0.3225" name="HN10" type="hn"/>
      <Atom charge="0.3215" name="HN13" type="hn"/>
      <Atom charge="0.13" name="H15" type="ha"/>
      <Atom charge="0.135" name="H16" type="ha"/>
      <Atom charge="0.146" name="H17" type="ha"/>
      <Atom charge="0.4528" name="HN19" type="hn"/>
      <Atom charge="0.135" name="H21" type="ha"/>
      <Atom charge="0.134" name="H22" type="ha"/>
      <Atom charge="0.3405" name="HN25" type="hn"/>
      <Atom charge="0.151" name="H29" type="ha"/>
      <Atom charge="0.148" name="H31" type="ha"/>
      <Atom charge="0.148" name="H32" type="ha"/>
      <Atom charge="0.167" name="H33" type="h4"/>
      <Atom charge="0.15" name="H36" type="ha"/>
      <Atom charge="0.168" name="H37" type="ha"/>
      <Atom charge="0.146" name="H38" type="ha"/>
      <Atom charge="0.3277" name="HN34" type="hn"/>
      <Bond atomName1="F1" atomName2="C2"/>
      <Bond atomName1="C5" atomName2="C2"/>
      <Bond atomName1="C2" atomName2="F4"/>
      <Bond atomName1="C2" atomName2="F3"/>
      <Bond atomName1="C6" atomName2="C5"/>
      <Bond atomName1="C5" atomName2="C38"/>
      <Bond atomName1="C7" atomName2="C6"/>
      <Bond atomName1="C6" atomName2="H6"/>
      <Bond atomName1="C7" atomName2="C8"/>
      <Bond atomName1="C7" atomName2="H7"/>
      <Bond atomName1="C8" atomName2="C9"/>
      <Bond atomName1="C8" atomName2="H8"/>
      <Bond atomName1="C9" atomName2="C38"/>
      <Bond atomName1="C9" atomName2="N10"/>
      <Bond atomName1="N10" atomName2="C11"/>
      <Bond atomName1="N10" atomName2="HN10"/>
      <Bond atomName1="C11" atomName2="O12"/>
      <Bond atomName1="C11" atomName2="N13"/>
      <Bond atomName1="N13" atomName2="C14"/>
      <Bond atomName1="N13" atomName2="HN13"/>
      <Bond atomName1="C14" atomName2="C15"/>
      <Bond atomName1="C14" atomName2="C37"/>
      <Bond atomName1="C15" atomName2="C16"/>
      <Bond atomName1="C15" atomName2="H15"/>
      <Bond atomName1="C16" atomName2="C17"/>
      <Bond atomName1="C16" atomName2="H16"/>
      <Bond atomName1="C18" atomName2="C17"/>
      <Bond atomName1="C17" atomName2="H17"/>
      <Bond atomName1="C37" atomName2="C18"/>
      <Bond atomName1="C18" atomName2="N19"/>
      <Bond atomName1="N19" atomName2="C20"/>
      <Bond atomName1="N19" atomName2="HN19"/>
      <Bond atomName1="C20" atomName2="C21"/>
      <Bond atomName1="C20" atomName2="C36"/>
      <Bond atomName1="C21" atomName2="C22"/>
      <Bond atomName1="C21" atomName2="H21"/>
      <Bond atomName1="C22" atomName2="C23"/>
      <Bond atomName1="C22" atomName2="H22"/>
      <Bond atomName1="C24" atomName2="C23"/>
      <Bond atomName1="C23" atomName2="C28"/>
      <Bond atomName1="C36" atomName2="C24"/>
      <Bond atomName1="C24" atomName2="N25"/>
      <Bond atomName1="N25" atomName2="C26"/>
      <Bond atomName1="N25" atomName2="HN25"/>
      <Bond atomName1="C28" atomName2="C26"/>
      <Bond atomName1="C26" atomName2="O27"/>
      <Bond atomName1="C28" atomName2="C29"/>
      <Bond atomName1="C29" atomName2="C30"/>
      <Bond atomName1="C29" atomName2="H29"/>
      <Bond atomName1="C30" atomName2="N34"/>
      <Bond atomName1="C30" atomName2="C31"/>
      <Bond atomName1="C31" atomName2="C32"/>
      <Bond atomName1="C31" atomName2="H31"/>
      <Bond atomName1="C33" atomName2="C32"/>
      <Bond atomName1="C32" atomName2="H32"/>
      <Bond atomName1="N34" atomName2="C33"/>
      <Bond atomName1="C33" atomName2="H33"/>
      <Bond atomName1="C36" atomName2="H36"/>
      <Bond atomName1="C37" atomName2="H37"/>
      <Bond atomName1="C38" atomName2="H38"/>
      <Bond atomName1="N34" atomName2="HN34"/>
    </Residue>
  </Residues>
  <HarmonicBondForce>
    <Bond k="263759.3599999999" length="0.1412" type1="ca" type2="ns"/>
    <Bond k="298068.1599999999" length="0.1379" type1="c" type2="ns"/>
    <Bond k="441244.6399999999" length="0.1013" type1="hn" type2="ns"/>
    <Bond k="290453.27999999997" length="0.1386" type1="ca" type2="nu"/>
    <Bond k="443085.5999999999" length="0.10120000000000001" type1="hn" type2="nu"/>
  </HarmonicBondForce>
  <HarmonicAngleForce>
    <Angle angle="2.0977112279719847" k="716.3008" type1="ca" type2="ca" type3="ns"/>
    <Angle angle="2.159146817642185" k="549.7776" type1="c" type2="ns" type3="ca"/>
    <Angle angle="2.0245819323134224" k="401.664" type1="ca" type2="ns" type3="hn"/>
    <Angle angle="2.1476276445790226" k="952.2784" type1="ns" type2="c" type3="o"/>
    <Angle angle="1.9819958985647608" k="940.5632" type1="ns" type2="c" type3="ns"/>
    <Angle angle="2.051634535719334" k="407.52160000000003" type1="c" type2="ns" type3="hn"/>
    <Angle angle="2.1109757302871417" k="721.3216000000001" type1="ca" type2="ca" type3="nu"/>
    <Angle angle="2.224596664591972" k="545.5936" type1="ca" type2="nu" type3="ca"/>
    <Angle angle="2.0258036627898184" k="408.3584" type1="ca" type2="nu" type3="hn"/>
    <Angle angle="1.9669860669976094" k="728.8528" type1="cc" type2="c" type3="ns"/>
    <Angle angle="2.1217967716495063" k="547.2672000000001" type1="c" type2="cc" type3="cf"/>
  </HarmonicAngleForce>
  <PeriodicTorsionForce>
    <Proper k1="3.9748" periodicity1="2" phase1="3.141592653589793" type1="ca" type2="ca" type3="ns" type4="c"/>
    <Proper k1="1.8828" periodicity1="2" phase1="3.141592653589793" type1="ca" type2="ca" type3="ns" type4="hn"/>
    <Proper k1="10.46" periodicity1="2" phase1="3.141592653589793" type1="o" type2="c" type3="ns" type4="ca"/>
    <Proper k1="10.46" periodicity1="2" phase1="3.141592653589793" type1="ns" type2="c" type3="ns" type4="ca"/>
    <Proper k1="10.46" periodicity1="2" phase1="3.141592653589793" type1="ns" type2="c" type3="ns" type4="hn"/>
    <Proper k1="10.46" k2="8.368" periodicity1="2" periodicity2="1" phase1="3.141592653589793" phase2="0.0" type1="o" type2="c" type3="ns" type4="hn"/>
    <Proper k1="4.3932" periodicity1="2" phase1="3.141592653589793" type1="ca" type2="ca" type3="nu" type4="ca"/>
    <Proper k1="4.3932" periodicity1="2" phase1="3.141592653589793" type1="ca" type2="ca" type3="nu" type4="hn"/>
    <Proper k1="2.11292" periodicity1="2" phase1="3.141592653589793" type1="ca" type2="ca" type3="cc" type4="c"/>
    <Proper k1="2.11292" periodicity1="2" phase1="3.141592653589793" type1="ca" type2="ca" type3="cc" type4="cf"/>
    <Proper k1="35.60584" periodicity1="2" phase1="3.141592653589793" type1="ca" type2="cc" type3="cf" type4="cd"/>
    <Proper k1="16.736" periodicity1="2" phase1="3.141592653589793" type1="ca" type2="cc" type3="cf" type4="ha"/>
    <Proper k1="10.46" periodicity1="2" phase1="3.141592653589793" type1="cc" type2="c" type3="ns" type4="ca"/>
    <Proper k1="2.092" periodicity1="2" phase1="3.141592653589793" type1="c" type2="cc" type3="cf" type4="cd"/>
    <Proper k1="16.736" periodicity1="2" phase1="3.141592653589793" type1="c" type2="cc" type3="cf" type4="ha"/>
    <Proper k1="10.46" periodicity1="2" phase1="3.141592653589793" type1="cc" type2="c" type3="ns" type4="hn"/>
    <Proper k1="2.092" periodicity1="2" phase1="3.141592653589793" type1="cc" type2="cd" type3="cf" type4="cc"/>
    <Proper k1="4.184" periodicity1="2" phase1="3.141592653589793" type1="na" type2="cd" type3="cf" type4="cc"/>
    <Proper k1="4.184" periodicity1="2" phase1="3.141592653589793" type1="cc" type2="cd" type3="cf" type4="ha"/>
    <Proper k1="4.184" periodicity1="2" phase1="3.141592653589793" type1="na" type2="cd" type3="cf" type4="ha"/>
    <Improper k1="4.6024" periodicity1="2" phase1="3.141592653589793" type1="ca" type2="ca" type3="ca" type4="ha"/>
    <Improper k1="4.6024" periodicity1="2" phase1="3.141592653589793" type1="ca" type2="ca" type3="ca" type4="ns"/>
    <Improper k1="4.6024" periodicity1="2" phase1="3.141592653589793" type1="ns" type2="c" type3="ca" type4="hn"/>
    <Improper k1="43.932" periodicity1="2" phase1="3.141592653589793" type1="c" type2="ns" type3="ns" type4="o"/>
    <Improper k1="4.6024" periodicity1="2" phase1="3.141592653589793" type1="ca" type2="ca" type3="ca" type4="nu"/>
    <Improper k1="4.6024" periodicity1="2" phase1="3.141592653589793" type1="nu" type2="ca" type3="ca" type4="hn"/>
    <Improper k1="4.6024" periodicity1="2" phase1="3.141592653589793" type1="ca" type2="ca" type3="ca" type4="cc"/>
    <Improper k1="43.932" periodicity1="2" phase1="3.141592653589793" type1="c" type2="cc" type3="ns" type4="o"/>
    <Improper k1="4.6024" periodicity1="2" phase1="3.141592653589793" type1="cc" type2="c" type3="ca" type4="cf"/>
    <Improper k1="4.6024" periodicity1="2" phase1="3.141592653589793" type1="cf" type2="cc" type3="cd" type4="ha"/>
    <Improper k1="4.6024" periodicity1="2" phase1="3.141592653589793" type1="cd" type2="cc" type3="cf" type4="na"/>
    <Improper k1="4.6024" periodicity1="2" phase1="3.141592653589793" type1="cc" type2="cc" type3="cd" type4="ha"/>
    <Improper k1="4.6024" periodicity1="2" phase1="3.141592653589793" type1="cd" type2="cc" type3="h4" type4="na"/>
    <Improper k1="4.6024" periodicity1="2" phase1="3.141592653589793" type1="na" type2="cd" type3="cd" type4="hn"/>
  </PeriodicTorsionForce>
</ForceField>
