<ForceField>
  <Info>
    <DateGenerated>2019-07-05</DateGenerated>
  </Info>
  <Residues>
    <Residue name="MC_0FI">
      <Atom charge="-0.3891" name="N2" type="ns"/>
      <Atom charge="-0.4944" name="S2" type="s"/>
      <Atom charge="0.3902" name="C4" type="cs"/>
      <Atom charge="0.0076" name="C5" type="ca"/>
      <Atom charge="-0.109" name="C6" type="ca"/>
      <Atom charge="-0.1265" name="C7" type="ca"/>
      <Atom charge="-0.121" name="C8" type="ca"/>
      <Atom charge="-0.1265" name="C9" type="ca"/>
      <Atom charge="-0.109" name="C10" type="ca"/>
      <Atom charge="0.0602" name="H2" type="h5"/>
      <Atom charge="0.1465" name="H3" type="ha"/>
      <Atom charge="0.135" name="H4" type="ha"/>
      <Atom charge="0.131" name="H5" type="ha"/>
      <Atom charge="0.135" name="H6" type="ha"/>
      <Atom charge="0.1465" name="H7" type="ha"/>
      <Atom charge="0.3225" name="H8" type="hn"/>
      <Bond atomName1="S2" atomName2="C4"/>
      <Bond atomName1="N2" atomName2="C4"/>
      <Bond atomName1="N2" atomName2="C5"/>
      <Bond atomName1="C6" atomName2="C5"/>
      <Bond atomName1="C6" atomName2="C7"/>
      <Bond atomName1="C5" atomName2="C10"/>
      <Bond atomName1="C7" atomName2="C8"/>
      <Bond atomName1="C10" atomName2="C9"/>
      <Bond atomName1="C8" atomName2="C9"/>
      <Bond atomName1="C4" atomName2="H2"/>
      <Bond atomName1="C6" atomName2="H3"/>
      <Bond atomName1="C7" atomName2="H4"/>
      <Bond atomName1="C8" atomName2="H5"/>
      <Bond atomName1="C9" atomName2="H6"/>
      <Bond atomName1="C10" atomName2="H7"/>
      <Bond atomName1="N2" atomName2="H8"/>
    </Residue>
  </Residues>
  <HarmonicBondForce>
    <Bond k="298068.1599999999" length="0.1379" type1="cs" type2="ns"/>
    <Bond k="263759.3599999999" length="0.1412" type1="ca" type2="ns"/>
    <Bond k="441244.6399999999" length="0.1013" type1="hn" type2="ns"/>
    <Bond k="249701.11999999994" length="0.16720000000000002" type1="cs" type2="s"/>
    <Bond k="302754.23999999993" length="0.1105" type1="cs" type2="h5"/>
  </HarmonicBondForce>
  <HarmonicAngleForce>
    <Angle angle="2.1650809370989657" k="689.5232000000001" type1="ns" type2="cs" type3="s"/>
    <Angle angle="1.95756128903684" k="531.368" type1="h5" type2="cs" type3="ns"/>
    <Angle angle="2.0977112279719847" k="716.3008" type1="ca" type2="ca" type3="ns"/>
    <Angle angle="2.1556561591381964" k="368.192" type1="h5" type2="cs" type3="s"/>
    <Angle angle="2.159146817642185" k="549.7776" type1="ca" type2="ns" type3="cs"/>
    <Angle angle="2.051634535719334" k="407.52160000000003" type1="cs" type2="ns" type3="hn"/>
    <Angle angle="2.0245819323134224" k="401.664" type1="ca" type2="ns" type3="hn"/>
  </HarmonicAngleForce>
  <PeriodicTorsionForce>
    <Proper k1="10.46" periodicity1="2" phase1="3.141592653589793" type1="s" type2="cs" type3="ns" type4="ca"/>
    <Proper k1="10.46" periodicity1="2" phase1="3.141592653589793" type1="s" type2="cs" type3="ns" type4="hn"/>
    <Proper k1="3.9748" periodicity1="2" phase1="3.141592653589793" type1="ca" type2="ca" type3="ns" type4="cs"/>
    <Proper k1="10.46" periodicity1="2" phase1="3.141592653589793" type1="h5" type2="cs" type3="ns" type4="ca"/>
    <Proper k1="1.8828" periodicity1="2" phase1="3.141592653589793" type1="ca" type2="ca" type3="ns" type4="hn"/>
    <Proper k1="10.46" periodicity1="2" phase1="3.141592653589793" type1="h5" type2="cs" type3="ns" type4="hn"/>
    <Improper k1="4.6024" periodicity1="2" phase1="3.141592653589793" type1="ns" type2="ca" type3="cs" type4="hn"/>
    <Improper k1="4.6024" periodicity1="2" phase1="3.141592653589793" type1="cs" type2="h5" type3="ns" type4="s"/>
    <Improper k1="4.6024" periodicity1="2" phase1="3.141592653589793" type1="ca" type2="ca" type3="ca" type4="ns"/>
    <Improper k1="4.6024" periodicity1="2" phase1="3.141592653589793" type1="ca" type2="ca" type3="ca" type4="ha"/>
  </PeriodicTorsionForce>
</ForceField>
