<ForceField>
  <Info>
    <DateGenerated>2019-07-05</DateGenerated>
  </Info>
  <Residues>
    <Residue name="MC_0FS">
      <Atom charge="-0.071" name="C01" type="ca"/>
      <Atom charge="-0.065" name="C02" type="ca"/>
      <Atom charge="-0.135" name="C03" type="ca"/>
      <Atom charge="-0.1773" name="C04" type="ca"/>
      <Atom charge="-0.0988" name="C05" type="ca"/>
      <Atom charge="-0.063" name="C06" type="ca"/>
      <Atom charge="0.7077" name="C07" type="c"/>
      <Atom charge="-0.5785" name="N08" type="ns"/>
      <Atom charge="0.7211" name="C09" type="c"/>
      <Atom charge="-0.1942" name="S10" type="ss"/>
      <Atom charge="-0.1096" name="C11" type="cc"/>
      <Atom charge="0.6742" name="C12" type="c3"/>
      <Atom charge="0.0338" name="C13" type="cf"/>
      <Atom charge="-0.5385" name="O15" type="o"/>
      <Atom charge="-0.219967" name="F16" type="f"/>
      <Atom charge="-0.219967" name="F17" type="f"/>
      <Atom charge="-0.219967" name="F18" type="f"/>
      <Atom charge="0.143" name="H1" type="ha"/>
      <Atom charge="0.155" name="H2" type="ha"/>
      <Atom charge="0.146" name="H3" type="ha"/>
      <Atom charge="0.168" name="H4" type="ha"/>
      <Atom charge="0.3545" name="H5" type="hn"/>
      <Atom charge="0.169" name="H6" type="ha"/>
      <Atom charge="-0.5825" name="O14" type="o"/>
      <Bond atomName1="C03" atomName2="C01"/>
      <Bond atomName1="C03" atomName2="C02"/>
      <Bond atomName1="C01" atomName2="C05"/>
      <Bond atomName1="C02" atomName2="C04"/>
      <Bond atomName1="C05" atomName2="C13"/>
      <Bond atomName1="C05" atomName2="C06"/>
      <Bond atomName1="C04" atomName2="C06"/>
      <Bond atomName1="C04" atomName2="C12"/>
      <Bond atomName1="C13" atomName2="C11"/>
      <Bond atomName1="F16" atomName2="C12"/>
      <Bond atomName1="O14" atomName2="C07"/>
      <Bond atomName1="F18" atomName2="C12"/>
      <Bond atomName1="C12" atomName2="F17"/>
      <Bond atomName1="C11" atomName2="C07"/>
      <Bond atomName1="C11" atomName2="S10"/>
      <Bond atomName1="C07" atomName2="N08"/>
      <Bond atomName1="S10" atomName2="C09"/>
      <Bond atomName1="N08" atomName2="C09"/>
      <Bond atomName1="C09" atomName2="O15"/>
      <Bond atomName1="C01" atomName2="H1"/>
      <Bond atomName1="C02" atomName2="H2"/>
      <Bond atomName1="C03" atomName2="H3"/>
      <Bond atomName1="C06" atomName2="H4"/>
      <Bond atomName1="N08" atomName2="H5"/>
      <Bond atomName1="C13" atomName2="H6"/>
    </Residue>
  </Residues>
  <HarmonicBondForce>
    <Bond k="298068.1599999999" length="0.1379" type1="c" type2="ns"/>
    <Bond k="441244.6399999999" length="0.1013" type1="hn" type2="ns"/>
  </HarmonicBondForce>
  <HarmonicAngleForce>
    <Angle angle="2.217964413434394" k="548.9408" type1="c" type2="ns" type3="c"/>
    <Angle angle="2.051634535719334" k="407.52160000000003" type1="c" type2="ns" type3="hn"/>
    <Angle angle="2.1217967716495063" k="547.2672000000001" type1="c" type2="cc" type3="cf"/>
    <Angle angle="1.9669860669976094" k="728.8528" type1="cc" type2="c" type3="ns"/>
    <Angle angle="2.1476276445790226" k="952.2784" type1="ns" type2="c" type3="o"/>
    <Angle angle="1.9249236320245462" k="690.36" type1="ns" type2="c" type3="ss"/>
    <Angle angle="2.1219713045747057" k="528.8576" type1="cf" type2="cc" type3="ss"/>
  </HarmonicAngleForce>
  <PeriodicTorsionForce>
    <Proper k1="2.11292" periodicity1="2" phase1="3.141592653589793" type1="ca" type2="ca" type3="cf" type4="cc"/>
    <Proper k1="2.9288" periodicity1="2" phase1="3.141592653589793" type1="ca" type2="ca" type3="cf" type4="ha"/>
    <Proper k1="2.092" periodicity1="2" phase1="3.141592653589793" type1="c" type2="cc" type3="cf" type4="ca"/>
    <Proper k1="27.823600000000003" periodicity1="2" phase1="3.141592653589793" type1="ss" type2="cc" type3="cf" type4="ca"/>
    <Proper k1="10.46" periodicity1="2" phase1="3.141592653589793" type1="ss" type2="c" type3="ns" type4="c"/>
    <Proper k1="10.46" periodicity1="2" phase1="3.141592653589793" type1="o" type2="c" type3="ns" type4="c"/>
    <Proper k1="4.6024" periodicity1="2" phase1="3.141592653589793" type1="c" type2="cc" type3="ss" type4="c"/>
    <Proper k1="16.736" periodicity1="2" phase1="3.141592653589793" type1="c" type2="cc" type3="cf" type4="ha"/>
    <Proper k1="10.46" periodicity1="2" phase1="3.141592653589793" type1="cc" type2="c" type3="ns" type4="c"/>
    <Proper k1="4.6024" periodicity1="2" phase1="3.141592653589793" type1="cf" type2="cc" type3="ss" type4="c"/>
    <Proper k1="10.46" periodicity1="2" phase1="3.141592653589793" type1="ss" type2="c" type3="ns" type4="hn"/>
    <Proper k1="16.736" periodicity1="2" phase1="3.141592653589793" type1="ss" type2="cc" type3="cf" type4="ha"/>
    <Proper k1="10.46" periodicity1="2" phase1="3.141592653589793" type1="cc" type2="c" type3="ns" type4="hn"/>
    <Proper k1="10.46" k2="8.368" periodicity1="2" periodicity2="1" phase1="3.141592653589793" phase2="0.0" type1="o" type2="c" type3="ns" type4="hn"/>
    <Improper k1="4.6024" periodicity1="2" phase1="3.141592653589793" type1="ca" type2="ca" type3="ca" type4="ha"/>
    <Improper k1="4.6024" periodicity1="2" phase1="3.141592653589793" type1="ca" type2="ca" type3="ca" type4="cf"/>
    <Improper k1="43.932" periodicity1="2" phase1="3.141592653589793" type1="c" type2="cc" type3="ns" type4="o"/>
    <Improper k1="4.6024" periodicity1="2" phase1="3.141592653589793" type1="ns" type2="c" type3="c" type4="hn"/>
    <Improper k1="43.932" periodicity1="2" phase1="3.141592653589793" type1="c" type2="ns" type3="o" type4="ss"/>
    <Improper k1="4.6024" periodicity1="2" phase1="3.141592653589793" type1="cc" type2="c" type3="cf" type4="ss"/>
    <Improper k1="4.6024" periodicity1="2" phase1="3.141592653589793" type1="cf" type2="ca" type3="cc" type4="ha"/>
  </PeriodicTorsionForce>
</ForceField>
