<ForceField>
  <Info>
    <DateGenerated>2019-07-05</DateGenerated>
  </Info>
  <Residues>
    <Residue name="MC_0FW">
      <Atom charge="-0.8398" name="OAA" type="o"/>
      <Atom charge="-0.8293" name="OAB" type="o"/>
      <Atom charge="0.8589" name="OAC" type="o"/>
      <Atom charge="-0.8398" name="OAD" type="o"/>
      <Atom charge="-0.8293" name="OAE" type="o"/>
      <Atom charge="-0.135" name="CAF" type="ca"/>
      <Atom charge="-0.133" name="CAG" type="ca"/>
      <Atom charge="-0.133" name="CAH" type="ca"/>
      <Atom charge="-0.123" name="CAI" type="ca"/>
      <Atom charge="-0.174" name="CAJ" type="ca"/>
      <Atom charge="-0.176" name="CAK" type="ca"/>
      <Atom charge="-0.1135" name="CAL" type="ca"/>
      <Atom charge="-0.1135" name="CAM" type="ca"/>
      <Atom charge="-0.201" name="CAN" type="ca"/>
      <Atom charge="-0.0665" name="CAO" type="ca"/>
      <Atom charge="-0.0665" name="CAP" type="ca"/>
      <Atom charge="-0.144" name="CAQ" type="ca"/>
      <Atom charge="-0.144" name="CAR" type="ca"/>
      <Atom charge="-0.137" name="CAS" type="ca"/>
      <Atom charge="-0.088" name="CAT" type="ca"/>
      <Atom charge="-0.105" name="CAU" type="ca"/>
      <Atom charge="0.8992" name="CAX" type="c"/>
      <Atom charge="-0.4353" name="CAZ" type="c"/>
      <Atom charge="-0.8644" name="CBA" type="ca"/>
      <Atom charge="0.1551" name="CBB" type="ca"/>
      <Atom charge="0.0121" name="CBC" type="ca"/>
      <Atom charge="-0.1616" name="CBD" type="ca"/>
      <Atom charge="-0.031" name="CBE" type="cp"/>
      <Atom charge="0.008" name="CBF" type="cp"/>
      <Atom charge="-0.0476" name="CBG" type="ca"/>
      <Atom charge="-0.0846" name="CBH" type="ca"/>
      <Atom charge="0.119" name="HAF" type="ha"/>
      <Atom charge="0.1245" name="HAG" type="ha"/>
      <Atom charge="0.1245" name="HAH" type="ha"/>
      <Atom charge="0.094" name="HAI" type="ha"/>
      <Atom charge="0.073" name="HAJ" type="ha"/>
      <Atom charge="0.118" name="HAK" type="ha"/>
      <Atom charge="0.1395" name="HAL" type="ha"/>
      <Atom charge="0.1395" name="HAM" type="ha"/>
      <Atom charge="0.098" name="HAN" type="ha"/>
      <Atom charge="0.1485" name="HAO" type="ha"/>
      <Atom charge="0.1485" name="HAP" type="ha"/>
      <Atom charge="0.1365" name="HAQ" type="ha"/>
      <Atom charge="0.1365" name="HAR" type="ha"/>
      <Atom charge="0.113" name="HAS" type="ha"/>
      <Atom charge="0.194" name="HAT" type="ha"/>
      <Atom charge="0.148" name="HAU" type="ha"/>
      <Atom charge="-0.3005" name="HNAV" type="hn"/>
      <Atom charge="0.8732" name="CAY" type="c"/>
      <Atom charge="-0.2542" name="OAW" type="os"/>
      <Atom charge="0.7109" name="NAV" type="ns"/>
      <Bond atomName1="OAA" atomName2="CAX"/>
      <Bond atomName1="CAY" atomName2="OAB"/>
      <Bond atomName1="OAC" atomName2="CAZ"/>
      <Bond atomName1="CAX" atomName2="OAD"/>
      <Bond atomName1="OAE" atomName2="CAY"/>
      <Bond atomName1="CAH" atomName2="CAF"/>
      <Bond atomName1="CAF" atomName2="CAG"/>
      <Bond atomName1="CAF" atomName2="HAF"/>
      <Bond atomName1="CAG" atomName2="CAL"/>
      <Bond atomName1="CAG" atomName2="HAG"/>
      <Bond atomName1="CAH" atomName2="CAM"/>
      <Bond atomName1="CAH" atomName2="HAH"/>
      <Bond atomName1="CAK" atomName2="CAI"/>
      <Bond atomName1="CAJ" atomName2="CAI"/>
      <Bond atomName1="CAI" atomName2="HAI"/>
      <Bond atomName1="CBA" atomName2="CAJ"/>
      <Bond atomName1="CAJ" atomName2="HAJ"/>
      <Bond atomName1="CBB" atomName2="CAK"/>
      <Bond atomName1="CAK" atomName2="HAK"/>
      <Bond atomName1="CBE" atomName2="CAL"/>
      <Bond atomName1="CAL" atomName2="HAL"/>
      <Bond atomName1="CAM" atomName2="CBE"/>
      <Bond atomName1="CAM" atomName2="HAM"/>
      <Bond atomName1="CBC" atomName2="CAN"/>
      <Bond atomName1="CAN" atomName2="CAS"/>
      <Bond atomName1="CAN" atomName2="HAN"/>
      <Bond atomName1="CAQ" atomName2="CAO"/>
      <Bond atomName1="CAO" atomName2="CBD"/>
      <Bond atomName1="CAO" atomName2="HAO"/>
      <Bond atomName1="CAR" atomName2="CAP"/>
      <Bond atomName1="CAP" atomName2="CBD"/>
      <Bond atomName1="CAP" atomName2="HAP"/>
      <Bond atomName1="CBF" atomName2="CAQ"/>
      <Bond atomName1="CAQ" atomName2="HAQ"/>
      <Bond atomName1="CBF" atomName2="CAR"/>
      <Bond atomName1="CAR" atomName2="HAR"/>
      <Bond atomName1="CAS" atomName2="CBG"/>
      <Bond atomName1="CAS" atomName2="HAS"/>
      <Bond atomName1="CAT" atomName2="CBB"/>
      <Bond atomName1="CAT" atomName2="CBA"/>
      <Bond atomName1="CAT" atomName2="HAT"/>
      <Bond atomName1="CBC" atomName2="CAU"/>
      <Bond atomName1="CAU" atomName2="CBH"/>
      <Bond atomName1="CAU" atomName2="HAU"/>
      <Bond atomName1="CAZ" atomName2="NAV"/>
      <Bond atomName1="NAV" atomName2="CBA"/>
      <Bond atomName1="NAV" atomName2="HNAV"/>
      <Bond atomName1="OAW" atomName2="CBC"/>
      <Bond atomName1="OAW" atomName2="CBB"/>
      <Bond atomName1="CBG" atomName2="CAX"/>
      <Bond atomName1="CBH" atomName2="CAY"/>
      <Bond atomName1="CBD" atomName2="CAZ"/>
      <Bond atomName1="CBE" atomName2="CBF"/>
      <Bond atomName1="CBH" atomName2="CBG"/>
    </Residue>
  </Residues>
  <HarmonicBondForce>
    <Bond k="298068.1599999999" length="0.1379" type1="c" type2="ns"/>
    <Bond k="263759.3599999999" length="0.1412" type1="ca" type2="ns"/>
    <Bond k="441244.6399999999" length="0.1013" type1="hn" type2="ns"/>
  </HarmonicBondForce>
  <HarmonicAngleForce>
    <Angle angle="2.1476276445790226" k="952.2784" type1="ns" type2="c" type3="o"/>
    <Angle angle="2.0977112279719847" k="716.3008" type1="ca" type2="ca" type3="ns"/>
    <Angle angle="2.159146817642185" k="549.7776" type1="c" type2="ns" type3="ca"/>
    <Angle angle="2.051634535719334" k="407.52160000000003" type1="c" type2="ns" type3="hn"/>
    <Angle angle="2.0245819323134224" k="401.664" type1="ca" type2="ns" type3="hn"/>
    <Angle angle="2.011491962923465" k="714.6272000000001" type1="ca" type2="c" type3="ns"/>
  </HarmonicAngleForce>
  <PeriodicTorsionForce>
    <Proper k1="10.46" periodicity1="2" phase1="3.141592653589793" type1="o" type2="c" type3="ns" type4="ca"/>
    <Proper k1="10.46" k2="8.368" periodicity1="2" periodicity2="1" phase1="3.141592653589793" phase2="0.0" type1="o" type2="c" type3="ns" type4="hn"/>
    <Proper k1="3.9748" periodicity1="2" phase1="3.141592653589793" type1="ca" type2="ca" type3="ns" type4="c"/>
    <Proper k1="1.8828" periodicity1="2" phase1="3.141592653589793" type1="ca" type2="ca" type3="ns" type4="hn"/>
    <Proper k1="10.46" periodicity1="2" phase1="3.141592653589793" type1="ca" type2="c" type3="ns" type4="ca"/>
    <Proper k1="10.46" periodicity1="2" phase1="3.141592653589793" type1="ca" type2="c" type3="ns" type4="hn"/>
    <Improper k1="4.6024" periodicity1="2" phase1="3.141592653589793" type1="ca" type2="ca" type3="ca" type4="ha"/>
    <Improper k1="4.6024" periodicity1="2" phase1="3.141592653589793" type1="ca" type2="ca" type3="cp" type4="ha"/>
    <Improper k1="4.6024" periodicity1="2" phase1="3.141592653589793" type1="c" type2="ca" type3="o" type4="o"/>
    <Improper k1="43.932" periodicity1="2" phase1="3.141592653589793" type1="c" type2="ca" type3="ns" type4="o"/>
    <Improper k1="4.6024" periodicity1="2" phase1="3.141592653589793" type1="ca" type2="ca" type3="ca" type4="ns"/>
    <Improper k1="4.6024" periodicity1="2" phase1="3.141592653589793" type1="ca" type2="ca" type3="ca" type4="os"/>
    <Improper k1="4.6024" periodicity1="2" phase1="3.141592653589793" type1="ca" type2="c" type3="ca" type4="ca"/>
    <Improper k1="4.6024" periodicity1="2" phase1="3.141592653589793" type1="cp" type2="ca" type3="ca" type4="cp"/>
    <Improper k1="4.6024" periodicity1="2" phase1="3.141592653589793" type1="ns" type2="c" type3="ca" type4="hn"/>
  </PeriodicTorsionForce>
</ForceField>
