<ForceField>
  <Info>
    <DateGenerated>2019-07-05</DateGenerated>
  </Info>
  <Residues>
    <Residue name="MC_0FY">
      <Atom charge="-0.145" name="C34" type="ca"/>
      <Atom charge="-0.3443" name="C14" type="cc"/>
      <Atom charge="0.3642" name="C28" type="cd"/>
      <Atom charge="-0.0413" name="C25" type="cc"/>
      <Atom charge="-0.0183" name="C35" type="ca"/>
      <Atom charge="-0.0453" name="C37" type="ca"/>
      <Atom charge="-0.1041" name="C8" type="cc"/>
      <Atom charge="-0.2961" name="C10" type="cd"/>
      <Atom charge="0.1396" name="C33" type="ca"/>
      <Atom charge="0.0929" name="C38" type="ca"/>
      <Atom charge="0.0257" name="C9" type="cd"/>
      <Atom charge="0.3216" name="C15" type="cd"/>
      <Atom charge="0.1535" name="C13" type="cd"/>
      <Atom charge="-0.1758" name="C4" type="ca"/>
      <Atom charge="-0.2396" name="C6" type="ca"/>
      <Atom charge="0.7142" name="C3" type="ca"/>
      <Atom charge="0.4936" name="C1" type="ca"/>
      <Atom charge="0.6511" name="C30" type="c"/>
      <Atom charge="-0.1074" name="C21" type="c3"/>
      <Atom charge="-0.0904" name="C22" type="c3"/>
      <Atom charge="0.0988" name="C20" type="c3"/>
      <Atom charge="0.1058" name="C24" type="c3"/>
      <Atom charge="-0.0977" name="C23" type="c3"/>
      <Atom charge="-0.1484" name="C11" type="c3"/>
      <Atom charge="-0.1111" name="C40" type="c3"/>
      <Atom charge="0.0093" name="C29" type="c3"/>
      <Atom charge="-0.4408" name="N27" type="nc"/>
      <Atom charge="-0.4831" name="N16" type="nc"/>
      <Atom charge="-0.711" name="N2" type="nb"/>
      <Atom charge="0.0904" name="N26" type="na"/>
      <Atom charge="0.1437" name="N5" type="na"/>
      <Atom charge="-0.0391" name="N36" type="na"/>
      <Atom charge="-0.0624" name="N7" type="na"/>
      <Atom charge="-0.4561" name="N32" type="ns"/>
      <Atom charge="-0.7003" name="N12" type="nu"/>
      <Atom charge="-0.6504" name="N19" type="nx"/>
      <Atom charge="-0.5351" name="O31" type="o"/>
      <Atom charge="-0.0749" name="F39" type="f"/>
      <Atom charge="0.3492" name="S17" type="ss"/>
      <Atom charge="0.232" name="H34" type="ha"/>
      <Atom charge="0.167" name="H14" type="ha"/>
      <Atom charge="0.0591" name="H28" type="h4"/>
      <Atom charge="0.187" name="H25" type="h4"/>
      <Atom charge="0.221" name="H35" type="h4"/>
      <Atom charge="0.231" name="H37" type="h4"/>
      <Atom charge="0.231" name="H8" type="h4"/>
      <Atom charge="0.212" name="H6" type="h4"/>
      <Atom charge="0.0847" name="H211" type="hc"/>
      <Atom charge="0.0847" name="H212" type="hc"/>
      <Atom charge="0.0827" name="H222" type="hc"/>
      <Atom charge="0.0827" name="H221" type="hc"/>
      <Atom charge="0.0942" name="H201" type="hx"/>
      <Atom charge="0.0942" name="H202" type="hx"/>
      <Atom charge="0.1047" name="H242" type="hx"/>
      <Atom charge="0.1047" name="H241" type="hx"/>
      <Atom charge="0.1157" name="H23" type="hc"/>
      <Atom charge="0.086367" name="H111" type="hc"/>
      <Atom charge="0.086367" name="H113" type="hc"/>
      <Atom charge="0.086367" name="H112" type="hc"/>
      <Atom charge="0.056033" name="H402" type="hc"/>
      <Atom charge="0.056033" name="H403" type="hc"/>
      <Atom charge="0.056033" name="H401" type="hc"/>
      <Atom charge="0.1197" name="H181" type="hx"/>
      <Atom charge="0.1197" name="H182" type="hx"/>
      <Atom charge="0.1077" name="H292" type="h1"/>
      <Atom charge="0.1077" name="H291" type="h1"/>
      <Atom charge="0.3665" name="H32" type="hn"/>
      <Atom charge="0.4718" name="H12" type="hn"/>
      <Atom charge="0.3557" name="H36" type="hn"/>
      <Atom charge="0.3537" name="H7" type="hn"/>
      <Atom charge="0.4628" name="H19" type="hn"/>
      <Atom charge="0.0855" name="C18" type="c3"/>
      <Bond atomName1="C40" atomName2="C23"/>
      <Bond atomName1="C23" atomName2="C22"/>
      <Bond atomName1="C23" atomName2="C24"/>
      <Bond atomName1="C22" atomName2="C21"/>
      <Bond atomName1="C21" atomName2="C20"/>
      <Bond atomName1="C24" atomName2="N19"/>
      <Bond atomName1="N19" atomName2="C20"/>
      <Bond atomName1="N19" atomName2="C18"/>
      <Bond atomName1="N16" atomName2="S17"/>
      <Bond atomName1="N16" atomName2="C15"/>
      <Bond atomName1="S17" atomName2="C13"/>
      <Bond atomName1="C11" atomName2="C1"/>
      <Bond atomName1="C18" atomName2="C15"/>
      <Bond atomName1="C15" atomName2="C14"/>
      <Bond atomName1="C1" atomName2="N2"/>
      <Bond atomName1="C1" atomName2="C6"/>
      <Bond atomName1="N2" atomName2="C3"/>
      <Bond atomName1="N36" atomName2="C35"/>
      <Bond atomName1="N36" atomName2="C37"/>
      <Bond atomName1="C13" atomName2="C14"/>
      <Bond atomName1="C13" atomName2="N12"/>
      <Bond atomName1="C35" atomName2="C34"/>
      <Bond atomName1="C37" atomName2="C38"/>
      <Bond atomName1="C34" atomName2="C33"/>
      <Bond atomName1="C6" atomName2="N5"/>
      <Bond atomName1="C3" atomName2="N12"/>
      <Bond atomName1="C3" atomName2="C4"/>
      <Bond atomName1="C38" atomName2="C33"/>
      <Bond atomName1="C38" atomName2="F39"/>
      <Bond atomName1="C33" atomName2="N32"/>
      <Bond atomName1="N32" atomName2="C30"/>
      <Bond atomName1="O31" atomName2="C30"/>
      <Bond atomName1="N5" atomName2="C4"/>
      <Bond atomName1="N5" atomName2="C9"/>
      <Bond atomName1="C4" atomName2="N7"/>
      <Bond atomName1="C30" atomName2="C29"/>
      <Bond atomName1="C25" atomName2="N26"/>
      <Bond atomName1="C25" atomName2="C10"/>
      <Bond atomName1="C29" atomName2="N26"/>
      <Bond atomName1="C9" atomName2="C10"/>
      <Bond atomName1="C9" atomName2="C8"/>
      <Bond atomName1="N7" atomName2="C8"/>
      <Bond atomName1="N26" atomName2="N27"/>
      <Bond atomName1="C10" atomName2="C28"/>
      <Bond atomName1="N27" atomName2="C28"/>
      <Bond atomName1="C34" atomName2="H34"/>
      <Bond atomName1="C14" atomName2="H14"/>
      <Bond atomName1="C28" atomName2="H28"/>
      <Bond atomName1="C25" atomName2="H25"/>
      <Bond atomName1="C35" atomName2="H35"/>
      <Bond atomName1="C37" atomName2="H37"/>
      <Bond atomName1="C8" atomName2="H8"/>
      <Bond atomName1="C6" atomName2="H6"/>
      <Bond atomName1="C21" atomName2="H211"/>
      <Bond atomName1="C21" atomName2="H212"/>
      <Bond atomName1="C22" atomName2="H222"/>
      <Bond atomName1="C22" atomName2="H221"/>
      <Bond atomName1="C20" atomName2="H201"/>
      <Bond atomName1="C20" atomName2="H202"/>
      <Bond atomName1="C24" atomName2="H242"/>
      <Bond atomName1="C24" atomName2="H241"/>
      <Bond atomName1="C23" atomName2="H23"/>
      <Bond atomName1="C11" atomName2="H111"/>
      <Bond atomName1="C11" atomName2="H113"/>
      <Bond atomName1="C11" atomName2="H112"/>
      <Bond atomName1="C40" atomName2="H402"/>
      <Bond atomName1="C40" atomName2="H403"/>
      <Bond atomName1="C40" atomName2="H401"/>
      <Bond atomName1="C18" atomName2="H181"/>
      <Bond atomName1="C18" atomName2="H182"/>
      <Bond atomName1="C29" atomName2="H292"/>
      <Bond atomName1="C29" atomName2="H291"/>
      <Bond atomName1="N32" atomName2="H32"/>
      <Bond atomName1="N12" atomName2="H12"/>
      <Bond atomName1="N36" atomName2="H36"/>
      <Bond atomName1="N7" atomName2="H7"/>
      <Bond atomName1="N19" atomName2="H19"/>
    </Residue>
  </Residues>
  <HarmonicBondForce>
    <Bond k="263759.3599999999" length="0.1412" type1="ca" type2="ns"/>
    <Bond k="304176.79999999993" length="0.1373" type1="cd" type2="nu"/>
    <Bond k="290453.27999999997" length="0.1386" type1="ca" type2="nu"/>
    <Bond k="298068.1599999999" length="0.1379" type1="c" type2="ns"/>
    <Bond k="186271.67999999996" length="0.1511" type1="c3" type2="nx"/>
    <Bond k="441244.6399999999" length="0.1013" type1="hn" type2="ns"/>
    <Bond k="443085.5999999999" length="0.10120000000000001" type1="hn" type2="nu"/>
    <Bond k="404090.7199999999" length="0.10300000000000001" type1="hn" type2="nx"/>
  </HarmonicBondForce>
  <HarmonicAngleForce>
    <Angle angle="2.0977112279719847" k="716.3008" type1="ca" type2="ca" type3="ns"/>
    <Angle angle="2.161415745669778" k="722.1584" type1="cc" type2="cd" type3="nu"/>
    <Angle angle="2.159146817642185" k="549.7776" type1="c" type2="ns" type3="ca"/>
    <Angle angle="2.0245819323134224" k="401.664" type1="ca" type2="ns" type3="hn"/>
    <Angle angle="2.0172515494550463" k="681.9920000000001" type1="cd" type2="c3" type3="nx"/>
    <Angle angle="2.26543736908864" k="543.0832" type1="ca" type2="nu" type3="cd"/>
    <Angle angle="2.0181242140810434" k="412.5424" type1="cd" type2="nu" type3="hn"/>
    <Angle angle="1.626995928709114" k="832.616" type1="cd" type2="ss" type3="nc"/>
    <Angle angle="2.1109757302871417" k="721.3216000000001" type1="ca" type2="ca" type3="nu"/>
    <Angle angle="2.0258036627898184" k="408.3584" type1="ca" type2="nu" type3="hn"/>
    <Angle angle="2.051634535719334" k="407.52160000000003" type1="c" type2="ns" type3="hn"/>
    <Angle angle="1.9933405387027237" k="677.808" type1="c3" type2="c3" type3="nx"/>
    <Angle angle="1.9139280577369817" k="539.736" type1="c3" type2="nx" type3="c3"/>
    <Angle angle="1.9217820393709562" k="386.6016" type1="c3" type2="nx" type3="hn"/>
    <Angle angle="2.010270232447069" k="705.4224" type1="c3" type2="c" type3="ns"/>
    <Angle angle="2.040988027282169" k="938.0527999999999" type1="nb" type2="ca" type3="nu"/>
    <Angle angle="2.1476276445790226" k="952.2784" type1="ns" type2="c" type3="o"/>
    <Angle angle="2.125985561854293" k="670.2768" type1="nu" type2="cd" type3="ss"/>
    <Angle angle="1.8851301250790755" k="502.9168" type1="hx" type2="c3" type3="nx"/>
  </HarmonicAngleForce>
  <PeriodicTorsionForce>
    <Proper k1="3.9748" periodicity1="2" phase1="3.141592653589793" type1="ca" type2="ca" type3="ns" type4="c"/>
    <Proper k1="1.8828" periodicity1="2" phase1="3.141592653589793" type1="ca" type2="ca" type3="ns" type4="hn"/>
    <Proper k1="4.3932" periodicity1="2" phase1="3.141592653589793" type1="cc" type2="cd" type3="nu" type4="ca"/>
    <Proper k1="4.3932" periodicity1="2" phase1="3.141592653589793" type1="cc" type2="cd" type3="nu" type4="hn"/>
    <Proper k1="4.6024" periodicity1="2" phase1="3.141592653589793" type1="cc" type2="cd" type3="ss" type4="nc"/>
    <Proper k1="3.138" k2="2.092" periodicity1="2" periodicity2="3" phase1="3.141592653589793" phase2="0.0" type1="c3" type2="c" type3="ns" type4="ca"/>
    <Proper k1="10.46" periodicity1="2" phase1="3.141592653589793" type1="o" type2="c" type3="ns" type4="ca"/>
    <Proper k1="0.6508444444444444" periodicity1="3" phase1="0.0" type1="cd" type2="c3" type3="nx" type4="c3"/>
    <Proper k1="0.6508444444444444" periodicity1="3" phase1="0.0" type1="cd" type2="c3" type3="nx" type4="hn"/>
    <Proper k1="4.3932" periodicity1="2" phase1="3.141592653589793" type1="ca" type2="ca" type3="nu" type4="cd"/>
    <Proper k1="4.3932" periodicity1="2" phase1="3.141592653589793" type1="nb" type2="ca" type3="nu" type4="cd"/>
    <Proper k1="4.3932" periodicity1="2" phase1="3.141592653589793" type1="ca" type2="ca" type3="nu" type4="hn"/>
    <Proper k1="4.3932" periodicity1="2" phase1="3.141592653589793" type1="ss" type2="cd" type3="nu" type4="ca"/>
    <Proper k1="0.6527040000000001" periodicity1="3" phase1="0.0" type1="c3" type2="c3" type3="nx" type4="c3"/>
    <Proper k1="0.6508444444444444" periodicity1="3" phase1="0.0" type1="c3" type2="c3" type3="nx" type4="hn"/>
    <Proper k1="0.87864" periodicity1="3" phase1="0.0" type1="c3" type2="c3" type3="c3" type4="nx"/>
    <Proper k1="0.6508444444444444" periodicity1="3" phase1="0.0" type1="hx" type2="c3" type3="nx" type4="c3"/>
    <Proper k1="10.46" periodicity1="2" phase1="3.141592653589793" type1="c3" type2="c" type3="ns" type4="hn"/>
    <Proper k1="4.6024" periodicity1="2" phase1="3.141592653589793" type1="nu" type2="cd" type3="ss" type4="nc"/>
    <Proper k1="4.3932" periodicity1="2" phase1="3.141592653589793" type1="nb" type2="ca" type3="nu" type4="hn"/>
    <Proper k1="10.46" k2="8.368" periodicity1="2" periodicity2="1" phase1="3.141592653589793" phase2="0.0" type1="o" type2="c" type3="ns" type4="hn"/>
    <Proper k1="4.3932" periodicity1="2" phase1="3.141592653589793" type1="ss" type2="cd" type3="nu" type4="hn"/>
    <Proper k1="0.456056" periodicity1="3" phase1="0.0" type1="hx" type2="c3" type3="nx" type4="hn"/>
    <Improper k1="4.6024" periodicity1="2" phase1="3.141592653589793" type1="ca" type2="ca" type3="ca" type4="ha"/>
    <Improper k1="4.6024" periodicity1="2" phase1="3.141592653589793" type1="cc" type2="cd" type3="cd" type4="ha"/>
    <Improper k1="4.6024" periodicity1="2" phase1="3.141592653589793" type1="cd" type2="cd" type3="h4" type4="nc"/>
    <Improper k1="4.6024" periodicity1="2" phase1="3.141592653589793" type1="cc" type2="cd" type3="h4" type4="na"/>
    <Improper k1="4.6024" periodicity1="2" phase1="3.141592653589793" type1="ca" type2="ca" type3="h4" type4="na"/>
    <Improper k1="4.6024" periodicity1="2" phase1="3.141592653589793" type1="cd" type2="cc" type3="cd" type4="cd"/>
    <Improper k1="4.6024" periodicity1="2" phase1="3.141592653589793" type1="ca" type2="ca" type3="ca" type4="ns"/>
    <Improper k1="4.6024" periodicity1="2" phase1="3.141592653589793" type1="cd" type2="cc" type3="cd" type4="na"/>
    <Improper k1="4.6024" periodicity1="2" phase1="3.141592653589793" type1="cd" type2="c3" type3="cc" type4="nc"/>
    <Improper k1="4.6024" periodicity1="2" phase1="3.141592653589793" type1="cd" type2="cc" type3="nu" type4="ss"/>
    <Improper k1="4.6024" periodicity1="2" phase1="3.141592653589793" type1="ca" type2="ca" type3="na" type4="na"/>
    <Improper k1="4.6024" periodicity1="2" phase1="3.141592653589793" type1="ca" type2="ca" type3="nb" type4="nu"/>
    <Improper k1="4.6024" periodicity1="2" phase1="3.141592653589793" type1="ca" type2="c3" type3="ca" type4="nb"/>
    <Improper k1="43.932" periodicity1="2" phase1="3.141592653589793" type1="c" type2="c3" type3="ns" type4="o"/>
    <Improper k1="4.6024" periodicity1="2" phase1="3.141592653589793" type1="na" type2="c3" type3="cc" type4="nc"/>
    <Improper k1="4.6024" periodicity1="2" phase1="3.141592653589793" type1="na" type2="ca" type3="ca" type4="cd"/>
    <Improper k1="4.6024" periodicity1="2" phase1="3.141592653589793" type1="na" type2="ca" type3="ca" type4="hn"/>
    <Improper k1="4.6024" periodicity1="2" phase1="3.141592653589793" type1="na" type2="ca" type3="cc" type4="hn"/>
    <Improper k1="4.6024" periodicity1="2" phase1="3.141592653589793" type1="ns" type2="c" type3="ca" type4="hn"/>
    <Improper k1="4.6024" periodicity1="2" phase1="3.141592653589793" type1="nu" type2="ca" type3="cd" type4="hn"/>
  </PeriodicTorsionForce>
</ForceField>
