<ForceField>
  <Info>
    <DateGenerated>2019-07-05</DateGenerated>
  </Info>
  <Residues>
    <Residue name="MC_0FZ">
      <Atom charge="0.1257" name="CAB" type="c3"/>
      <Atom charge="-0.3149" name="OAR" type="os"/>
      <Atom charge="0.1771" name="CAX" type="ca"/>
      <Atom charge="-0.152" name="CAM" type="ca"/>
      <Atom charge="-0.23" name="CAW" type="ca"/>
      <Atom charge="-0.069" name="CAL" type="ca"/>
      <Atom charge="-0.2419" name="CAG" type="ca"/>
      <Atom charge="-0.0173" name="CAT" type="ca"/>
      <Atom charge="-0.0671" name="CAO" type="c3"/>
      <Atom charge="0.1178" name="CAN" type="c3"/>
      <Atom charge="-0.5789" name="NAP" type="n2"/>
      <Atom charge="0.4865" name="CAS" type="ce"/>
      <Atom charge="-0.0009" name="CAU" type="ca"/>
      <Atom charge="-0.113" name="CAI" type="ca"/>
      <Atom charge="-0.035" name="CAK" type="ca"/>
      <Atom charge="-0.113" name="CAH" type="ca"/>
      <Atom charge="-0.035" name="CAJ" type="ca"/>
      <Atom charge="-0.3435" name="CAV" type="ca"/>
      <Atom charge="1.2232" name="SAY" type="sy"/>
      <Atom charge="-0.5208" name="OAE" type="o"/>
      <Atom charge="-0.5208" name="OAF" type="o"/>
      <Atom charge="-0.8065" name="NAC" type="nz"/>
      <Atom charge="0.0487" name="H1" type="h1"/>
      <Atom charge="0.0487" name="H2" type="h1"/>
      <Atom charge="0.0487" name="H3" type="h1"/>
      <Atom charge="0.16" name="H4" type="ha"/>
      <Atom charge="0.146" name="H5" type="ha"/>
      <Atom charge="0.13" name="H6" type="ha"/>
      <Atom charge="0.0717" name="H7" type="hc"/>
      <Atom charge="0.0717" name="H8" type="hc"/>
      <Atom charge="0.0797" name="H9" type="h1"/>
      <Atom charge="0.0797" name="H10" type="h1"/>
      <Atom charge="0.1795" name="H14" type="ha"/>
      <Atom charge="0.155" name="H15" type="ha"/>
      <Atom charge="0.1795" name="H16" type="ha"/>
      <Atom charge="0.155" name="H17" type="ha"/>
      <Atom charge="0.491467" name="H18" type="hn"/>
      <Atom charge="0.491467" name="H19" type="hn"/>
      <Atom charge="0.491467" name="HAC3" type="hn"/>
      <Bond atomName1="CAB" atomName2="OAR"/>
      <Bond atomName1="OAR" atomName2="CAX"/>
      <Bond atomName1="CAX" atomName2="CAW"/>
      <Bond atomName1="CAX" atomName2="CAM"/>
      <Bond atomName1="CAW" atomName2="CAL"/>
      <Bond atomName1="CAM" atomName2="CAT"/>
      <Bond atomName1="CAL" atomName2="CAG"/>
      <Bond atomName1="CAT" atomName2="CAO"/>
      <Bond atomName1="CAT" atomName2="CAG"/>
      <Bond atomName1="CAO" atomName2="CAN"/>
      <Bond atomName1="CAG" atomName2="CAS"/>
      <Bond atomName1="CAN" atomName2="NAP"/>
      <Bond atomName1="CAS" atomName2="NAP"/>
      <Bond atomName1="CAS" atomName2="CAU"/>
      <Bond atomName1="CAU" atomName2="CAH"/>
      <Bond atomName1="CAU" atomName2="CAI"/>
      <Bond atomName1="CAH" atomName2="CAJ"/>
      <Bond atomName1="CAI" atomName2="CAK"/>
      <Bond atomName1="CAJ" atomName2="CAV"/>
      <Bond atomName1="CAK" atomName2="CAV"/>
      <Bond atomName1="CAV" atomName2="SAY"/>
      <Bond atomName1="NAC" atomName2="SAY"/>
      <Bond atomName1="OAF" atomName2="SAY"/>
      <Bond atomName1="SAY" atomName2="OAE"/>
      <Bond atomName1="CAB" atomName2="H1"/>
      <Bond atomName1="CAB" atomName2="H2"/>
      <Bond atomName1="CAB" atomName2="H3"/>
      <Bond atomName1="CAM" atomName2="H4"/>
      <Bond atomName1="CAW" atomName2="H5"/>
      <Bond atomName1="CAL" atomName2="H6"/>
      <Bond atomName1="CAO" atomName2="H7"/>
      <Bond atomName1="CAO" atomName2="H8"/>
      <Bond atomName1="CAN" atomName2="H9"/>
      <Bond atomName1="CAN" atomName2="H10"/>
      <Bond atomName1="CAI" atomName2="H14"/>
      <Bond atomName1="CAK" atomName2="H15"/>
      <Bond atomName1="CAH" atomName2="H16"/>
      <Bond atomName1="CAJ" atomName2="H17"/>
      <Bond atomName1="NAC" atomName2="H18"/>
      <Bond atomName1="NAC" atomName2="H19"/>
      <Bond atomName1="HAC3" atomName2="NAC"/>
    </Residue>
  </Residues>
  <HarmonicBondForce>
    <Bond k="116900.95999999996" length="0.19720000000000001" type1="nz" type2="sy"/>
    <Bond k="404090.7199999999" length="0.10300000000000001" type1="hn" type2="nz"/>
  </HarmonicBondForce>
  <HarmonicAngleForce>
    <Angle angle="1.7883516180559897" k="729.8653280000001" type1="ca" type2="sy" type3="nz"/>
    <Angle angle="1.9013616871226227" k="325.5152" type1="hn" type2="nz" type3="sy"/>
    <Angle angle="1.796292866152564" k="963.1568" type1="nz" type2="sy" type3="o"/>
    <Angle angle="1.8901915799098588" k="334.72" type1="hn" type2="nz" type3="hn"/>
  </HarmonicAngleForce>
  <PeriodicTorsionForce>
    <Proper k1="2.9288" periodicity1="2" phase1="3.141592653589793" type1="ca" type2="ca" type3="ce" type4="n2"/>
    <Proper k1="2.11292" periodicity1="2" phase1="3.141592653589793" type1="ca" type2="ca" type3="ce" type4="ca"/>
    <Proper k1="3.3472000000000004" periodicity1="2" phase1="3.141592653589793" type1="ca" type2="ce" type3="n2" type4="c3"/>
    <Proper k1="0.5578666666666667" periodicity1="3" phase1="0.0" type1="hn" type2="nz" type3="sy" type4="ca"/>
    <Proper k1="0.5578666666666667" periodicity1="3" phase1="0.0" type1="hn" type2="nz" type3="sy" type4="o"/>
    <Improper k1="4.6024" periodicity1="2" phase1="3.141592653589793" type1="ca" type2="ca" type3="ca" type4="os"/>
    <Improper k1="4.6024" periodicity1="2" phase1="3.141592653589793" type1="ca" type2="ca" type3="ca" type4="ha"/>
    <Improper k1="4.6024" periodicity1="2" phase1="3.141592653589793" type1="ca" type2="ca" type3="ca" type4="ce"/>
    <Improper k1="4.6024" periodicity1="2" phase1="3.141592653589793" type1="ce" type2="ca" type3="ca" type4="n2"/>
    <Improper k1="4.6024" periodicity1="2" phase1="3.141592653589793" type1="ca" type2="ca" type3="ca" type4="sy"/>
  </PeriodicTorsionForce>
</ForceField>
