<ForceField>
  <Info>
    <DateGenerated>2019-07-05</DateGenerated>
  </Info>
  <Residues>
    <Residue name="MC_0G0">
      <Atom charge="0.6887" name="C4" type="c"/>
      <Atom charge="-0.0347" name="C5" type="cc"/>
      <Atom charge="0.0026" name="C6" type="cd"/>
      <Atom charge="0.2256" name="C8" type="cc"/>
      <Atom charge="-0.2396" name="C9" type="cd"/>
      <Atom charge="-0.354" name="N1" type="n"/>
      <Atom charge="-0.5545" name="N3" type="ns"/>
      <Atom charge="0.8085" name="C2" type="c"/>
      <Atom charge="-0.5945" name="O4" type="o"/>
      <Atom charge="-0.1305" name="F5A" type="f"/>
      <Atom charge="-0.356" name="N5" type="nc"/>
      <Atom charge="-0.1848" name="N6" type="nd"/>
      <Atom charge="0.1024" name="N7" type="na"/>
      <Atom charge="0.2448" name="C1'" type="c3"/>
      <Atom charge="-0.3616" name="O4'" type="os"/>
      <Atom charge="0.1201" name="C4'" type="c3"/>
      <Atom charge="0.1504" name="C5'" type="c3"/>
      <Atom charge="-0.5948" name="O5'" type="oh"/>
      <Atom charge="0.1071" name="C3'" type="c3"/>
      <Atom charge="-0.5798" name="O3'" type="oh"/>
      <Atom charge="0.0871" name="C2'" type="c3"/>
      <Atom charge="-0.5898" name="O2'" type="oh"/>
      <Atom charge="0.186" name="H1" type="h4"/>
      <Atom charge="0.0852" name="H2" type="h1"/>
      <Atom charge="0.0852" name="H3" type="h1"/>
      <Atom charge="0.198" name="H4" type="h4"/>
      <Atom charge="0.3705" name="H5" type="hn"/>
      <Atom charge="0.1227" name="H6" type="h2"/>
      <Atom charge="0.1107" name="H7" type="h1"/>
      <Atom charge="0.0322" name="H8" type="h1"/>
      <Atom charge="0.0322" name="H9" type="h1"/>
      <Atom charge="0.405" name="H10" type="ho"/>
      <Atom charge="0.0647" name="H11" type="h1"/>
      <Atom charge="0.406" name="H12" type="ho"/>
      <Atom charge="0.0787" name="H13" type="h1"/>
      <Atom charge="0.414" name="H14" type="ho"/>
      <Atom charge="0.1087" name="C7" type="c3"/>
      <Atom charge="-0.6605" name="O2" type="o"/>
      <Bond atomName1="O2" atomName2="C2"/>
      <Bond atomName1="C2" atomName2="N3"/>
      <Bond atomName1="C2" atomName2="N1"/>
      <Bond atomName1="N3" atomName2="C4"/>
      <Bond atomName1="N5" atomName2="N6"/>
      <Bond atomName1="N5" atomName2="C8"/>
      <Bond atomName1="N6" atomName2="N7"/>
      <Bond atomName1="N1" atomName2="C7"/>
      <Bond atomName1="N1" atomName2="C6"/>
      <Bond atomName1="C7" atomName2="C8"/>
      <Bond atomName1="C4" atomName2="O4"/>
      <Bond atomName1="C4" atomName2="C5"/>
      <Bond atomName1="C8" atomName2="C9"/>
      <Bond atomName1="O5'" atomName2="C5'"/>
      <Bond atomName1="C5'" atomName2="C4'"/>
      <Bond atomName1="C6" atomName2="C5"/>
      <Bond atomName1="C5" atomName2="F5A"/>
      <Bond atomName1="C4'" atomName2="O4'"/>
      <Bond atomName1="C4'" atomName2="C3'"/>
      <Bond atomName1="N7" atomName2="C9"/>
      <Bond atomName1="N7" atomName2="C1'"/>
      <Bond atomName1="O3'" atomName2="C3'"/>
      <Bond atomName1="O4'" atomName2="C1'"/>
      <Bond atomName1="C3'" atomName2="C2'"/>
      <Bond atomName1="C1'" atomName2="C2'"/>
      <Bond atomName1="C2'" atomName2="O2'"/>
      <Bond atomName1="C6" atomName2="H1"/>
      <Bond atomName1="C7" atomName2="H2"/>
      <Bond atomName1="C7" atomName2="H3"/>
      <Bond atomName1="C9" atomName2="H4"/>
      <Bond atomName1="N3" atomName2="H5"/>
      <Bond atomName1="C1'" atomName2="H6"/>
      <Bond atomName1="C4'" atomName2="H7"/>
      <Bond atomName1="C5'" atomName2="H8"/>
      <Bond atomName1="C5'" atomName2="H9"/>
      <Bond atomName1="O5'" atomName2="H10"/>
      <Bond atomName1="C3'" atomName2="H11"/>
      <Bond atomName1="O3'" atomName2="H12"/>
      <Bond atomName1="C2'" atomName2="H13"/>
      <Bond atomName1="O2'" atomName2="H14"/>
    </Residue>
  </Residues>
  <HarmonicBondForce>
    <Bond k="298068.1599999999" length="0.1379" type1="c" type2="ns"/>
    <Bond k="441244.6399999999" length="0.1013" type1="hn" type2="ns"/>
  </HarmonicBondForce>
  <HarmonicAngleForce>
    <Angle angle="2.217964413434394" k="548.9408" type1="c" type2="ns" type3="c"/>
    <Angle angle="2.051634535719334" k="407.52160000000003" type1="c" type2="ns" type3="hn"/>
    <Angle angle="1.9669860669976094" k="728.8528" type1="cc" type2="c" type3="ns"/>
    <Angle angle="1.9819958985647608" k="940.5632" type1="n" type2="c" type3="ns"/>
    <Angle angle="2.1476276445790226" k="952.2784" type1="ns" type2="c" type3="o"/>
  </HarmonicAngleForce>
  <PeriodicTorsionForce>
    <Proper k1="10.46" periodicity1="2" phase1="3.141592653589793" type1="n" type2="c" type3="ns" type4="c"/>
    <Proper k1="10.46" periodicity1="2" phase1="3.141592653589793" type1="o" type2="c" type3="ns" type4="c"/>
    <Proper k1="10.46" periodicity1="2" phase1="3.141592653589793" type1="cc" type2="c" type3="ns" type4="c"/>
    <Proper k1="10.46" periodicity1="2" phase1="3.141592653589793" type1="cc" type2="c" type3="ns" type4="hn"/>
    <Proper k1="10.46" periodicity1="2" phase1="3.141592653589793" type1="n" type2="c" type3="ns" type4="hn"/>
    <Proper k1="10.46" k2="8.368" periodicity1="2" periodicity2="1" phase1="3.141592653589793" phase2="0.0" type1="o" type2="c" type3="ns" type4="hn"/>
    <Improper k1="43.932" periodicity1="2" phase1="3.141592653589793" type1="c" type2="cc" type3="ns" type4="o"/>
    <Improper k1="4.6024" periodicity1="2" phase1="3.141592653589793" type1="cc" type2="c" type3="cd" type4="f"/>
    <Improper k1="4.6024" periodicity1="2" phase1="3.141592653589793" type1="cd" type2="cc" type3="h4" type4="n"/>
    <Improper k1="4.6024" periodicity1="2" phase1="3.141592653589793" type1="cc" type2="c3" type3="cd" type4="nc"/>
    <Improper k1="4.6024" periodicity1="2" phase1="3.141592653589793" type1="cd" type2="cc" type3="h4" type4="na"/>
    <Improper k1="4.6024" periodicity1="2" phase1="3.141592653589793" type1="n" type2="c" type3="c3" type4="cd"/>
    <Improper k1="4.6024" periodicity1="2" phase1="3.141592653589793" type1="ns" type2="c" type3="c" type4="hn"/>
    <Improper k1="43.932" periodicity1="2" phase1="3.141592653589793" type1="c" type2="n" type3="ns" type4="o"/>
    <Improper k1="4.6024" periodicity1="2" phase1="3.141592653589793" type1="na" type2="c3" type3="cd" type4="nd"/>
  </PeriodicTorsionForce>
</ForceField>
