<ForceField>
  <Info>
    <DateGenerated>2019-07-05</DateGenerated>
  </Info>
  <Residues>
    <Residue name="MC_0GD">
      <Atom charge="-0.0498" name="C08" type="c3"/>
      <Atom charge="-0.0433" name="C04" type="ca"/>
      <Atom charge="-0.2533" name="C05" type="ca"/>
      <Atom charge="-0.2613" name="C03" type="ca"/>
      <Atom charge="0.6852" name="C02" type="ca"/>
      <Atom charge="-1.0835" name="N07" type="nv"/>
      <Atom charge="-0.718" name="N01" type="nb"/>
      <Atom charge="0.4968" name="C06" type="cp"/>
      <Atom charge="-0.1455" name="C09" type="cp"/>
      <Atom charge="-0.102" name="C10" type="ca"/>
      <Atom charge="-0.123" name="C11" type="ca"/>
      <Atom charge="-0.102" name="C14" type="ca"/>
      <Atom charge="-0.123" name="C13" type="ca"/>
      <Atom charge="-0.0783" name="C12" type="ca"/>
      <Atom charge="0.2041" name="C15" type="c3"/>
      <Atom charge="-0.8172" name="N16" type="n7"/>
      <Atom charge="0.1598" name="C17" type="c3"/>
      <Atom charge="-0.0371" name="C18" type="c3"/>
      <Atom charge="-0.0583" name="C19" type="ca"/>
      <Atom charge="-0.166" name="C20" type="ca"/>
      <Atom charge="0.1349" name="C21" type="ca"/>
      <Atom charge="-0.1419" name="F25" type="f"/>
      <Atom charge="-0.171" name="C22" type="ca"/>
      <Atom charge="-0.101" name="C23" type="ca"/>
      <Atom charge="-0.14" name="C24" type="ca"/>
      <Atom charge="0.047367" name="H081" type="hc"/>
      <Atom charge="0.047367" name="H082" type="hc"/>
      <Atom charge="0.047367" name="H083" type="hc"/>
      <Atom charge="0.141" name="H05" type="ha"/>
      <Atom charge="0.143" name="H03" type="ha"/>
      <Atom charge="0.4353" name="H071" type="hn"/>
      <Atom charge="0.4353" name="H072" type="hn"/>
      <Atom charge="0.144" name="H10" type="ha"/>
      <Atom charge="0.144" name="H14" type="ha"/>
      <Atom charge="0.1325" name="H11" type="ha"/>
      <Atom charge="0.1325" name="H13" type="ha"/>
      <Atom charge="0.0387" name="H151" type="h1"/>
      <Atom charge="0.0387" name="H152" type="h1"/>
      <Atom charge="0.3568" name="H16" type="hn"/>
      <Atom charge="0.0362" name="H171" type="h1"/>
      <Atom charge="0.0362" name="H172" type="h1"/>
      <Atom charge="0.0582" name="H181" type="hc"/>
      <Atom charge="0.0582" name="H182" type="hc"/>
      <Atom charge="0.145" name="H20" type="ha"/>
      <Atom charge="0.137" name="H24" type="ha"/>
      <Atom charge="0.144" name="H22" type="ha"/>
      <Atom charge="0.137" name="H23" type="ha"/>
      <Bond atomName1="C08" atomName2="C04"/>
      <Bond atomName1="C04" atomName2="C05"/>
      <Bond atomName1="C04" atomName2="C03"/>
      <Bond atomName1="C05" atomName2="C06"/>
      <Bond atomName1="C03" atomName2="C02"/>
      <Bond atomName1="C02" atomName2="N07"/>
      <Bond atomName1="C02" atomName2="N01"/>
      <Bond atomName1="N01" atomName2="C06"/>
      <Bond atomName1="C06" atomName2="C09"/>
      <Bond atomName1="C09" atomName2="C10"/>
      <Bond atomName1="C09" atomName2="C14"/>
      <Bond atomName1="C10" atomName2="C11"/>
      <Bond atomName1="C11" atomName2="C12"/>
      <Bond atomName1="C14" atomName2="C13"/>
      <Bond atomName1="C13" atomName2="C12"/>
      <Bond atomName1="C12" atomName2="C15"/>
      <Bond atomName1="C15" atomName2="N16"/>
      <Bond atomName1="N16" atomName2="C17"/>
      <Bond atomName1="C17" atomName2="C18"/>
      <Bond atomName1="C18" atomName2="C19"/>
      <Bond atomName1="C19" atomName2="C20"/>
      <Bond atomName1="C19" atomName2="C24"/>
      <Bond atomName1="C20" atomName2="C21"/>
      <Bond atomName1="C21" atomName2="F25"/>
      <Bond atomName1="C21" atomName2="C22"/>
      <Bond atomName1="C22" atomName2="C23"/>
      <Bond atomName1="C23" atomName2="C24"/>
      <Bond atomName1="C08" atomName2="H081"/>
      <Bond atomName1="C08" atomName2="H082"/>
      <Bond atomName1="C08" atomName2="H083"/>
      <Bond atomName1="C05" atomName2="H05"/>
      <Bond atomName1="C03" atomName2="H03"/>
      <Bond atomName1="N07" atomName2="H071"/>
      <Bond atomName1="N07" atomName2="H072"/>
      <Bond atomName1="C10" atomName2="H10"/>
      <Bond atomName1="C14" atomName2="H14"/>
      <Bond atomName1="C11" atomName2="H11"/>
      <Bond atomName1="C13" atomName2="H13"/>
      <Bond atomName1="C15" atomName2="H151"/>
      <Bond atomName1="C15" atomName2="H152"/>
      <Bond atomName1="N16" atomName2="H16"/>
      <Bond atomName1="C17" atomName2="H171"/>
      <Bond atomName1="C17" atomName2="H172"/>
      <Bond atomName1="C18" atomName2="H181"/>
      <Bond atomName1="C18" atomName2="H182"/>
      <Bond atomName1="C20" atomName2="H20"/>
      <Bond atomName1="C24" atomName2="H24"/>
      <Bond atomName1="C22" atomName2="H22"/>
      <Bond atomName1="C23" atomName2="H23"/>
    </Residue>
  </Residues>
  <HarmonicBondForce>
    <Bond k="290453.27999999997" length="0.1386" type1="ca" type2="nv"/>
    <Bond k="443085.5999999999" length="0.10120000000000001" type1="hn" type2="nv"/>
    <Bond k="218572.15999999995" length="0.14650000000000002" type1="c3" type2="n7"/>
    <Bond k="427855.8399999999" length="0.10189999999999999" type1="hn" type2="n7"/>
  </HarmonicBondForce>
  <HarmonicAngleForce>
    <Angle angle="2.1109757302871417" k="721.3216000000001" type1="ca" type2="ca" type3="nv"/>
    <Angle angle="2.0258036627898184" k="408.3584" type1="ca" type2="nv" type3="hn"/>
    <Angle angle="2.040988027282169" k="938.0527999999999" type1="nb" type2="ca" type3="nv"/>
    <Angle angle="1.95756128903684" k="698.7280000000001" type1="ca" type2="c3" type3="n7"/>
    <Angle angle="1.9608774146156291" k="549.7776" type1="c3" type2="n7" type3="c3"/>
    <Angle angle="1.9074703395046029" k="399.99039999999997" type1="c3" type2="n7" type3="hn"/>
    <Angle angle="1.9177677820913692" k="512.1216000000001" type1="h1" type2="c3" type3="n7"/>
    <Angle angle="1.9380136014145037" k="697.0544" type1="c3" type2="c3" type3="n7"/>
    <Angle angle="2.0092230348958724" k="330.536" type1="hn" type2="nv" type3="hn"/>
  </HarmonicAngleForce>
  <PeriodicTorsionForce>
    <Proper k1="2.0710800000000003" periodicity1="3" phase1="0.0" type1="ca" type2="cp" type3="nb" type4="ca"/>
    <Proper k1="4.3932" periodicity1="2" phase1="3.141592653589793" type1="ca" type2="ca" type3="nv" type4="hn"/>
    <Proper k1="2.0710800000000003" periodicity1="3" phase1="0.0" type1="cp" type2="cp" type3="nb" type4="ca"/>
    <Proper k1="4.3932" periodicity1="2" phase1="3.141592653589793" type1="nb" type2="ca" type3="nv" type4="hn"/>
    <Proper k1="1.2552" periodicity1="3" phase1="0.0" type1="ca" type2="c3" type3="n7" type4="c3"/>
    <Proper k1="1.2552" periodicity1="3" phase1="0.0" type1="ca" type2="c3" type3="n7" type4="hn"/>
    <Proper k1="0.9414" periodicity1="3" phase1="0.0" type1="h1" type2="c3" type3="n7" type4="c3"/>
    <Proper k1="0.41840000000000005" periodicity1="3" phase1="0.0" type1="ca" type2="c3" type3="c3" type4="n7"/>
    <Proper k1="0.41840000000000005" periodicity1="3" phase1="0.0" type1="hc" type2="c3" type3="c3" type4="n7"/>
    <Proper k1="0.9079280000000001" periodicity1="3" phase1="0.0" type1="c3" type2="c3" type3="n7" type4="hn"/>
    <Proper k1="1.2552" periodicity1="3" phase1="0.0" type1="h1" type2="c3" type3="n7" type4="hn"/>
    <Improper k1="4.6024" periodicity1="2" phase1="3.141592653589793" type1="ca" type2="ca" type3="cp" type4="ha"/>
    <Improper k1="4.6024" periodicity1="2" phase1="3.141592653589793" type1="ca" type2="ca" type3="ca" type4="ha"/>
    <Improper k1="4.6024" periodicity1="2" phase1="3.141592653589793" type1="ca" type2="ca" type3="nb" type4="nv"/>
    <Improper k1="4.6024" periodicity1="2" phase1="3.141592653589793" type1="nv" type2="ca" type3="hn" type4="hn"/>
    <Improper k1="4.6024" periodicity1="2" phase1="3.141592653589793" type1="cp" type2="ca" type3="cp" type4="nb"/>
    <Improper k1="4.6024" periodicity1="2" phase1="3.141592653589793" type1="cp" type2="ca" type3="ca" type4="cp"/>
  </PeriodicTorsionForce>
</ForceField>
