<ForceField>
  <Info>
    <DateGenerated>2019-07-05</DateGenerated>
  </Info>
  <Residues>
    <Residue name="MC_0GF">
      <Atom charge="0.8802" name="C23" type="c"/>
      <Atom charge="-0.0856" name="C24" type="ca"/>
      <Atom charge="-0.105" name="C25" type="ca"/>
      <Atom charge="-0.0893" name="C26" type="ca"/>
      <Atom charge="-0.0319" name="C27" type="ca"/>
      <Atom charge="-0.134" name="C28" type="ca"/>
      <Atom charge="-0.099" name="C29" type="ca"/>
      <Atom charge="-0.0458" name="C30" type="c3"/>
      <Atom charge="-0.8328" name="O7" type="o"/>
      <Atom charge="-0.1661" name="Br" type="br"/>
      <Atom charge="0.153" name="H24" type="ha"/>
      <Atom charge="0.12" name="H25" type="ha"/>
      <Atom charge="0.16" name="H26" type="ha"/>
      <Atom charge="0.0367" name="H27" type="hc"/>
      <Atom charge="0.0367" name="H28" type="hc"/>
      <Atom charge="0.0367" name="H29" type="hc"/>
      <Atom charge="-0.8328" name="OXT" type="o"/>
      <Bond atomName1="Br" atomName2="C27"/>
      <Bond atomName1="C30" atomName2="C26"/>
      <Bond atomName1="C27" atomName2="C26"/>
      <Bond atomName1="C27" atomName2="C28"/>
      <Bond atomName1="C26" atomName2="C25"/>
      <Bond atomName1="C28" atomName2="C29"/>
      <Bond atomName1="C25" atomName2="C24"/>
      <Bond atomName1="C29" atomName2="C24"/>
      <Bond atomName1="C24" atomName2="C23"/>
      <Bond atomName1="C23" atomName2="O7"/>
      <Bond atomName1="C25" atomName2="H24"/>
      <Bond atomName1="C28" atomName2="H25"/>
      <Bond atomName1="C29" atomName2="H26"/>
      <Bond atomName1="C30" atomName2="H27"/>
      <Bond atomName1="C30" atomName2="H28"/>
      <Bond atomName1="C30" atomName2="H29"/>
      <Bond atomName1="C23" atomName2="OXT"/>
    </Residue>
  </Residues>
  <PeriodicTorsionForce>
    <Improper k1="4.6024" periodicity1="2" phase1="3.141592653589793" type1="c" type2="ca" type3="o" type4="o"/>
    <Improper k1="4.6024" periodicity1="2" phase1="3.141592653589793" type1="ca" type2="c" type3="ca" type4="ca"/>
    <Improper k1="4.6024" periodicity1="2" phase1="3.141592653589793" type1="ca" type2="ca" type3="ca" type4="ha"/>
  </PeriodicTorsionForce>
</ForceField>
