<ForceField>
  <Info>
    <DateGenerated>2019-07-05</DateGenerated>
  </Info>
  <Residues>
    <Residue name="MC_0GO">
      <Atom charge="-0.6936" name="N1" type="n3"/>
      <Atom charge="0.0882" name="C2" type="c3"/>
      <Atom charge="-0.0784" name="C3" type="c3"/>
      <Atom charge="-0.0904" name="C4" type="c3"/>
      <Atom charge="0.1518" name="C5" type="c3"/>
      <Atom charge="-0.1264" name="C6" type="c3"/>
      <Atom charge="0.105" name="C7" type="c3"/>
      <Atom charge="-0.4858" name="N8" type="n"/>
      <Atom charge="0.7445" name="C9" type="c"/>
      <Atom charge="-0.6075" name="O10" type="o"/>
      <Atom charge="0.0667" name="C11" type="c3"/>
      <Atom charge="0.6441" name="C12" type="c"/>
      <Atom charge="-0.5839" name="N13" type="ns"/>
      <Atom charge="-0.5721" name="O14" type="o"/>
      <Atom charge="0.1508" name="C15" type="c3"/>
      <Atom charge="-0.0834" name="C16" type="c3"/>
      <Atom charge="-0.0941" name="C17" type="c3"/>
      <Atom charge="-0.1061" name="C18" type="c3"/>
      <Atom charge="0.1207" name="C19" type="c3"/>
      <Atom charge="0.1351" name="C20" type="c3"/>
      <Atom charge="0.1368" name="C21" type="c3"/>
      <Atom charge="-0.8122" name="N22" type="n7"/>
      <Atom charge="0.2061" name="C23" type="c3"/>
      <Atom charge="-0.0481" name="C24" type="c3"/>
      <Atom charge="-0.0653" name="C25" type="ca"/>
      <Atom charge="-0.1165" name="C26" type="ca"/>
      <Atom charge="-0.1205" name="C27" type="ca"/>
      <Atom charge="-0.128" name="C28" type="ca"/>
      <Atom charge="-0.1205" name="C29" type="ca"/>
      <Atom charge="-0.1165" name="C30" type="ca"/>
      <Atom charge="-0.5978" name="O31" type="oh"/>
      <Atom charge="-0.0873" name="C32" type="ca"/>
      <Atom charge="-0.108" name="C33" type="ca"/>
      <Atom charge="-0.129" name="C34" type="ca"/>
      <Atom charge="-0.121" name="C35" type="ca"/>
      <Atom charge="-0.0773" name="C36" type="ca"/>
      <Atom charge="-0.123" name="C37" type="ca"/>
      <Atom charge="-0.0304" name="C38" type="c3"/>
      <Atom charge="-0.0851" name="C39" type="c3"/>
      <Atom charge="-0.0851" name="C40" type="c3"/>
      <Atom charge="0.0617" name="H2" type="hc"/>
      <Atom charge="0.0617" name="H3" type="hc"/>
      <Atom charge="0.0602" name="H4" type="hc"/>
      <Atom charge="0.0602" name="H5" type="hc"/>
      <Atom charge="0.0432" name="H6" type="h1"/>
      <Atom charge="0.0432" name="H7" type="h1"/>
      <Atom charge="0.0697" name="H8" type="hc"/>
      <Atom charge="0.0697" name="H9" type="hc"/>
      <Atom charge="0.0427" name="H10" type="h1"/>
      <Atom charge="0.0427" name="H11" type="h1"/>
      <Atom charge="0.0667" name="H12" type="h1"/>
      <Atom charge="0.3135" name="H13" type="hn"/>
      <Atom charge="0.0357" name="H14" type="h1"/>
      <Atom charge="0.0357" name="H15" type="h1"/>
      <Atom charge="0.0507" name="H16" type="hc"/>
      <Atom charge="0.0507" name="H17" type="hc"/>
      <Atom charge="0.033033" name="H18" type="hc"/>
      <Atom charge="0.033033" name="H19" type="hc"/>
      <Atom charge="0.033033" name="H20" type="hc"/>
      <Atom charge="0.051367" name="H21" type="hc"/>
      <Atom charge="0.051367" name="H22" type="hc"/>
      <Atom charge="0.051367" name="H23" type="hc"/>
      <Atom charge="0.0897" name="H24" type="h1"/>
      <Atom charge="0.0387" name="H25" type="h1"/>
      <Atom charge="0.0462" name="H26" type="h1"/>
      <Atom charge="0.0462" name="H27" type="h1"/>
      <Atom charge="0.3508" name="H28" type="hn"/>
      <Atom charge="0.0397" name="H30" type="h1"/>
      <Atom charge="0.0397" name="H31" type="h1"/>
      <Atom charge="0.0607" name="H32" type="hc"/>
      <Atom charge="0.0607" name="H33" type="hc"/>
      <Atom charge="0.1215" name="H34" type="ha"/>
      <Atom charge="0.1215" name="H35" type="ha"/>
      <Atom charge="0.121" name="H36" type="ha"/>
      <Atom charge="0.1215" name="H37" type="ha"/>
      <Atom charge="0.1215" name="H38" type="ha"/>
      <Atom charge="0.407" name="H39" type="ho"/>
      <Atom charge="0.136" name="H40" type="ha"/>
      <Atom charge="0.13" name="H41" type="ha"/>
      <Atom charge="0.131" name="H42" type="ha"/>
      <Atom charge="0.127" name="H43" type="ha"/>
      <Atom charge="0.0537" name="H44" type="hc"/>
      <Atom charge="0.036367" name="H45" type="hc"/>
      <Atom charge="0.036367" name="H46" type="hc"/>
      <Atom charge="0.036367" name="H47" type="hc"/>
      <Atom charge="0.036367" name="H48" type="hc"/>
      <Atom charge="0.036367" name="H49" type="hc"/>
      <Atom charge="0.036367" name="H50" type="hc"/>
      <Bond atomName1="O10" atomName2="C9"/>
      <Bond atomName1="C18" atomName2="C11"/>
      <Bond atomName1="C3" atomName2="C4"/>
      <Bond atomName1="C3" atomName2="C2"/>
      <Bond atomName1="C9" atomName2="C2"/>
      <Bond atomName1="C9" atomName2="N8"/>
      <Bond atomName1="C4" atomName2="C5"/>
      <Bond atomName1="C11" atomName2="N8"/>
      <Bond atomName1="C11" atomName2="C12"/>
      <Bond atomName1="C5" atomName2="N1"/>
      <Bond atomName1="C2" atomName2="N1"/>
      <Bond atomName1="C2" atomName2="C6"/>
      <Bond atomName1="N8" atomName2="C7"/>
      <Bond atomName1="N1" atomName2="C15"/>
      <Bond atomName1="C23" atomName2="N22"/>
      <Bond atomName1="C23" atomName2="C32"/>
      <Bond atomName1="C12" atomName2="O14"/>
      <Bond atomName1="C12" atomName2="N13"/>
      <Bond atomName1="C33" atomName2="C32"/>
      <Bond atomName1="C33" atomName2="C34"/>
      <Bond atomName1="C16" atomName2="C15"/>
      <Bond atomName1="C16" atomName2="C17"/>
      <Bond atomName1="N22" atomName2="C21"/>
      <Bond atomName1="C7" atomName2="C6"/>
      <Bond atomName1="C21" atomName2="C20"/>
      <Bond atomName1="C32" atomName2="C37"/>
      <Bond atomName1="N13" atomName2="C19"/>
      <Bond atomName1="C34" atomName2="C35"/>
      <Bond atomName1="C20" atomName2="C19"/>
      <Bond atomName1="C20" atomName2="O31"/>
      <Bond atomName1="C37" atomName2="C36"/>
      <Bond atomName1="C19" atomName2="C24"/>
      <Bond atomName1="C35" atomName2="C36"/>
      <Bond atomName1="C36" atomName2="C38"/>
      <Bond atomName1="C24" atomName2="C25"/>
      <Bond atomName1="C25" atomName2="C30"/>
      <Bond atomName1="C25" atomName2="C26"/>
      <Bond atomName1="C30" atomName2="C29"/>
      <Bond atomName1="C26" atomName2="C27"/>
      <Bond atomName1="C29" atomName2="C28"/>
      <Bond atomName1="C38" atomName2="C40"/>
      <Bond atomName1="C38" atomName2="C39"/>
      <Bond atomName1="C27" atomName2="C28"/>
      <Bond atomName1="C3" atomName2="H2"/>
      <Bond atomName1="C3" atomName2="H3"/>
      <Bond atomName1="C4" atomName2="H4"/>
      <Bond atomName1="C4" atomName2="H5"/>
      <Bond atomName1="C5" atomName2="H6"/>
      <Bond atomName1="C5" atomName2="H7"/>
      <Bond atomName1="C6" atomName2="H8"/>
      <Bond atomName1="C6" atomName2="H9"/>
      <Bond atomName1="C7" atomName2="H10"/>
      <Bond atomName1="C7" atomName2="H11"/>
      <Bond atomName1="C11" atomName2="H12"/>
      <Bond atomName1="N13" atomName2="H13"/>
      <Bond atomName1="C15" atomName2="H14"/>
      <Bond atomName1="C15" atomName2="H15"/>
      <Bond atomName1="C16" atomName2="H16"/>
      <Bond atomName1="C16" atomName2="H17"/>
      <Bond atomName1="C17" atomName2="H18"/>
      <Bond atomName1="C17" atomName2="H19"/>
      <Bond atomName1="C17" atomName2="H20"/>
      <Bond atomName1="C18" atomName2="H21"/>
      <Bond atomName1="C18" atomName2="H22"/>
      <Bond atomName1="C18" atomName2="H23"/>
      <Bond atomName1="C19" atomName2="H24"/>
      <Bond atomName1="C20" atomName2="H25"/>
      <Bond atomName1="C21" atomName2="H26"/>
      <Bond atomName1="C21" atomName2="H27"/>
      <Bond atomName1="N22" atomName2="H28"/>
      <Bond atomName1="C23" atomName2="H30"/>
      <Bond atomName1="C23" atomName2="H31"/>
      <Bond atomName1="C24" atomName2="H32"/>
      <Bond atomName1="C24" atomName2="H33"/>
      <Bond atomName1="C26" atomName2="H34"/>
      <Bond atomName1="C27" atomName2="H35"/>
      <Bond atomName1="C28" atomName2="H36"/>
      <Bond atomName1="C29" atomName2="H37"/>
      <Bond atomName1="C30" atomName2="H38"/>
      <Bond atomName1="O31" atomName2="H39"/>
      <Bond atomName1="C33" atomName2="H40"/>
      <Bond atomName1="C34" atomName2="H41"/>
      <Bond atomName1="C35" atomName2="H42"/>
      <Bond atomName1="C37" atomName2="H43"/>
      <Bond atomName1="C38" atomName2="H44"/>
      <Bond atomName1="C39" atomName2="H45"/>
      <Bond atomName1="C39" atomName2="H46"/>
      <Bond atomName1="C39" atomName2="H47"/>
      <Bond atomName1="C40" atomName2="H48"/>
      <Bond atomName1="C40" atomName2="H49"/>
      <Bond atomName1="C40" atomName2="H50"/>
    </Residue>
  </Residues>
  <HarmonicBondForce>
    <Bond k="298068.1599999999" length="0.1379" type1="c" type2="ns"/>
    <Bond k="220747.83999999997" length="0.1462" type1="c3" type2="ns"/>
    <Bond k="441244.6399999999" length="0.1013" type1="hn" type2="ns"/>
    <Bond k="218572.15999999995" length="0.14650000000000002" type1="c3" type2="n7"/>
    <Bond k="427855.8399999999" length="0.10189999999999999" type1="hn" type2="n7"/>
  </HarmonicBondForce>
  <HarmonicAngleForce>
    <Angle angle="2.010270232447069" k="705.4224" type1="c3" type2="c" type3="ns"/>
    <Angle angle="2.1064378742319563" k="546.4304" type1="c" type2="ns" type3="c3"/>
    <Angle angle="2.051634535719334" k="407.52160000000003" type1="c" type2="ns" type3="hn"/>
    <Angle angle="2.1476276445790226" k="952.2784" type1="ns" type2="c" type3="o"/>
    <Angle angle="1.9479619781508712" k="696.2176000000001" type1="c3" type2="c3" type3="ns"/>
    <Angle angle="1.900314489571426" k="514.6320000000001" type1="h1" type2="c3" type3="ns"/>
    <Angle angle="2.053903463746927" k="385.76480000000004" type1="c3" type2="ns" type3="hn"/>
    <Angle angle="1.9380136014145037" k="697.0544" type1="c3" type2="c3" type3="n7"/>
    <Angle angle="1.9608774146156291" k="549.7776" type1="c3" type2="n7" type3="c3"/>
    <Angle angle="1.9074703395046029" k="399.99039999999997" type1="c3" type2="n7" type3="hn"/>
    <Angle angle="1.9177677820913692" k="512.1216000000001" type1="h1" type2="c3" type3="n7"/>
    <Angle angle="1.95756128903684" k="698.7280000000001" type1="ca" type2="c3" type3="n7"/>
  </HarmonicAngleForce>
  <PeriodicTorsionForce>
    <Proper k1="0.41840000000000005" k2="8.870080000000002" periodicity1="1" periodicity2="2" phase1="3.141592653589793" phase2="3.141592653589793" type1="ns" type2="c" type3="c3" type4="n"/>
    <Proper k1="1.0878400000000001" k2="2.092" periodicity1="2" periodicity2="1" phase1="3.141592653589793" phase2="0.0" type1="c3" type2="c" type3="ns" type4="c3"/>
    <Proper k1="10.46" periodicity1="2" phase1="3.141592653589793" type1="c3" type2="c" type3="ns" type4="hn"/>
    <Proper k1="0.41840000000000005" k2="0.7112800000000001" k3="4.26768" periodicity1="4" periodicity2="3" periodicity3="1" phase1="3.141592653589793" phase2="0.0" phase3="3.141592653589793" type1="c3" type2="c3" type3="ns" type4="c"/>
    <Proper k1="0.0" periodicity1="2" phase1="3.141592653589793" type1="h1" type2="c3" type3="ns" type4="c"/>
    <Proper k1="0.0" k2="2.97064" periodicity1="4" periodicity2="2" phase1="3.141592653589793" phase2="3.141592653589793" type1="ns" type2="c" type3="c3" type4="c3"/>
    <Proper k1="0.41840000000000005" periodicity1="3" phase1="0.0" type1="c3" type2="c3" type3="c3" type4="ns"/>
    <Proper k1="0.42258400000000007" periodicity1="3" phase1="0.0" type1="ns" type2="c3" type3="c3" type4="oh"/>
    <Proper k1="0.87864" periodicity1="3" phase1="0.0" type1="ca" type2="c3" type3="c3" type4="ns"/>
    <Proper k1="10.46" periodicity1="2" phase1="3.141592653589793" type1="o" type2="c" type3="ns" type4="c3"/>
    <Proper k1="10.46" k2="8.368" periodicity1="2" periodicity2="1" phase1="3.141592653589793" phase2="0.0" type1="o" type2="c" type3="ns" type4="hn"/>
    <Proper k1="0.87864" periodicity1="3" phase1="0.0" type1="c3" type2="c3" type3="c3" type4="n7"/>
    <Proper k1="0.0" periodicity1="2" phase1="0.0" type1="c3" type2="c3" type3="ns" type4="hn"/>
    <Proper k1="0.9079280000000001" periodicity1="3" phase1="0.0" type1="c3" type2="c3" type3="n7" type4="hn"/>
    <Proper k1="1.2552" periodicity1="3" phase1="0.0" type1="ca" type2="c3" type3="n7" type4="c3"/>
    <Proper k1="0.9414" periodicity1="3" phase1="0.0" type1="h1" type2="c3" type3="n7" type4="c3"/>
    <Proper k1="1.2552" periodicity1="3" phase1="0.0" type1="ca" type2="c3" type3="n7" type4="hn"/>
    <Proper k1="0.0" periodicity1="2" phase1="0.0" type1="h1" type2="c3" type3="ns" type4="hn"/>
    <Proper k1="1.2552" periodicity1="3" phase1="0.0" type1="h1" type2="c3" type3="n7" type4="hn"/>
    <Improper k1="4.6024" periodicity1="2" phase1="3.141592653589793" type1="n" type2="c" type3="c3" type4="c3"/>
    <Improper k1="43.932" periodicity1="2" phase1="3.141592653589793" type1="c" type2="c3" type3="n" type4="o"/>
    <Improper k1="43.932" periodicity1="2" phase1="3.141592653589793" type1="c" type2="c3" type3="ns" type4="o"/>
    <Improper k1="4.6024" periodicity1="2" phase1="3.141592653589793" type1="ns" type2="c" type3="c3" type4="hn"/>
    <Improper k1="4.6024" periodicity1="2" phase1="3.141592653589793" type1="ca" type2="ca" type3="ca" type4="ha"/>
  </PeriodicTorsionForce>
</ForceField>
