<ForceField>
  <Info>
    <DateGenerated>2019-07-05</DateGenerated>
  </Info>
  <Residues>
    <Residue name="MC_0GV">
      <Atom charge="-0.0268" name="C10" type="c3"/>
      <Atom charge="-0.0774" name="C11" type="c3"/>
      <Atom charge="-0.0674" name="C12" type="c3"/>
      <Atom charge="-0.067" name="C13" type="c3"/>
      <Atom charge="-0.0537" name="C14" type="c3"/>
      <Atom charge="-0.0744" name="C15" type="c3"/>
      <Atom charge="-0.0834" name="C16" type="c3"/>
      <Atom charge="-0.0547" name="C17" type="c3"/>
      <Atom charge="-0.0931" name="C18" type="c3"/>
      <Atom charge="-0.0497" name="C9" type="c3"/>
      <Atom charge="-0.0861" name="C19" type="c3"/>
      <Atom charge="-0.0684" name="C1" type="c3"/>
      <Atom charge="-0.0944" name="C2" type="c3"/>
      <Atom charge="0.1491" name="C3" type="c3"/>
      <Atom charge="-0.6048" name="O1" type="oh"/>
      <Atom charge="-0.0602" name="C4" type="c3"/>
      <Atom charge="-0.0454" name="C5" type="c2"/>
      <Atom charge="-0.2592" name="C6" type="ce"/>
      <Atom charge="0.5733" name="C7" type="c"/>
      <Atom charge="-0.5221" name="O7" type="o"/>
      <Atom charge="-0.1577" name="C8" type="c3"/>
      <Atom charge="-0.0707" name="C20" type="c3"/>
      <Atom charge="-0.0961" name="C21" type="c3"/>
      <Atom charge="-0.0804" name="C22" type="c3"/>
      <Atom charge="-0.0854" name="C23" type="c3"/>
      <Atom charge="-0.0764" name="C24" type="c3"/>
      <Atom charge="-0.0777" name="C25" type="c3"/>
      <Atom charge="-0.0876" name="C26" type="c3"/>
      <Atom charge="-0.0876" name="C27" type="c3"/>
      <Atom charge="0.0462" name="H1" type="hc"/>
      <Atom charge="0.0462" name="H2" type="hc"/>
      <Atom charge="0.0472" name="H3" type="hc"/>
      <Atom charge="0.0472" name="H4" type="hc"/>
      <Atom charge="0.0657" name="H5" type="hc"/>
      <Atom charge="0.0547" name="H6" type="hc"/>
      <Atom charge="0.0547" name="H7" type="hc"/>
      <Atom charge="0.0447" name="H8" type="hc"/>
      <Atom charge="0.0447" name="H9" type="hc"/>
      <Atom charge="0.0547" name="H10" type="hc"/>
      <Atom charge="0.0387" name="H11" type="hc"/>
      <Atom charge="0.0387" name="H12" type="hc"/>
      <Atom charge="0.0387" name="H13" type="hc"/>
      <Atom charge="0.0537" name="H14" type="hc"/>
      <Atom charge="0.041033" name="H15" type="hc"/>
      <Atom charge="0.041033" name="H16" type="hc"/>
      <Atom charge="0.041033" name="H17" type="hc"/>
      <Atom charge="0.0497" name="H18" type="hc"/>
      <Atom charge="0.0497" name="H19" type="hc"/>
      <Atom charge="0.0552" name="H20" type="hc"/>
      <Atom charge="0.0552" name="H21" type="hc"/>
      <Atom charge="0.0367" name="H22" type="h1"/>
      <Atom charge="0.403" name="H23" type="ho"/>
      <Atom charge="0.0647" name="H24" type="hc"/>
      <Atom charge="0.0647" name="H25" type="hc"/>
      <Atom charge="0.15" name="H26" type="ha"/>
      <Atom charge="0.0907" name="H27" type="hc"/>
      <Atom charge="0.0577" name="H28" type="hc"/>
      <Atom charge="0.0357" name="H29" type="hc"/>
      <Atom charge="0.0357" name="H30" type="hc"/>
      <Atom charge="0.0357" name="H31" type="hc"/>
      <Atom charge="0.0432" name="H32" type="hc"/>
      <Atom charge="0.0432" name="H33" type="hc"/>
      <Atom charge="0.0432" name="H34" type="hc"/>
      <Atom charge="0.0432" name="H35" type="hc"/>
      <Atom charge="0.0412" name="H36" type="hc"/>
      <Atom charge="0.0412" name="H37" type="hc"/>
      <Atom charge="0.0487" name="H38" type="hc"/>
      <Atom charge="0.033033" name="H39" type="hc"/>
      <Atom charge="0.033033" name="H40" type="hc"/>
      <Atom charge="0.033033" name="H41" type="hc"/>
      <Atom charge="0.033033" name="H42" type="hc"/>
      <Atom charge="0.033033" name="H43" type="hc"/>
      <Atom charge="0.033033" name="H44" type="hc"/>
      <Bond atomName1="C27" atomName2="C25"/>
      <Bond atomName1="C25" atomName2="C24"/>
      <Bond atomName1="C25" atomName2="C26"/>
      <Bond atomName1="C24" atomName2="C23"/>
      <Bond atomName1="C23" atomName2="C22"/>
      <Bond atomName1="C22" atomName2="C20"/>
      <Bond atomName1="C20" atomName2="C21"/>
      <Bond atomName1="C20" atomName2="C17"/>
      <Bond atomName1="C16" atomName2="C17"/>
      <Bond atomName1="C16" atomName2="C15"/>
      <Bond atomName1="C17" atomName2="C13"/>
      <Bond atomName1="C15" atomName2="C14"/>
      <Bond atomName1="C13" atomName2="C14"/>
      <Bond atomName1="C13" atomName2="C12"/>
      <Bond atomName1="C13" atomName2="C18"/>
      <Bond atomName1="C14" atomName2="C8"/>
      <Bond atomName1="C12" atomName2="C11"/>
      <Bond atomName1="O7" atomName2="C7"/>
      <Bond atomName1="C8" atomName2="C7"/>
      <Bond atomName1="C8" atomName2="C9"/>
      <Bond atomName1="C7" atomName2="C6"/>
      <Bond atomName1="C11" atomName2="C9"/>
      <Bond atomName1="C9" atomName2="C10"/>
      <Bond atomName1="C6" atomName2="C5"/>
      <Bond atomName1="C10" atomName2="C5"/>
      <Bond atomName1="C10" atomName2="C1"/>
      <Bond atomName1="C10" atomName2="C19"/>
      <Bond atomName1="C5" atomName2="C4"/>
      <Bond atomName1="C1" atomName2="C2"/>
      <Bond atomName1="C4" atomName2="C3"/>
      <Bond atomName1="C3" atomName2="C2"/>
      <Bond atomName1="C3" atomName2="O1"/>
      <Bond atomName1="C11" atomName2="H1"/>
      <Bond atomName1="C11" atomName2="H2"/>
      <Bond atomName1="C12" atomName2="H3"/>
      <Bond atomName1="C12" atomName2="H4"/>
      <Bond atomName1="C14" atomName2="H5"/>
      <Bond atomName1="C15" atomName2="H6"/>
      <Bond atomName1="C15" atomName2="H7"/>
      <Bond atomName1="C16" atomName2="H8"/>
      <Bond atomName1="C16" atomName2="H9"/>
      <Bond atomName1="C17" atomName2="H10"/>
      <Bond atomName1="C18" atomName2="H11"/>
      <Bond atomName1="C18" atomName2="H12"/>
      <Bond atomName1="C18" atomName2="H13"/>
      <Bond atomName1="C9" atomName2="H14"/>
      <Bond atomName1="C19" atomName2="H15"/>
      <Bond atomName1="C19" atomName2="H16"/>
      <Bond atomName1="C19" atomName2="H17"/>
      <Bond atomName1="C1" atomName2="H18"/>
      <Bond atomName1="C1" atomName2="H19"/>
      <Bond atomName1="C2" atomName2="H20"/>
      <Bond atomName1="C2" atomName2="H21"/>
      <Bond atomName1="C3" atomName2="H22"/>
      <Bond atomName1="O1" atomName2="H23"/>
      <Bond atomName1="C4" atomName2="H24"/>
      <Bond atomName1="C4" atomName2="H25"/>
      <Bond atomName1="C6" atomName2="H26"/>
      <Bond atomName1="C8" atomName2="H27"/>
      <Bond atomName1="C20" atomName2="H28"/>
      <Bond atomName1="C21" atomName2="H29"/>
      <Bond atomName1="C21" atomName2="H30"/>
      <Bond atomName1="C21" atomName2="H31"/>
      <Bond atomName1="C22" atomName2="H32"/>
      <Bond atomName1="C22" atomName2="H33"/>
      <Bond atomName1="C23" atomName2="H34"/>
      <Bond atomName1="C23" atomName2="H35"/>
      <Bond atomName1="C24" atomName2="H36"/>
      <Bond atomName1="C24" atomName2="H37"/>
      <Bond atomName1="C25" atomName2="H38"/>
      <Bond atomName1="C26" atomName2="H39"/>
      <Bond atomName1="C26" atomName2="H40"/>
      <Bond atomName1="C26" atomName2="H41"/>
      <Bond atomName1="C27" atomName2="H42"/>
      <Bond atomName1="C27" atomName2="H43"/>
      <Bond atomName1="C27" atomName2="H44"/>
    </Residue>
  </Residues>
  <PeriodicTorsionForce>
    <Improper k1="4.6024" periodicity1="2" phase1="3.141592653589793" type1="c2" type2="c3" type3="c3" type4="ce"/>
    <Improper k1="4.6024" periodicity1="2" phase1="3.141592653589793" type1="ce" type2="c" type3="c2" type4="ha"/>
    <Improper k1="43.932" periodicity1="2" phase1="3.141592653589793" type1="c" type2="c3" type3="ce" type4="o"/>
  </PeriodicTorsionForce>
</ForceField>
