<ForceField>
  <Info>
    <DateGenerated>2019-07-05</DateGenerated>
  </Info>
  <Residues>
    <Residue name="MC_0GZ">
      <Atom charge="0.8828" name="C8" type="c"/>
      <Atom charge="0.0459" name="C6" type="cc"/>
      <Atom charge="-0.0242" name="C4" type="cd"/>
      <Atom charge="0.7208" name="C2" type="c"/>
      <Atom charge="-0.218" name="C5" type="cd"/>
      <Atom charge="-0.3312" name="C3" type="cc"/>
      <Atom charge="-0.8458" name="O10" type="o"/>
      <Atom charge="-0.8458" name="O9" type="o"/>
      <Atom charge="-0.6645" name="O7" type="o"/>
      <Atom charge="-0.2962" name="O1" type="os"/>
      <Atom charge="-0.8298" name="O13" type="o"/>
      <Atom charge="-0.8298" name="O12" type="o"/>
      <Atom charge="0.186" name="H1" type="ha"/>
      <Atom charge="0.152" name="H2" type="ha"/>
      <Atom charge="0.8968" name="C11" type="c"/>
      <Bond atomName1="O12" atomName2="C11"/>
      <Bond atomName1="O9" atomName2="C8"/>
      <Bond atomName1="C11" atomName2="O13"/>
      <Bond atomName1="C11" atomName2="C6"/>
      <Bond atomName1="C5" atomName2="C6"/>
      <Bond atomName1="C5" atomName2="C4"/>
      <Bond atomName1="C8" atomName2="O10"/>
      <Bond atomName1="C8" atomName2="C4"/>
      <Bond atomName1="C6" atomName2="O1"/>
      <Bond atomName1="C4" atomName2="C3"/>
      <Bond atomName1="O1" atomName2="C2"/>
      <Bond atomName1="C3" atomName2="C2"/>
      <Bond atomName1="C2" atomName2="O7"/>
      <Bond atomName1="C5" atomName2="H1"/>
      <Bond atomName1="C3" atomName2="H2"/>
    </Residue>
  </Residues>
  <PeriodicTorsionForce>
    <Proper k1="2.7196000000000002" periodicity1="2" phase1="3.141592653589793" type1="cd" type2="cc" type3="os" type4="c"/>
    <Proper k1="4.3932" periodicity1="2" phase1="3.141592653589793" type1="c" type2="cc" type3="os" type4="c"/>
    <Improper k1="4.6024" periodicity1="2" phase1="3.141592653589793" type1="c" type2="cd" type3="o" type4="o"/>
    <Improper k1="4.6024" periodicity1="2" phase1="3.141592653589793" type1="cc" type2="c" type3="cd" type4="os"/>
    <Improper k1="4.6024" periodicity1="2" phase1="3.141592653589793" type1="cd" type2="c" type3="cc" type4="cd"/>
    <Improper k1="43.932" periodicity1="2" phase1="3.141592653589793" type1="c" type2="cc" type3="o" type4="os"/>
    <Improper k1="4.6024" periodicity1="2" phase1="3.141592653589793" type1="cd" type2="cc" type3="cd" type4="ha"/>
    <Improper k1="4.6024" periodicity1="2" phase1="3.141592653589793" type1="cc" type2="c" type3="cd" type4="ha"/>
    <Improper k1="4.6024" periodicity1="2" phase1="3.141592653589793" type1="c" type2="cc" type3="o" type4="o"/>
  </PeriodicTorsionForce>
</ForceField>
