<ForceField>
  <Info>
    <DateGenerated>2019-07-05</DateGenerated>
  </Info>
  <Residues>
    <Residue name="MC_0H4">
      <Atom charge="-0.675" name="N3" type="nb"/>
      <Atom charge="0.0206" name="C4" type="cc"/>
      <Atom charge="-0.5524" name="N2" type="ns"/>
      <Atom charge="-0.1902" name="C7" type="cd"/>
      <Atom charge="-0.0922" name="C6" type="cc"/>
      <Atom charge="0.6957" name="C9" type="c"/>
      <Atom charge="-0.0824" name="C13" type="c3"/>
      <Atom charge="-0.0398" name="C20" type="c3"/>
      <Atom charge="0.6681" name="C8" type="c3"/>
      <Atom charge="-0.2426" name="C18" type="ca"/>
      <Atom charge="-0.2943" name="C16" type="ca"/>
      <Atom charge="0.4552" name="C19" type="ca"/>
      <Atom charge="-0.3" name="N1" type="n"/>
      <Atom charge="0.0307" name="C1" type="c3"/>
      <Atom charge="0.6381" name="C2" type="c"/>
      <Atom charge="-0.4961" name="O1" type="o"/>
      <Atom charge="0.5502" name="C3" type="ca"/>
      <Atom charge="-0.227" name="C5" type="cc"/>
      <Atom charge="-0.6255" name="O2" type="o"/>
      <Atom charge="-0.0954" name="C10" type="c3"/>
      <Atom charge="-0.0767" name="C11" type="c3"/>
      <Atom charge="-0.0829" name="C12" type="c3"/>
      <Atom charge="-0.0824" name="C14" type="c3"/>
      <Atom charge="-0.0829" name="C15" type="c3"/>
      <Atom charge="-0.067" name="C17" type="ca"/>
      <Atom charge="-0.219633" name="F1" type="f"/>
      <Atom charge="-0.219633" name="F2" type="f"/>
      <Atom charge="-0.219633" name="F3" type="f"/>
      <Atom charge="0.158" name="H3" type="h4"/>
      <Atom charge="0.3265" name="H2" type="hn"/>
      <Atom charge="0.181" name="H5" type="ha"/>
      <Atom charge="0.0472" name="H12" type="hc"/>
      <Atom charge="0.0472" name="H11" type="hc"/>
      <Atom charge="0.0437" name="H22" type="hc"/>
      <Atom charge="0.0437" name="H21" type="hc"/>
      <Atom charge="0.0437" name="H20" type="hc"/>
      <Atom charge="0.132" name="H17" type="ha"/>
      <Atom charge="0.0311" name="H19" type="h4"/>
      <Atom charge="0.0747" name="H1" type="h1"/>
      <Atom charge="0.16" name="H4" type="ha"/>
      <Atom charge="0.0757" name="H6" type="hc"/>
      <Atom charge="0.0757" name="H7" type="hc"/>
      <Atom charge="0.0427" name="H8" type="hc"/>
      <Atom charge="0.0467" name="H9" type="hc"/>
      <Atom charge="0.0467" name="H10" type="hc"/>
      <Atom charge="0.0472" name="H14" type="hc"/>
      <Atom charge="0.0472" name="H13" type="hc"/>
      <Atom charge="0.0467" name="H16" type="hc"/>
      <Atom charge="0.0467" name="H15" type="hc"/>
      <Atom charge="0.139" name="H18" type="ha"/>
      <Bond atomName1="F2" atomName2="C8"/>
      <Bond atomName1="F1" atomName2="C8"/>
      <Bond atomName1="C8" atomName2="F3"/>
      <Bond atomName1="C8" atomName2="C6"/>
      <Bond atomName1="C5" atomName2="C6"/>
      <Bond atomName1="C5" atomName2="C4"/>
      <Bond atomName1="C6" atomName2="C7"/>
      <Bond atomName1="C4" atomName2="N1"/>
      <Bond atomName1="C7" atomName2="C9"/>
      <Bond atomName1="O1" atomName2="C2"/>
      <Bond atomName1="N1" atomName2="C9"/>
      <Bond atomName1="N1" atomName2="C1"/>
      <Bond atomName1="C15" atomName2="C11"/>
      <Bond atomName1="C15" atomName2="C14"/>
      <Bond atomName1="C9" atomName2="O2"/>
      <Bond atomName1="C11" atomName2="C10"/>
      <Bond atomName1="C11" atomName2="C12"/>
      <Bond atomName1="C10" atomName2="C1"/>
      <Bond atomName1="C14" atomName2="C13"/>
      <Bond atomName1="C2" atomName2="C1"/>
      <Bond atomName1="C2" atomName2="N2"/>
      <Bond atomName1="N3" atomName2="C19"/>
      <Bond atomName1="N3" atomName2="C3"/>
      <Bond atomName1="C19" atomName2="C18"/>
      <Bond atomName1="C12" atomName2="C13"/>
      <Bond atomName1="N2" atomName2="C3"/>
      <Bond atomName1="C3" atomName2="C16"/>
      <Bond atomName1="C18" atomName2="C20"/>
      <Bond atomName1="C18" atomName2="C17"/>
      <Bond atomName1="C16" atomName2="C17"/>
      <Bond atomName1="C4" atomName2="H3"/>
      <Bond atomName1="N2" atomName2="H2"/>
      <Bond atomName1="C7" atomName2="H5"/>
      <Bond atomName1="C13" atomName2="H12"/>
      <Bond atomName1="C13" atomName2="H11"/>
      <Bond atomName1="C20" atomName2="H22"/>
      <Bond atomName1="C20" atomName2="H21"/>
      <Bond atomName1="C20" atomName2="H20"/>
      <Bond atomName1="C16" atomName2="H17"/>
      <Bond atomName1="C19" atomName2="H19"/>
      <Bond atomName1="C1" atomName2="H1"/>
      <Bond atomName1="C5" atomName2="H4"/>
      <Bond atomName1="C10" atomName2="H6"/>
      <Bond atomName1="C10" atomName2="H7"/>
      <Bond atomName1="C11" atomName2="H8"/>
      <Bond atomName1="C12" atomName2="H9"/>
      <Bond atomName1="C12" atomName2="H10"/>
      <Bond atomName1="C14" atomName2="H14"/>
      <Bond atomName1="C14" atomName2="H13"/>
      <Bond atomName1="C15" atomName2="H16"/>
      <Bond atomName1="C15" atomName2="H15"/>
      <Bond atomName1="C17" atomName2="H18"/>
    </Residue>
  </Residues>
  <HarmonicBondForce>
    <Bond k="298068.1599999999" length="0.1379" type1="c" type2="ns"/>
    <Bond k="263759.3599999999" length="0.1412" type1="ca" type2="ns"/>
    <Bond k="441244.6399999999" length="0.1013" type1="hn" type2="ns"/>
  </HarmonicBondForce>
  <HarmonicAngleForce>
    <Angle angle="2.1617648115201766" k="897.8864" type1="nb" type2="ca" type3="ns"/>
    <Angle angle="2.010270232447069" k="705.4224" type1="c3" type2="c" type3="ns"/>
    <Angle angle="2.1476276445790226" k="952.2784" type1="ns" type2="c" type3="o"/>
    <Angle angle="2.0977112279719847" k="716.3008" type1="ca" type2="ca" type3="ns"/>
    <Angle angle="2.159146817642185" k="549.7776" type1="c" type2="ns" type3="ca"/>
    <Angle angle="2.051634535719334" k="407.52160000000003" type1="c" type2="ns" type3="hn"/>
    <Angle angle="2.0245819323134224" k="401.664" type1="ca" type2="ns" type3="hn"/>
  </HarmonicAngleForce>
  <PeriodicTorsionForce>
    <Proper k1="1.8828" periodicity1="2" phase1="3.141592653589793" type1="nb" type2="ca" type3="ns" type4="c"/>
    <Proper k1="1.8828" periodicity1="2" phase1="3.141592653589793" type1="nb" type2="ca" type3="ns" type4="hn"/>
    <Proper k1="0.41840000000000005" k2="8.870080000000002" periodicity1="1" periodicity2="2" phase1="3.141592653589793" phase2="3.141592653589793" type1="ns" type2="c" type3="c3" type4="n"/>
    <Proper k1="0.0" k2="2.97064" periodicity1="4" periodicity2="2" phase1="3.141592653589793" phase2="3.141592653589793" type1="ns" type2="c" type3="c3" type4="c3"/>
    <Proper k1="3.9748" periodicity1="2" phase1="3.141592653589793" type1="ca" type2="ca" type3="ns" type4="c"/>
    <Proper k1="1.8828" periodicity1="2" phase1="3.141592653589793" type1="ca" type2="ca" type3="ns" type4="hn"/>
    <Proper k1="3.138" k2="2.092" periodicity1="2" periodicity2="3" phase1="3.141592653589793" phase2="0.0" type1="c3" type2="c" type3="ns" type4="ca"/>
    <Proper k1="10.46" periodicity1="2" phase1="3.141592653589793" type1="c3" type2="c" type3="ns" type4="hn"/>
    <Proper k1="10.46" periodicity1="2" phase1="3.141592653589793" type1="o" type2="c" type3="ns" type4="ca"/>
    <Proper k1="10.46" k2="8.368" periodicity1="2" periodicity2="1" phase1="3.141592653589793" phase2="0.0" type1="o" type2="c" type3="ns" type4="hn"/>
    <Improper k1="4.6024" periodicity1="2" phase1="3.141592653589793" type1="cc" type2="cc" type3="h4" type4="n"/>
    <Improper k1="4.6024" periodicity1="2" phase1="3.141592653589793" type1="ns" type2="c" type3="ca" type4="hn"/>
    <Improper k1="4.6024" periodicity1="2" phase1="3.141592653589793" type1="cd" type2="c" type3="cc" type4="ha"/>
    <Improper k1="4.6024" periodicity1="2" phase1="3.141592653589793" type1="cc" type2="c3" type3="cc" type4="cd"/>
    <Improper k1="43.932" periodicity1="2" phase1="3.141592653589793" type1="c" type2="cd" type3="n" type4="o"/>
    <Improper k1="4.6024" periodicity1="2" phase1="3.141592653589793" type1="ca" type2="ca" type3="ca" type4="ha"/>
    <Improper k1="4.6024" periodicity1="2" phase1="3.141592653589793" type1="ca" type2="ca" type3="h4" type4="nb"/>
    <Improper k1="4.6024" periodicity1="2" phase1="3.141592653589793" type1="n" type2="c" type3="c3" type4="cc"/>
    <Improper k1="43.932" periodicity1="2" phase1="3.141592653589793" type1="c" type2="c3" type3="ns" type4="o"/>
    <Improper k1="4.6024" periodicity1="2" phase1="3.141592653589793" type1="ca" type2="ca" type3="nb" type4="ns"/>
    <Improper k1="4.6024" periodicity1="2" phase1="3.141592653589793" type1="cc" type2="cc" type3="cc" type4="ha"/>
  </PeriodicTorsionForce>
</ForceField>
