<ForceField>
  <Info>
    <DateGenerated>2019-07-05</DateGenerated>
  </Info>
  <Residues>
    <Residue name="MC_0H5">
      <Atom charge="0.4426" name="C4" type="ca"/>
      <Atom charge="-0.139" name="C6" type="ca"/>
      <Atom charge="0.1287" name="C13" type="c3"/>
      <Atom charge="0.7119" name="C8" type="ca"/>
      <Atom charge="-0.3393" name="C18" type="cc"/>
      <Atom charge="0.0686" name="C19" type="c3"/>
      <Atom charge="0.1271" name="C1" type="ca"/>
      <Atom charge="-0.176" name="C2" type="ca"/>
      <Atom charge="-0.1413" name="C3" type="ca"/>
      <Atom charge="-0.2806" name="C5" type="ca"/>
      <Atom charge="-0.762" name="N7" type="nb"/>
      <Atom charge="-0.813" name="N9" type="nb"/>
      <Atom charge="0.7452" name="C10" type="ca"/>
      <Atom charge="-0.3279" name="O11" type="os"/>
      <Atom charge="-0.8296" name="N12" type="nu"/>
      <Atom charge="0.5762" name="C14" type="cd"/>
      <Atom charge="-0.5618" name="N15" type="nc"/>
      <Atom charge="0.0644" name="N16" type="na"/>
      <Atom charge="-0.1143" name="C17" type="cd"/>
      <Atom charge="0.141" name="H1" type="ha"/>
      <Atom charge="0.0427" name="H2" type="h1"/>
      <Atom charge="0.0427" name="H3" type="h1"/>
      <Atom charge="0.0427" name="H4" type="h1"/>
      <Atom charge="0.0561" name="H5" type="h5"/>
      <Atom charge="0.202" name="H6" type="ha"/>
      <Atom charge="0.0527" name="H7" type="h1"/>
      <Atom charge="0.0527" name="H8" type="h1"/>
      <Atom charge="0.0527" name="H9" type="h1"/>
      <Atom charge="0.141" name="H10" type="ha"/>
      <Atom charge="0.155" name="H11" type="ha"/>
      <Atom charge="0.4698" name="H12" type="hn"/>
      <Atom charge="0.169" name="H13" type="h4"/>
      <Bond atomName1="C19" atomName2="N16"/>
      <Bond atomName1="N16" atomName2="N15"/>
      <Bond atomName1="N16" atomName2="C17"/>
      <Bond atomName1="N15" atomName2="C14"/>
      <Bond atomName1="C17" atomName2="C18"/>
      <Bond atomName1="C14" atomName2="C18"/>
      <Bond atomName1="C14" atomName2="N12"/>
      <Bond atomName1="N12" atomName2="C10"/>
      <Bond atomName1="O11" atomName2="C13"/>
      <Bond atomName1="O11" atomName2="C1"/>
      <Bond atomName1="C6" atomName2="C1"/>
      <Bond atomName1="C6" atomName2="C5"/>
      <Bond atomName1="C1" atomName2="C2"/>
      <Bond atomName1="C10" atomName2="C5"/>
      <Bond atomName1="C10" atomName2="N9"/>
      <Bond atomName1="C5" atomName2="C4"/>
      <Bond atomName1="N9" atomName2="C8"/>
      <Bond atomName1="C2" atomName2="C3"/>
      <Bond atomName1="C4" atomName2="C3"/>
      <Bond atomName1="C4" atomName2="N7"/>
      <Bond atomName1="C8" atomName2="N7"/>
      <Bond atomName1="C6" atomName2="H1"/>
      <Bond atomName1="C13" atomName2="H2"/>
      <Bond atomName1="C13" atomName2="H3"/>
      <Bond atomName1="C13" atomName2="H4"/>
      <Bond atomName1="C8" atomName2="H5"/>
      <Bond atomName1="C18" atomName2="H6"/>
      <Bond atomName1="C19" atomName2="H7"/>
      <Bond atomName1="C19" atomName2="H8"/>
      <Bond atomName1="C19" atomName2="H9"/>
      <Bond atomName1="C2" atomName2="H10"/>
      <Bond atomName1="C3" atomName2="H11"/>
      <Bond atomName1="N12" atomName2="H12"/>
      <Bond atomName1="C17" atomName2="H13"/>
    </Residue>
  </Residues>
  <HarmonicBondForce>
    <Bond k="290453.27999999997" length="0.1386" type1="ca" type2="nu"/>
    <Bond k="304176.79999999993" length="0.1373" type1="cd" type2="nu"/>
    <Bond k="443085.5999999999" length="0.10120000000000001" type1="hn" type2="nu"/>
  </HarmonicBondForce>
  <HarmonicAngleForce>
    <Angle angle="2.161415745669778" k="722.1584" type1="cc" type2="cd" type3="nu"/>
    <Angle angle="2.1109757302871417" k="721.3216000000001" type1="ca" type2="ca" type3="nu"/>
    <Angle angle="2.040988027282169" k="938.0527999999999" type1="nb" type2="ca" type3="nu"/>
    <Angle angle="2.26543736908864" k="543.0832" type1="ca" type2="nu" type3="cd"/>
    <Angle angle="2.0258036627898184" k="408.3584" type1="ca" type2="nu" type3="hn"/>
    <Angle angle="2.1057397425311586" k="934.7056" type1="nc" type2="cd" type3="nu"/>
    <Angle angle="2.0181242140810434" k="412.5424" type1="cd" type2="nu" type3="hn"/>
  </HarmonicAngleForce>
  <PeriodicTorsionForce>
    <Proper k1="4.3932" periodicity1="2" phase1="3.141592653589793" type1="cc" type2="cd" type3="nu" type4="ca"/>
    <Proper k1="4.3932" periodicity1="2" phase1="3.141592653589793" type1="cc" type2="cd" type3="nu" type4="hn"/>
    <Proper k1="4.3932" periodicity1="2" phase1="3.141592653589793" type1="ca" type2="ca" type3="nu" type4="cd"/>
    <Proper k1="4.3932" periodicity1="2" phase1="3.141592653589793" type1="ca" type2="ca" type3="nu" type4="hn"/>
    <Proper k1="4.3932" periodicity1="2" phase1="3.141592653589793" type1="nb" type2="ca" type3="nu" type4="cd"/>
    <Proper k1="4.3932" periodicity1="2" phase1="3.141592653589793" type1="nb" type2="ca" type3="nu" type4="hn"/>
    <Proper k1="4.3932" periodicity1="2" phase1="3.141592653589793" type1="nc" type2="cd" type3="nu" type4="ca"/>
    <Proper k1="4.3932" periodicity1="2" phase1="3.141592653589793" type1="nc" type2="cd" type3="nu" type4="hn"/>
    <Improper k1="4.6024" periodicity1="2" phase1="3.141592653589793" type1="ca" type2="ca" type3="ca" type4="nb"/>
    <Improper k1="4.6024" periodicity1="2" phase1="3.141592653589793" type1="ca" type2="ca" type3="ca" type4="ha"/>
    <Improper k1="4.6024" periodicity1="2" phase1="3.141592653589793" type1="ca" type2="h5" type3="nb" type4="nb"/>
    <Improper k1="4.6024" periodicity1="2" phase1="3.141592653589793" type1="cc" type2="cd" type3="cd" type4="ha"/>
    <Improper k1="4.6024" periodicity1="2" phase1="3.141592653589793" type1="ca" type2="ca" type3="ca" type4="os"/>
    <Improper k1="4.6024" periodicity1="2" phase1="3.141592653589793" type1="ca" type2="ca" type3="ca" type4="ca"/>
    <Improper k1="4.6024" periodicity1="2" phase1="3.141592653589793" type1="ca" type2="ca" type3="nb" type4="nu"/>
    <Improper k1="4.6024" periodicity1="2" phase1="3.141592653589793" type1="nu" type2="ca" type3="cd" type4="hn"/>
    <Improper k1="4.6024" periodicity1="2" phase1="3.141592653589793" type1="cd" type2="cc" type3="nc" type4="nu"/>
    <Improper k1="4.6024" periodicity1="2" phase1="3.141592653589793" type1="na" type2="c3" type3="cd" type4="nc"/>
    <Improper k1="4.6024" periodicity1="2" phase1="3.141592653589793" type1="cd" type2="cc" type3="h4" type4="na"/>
  </PeriodicTorsionForce>
</ForceField>
