<ForceField>
  <Info>
    <DateGenerated>2019-07-05</DateGenerated>
  </Info>
  <Residues>
    <Residue name="MC_0HL">
      <Atom charge="0.009" name="CAN" type="ca"/>
      <Atom charge="-0.028" name="CAS" type="ca"/>
      <Atom charge="-0.159" name="CAY" type="ca"/>
      <Atom charge="0.1431" name="CBC" type="ca"/>
      <Atom charge="-0.3289" name="OBG" type="os"/>
      <Atom charge="0.1257" name="CBI" type="c3"/>
      <Atom charge="-0.179" name="CBF" type="ca"/>
      <Atom charge="-0.088" name="CBB" type="ca"/>
      <Atom charge="-0.028" name="CAX" type="ca"/>
      <Atom charge="-0.113" name="CAT" type="ca"/>
      <Atom charge="-0.071" name="CAO" type="ca"/>
      <Atom charge="-0.3085" name="CAG" type="ca"/>
      <Atom charge="1.4212" name="SAC" type="sy"/>
      <Atom charge="-0.6523" name="OAH" type="o"/>
      <Atom charge="-0.6523" name="OAI" type="o"/>
      <Atom charge="-0.7945" name="N" type="n3"/>
      <Atom charge="0.3081" name="CAD" type="c3"/>
      <Atom charge="-0.1513" name="CAJ" type="cc"/>
      <Atom charge="-0.148" name="CAP" type="cc"/>
      <Atom charge="-0.0721" name="CAU" type="cd"/>
      <Atom charge="-0.1488" name="SAV" type="ss"/>
      <Atom charge="-0.0681" name="CAQ" type="cd"/>
      <Atom charge="0.1675" name="CA" type="c3"/>
      <Atom charge="0.6935" name="C" type="c"/>
      <Atom charge="-0.6365" name="O" type="o"/>
      <Atom charge="-0.1224" name="CB" type="c3"/>
      <Atom charge="0.096" name="CAM" type="c3"/>
      <Atom charge="-0.4558" name="NAK" type="n"/>
      <Atom charge="0.1963" name="CAR" type="c3"/>
      <Atom charge="-0.1253" name="CAW" type="cd"/>
      <Atom charge="0.02" name="CAZ" type="cd"/>
      <Atom charge="0.0229" name="CBA" type="cc"/>
      <Atom charge="-0.1188" name="SBE" type="ss"/>
      <Atom charge="-0.223" name="CBD" type="cc"/>
      <Atom charge="0.5878" name="CBH" type="ce"/>
      <Atom charge="-0.6991" name="NBK" type="n2"/>
      <Atom charge="-0.8026" name="NBJ" type="nz"/>
      <Atom charge="0.158" name="H1" type="ha"/>
      <Atom charge="0.147" name="H2" type="ha"/>
      <Atom charge="0.046033" name="H3" type="h1"/>
      <Atom charge="0.046033" name="H4" type="h1"/>
      <Atom charge="0.046033" name="H5" type="h1"/>
      <Atom charge="0.144" name="H6" type="ha"/>
      <Atom charge="0.144" name="H7" type="ha"/>
      <Atom charge="0.142" name="H8" type="ha"/>
      <Atom charge="0.142" name="H9" type="ha"/>
      <Atom charge="0.0667" name="H10" type="h1"/>
      <Atom charge="0.0667" name="H11" type="h1"/>
      <Atom charge="0.176" name="H12" type="ha"/>
      <Atom charge="0.175" name="H13" type="h4"/>
      <Atom charge="0.172" name="H14" type="h4"/>
      <Atom charge="0.0957" name="H15" type="h1"/>
      <Atom charge="0.0797" name="H16" type="hc"/>
      <Atom charge="0.0797" name="H17" type="hc"/>
      <Atom charge="0.0522" name="H18" type="h1"/>
      <Atom charge="0.0522" name="H19" type="h1"/>
      <Atom charge="0.0722" name="H20" type="h1"/>
      <Atom charge="0.0722" name="H21" type="h1"/>
      <Atom charge="0.179" name="H22" type="ha"/>
      <Atom charge="0.204" name="H23" type="h4"/>
      <Atom charge="0.4284" name="H24" type="hn"/>
      <Atom charge="0.464467" name="H25" type="hn"/>
      <Atom charge="0.464467" name="H26" type="hn"/>
      <Atom charge="0.464467" name="HBJ3" type="hn"/>
      <Bond atomName1="CAQ" atomName2="SAV"/>
      <Bond atomName1="CAQ" atomName2="CAJ"/>
      <Bond atomName1="SAV" atomName2="CAU"/>
      <Bond atomName1="CAD" atomName2="CAJ"/>
      <Bond atomName1="CAD" atomName2="N"/>
      <Bond atomName1="CAJ" atomName2="CAP"/>
      <Bond atomName1="OAI" atomName2="SAC"/>
      <Bond atomName1="CB" atomName2="CA"/>
      <Bond atomName1="CB" atomName2="CAM"/>
      <Bond atomName1="N" atomName2="CA"/>
      <Bond atomName1="N" atomName2="SAC"/>
      <Bond atomName1="CAP" atomName2="CAU"/>
      <Bond atomName1="CA" atomName2="C"/>
      <Bond atomName1="SAC" atomName2="CAG"/>
      <Bond atomName1="SAC" atomName2="OAH"/>
      <Bond atomName1="CAM" atomName2="NAK"/>
      <Bond atomName1="CAO" atomName2="CAG"/>
      <Bond atomName1="CAO" atomName2="CAT"/>
      <Bond atomName1="CAG" atomName2="CAN"/>
      <Bond atomName1="CAT" atomName2="CAX"/>
      <Bond atomName1="CAN" atomName2="CAS"/>
      <Bond atomName1="C" atomName2="NAK"/>
      <Bond atomName1="C" atomName2="O"/>
      <Bond atomName1="NAK" atomName2="CAR"/>
      <Bond atomName1="CAX" atomName2="CAS"/>
      <Bond atomName1="CAX" atomName2="CBB"/>
      <Bond atomName1="CAS" atomName2="CAY"/>
      <Bond atomName1="CBB" atomName2="CBF"/>
      <Bond atomName1="CAY" atomName2="CBC"/>
      <Bond atomName1="CAR" atomName2="CAW"/>
      <Bond atomName1="CBF" atomName2="CBC"/>
      <Bond atomName1="CBA" atomName2="CAW"/>
      <Bond atomName1="CBA" atomName2="SBE"/>
      <Bond atomName1="CBC" atomName2="OBG"/>
      <Bond atomName1="CAW" atomName2="CAZ"/>
      <Bond atomName1="SBE" atomName2="CBD"/>
      <Bond atomName1="OBG" atomName2="CBI"/>
      <Bond atomName1="CAZ" atomName2="CBD"/>
      <Bond atomName1="CBD" atomName2="CBH"/>
      <Bond atomName1="CBH" atomName2="NBK"/>
      <Bond atomName1="CBH" atomName2="NBJ"/>
      <Bond atomName1="CAN" atomName2="H1"/>
      <Bond atomName1="CAY" atomName2="H2"/>
      <Bond atomName1="CBI" atomName2="H3"/>
      <Bond atomName1="CBI" atomName2="H4"/>
      <Bond atomName1="CBI" atomName2="H5"/>
      <Bond atomName1="CBF" atomName2="H6"/>
      <Bond atomName1="CBB" atomName2="H7"/>
      <Bond atomName1="CAT" atomName2="H8"/>
      <Bond atomName1="CAO" atomName2="H9"/>
      <Bond atomName1="CAD" atomName2="H10"/>
      <Bond atomName1="CAD" atomName2="H11"/>
      <Bond atomName1="CAP" atomName2="H12"/>
      <Bond atomName1="CAU" atomName2="H13"/>
      <Bond atomName1="CAQ" atomName2="H14"/>
      <Bond atomName1="CA" atomName2="H15"/>
      <Bond atomName1="CB" atomName2="H16"/>
      <Bond atomName1="CB" atomName2="H17"/>
      <Bond atomName1="CAM" atomName2="H18"/>
      <Bond atomName1="CAM" atomName2="H19"/>
      <Bond atomName1="CAR" atomName2="H20"/>
      <Bond atomName1="CAR" atomName2="H21"/>
      <Bond atomName1="CAZ" atomName2="H22"/>
      <Bond atomName1="CBA" atomName2="H23"/>
      <Bond atomName1="NBK" atomName2="H24"/>
      <Bond atomName1="NBJ" atomName2="H25"/>
      <Bond atomName1="NBJ" atomName2="H26"/>
      <Bond atomName1="HBJ3" atomName2="NBJ"/>
    </Residue>
  </Residues>
  <HarmonicBondForce>
    <Bond k="198070.55999999994" length="0.14930000000000002" type1="ce" type2="nz"/>
    <Bond k="404090.7199999999" length="0.10300000000000001" type1="hn" type2="nz"/>
  </HarmonicBondForce>
  <HarmonicAngleForce>
    <Angle angle="2.0668189002116852" k="702.753008" type1="cc" type2="ce" type3="nz"/>
    <Angle angle="1.928588823453734" k="392.4592" type1="ce" type2="nz" type3="hn"/>
    <Angle angle="2.0666443672864854" k="904.0201440000001" type1="n2" type2="ce" type3="nz"/>
    <Angle angle="1.8901915799098588" k="334.72" type1="hn" type2="nz" type3="hn"/>
  </HarmonicAngleForce>
  <PeriodicTorsionForce>
    <Proper k1="4.6024" periodicity1="2" phase1="3.141592653589793" type1="cc" type2="cd" type3="ss" type4="cd"/>
    <Proper k1="4.6024" periodicity1="2" phase1="3.141592653589793" type1="h4" type2="cd" type3="ss" type4="cd"/>
    <Proper k1="4.6024" periodicity1="2" phase1="3.141592653589793" type1="cd" type2="cc" type3="ss" type4="cc"/>
    <Proper k1="4.184" periodicity1="2" phase1="3.141592653589793" type1="cd" type2="cc" type3="ce" type4="n2"/>
    <Proper k1="4.184" periodicity1="2" phase1="3.141592653589793" type1="cd" type2="cc" type3="ce" type4="nz"/>
    <Proper k1="4.6024" periodicity1="2" phase1="3.141592653589793" type1="ce" type2="cc" type3="ss" type4="cc"/>
    <Proper k1="4.184" periodicity1="2" phase1="3.141592653589793" type1="ss" type2="cc" type3="ce" type4="n2"/>
    <Proper k1="4.184" periodicity1="2" phase1="3.141592653589793" type1="ss" type2="cc" type3="ce" type4="nz"/>
    <Proper k1="4.6024" periodicity1="2" phase1="3.141592653589793" type1="h4" type2="cc" type3="ss" type4="cc"/>
    <Proper k1="3.3472000000000004" periodicity1="2" phase1="3.141592653589793" type1="cc" type2="ce" type3="n2" type4="hn"/>
    <Proper k1="0.343088" periodicity1="3" phase1="3.141592653589793" type1="cc" type2="ce" type3="nz" type4="hn"/>
    <Proper k1="0.0" periodicity1="3" phase1="3.141592653589793" type1="n2" type2="ce" type3="nz" type4="hn"/>
    <Proper k1="3.3472000000000004" periodicity1="2" phase1="3.141592653589793" type1="nz" type2="ce" type3="n2" type4="hn"/>
    <Improper k1="4.6024" periodicity1="2" phase1="3.141592653589793" type1="ca" type2="ca" type3="ca" type4="ha"/>
    <Improper k1="4.6024" periodicity1="2" phase1="3.141592653589793" type1="ca" type2="ca" type3="ca" type4="ca"/>
    <Improper k1="4.6024" periodicity1="2" phase1="3.141592653589793" type1="ca" type2="ca" type3="ca" type4="os"/>
    <Improper k1="4.6024" periodicity1="2" phase1="3.141592653589793" type1="ca" type2="ca" type3="ca" type4="sy"/>
    <Improper k1="4.6024" periodicity1="2" phase1="3.141592653589793" type1="cc" type2="c3" type3="cc" type4="cd"/>
    <Improper k1="4.6024" periodicity1="2" phase1="3.141592653589793" type1="cc" type2="cc" type3="cd" type4="ha"/>
    <Improper k1="4.6024" periodicity1="2" phase1="3.141592653589793" type1="cd" type2="cc" type3="h4" type4="ss"/>
    <Improper k1="43.932" periodicity1="2" phase1="3.141592653589793" type1="c" type2="c3" type3="n" type4="o"/>
    <Improper k1="4.6024" periodicity1="2" phase1="3.141592653589793" type1="n" type2="c" type3="c3" type4="c3"/>
    <Improper k1="4.6024" periodicity1="2" phase1="3.141592653589793" type1="cd" type2="c3" type3="cc" type4="cd"/>
    <Improper k1="4.6024" periodicity1="2" phase1="3.141592653589793" type1="cd" type2="cc" type3="cd" type4="ha"/>
    <Improper k1="4.6024" periodicity1="2" phase1="3.141592653589793" type1="cc" type2="cd" type3="h4" type4="ss"/>
    <Improper k1="4.6024" periodicity1="2" phase1="3.141592653589793" type1="cc" type2="cd" type3="ce" type4="ss"/>
    <Improper k1="4.6024" periodicity1="2" phase1="3.141592653589793" type1="ce" type2="cc" type3="n2" type4="nz"/>
  </PeriodicTorsionForce>
</ForceField>
