<ForceField>
  <Info>
    <DateGenerated>2019-07-05</DateGenerated>
  </Info>
  <Residues>
    <Residue name="MC_0HN">
      <Atom charge="-0.8338" name="OAA" type="o"/>
      <Atom charge="0.8852" name="CAI" type="c"/>
      <Atom charge="-0.8338" name="OAB" type="o"/>
      <Atom charge="-0.0976" name="CAJ" type="ca"/>
      <Atom charge="-0.088" name="CAE" type="ca"/>
      <Atom charge="0.0111" name="CAL" type="ca"/>
      <Atom charge="-0.3419" name="OAH" type="os"/>
      <Atom charge="0.3312" name="CAF" type="c3"/>
      <Atom charge="-0.3479" name="OAG" type="os"/>
      <Atom charge="0.0121" name="CAK" type="ca"/>
      <Atom charge="-0.143" name="CAD" type="ca"/>
      <Atom charge="-0.095" name="CAC" type="ca"/>
      <Atom charge="0.158" name="H2" type="ha"/>
      <Atom charge="0.0507" name="H3" type="h2"/>
      <Atom charge="0.118" name="H4" type="ha"/>
      <Atom charge="0.163" name="H5" type="ha"/>
      <Atom charge="0.0507" name="H6" type="h2"/>
      <Bond atomName1="OAA" atomName2="CAI"/>
      <Bond atomName1="CAI" atomName2="OAB"/>
      <Bond atomName1="CAI" atomName2="CAJ"/>
      <Bond atomName1="CAE" atomName2="CAJ"/>
      <Bond atomName1="CAE" atomName2="CAL"/>
      <Bond atomName1="CAJ" atomName2="CAC"/>
      <Bond atomName1="CAL" atomName2="OAH"/>
      <Bond atomName1="CAL" atomName2="CAK"/>
      <Bond atomName1="OAH" atomName2="CAF"/>
      <Bond atomName1="CAC" atomName2="CAD"/>
      <Bond atomName1="CAK" atomName2="CAD"/>
      <Bond atomName1="CAK" atomName2="OAG"/>
      <Bond atomName1="CAF" atomName2="OAG"/>
      <Bond atomName1="CAE" atomName2="H2"/>
      <Bond atomName1="CAF" atomName2="H3"/>
      <Bond atomName1="CAD" atomName2="H4"/>
      <Bond atomName1="CAC" atomName2="H5"/>
      <Bond atomName1="CAF" atomName2="H6"/>
    </Residue>
  </Residues>
  <PeriodicTorsionForce>
    <Improper k1="4.6024" periodicity1="2" phase1="3.141592653589793" type1="c" type2="ca" type3="o" type4="o"/>
    <Improper k1="4.6024" periodicity1="2" phase1="3.141592653589793" type1="ca" type2="c" type3="ca" type4="ca"/>
    <Improper k1="4.6024" periodicity1="2" phase1="3.141592653589793" type1="ca" type2="ca" type3="ca" type4="ha"/>
    <Improper k1="4.6024" periodicity1="2" phase1="3.141592653589793" type1="ca" type2="ca" type3="ca" type4="os"/>
  </PeriodicTorsionForce>
</ForceField>
