<ForceField>
  <Info>
    <DateGenerated>2019-07-05</DateGenerated>
  </Info>
  <Residues>
    <Residue name="MC_0HO">
      <Atom charge="-0.8293" name="OAA" type="o"/>
      <Atom charge="0.8812" name="CAI" type="c"/>
      <Atom charge="-0.8293" name="OAB" type="o"/>
      <Atom charge="-0.0966" name="CAJ" type="ca"/>
      <Atom charge="-0.088" name="CAE" type="ca"/>
      <Atom charge="-0.06" name="CAL" type="ca"/>
      <Atom charge="-0.3875" name="NAG" type="nc"/>
      <Atom charge="0.614" name="SAH" type="ss"/>
      <Atom charge="-0.4005" name="NAF" type="nc"/>
      <Atom charge="-0.058" name="CAK" type="ca"/>
      <Atom charge="-0.151" name="CAD" type="ca"/>
      <Atom charge="-0.054" name="CAC" type="ca"/>
      <Atom charge="0.168" name="H2" type="ha"/>
      <Atom charge="0.127" name="H3" type="ha"/>
      <Atom charge="0.164" name="H4" type="ha"/>
      <Bond atomName1="OAA" atomName2="CAI"/>
      <Bond atomName1="CAI" atomName2="OAB"/>
      <Bond atomName1="CAI" atomName2="CAJ"/>
      <Bond atomName1="CAC" atomName2="CAJ"/>
      <Bond atomName1="CAC" atomName2="CAD"/>
      <Bond atomName1="CAJ" atomName2="CAE"/>
      <Bond atomName1="CAD" atomName2="CAK"/>
      <Bond atomName1="CAE" atomName2="CAL"/>
      <Bond atomName1="CAK" atomName2="CAL"/>
      <Bond atomName1="CAK" atomName2="NAF"/>
      <Bond atomName1="CAL" atomName2="NAG"/>
      <Bond atomName1="NAF" atomName2="SAH"/>
      <Bond atomName1="NAG" atomName2="SAH"/>
      <Bond atomName1="CAE" atomName2="H2"/>
      <Bond atomName1="CAD" atomName2="H3"/>
      <Bond atomName1="CAC" atomName2="H4"/>
    </Residue>
  </Residues>
  <PeriodicTorsionForce>
    <Improper k1="4.6024" periodicity1="2" phase1="3.141592653589793" type1="c" type2="ca" type3="o" type4="o"/>
    <Improper k1="4.6024" periodicity1="2" phase1="3.141592653589793" type1="ca" type2="c" type3="ca" type4="ca"/>
    <Improper k1="4.6024" periodicity1="2" phase1="3.141592653589793" type1="ca" type2="ca" type3="ca" type4="ha"/>
    <Improper k1="4.6024" periodicity1="2" phase1="3.141592653589793" type1="ca" type2="ca" type3="ca" type4="nc"/>
  </PeriodicTorsionForce>
</ForceField>
