<ForceField>
  <Info>
    <DateGenerated>2019-07-05</DateGenerated>
  </Info>
  <Residues>
    <Residue name="MC_0HV">
      <Atom charge="-0.101" name="C01" type="ca"/>
      <Atom charge="-0.142" name="C02" type="ca"/>
      <Atom charge="-0.179" name="C03" type="ca"/>
      <Atom charge="0.0946" name="C04" type="ca"/>
      <Atom charge="-0.14" name="C05" type="ca"/>
      <Atom charge="-0.0816" name="C06" type="ca"/>
      <Atom charge="-0.647" name="N07" type="nu"/>
      <Atom charge="0.2496" name="C08" type="ca"/>
      <Atom charge="-0.232" name="C09" type="ca"/>
      <Atom charge="0.007" name="C10" type="ca"/>
      <Atom charge="-0.2282" name="C11" type="ca"/>
      <Atom charge="0.062" name="C12" type="ca"/>
      <Atom charge="-0.07" name="C13" type="ca"/>
      <Atom charge="-0.123" name="C14" type="ca"/>
      <Atom charge="-0.138" name="C15" type="ca"/>
      <Atom charge="-0.174" name="C16" type="ca"/>
      <Atom charge="-0.11" name="C17" type="ca"/>
      <Atom charge="0.8792" name="C18" type="c"/>
      <Atom charge="-0.8278" name="O19" type="o"/>
      <Atom charge="-0.8278" name="O20" type="o"/>
      <Atom charge="0.3052" name="N21" type="no"/>
      <Atom charge="-0.2265" name="O22" type="o"/>
      <Atom charge="-0.2265" name="O23" type="o"/>
      <Atom charge="0.16" name="H1" type="ha"/>
      <Atom charge="0.113" name="H2" type="ha"/>
      <Atom charge="0.107" name="H3" type="ha"/>
      <Atom charge="0.164" name="H4" type="ha"/>
      <Atom charge="0.4418" name="H5" type="hn"/>
      <Atom charge="0.192" name="H6" type="ha"/>
      <Atom charge="0.16" name="H7" type="ha"/>
      <Atom charge="0.159" name="H8" type="ha"/>
      <Atom charge="0.122" name="H9" type="ha"/>
      <Atom charge="0.12" name="H10" type="ha"/>
      <Atom charge="0.137" name="H11" type="ha"/>
      <Bond atomName1="O20" atomName2="C18"/>
      <Bond atomName1="O19" atomName2="C18"/>
      <Bond atomName1="C01" atomName2="C02"/>
      <Bond atomName1="C01" atomName2="C06"/>
      <Bond atomName1="C18" atomName2="C06"/>
      <Bond atomName1="C02" atomName2="C03"/>
      <Bond atomName1="C06" atomName2="C05"/>
      <Bond atomName1="C03" atomName2="C04"/>
      <Bond atomName1="C05" atomName2="C04"/>
      <Bond atomName1="C04" atomName2="N07"/>
      <Bond atomName1="N07" atomName2="C08"/>
      <Bond atomName1="C08" atomName2="C09"/>
      <Bond atomName1="C08" atomName2="C13"/>
      <Bond atomName1="C09" atomName2="C10"/>
      <Bond atomName1="C17" atomName2="C13"/>
      <Bond atomName1="C17" atomName2="C16"/>
      <Bond atomName1="C13" atomName2="C12"/>
      <Bond atomName1="C10" atomName2="C11"/>
      <Bond atomName1="C16" atomName2="C15"/>
      <Bond atomName1="C12" atomName2="C11"/>
      <Bond atomName1="C12" atomName2="C14"/>
      <Bond atomName1="C11" atomName2="N21"/>
      <Bond atomName1="C15" atomName2="C14"/>
      <Bond atomName1="N21" atomName2="O23"/>
      <Bond atomName1="N21" atomName2="O22"/>
      <Bond atomName1="C01" atomName2="H1"/>
      <Bond atomName1="C02" atomName2="H2"/>
      <Bond atomName1="C03" atomName2="H3"/>
      <Bond atomName1="C05" atomName2="H4"/>
      <Bond atomName1="N07" atomName2="H5"/>
      <Bond atomName1="C09" atomName2="H6"/>
      <Bond atomName1="C10" atomName2="H7"/>
      <Bond atomName1="C14" atomName2="H8"/>
      <Bond atomName1="C15" atomName2="H9"/>
      <Bond atomName1="C16" atomName2="H10"/>
      <Bond atomName1="C17" atomName2="H11"/>
    </Residue>
  </Residues>
  <HarmonicBondForce>
    <Bond k="290453.27999999997" length="0.1386" type1="ca" type2="nu"/>
    <Bond k="443085.5999999999" length="0.10120000000000001" type1="hn" type2="nu"/>
  </HarmonicBondForce>
  <HarmonicAngleForce>
    <Angle angle="2.1109757302871417" k="721.3216000000001" type1="ca" type2="ca" type3="nu"/>
    <Angle angle="2.224596664591972" k="545.5936" type1="ca" type2="nu" type3="ca"/>
    <Angle angle="2.0258036627898184" k="408.3584" type1="ca" type2="nu" type3="hn"/>
  </HarmonicAngleForce>
  <PeriodicTorsionForce>
    <Proper k1="4.3932" periodicity1="2" phase1="3.141592653589793" type1="ca" type2="ca" type3="nu" type4="ca"/>
    <Proper k1="4.3932" periodicity1="2" phase1="3.141592653589793" type1="ca" type2="ca" type3="nu" type4="hn"/>
    <Improper k1="4.6024" periodicity1="2" phase1="3.141592653589793" type1="ca" type2="ca" type3="ca" type4="ha"/>
    <Improper k1="4.6024" periodicity1="2" phase1="3.141592653589793" type1="ca" type2="ca" type3="ca" type4="nu"/>
    <Improper k1="4.6024" periodicity1="2" phase1="3.141592653589793" type1="ca" type2="c" type3="ca" type4="ca"/>
    <Improper k1="4.6024" periodicity1="2" phase1="3.141592653589793" type1="nu" type2="ca" type3="ca" type4="hn"/>
    <Improper k1="4.6024" periodicity1="2" phase1="3.141592653589793" type1="ca" type2="ca" type3="ca" type4="no"/>
    <Improper k1="4.6024" periodicity1="2" phase1="3.141592653589793" type1="ca" type2="ca" type3="ca" type4="ca"/>
    <Improper k1="4.6024" periodicity1="2" phase1="3.141592653589793" type1="c" type2="ca" type3="o" type4="o"/>
    <Improper k1="4.6024" periodicity1="2" phase1="3.141592653589793" type1="no" type2="ca" type3="o" type4="o"/>
  </PeriodicTorsionForce>
</ForceField>
