<ForceField>
  <Info>
    <DateGenerated>2019-07-05</DateGenerated>
  </Info>
  <Residues>
    <Residue name="MC_0HX">
      <Atom charge="-0.0949" name="C4" type="c3"/>
      <Atom charge="-0.0926" name="C5" type="c3"/>
      <Atom charge="0.3269" name="C6" type="c3"/>
      <Atom charge="0.0957" name="C11" type="c3"/>
      <Atom charge="0.0889" name="C7" type="ce"/>
      <Atom charge="0.8908" name="C8" type="c"/>
      <Atom charge="-0.3602" name="C9" type="c2"/>
      <Atom charge="0.1863" name="C10" type="c3"/>
      <Atom charge="-0.1731" name="C13" type="c3"/>
      <Atom charge="-0.5759" name="N1" type="ns"/>
      <Atom charge="0.1431" name="C3" type="c3"/>
      <Atom charge="-0.0949" name="C2" type="c3"/>
      <Atom charge="-0.4056" name="O1" type="os"/>
      <Atom charge="-0.3189" name="O2" type="os"/>
      <Atom charge="-0.8153" name="O3" type="o"/>
      <Atom charge="-0.8153" name="O4" type="o"/>
      <Atom charge="-0.5828" name="O5" type="oh"/>
      <Atom charge="-0.5861" name="O6" type="o"/>
      <Atom charge="0.0382" name="H1" type="hc"/>
      <Atom charge="0.0382" name="H2" type="hc"/>
      <Atom charge="0.038367" name="H3" type="hc"/>
      <Atom charge="0.038367" name="H4" type="hc"/>
      <Atom charge="0.038367" name="H5" type="hc"/>
      <Atom charge="0.0287" name="H6" type="h2"/>
      <Atom charge="0.1187" name="H7" type="h1"/>
      <Atom charge="0.166" name="H8" type="ha"/>
      <Atom charge="0.0117" name="H9" type="h1"/>
      <Atom charge="0.051033" name="H10" type="hc"/>
      <Atom charge="0.051033" name="H11" type="hc"/>
      <Atom charge="0.051033" name="H12" type="hc"/>
      <Atom charge="0.3025" name="H13" type="hn"/>
      <Atom charge="0.0697" name="H14" type="h1"/>
      <Atom charge="0.038367" name="H15" type="hc"/>
      <Atom charge="0.038367" name="H16" type="hc"/>
      <Atom charge="0.038367" name="H17" type="hc"/>
      <Atom charge="0.0382" name="H18" type="hc"/>
      <Atom charge="0.0382" name="H19" type="hc"/>
      <Atom charge="0.389" name="H21" type="ho"/>
      <Atom charge="0.6541" name="C12" type="c"/>
      <Atom charge="-0.0926" name="C1" type="c3"/>
      <Bond atomName1="C13" atomName2="C12"/>
      <Bond atomName1="C1" atomName2="C2"/>
      <Bond atomName1="C2" atomName2="C3"/>
      <Bond atomName1="N1" atomName2="C12"/>
      <Bond atomName1="N1" atomName2="C11"/>
      <Bond atomName1="C12" atomName2="O6"/>
      <Bond atomName1="C3" atomName2="O1"/>
      <Bond atomName1="C3" atomName2="C4"/>
      <Bond atomName1="C6" atomName2="O1"/>
      <Bond atomName1="C6" atomName2="C11"/>
      <Bond atomName1="C6" atomName2="O2"/>
      <Bond atomName1="C11" atomName2="C10"/>
      <Bond atomName1="C10" atomName2="O5"/>
      <Bond atomName1="C10" atomName2="C9"/>
      <Bond atomName1="C4" atomName2="C5"/>
      <Bond atomName1="O2" atomName2="C7"/>
      <Bond atomName1="C9" atomName2="C7"/>
      <Bond atomName1="C7" atomName2="C8"/>
      <Bond atomName1="C8" atomName2="O4"/>
      <Bond atomName1="C8" atomName2="O3"/>
      <Bond atomName1="C4" atomName2="H1"/>
      <Bond atomName1="C4" atomName2="H2"/>
      <Bond atomName1="C5" atomName2="H3"/>
      <Bond atomName1="C5" atomName2="H4"/>
      <Bond atomName1="C5" atomName2="H5"/>
      <Bond atomName1="C6" atomName2="H6"/>
      <Bond atomName1="C11" atomName2="H7"/>
      <Bond atomName1="C9" atomName2="H8"/>
      <Bond atomName1="C10" atomName2="H9"/>
      <Bond atomName1="C13" atomName2="H10"/>
      <Bond atomName1="C13" atomName2="H11"/>
      <Bond atomName1="C13" atomName2="H12"/>
      <Bond atomName1="N1" atomName2="H13"/>
      <Bond atomName1="C3" atomName2="H14"/>
      <Bond atomName1="C1" atomName2="H15"/>
      <Bond atomName1="C1" atomName2="H16"/>
      <Bond atomName1="C1" atomName2="H17"/>
      <Bond atomName1="C2" atomName2="H18"/>
      <Bond atomName1="C2" atomName2="H19"/>
      <Bond atomName1="O5" atomName2="H21"/>
    </Residue>
  </Residues>
  <HarmonicBondForce>
    <Bond k="220747.83999999997" length="0.1462" type1="c3" type2="ns"/>
    <Bond k="441244.6399999999" length="0.1013" type1="hn" type2="ns"/>
    <Bond k="298068.1599999999" length="0.1379" type1="c" type2="ns"/>
  </HarmonicBondForce>
  <HarmonicAngleForce>
    <Angle angle="1.9479619781508712" k="696.2176000000001" type1="c3" type2="c3" type3="ns"/>
    <Angle angle="2.053903463746927" k="385.76480000000004" type1="c3" type2="ns" type3="hn"/>
    <Angle angle="2.1064378742319563" k="546.4304" type1="c" type2="ns" type3="c3"/>
    <Angle angle="2.158972284716986" k="736.384" type1="c2" type2="ce" type3="os"/>
    <Angle angle="2.010270232447069" k="705.4224" type1="c3" type2="c" type3="ns"/>
    <Angle angle="1.900314489571426" k="514.6320000000001" type1="h1" type2="c3" type3="ns"/>
    <Angle angle="2.1476276445790226" k="952.2784" type1="ns" type2="c" type3="o"/>
    <Angle angle="2.051634535719334" k="407.52160000000003" type1="c" type2="ns" type3="hn"/>
  </HarmonicAngleForce>
  <PeriodicTorsionForce>
    <Proper k1="0.0" periodicity1="2" phase1="0.0" type1="c3" type2="c3" type3="ns" type4="hn"/>
    <Proper k1="0.41840000000000005" k2="0.7112800000000001" k3="4.26768" periodicity1="4" periodicity2="3" periodicity3="1" phase1="3.141592653589793" phase2="0.0" phase3="3.141592653589793" type1="c3" type2="c3" type3="ns" type4="c"/>
    <Proper k1="10.54368" k2="8.368" periodicity1="2" periodicity2="1" phase1="3.141592653589793" phase2="3.141592653589793" type1="c" type2="ce" type3="os" type4="c3"/>
    <Proper k1="10.54368" k2="8.368" periodicity1="2" periodicity2="1" phase1="3.141592653589793" phase2="3.141592653589793" type1="c2" type2="ce" type3="os" type4="c3"/>
    <Proper k1="1.0878400000000001" k2="2.092" periodicity1="2" periodicity2="1" phase1="3.141592653589793" phase2="0.0" type1="c3" type2="c" type3="ns" type4="c3"/>
    <Proper k1="10.46" periodicity1="2" phase1="3.141592653589793" type1="o" type2="c" type3="ns" type4="c3"/>
    <Proper k1="10.46" periodicity1="2" phase1="3.141592653589793" type1="c3" type2="c" type3="ns" type4="hn"/>
    <Proper k1="0.42258400000000007" periodicity1="3" phase1="0.0" type1="ns" type2="c3" type3="c3" type4="oh"/>
    <Proper k1="10.46" k2="8.368" periodicity1="2" periodicity2="1" phase1="3.141592653589793" phase2="0.0" type1="o" type2="c" type3="ns" type4="hn"/>
    <Proper k1="0.0" periodicity1="2" phase1="0.0" type1="h1" type2="c3" type3="ns" type4="hn"/>
    <Proper k1="0.0" periodicity1="2" phase1="3.141592653589793" type1="h1" type2="c3" type3="ns" type4="c"/>
    <Improper k1="4.6024" periodicity1="2" phase1="3.141592653589793" type1="ce" type2="c" type3="c2" type4="os"/>
    <Improper k1="4.6024" periodicity1="2" phase1="3.141592653589793" type1="c" type2="ce" type3="o" type4="o"/>
    <Improper k1="4.6024" periodicity1="2" phase1="3.141592653589793" type1="c2" type2="c3" type3="ce" type4="ha"/>
    <Improper k1="4.6024" periodicity1="2" phase1="3.141592653589793" type1="ns" type2="c" type3="c3" type4="hn"/>
    <Improper k1="43.932" periodicity1="2" phase1="3.141592653589793" type1="c" type2="c3" type3="ns" type4="o"/>
  </PeriodicTorsionForce>
</ForceField>
