<ForceField>
  <Info>
    <DateGenerated>2019-07-05</DateGenerated>
  </Info>
  <Residues>
    <Residue name="MC_0IU">
      <Atom charge="0.0983" name="C1" type="c3"/>
      <Atom charge="0.0983" name="C2" type="c3"/>
      <Atom charge="0.6321" name="C" type="c"/>
      <Atom charge="-0.5941" name="O" type="o"/>
      <Atom charge="-0.5008" name="N" type="n"/>
      <Atom charge="-0.4688" name="N1" type="n"/>
      <Atom charge="0.6631" name="C3" type="c"/>
      <Atom charge="-0.5891" name="O1" type="o"/>
      <Atom charge="0.029" name="CA" type="c3"/>
      <Atom charge="0.167" name="CB" type="c3"/>
      <Atom charge="-0.0811" name="CG2" type="c3"/>
      <Atom charge="-0.1073" name="CG" type="ca"/>
      <Atom charge="-0.119" name="CD1" type="ca"/>
      <Atom charge="-0.119" name="CD2" type="ca"/>
      <Atom charge="-0.13" name="CE1" type="ca"/>
      <Atom charge="-0.13" name="CE2" type="ca"/>
      <Atom charge="-0.131" name="CZ" type="ca"/>
      <Atom charge="0.6481" name="C4" type="c"/>
      <Atom charge="-0.6021" name="O2" type="o"/>
      <Atom charge="-0.1337" name="CA1" type="c3"/>
      <Atom charge="-0.1454" name="CN" type="c3"/>
      <Atom charge="-0.0917" name="CB1" type="c3"/>
      <Atom charge="0.4126" name="CG1" type="cc"/>
      <Atom charge="-0.2034" name="CD21" type="cd"/>
      <Atom charge="-0.2623" name="SE2" type="ss"/>
      <Atom charge="0.7333" name="CE11" type="cd"/>
      <Atom charge="-0.746" name="ND1" type="nc"/>
      <Atom charge="-0.9965" name="NZ" type="nv"/>
      <Atom charge="0.0991" name="C11" type="c3"/>
      <Atom charge="0.1117" name="C21" type="c3"/>
      <Atom charge="-0.0934" name="C31" type="c3"/>
      <Atom charge="-0.0697" name="C1'" type="c3"/>
      <Atom charge="-0.0779" name="C2'" type="c3"/>
      <Atom charge="-0.0789" name="C3'" type="c3"/>
      <Atom charge="-0.0804" name="C4'" type="c3"/>
      <Atom charge="-0.0789" name="C5'" type="c3"/>
      <Atom charge="-0.0779" name="C6'" type="c3"/>
      <Atom charge="-0.5719" name="N2" type="ns"/>
      <Atom charge="-0.6038" name="O11" type="oh"/>
      <Atom charge="0.1351" name="C12" type="c3"/>
      <Atom charge="-0.1164" name="C22" type="c3"/>
      <Atom charge="-0.0737" name="C32" type="c3"/>
      <Atom charge="-0.0896" name="C41" type="c3"/>
      <Atom charge="-0.0896" name="C5" type="c3"/>
      <Atom charge="-0.5718" name="O12" type="oh"/>
      <Atom charge="0.0417" name="H11" type="h1"/>
      <Atom charge="0.0417" name="H12" type="h1"/>
      <Atom charge="0.0417" name="H13" type="h1"/>
      <Atom charge="0.0417" name="H21" type="h1"/>
      <Atom charge="0.0417" name="H22" type="h1"/>
      <Atom charge="0.0417" name="H23" type="h1"/>
      <Atom charge="0.0762" name="HA2" type="h1"/>
      <Atom charge="0.0762" name="HA3" type="h1"/>
      <Atom charge="0.0637" name="HB" type="h1"/>
      <Atom charge="0.051367" name="HG21" type="hc"/>
      <Atom charge="0.051367" name="HG22" type="hc"/>
      <Atom charge="0.051367" name="HG23" type="hc"/>
      <Atom charge="0.1345" name="HD1" type="ha"/>
      <Atom charge="0.1345" name="HD2" type="ha"/>
      <Atom charge="0.1285" name="HE1" type="ha"/>
      <Atom charge="0.1285" name="HE2" type="ha"/>
      <Atom charge="0.127" name="HZ" type="ha"/>
      <Atom charge="0.1117" name="HA" type="hc"/>
      <Atom charge="0.0752" name="HN2" type="hc"/>
      <Atom charge="0.0752" name="HN3" type="hc"/>
      <Atom charge="0.0557" name="HB1" type="hc"/>
      <Atom charge="0.0557" name="HB2" type="hc"/>
      <Atom charge="0.183" name="HD21" type="h4"/>
      <Atom charge="0.4433" name="HNZ1" type="hn"/>
      <Atom charge="0.4433" name="HNZ2" type="hn"/>
      <Atom charge="0.0327" name="H121" type="h1"/>
      <Atom charge="0.1027" name="H2" type="h1"/>
      <Atom charge="0.0497" name="H31" type="hc"/>
      <Atom charge="0.0497" name="H32" type="hc"/>
      <Atom charge="0.0597" name="H1'" type="hc"/>
      <Atom charge="0.0422" name="H2'1" type="hc"/>
      <Atom charge="0.0422" name="H2'2" type="hc"/>
      <Atom charge="0.04145" name="H3'1" type="hc"/>
      <Atom charge="0.04145" name="H3'2" type="hc"/>
      <Atom charge="0.0392" name="H4'1" type="hc"/>
      <Atom charge="0.0392" name="H4'2" type="hc"/>
      <Atom charge="0.04145" name="H5'1" type="hc"/>
      <Atom charge="0.04145" name="H5'2" type="hc"/>
      <Atom charge="0.0422" name="H6'1" type="hc"/>
      <Atom charge="0.0422" name="H6'2" type="hc"/>
      <Atom charge="0.3255" name="HN22" type="hn"/>
      <Atom charge="0.401" name="HO1" type="ho"/>
      <Atom charge="0.0987" name="H122" type="h1"/>
      <Atom charge="0.0457" name="H211" type="hc"/>
      <Atom charge="0.0457" name="H221" type="hc"/>
      <Atom charge="0.0607" name="H3" type="hc"/>
      <Atom charge="0.034533" name="H41" type="hc"/>
      <Atom charge="0.034533" name="H42" type="hc"/>
      <Atom charge="0.034533" name="H43" type="hc"/>
      <Atom charge="0.034533" name="H51" type="hc"/>
      <Atom charge="0.034533" name="H52" type="hc"/>
      <Atom charge="0.034533" name="H53" type="hc"/>
      <Atom charge="0.386" name="HO11" type="ho"/>
      <Bond atomName1="C1" atomName2="N"/>
      <Bond atomName1="C1" atomName2="H11"/>
      <Bond atomName1="C1" atomName2="H12"/>
      <Bond atomName1="C1" atomName2="H13"/>
      <Bond atomName1="C2" atomName2="N"/>
      <Bond atomName1="C2" atomName2="H21"/>
      <Bond atomName1="C2" atomName2="H22"/>
      <Bond atomName1="C2" atomName2="H23"/>
      <Bond atomName1="C" atomName2="O"/>
      <Bond atomName1="C" atomName2="N"/>
      <Bond atomName1="N1" atomName2="C3"/>
      <Bond atomName1="N1" atomName2="CA"/>
      <Bond atomName1="N1" atomName2="CB"/>
      <Bond atomName1="C3" atomName2="O1"/>
      <Bond atomName1="CA" atomName2="HA2"/>
      <Bond atomName1="CA" atomName2="HA3"/>
      <Bond atomName1="CB" atomName2="CG2"/>
      <Bond atomName1="CB" atomName2="CG"/>
      <Bond atomName1="CB" atomName2="HB"/>
      <Bond atomName1="CG2" atomName2="HG21"/>
      <Bond atomName1="CG2" atomName2="HG22"/>
      <Bond atomName1="CG2" atomName2="HG23"/>
      <Bond atomName1="CG" atomName2="CD1"/>
      <Bond atomName1="CG" atomName2="CD2"/>
      <Bond atomName1="CD1" atomName2="CE1"/>
      <Bond atomName1="CD1" atomName2="HD1"/>
      <Bond atomName1="CD2" atomName2="CE2"/>
      <Bond atomName1="CD2" atomName2="HD2"/>
      <Bond atomName1="CE1" atomName2="CZ"/>
      <Bond atomName1="CE1" atomName2="HE1"/>
      <Bond atomName1="CE2" atomName2="CZ"/>
      <Bond atomName1="CE2" atomName2="HE2"/>
      <Bond atomName1="CZ" atomName2="HZ"/>
      <Bond atomName1="C4" atomName2="O2"/>
      <Bond atomName1="C4" atomName2="CA1"/>
      <Bond atomName1="CA1" atomName2="CN"/>
      <Bond atomName1="CA1" atomName2="CB1"/>
      <Bond atomName1="CA1" atomName2="HA"/>
      <Bond atomName1="CN" atomName2="HN2"/>
      <Bond atomName1="CN" atomName2="HN3"/>
      <Bond atomName1="CB1" atomName2="CG1"/>
      <Bond atomName1="CB1" atomName2="HB1"/>
      <Bond atomName1="CB1" atomName2="HB2"/>
      <Bond atomName1="CG1" atomName2="CD21"/>
      <Bond atomName1="CG1" atomName2="ND1"/>
      <Bond atomName1="CD21" atomName2="SE2"/>
      <Bond atomName1="CD21" atomName2="HD21"/>
      <Bond atomName1="SE2" atomName2="CE11"/>
      <Bond atomName1="CE11" atomName2="ND1"/>
      <Bond atomName1="CE11" atomName2="NZ"/>
      <Bond atomName1="NZ" atomName2="HNZ1"/>
      <Bond atomName1="NZ" atomName2="HNZ2"/>
      <Bond atomName1="C11" atomName2="C21"/>
      <Bond atomName1="C11" atomName2="O11"/>
      <Bond atomName1="C11" atomName2="H121"/>
      <Bond atomName1="C21" atomName2="C31"/>
      <Bond atomName1="C21" atomName2="N2"/>
      <Bond atomName1="C21" atomName2="H2"/>
      <Bond atomName1="C31" atomName2="C1'"/>
      <Bond atomName1="C31" atomName2="H31"/>
      <Bond atomName1="C31" atomName2="H32"/>
      <Bond atomName1="C1'" atomName2="C2'"/>
      <Bond atomName1="C1'" atomName2="C6'"/>
      <Bond atomName1="C1'" atomName2="H1'"/>
      <Bond atomName1="C2'" atomName2="C3'"/>
      <Bond atomName1="C2'" atomName2="H2'1"/>
      <Bond atomName1="C2'" atomName2="H2'2"/>
      <Bond atomName1="C3'" atomName2="C4'"/>
      <Bond atomName1="C3'" atomName2="H3'1"/>
      <Bond atomName1="C3'" atomName2="H3'2"/>
      <Bond atomName1="C4'" atomName2="C5'"/>
      <Bond atomName1="C4'" atomName2="H4'1"/>
      <Bond atomName1="C4'" atomName2="H4'2"/>
      <Bond atomName1="C5'" atomName2="C6'"/>
      <Bond atomName1="C5'" atomName2="H5'1"/>
      <Bond atomName1="C5'" atomName2="H5'2"/>
      <Bond atomName1="C6'" atomName2="H6'1"/>
      <Bond atomName1="C6'" atomName2="H6'2"/>
      <Bond atomName1="N2" atomName2="HN22"/>
      <Bond atomName1="O11" atomName2="HO1"/>
      <Bond atomName1="C12" atomName2="C22"/>
      <Bond atomName1="C12" atomName2="O12"/>
      <Bond atomName1="C12" atomName2="H122"/>
      <Bond atomName1="C22" atomName2="C32"/>
      <Bond atomName1="C22" atomName2="H211"/>
      <Bond atomName1="C22" atomName2="H221"/>
      <Bond atomName1="C32" atomName2="C41"/>
      <Bond atomName1="C32" atomName2="C5"/>
      <Bond atomName1="C32" atomName2="H3"/>
      <Bond atomName1="C41" atomName2="H41"/>
      <Bond atomName1="C41" atomName2="H42"/>
      <Bond atomName1="C41" atomName2="H43"/>
      <Bond atomName1="C5" atomName2="H51"/>
      <Bond atomName1="C5" atomName2="H52"/>
      <Bond atomName1="C5" atomName2="H53"/>
      <Bond atomName1="O12" atomName2="HO11"/>
      <Bond atomName1="C" atomName2="CA"/>
      <Bond atomName1="C3" atomName2="CN"/>
      <Bond atomName1="C4" atomName2="N2"/>
      <Bond atomName1="C11" atomName2="C12"/>
    </Residue>
  </Residues>
  <HarmonicBondForce>
    <Bond k="298068.1599999999" length="0.1379" type1="c" type2="ns"/>
    <Bond k="304176.79999999993" length="0.1373" type1="cd" type2="nv"/>
    <Bond k="443085.5999999999" length="0.10120000000000001" type1="hn" type2="nv"/>
    <Bond k="220747.83999999997" length="0.1462" type1="c3" type2="ns"/>
    <Bond k="441244.6399999999" length="0.1013" type1="hn" type2="ns"/>
  </HarmonicBondForce>
  <HarmonicAngleForce>
    <Angle angle="2.1064378742319563" k="546.4304" type1="c" type2="ns" type3="c3"/>
    <Angle angle="2.051634535719334" k="407.52160000000003" type1="c" type2="ns" type3="hn"/>
    <Angle angle="2.1476276445790226" k="952.2784" type1="ns" type2="c" type3="o"/>
    <Angle angle="2.010270232447069" k="705.4224" type1="c3" type2="c" type3="ns"/>
    <Angle angle="2.125985561854293" k="670.2768" type1="nv" type2="cd" type3="ss"/>
    <Angle angle="2.0181242140810434" k="412.5424" type1="cd" type2="nv" type3="hn"/>
    <Angle angle="2.1057397425311586" k="934.7056" type1="nc" type2="cd" type3="nv"/>
    <Angle angle="1.9479619781508712" k="696.2176000000001" type1="c3" type2="c3" type3="ns"/>
    <Angle angle="2.053903463746927" k="385.76480000000004" type1="c3" type2="ns" type3="hn"/>
    <Angle angle="1.900314489571426" k="514.6320000000001" type1="h1" type2="c3" type3="ns"/>
    <Angle angle="2.0092230348958724" k="330.536" type1="hn" type2="nv" type3="hn"/>
  </HarmonicAngleForce>
  <PeriodicTorsionForce>
    <Proper k1="0.41840000000000005" k2="0.7112800000000001" k3="4.26768" periodicity1="4" periodicity2="3" periodicity3="1" phase1="3.141592653589793" phase2="0.0" phase3="3.141592653589793" type1="c3" type2="c3" type3="ns" type4="c"/>
    <Proper k1="0.0" periodicity1="2" phase1="3.141592653589793" type1="h1" type2="c3" type3="ns" type4="c"/>
    <Proper k1="10.46" periodicity1="2" phase1="3.141592653589793" type1="o" type2="c" type3="ns" type4="c3"/>
    <Proper k1="10.46" k2="8.368" periodicity1="2" periodicity2="1" phase1="3.141592653589793" phase2="0.0" type1="o" type2="c" type3="ns" type4="hn"/>
    <Proper k1="1.0878400000000001" k2="2.092" periodicity1="2" periodicity2="1" phase1="3.141592653589793" phase2="0.0" type1="c3" type2="c" type3="ns" type4="c3"/>
    <Proper k1="10.46" periodicity1="2" phase1="3.141592653589793" type1="c3" type2="c" type3="ns" type4="hn"/>
    <Proper k1="0.0" k2="2.97064" periodicity1="4" periodicity2="2" phase1="3.141592653589793" phase2="3.141592653589793" type1="ns" type2="c" type3="c3" type4="c3"/>
    <Proper k1="4.6024" periodicity1="2" phase1="3.141592653589793" type1="cc" type2="cd" type3="ss" type4="cd"/>
    <Proper k1="4.6024" periodicity1="2" phase1="3.141592653589793" type1="nc" type2="cd" type3="ss" type4="cd"/>
    <Proper k1="4.6024" periodicity1="2" phase1="3.141592653589793" type1="nv" type2="cd" type3="ss" type4="cd"/>
    <Proper k1="4.3932" periodicity1="2" phase1="3.141592653589793" type1="ss" type2="cd" type3="nv" type4="hn"/>
    <Proper k1="4.6024" periodicity1="2" phase1="3.141592653589793" type1="h4" type2="cd" type3="ss" type4="cd"/>
    <Proper k1="4.3932" periodicity1="2" phase1="3.141592653589793" type1="nc" type2="cd" type3="nv" type4="hn"/>
    <Proper k1="0.0" periodicity1="2" phase1="0.0" type1="c3" type2="c3" type3="ns" type4="hn"/>
    <Proper k1="0.41840000000000005" periodicity1="3" phase1="0.0" type1="c3" type2="c3" type3="c3" type4="ns"/>
    <Proper k1="0.42258400000000007" periodicity1="3" phase1="0.0" type1="ns" type2="c3" type3="c3" type4="oh"/>
    <Proper k1="0.0" periodicity1="2" phase1="0.0" type1="h1" type2="c3" type3="ns" type4="hn"/>
    <Improper k1="43.932" periodicity1="2" phase1="3.141592653589793" type1="c" type2="c3" type3="n" type4="o"/>
    <Improper k1="4.6024" periodicity1="2" phase1="3.141592653589793" type1="n" type2="c" type3="c3" type4="c3"/>
    <Improper k1="4.6024" periodicity1="2" phase1="3.141592653589793" type1="ca" type2="ca" type3="ca" type4="ha"/>
    <Improper k1="43.932" periodicity1="2" phase1="3.141592653589793" type1="c" type2="c3" type3="ns" type4="o"/>
    <Improper k1="4.6024" periodicity1="2" phase1="3.141592653589793" type1="cc" type2="c3" type3="cd" type4="nc"/>
    <Improper k1="4.6024" periodicity1="2" phase1="3.141592653589793" type1="cd" type2="cc" type3="h4" type4="ss"/>
    <Improper k1="4.6024" periodicity1="2" phase1="3.141592653589793" type1="cd" type2="nc" type3="nv" type4="ss"/>
    <Improper k1="4.6024" periodicity1="2" phase1="3.141592653589793" type1="nv" type2="cd" type3="hn" type4="hn"/>
    <Improper k1="4.6024" periodicity1="2" phase1="3.141592653589793" type1="ns" type2="c" type3="c3" type4="hn"/>
  </PeriodicTorsionForce>
</ForceField>
