<ForceField>
  <Info>
    <DateGenerated>2019-07-05</DateGenerated>
  </Info>
  <Residues>
    <Residue name="MC_0J2">
      <Atom charge="-0.1864" name="C1" type="c3"/>
      <Atom charge="-0.0571" name="C2" type="c3"/>
      <Atom charge="0.8886" name="C3" type="c"/>
      <Atom charge="-0.8298" name="O1" type="o"/>
      <Atom charge="-0.8298" name="O2" type="o"/>
      <Atom charge="-0.3554" name="N1" type="nc"/>
      <Atom charge="-0.3831" name="N2" type="na"/>
      <Atom charge="-0.08" name="C4" type="c3"/>
      <Atom charge="0.7117" name="C5" type="c"/>
      <Atom charge="-0.3554" name="C6" type="cd"/>
      <Atom charge="-0.4814" name="N4" type="ns"/>
      <Atom charge="0.3796" name="C7" type="cc"/>
      <Atom charge="0.3813" name="C8" type="cd"/>
      <Atom charge="0.449" name="C9" type="c"/>
      <Atom charge="-0.6353" name="N5" type="nc"/>
      <Atom charge="-0.4561" name="O4" type="o"/>
      <Atom charge="0.4968" name="C10" type="cd"/>
      <Atom charge="0.0407" name="H1" type="hc"/>
      <Atom charge="0.0407" name="H2" type="hc"/>
      <Atom charge="0.044033" name="H3" type="hc"/>
      <Atom charge="0.044033" name="H4" type="hc"/>
      <Atom charge="0.044033" name="H5" type="hc"/>
      <Atom charge="0.1087" name="H7" type="hc"/>
      <Atom charge="0.5118" name="H8" type="hn"/>
      <Atom charge="0.5118" name="H9" type="hn"/>
      <Atom charge="0.3395" name="H10" type="hn"/>
      <Atom charge="0.4988" name="H11" type="hn"/>
      <Atom charge="-0.5095" name="O3" type="o"/>
      <Atom charge="-0.8426" name="N3" type="nz"/>
      <Atom charge="0.5118" name="H33" type="hn"/>
      <Bond atomName1="O2" atomName2="C3"/>
      <Bond atomName1="C3" atomName2="O1"/>
      <Bond atomName1="C3" atomName2="C1"/>
      <Bond atomName1="C1" atomName2="C4"/>
      <Bond atomName1="C4" atomName2="C2"/>
      <Bond atomName1="C4" atomName2="C8"/>
      <Bond atomName1="N1" atomName2="C8"/>
      <Bond atomName1="N1" atomName2="N2"/>
      <Bond atomName1="C8" atomName2="C9"/>
      <Bond atomName1="N2" atomName2="C7"/>
      <Bond atomName1="C9" atomName2="O4"/>
      <Bond atomName1="C9" atomName2="C6"/>
      <Bond atomName1="C7" atomName2="C6"/>
      <Bond atomName1="C7" atomName2="N5"/>
      <Bond atomName1="C6" atomName2="C5"/>
      <Bond atomName1="N5" atomName2="C10"/>
      <Bond atomName1="C5" atomName2="O3"/>
      <Bond atomName1="C5" atomName2="N4"/>
      <Bond atomName1="C10" atomName2="N4"/>
      <Bond atomName1="C10" atomName2="N3"/>
      <Bond atomName1="C1" atomName2="H1"/>
      <Bond atomName1="C1" atomName2="H2"/>
      <Bond atomName1="C2" atomName2="H3"/>
      <Bond atomName1="C2" atomName2="H4"/>
      <Bond atomName1="C2" atomName2="H5"/>
      <Bond atomName1="C4" atomName2="H7"/>
      <Bond atomName1="N3" atomName2="H8"/>
      <Bond atomName1="N3" atomName2="H9"/>
      <Bond atomName1="N4" atomName2="H10"/>
      <Bond atomName1="N2" atomName2="H11"/>
      <Bond atomName1="H33" atomName2="N3"/>
    </Residue>
  </Residues>
  <HarmonicBondForce>
    <Bond k="298068.1599999999" length="0.1379" type1="c" type2="ns"/>
    <Bond k="296059.83999999997" length="0.1381" type1="cd" type2="ns"/>
    <Bond k="441244.6399999999" length="0.1013" type1="hn" type2="ns"/>
    <Bond k="198070.55999999994" length="0.14930000000000002" type1="cd" type2="nz"/>
    <Bond k="404090.7199999999" length="0.10300000000000001" type1="hn" type2="nz"/>
  </HarmonicBondForce>
  <HarmonicAngleForce>
    <Angle angle="2.15146736893341" k="557.3088" type1="c" type2="ns" type3="cd"/>
    <Angle angle="2.051634535719334" k="407.52160000000003" type1="c" type2="ns" type3="hn"/>
    <Angle angle="1.9669860669976094" k="728.8528" type1="cd" type2="c" type3="ns"/>
    <Angle angle="2.1476276445790226" k="952.2784" type1="ns" type2="c" type3="o"/>
    <Angle angle="2.1467549799530254" k="922.9904" type1="nc" type2="cd" type3="ns"/>
    <Angle angle="1.9823449644151594" k="888.530976" type1="ns" type2="cd" type3="nz"/>
    <Angle angle="2.1429152555986377" k="876.037552" type1="nc" type2="cd" type3="nz"/>
    <Angle angle="2.0814796659284376" k="404.1744" type1="cd" type2="ns" type3="hn"/>
    <Angle angle="1.928588823453734" k="392.4592" type1="cd" type2="nz" type3="hn"/>
    <Angle angle="1.8901915799098588" k="334.72" type1="hn" type2="nz" type3="hn"/>
  </HarmonicAngleForce>
  <PeriodicTorsionForce>
    <Proper k1="6.9036" periodicity1="2" phase1="3.141592653589793" type1="nc" type2="cd" type3="ns" type4="c"/>
    <Proper k1="6.9036" periodicity1="2" phase1="3.141592653589793" type1="nz" type2="cd" type3="ns" type4="c"/>
    <Proper k1="10.46" periodicity1="2" phase1="3.141592653589793" type1="cd" type2="c" type3="ns" type4="cd"/>
    <Proper k1="10.46" periodicity1="2" phase1="3.141592653589793" type1="cd" type2="c" type3="ns" type4="hn"/>
    <Proper k1="0.0" periodicity1="3" phase1="3.141592653589793" type1="ns" type2="cd" type3="nz" type4="hn"/>
    <Proper k1="6.9036" periodicity1="2" phase1="3.141592653589793" type1="nc" type2="cd" type3="ns" type4="hn"/>
    <Proper k1="0.0" periodicity1="3" phase1="3.141592653589793" type1="nc" type2="cd" type3="nz" type4="hn"/>
    <Proper k1="10.46" periodicity1="2" phase1="3.141592653589793" type1="o" type2="c" type3="ns" type4="cd"/>
    <Proper k1="10.46" k2="8.368" periodicity1="2" periodicity2="1" phase1="3.141592653589793" phase2="0.0" type1="o" type2="c" type3="ns" type4="hn"/>
    <Proper k1="6.9036" periodicity1="2" phase1="3.141592653589793" type1="nz" type2="cd" type3="ns" type4="hn"/>
    <Improper k1="4.6024" periodicity1="2" phase1="3.141592653589793" type1="c" type2="c3" type3="o" type4="o"/>
    <Improper k1="4.6024" periodicity1="2" phase1="3.141592653589793" type1="na" type2="cc" type3="hn" type4="nc"/>
    <Improper k1="43.932" periodicity1="2" phase1="3.141592653589793" type1="c" type2="cd" type3="ns" type4="o"/>
    <Improper k1="4.6024" periodicity1="2" phase1="3.141592653589793" type1="cd" type2="c" type3="c" type4="cc"/>
    <Improper k1="4.6024" periodicity1="2" phase1="3.141592653589793" type1="ns" type2="c" type3="cd" type4="hn"/>
    <Improper k1="4.6024" periodicity1="2" phase1="3.141592653589793" type1="cc" type2="cd" type3="na" type4="nc"/>
    <Improper k1="4.6024" periodicity1="2" phase1="3.141592653589793" type1="cd" type2="c" type3="c3" type4="nc"/>
    <Improper k1="43.932" periodicity1="2" phase1="3.141592653589793" type1="c" type2="cd" type3="cd" type4="o"/>
    <Improper k1="4.6024" periodicity1="2" phase1="3.141592653589793" type1="cd" type2="nc" type3="ns" type4="nz"/>
  </PeriodicTorsionForce>
</ForceField>
