<ForceField>
  <Info>
    <DateGenerated>2019-07-05</DateGenerated>
  </Info>
  <Residues>
    <Residue name="MC_0J4">
      <Atom charge="-0.5155" name="O1" type="o"/>
      <Atom charge="0.7077" name="C4" type="c"/>
      <Atom charge="-0.4654" name="N1" type="ns"/>
      <Atom charge="0.4938" name="C1" type="cc"/>
      <Atom charge="-0.7396" name="N5" type="nz"/>
      <Atom charge="-0.6323" name="N2" type="nd"/>
      <Atom charge="0.3696" name="C2" type="cd"/>
      <Atom charge="-0.3304" name="C3" type="cc"/>
      <Atom charge="0.457" name="C6" type="c"/>
      <Atom charge="-0.4261" name="O2" type="o"/>
      <Atom charge="-0.3891" name="N3" type="na"/>
      <Atom charge="-0.4064" name="N4" type="nc"/>
      <Atom charge="0.4363" name="C5" type="cd"/>
      <Atom charge="-0.207" name="C7" type="c3"/>
      <Atom charge="-0.0681" name="C10" type="c3"/>
      <Atom charge="0.9066" name="C8" type="c"/>
      <Atom charge="-0.8143" name="O4" type="o"/>
      <Atom charge="-0.8143" name="O3" type="o"/>
      <Atom charge="0.473133" name="H1" type="hn"/>
      <Atom charge="0.473133" name="H2" type="hn"/>
      <Atom charge="0.0877" name="H5" type="hc"/>
      <Atom charge="0.036367" name="H6" type="hc"/>
      <Atom charge="0.036367" name="H7" type="hc"/>
      <Atom charge="0.036367" name="H8" type="hc"/>
      <Atom charge="0.3315" name="H4" type="hn"/>
      <Atom charge="0.4878" name="H3" type="hn"/>
      <Atom charge="0.473133" name="H53" type="hn"/>
      <Bond atomName1="N5" atomName2="C1"/>
      <Bond atomName1="N1" atomName2="C1"/>
      <Bond atomName1="N1" atomName2="C4"/>
      <Bond atomName1="C1" atomName2="N2"/>
      <Bond atomName1="O1" atomName2="C4"/>
      <Bond atomName1="C4" atomName2="C3"/>
      <Bond atomName1="N2" atomName2="C2"/>
      <Bond atomName1="C3" atomName2="C2"/>
      <Bond atomName1="C3" atomName2="C6"/>
      <Bond atomName1="C2" atomName2="N3"/>
      <Bond atomName1="C6" atomName2="O2"/>
      <Bond atomName1="C6" atomName2="C5"/>
      <Bond atomName1="N3" atomName2="N4"/>
      <Bond atomName1="N4" atomName2="C5"/>
      <Bond atomName1="C5" atomName2="C7"/>
      <Bond atomName1="C10" atomName2="C7"/>
      <Bond atomName1="C7" atomName2="C8"/>
      <Bond atomName1="O3" atomName2="C8"/>
      <Bond atomName1="C8" atomName2="O4"/>
      <Bond atomName1="N5" atomName2="H1"/>
      <Bond atomName1="N5" atomName2="H2"/>
      <Bond atomName1="C7" atomName2="H5"/>
      <Bond atomName1="C10" atomName2="H6"/>
      <Bond atomName1="C10" atomName2="H7"/>
      <Bond atomName1="C10" atomName2="H8"/>
      <Bond atomName1="N1" atomName2="H4"/>
      <Bond atomName1="N3" atomName2="H3"/>
      <Bond atomName1="H53" atomName2="N5"/>
    </Residue>
  </Residues>
  <HarmonicBondForce>
    <Bond k="298068.1599999999" length="0.1379" type1="c" type2="ns"/>
    <Bond k="296059.83999999997" length="0.1381" type1="cc" type2="ns"/>
    <Bond k="441244.6399999999" length="0.1013" type1="hn" type2="ns"/>
    <Bond k="198070.55999999994" length="0.14930000000000002" type1="cc" type2="nz"/>
    <Bond k="404090.7199999999" length="0.10300000000000001" type1="hn" type2="nz"/>
  </HarmonicBondForce>
  <HarmonicAngleForce>
    <Angle angle="2.1476276445790226" k="952.2784" type1="ns" type2="c" type3="o"/>
    <Angle angle="2.15146736893341" k="557.3088" type1="c" type2="ns" type3="cc"/>
    <Angle angle="2.051634535719334" k="407.52160000000003" type1="c" type2="ns" type3="hn"/>
    <Angle angle="1.9669860669976094" k="728.8528" type1="cc" type2="c" type3="ns"/>
    <Angle angle="1.9823449644151594" k="888.530976" type1="ns" type2="cc" type3="nz"/>
    <Angle angle="2.1467549799530254" k="922.9904" type1="nd" type2="cc" type3="ns"/>
    <Angle angle="2.0814796659284376" k="404.1744" type1="cc" type2="ns" type3="hn"/>
    <Angle angle="1.928588823453734" k="392.4592" type1="cc" type2="nz" type3="hn"/>
    <Angle angle="2.1429152555986377" k="876.037552" type1="nd" type2="cc" type3="nz"/>
    <Angle angle="1.8901915799098588" k="334.72" type1="hn" type2="nz" type3="hn"/>
  </HarmonicAngleForce>
  <PeriodicTorsionForce>
    <Proper k1="10.46" periodicity1="2" phase1="3.141592653589793" type1="o" type2="c" type3="ns" type4="cc"/>
    <Proper k1="10.46" k2="8.368" periodicity1="2" periodicity2="1" phase1="3.141592653589793" phase2="0.0" type1="o" type2="c" type3="ns" type4="hn"/>
    <Proper k1="6.9036" periodicity1="2" phase1="3.141592653589793" type1="nz" type2="cc" type3="ns" type4="c"/>
    <Proper k1="6.9036" periodicity1="2" phase1="3.141592653589793" type1="nd" type2="cc" type3="ns" type4="c"/>
    <Proper k1="0.0" periodicity1="3" phase1="3.141592653589793" type1="ns" type2="cc" type3="nz" type4="hn"/>
    <Proper k1="10.46" periodicity1="2" phase1="3.141592653589793" type1="cc" type2="c" type3="ns" type4="cc"/>
    <Proper k1="6.9036" periodicity1="2" phase1="3.141592653589793" type1="nz" type2="cc" type3="ns" type4="hn"/>
    <Proper k1="6.9036" periodicity1="2" phase1="3.141592653589793" type1="nd" type2="cc" type3="ns" type4="hn"/>
    <Proper k1="0.0" periodicity1="3" phase1="3.141592653589793" type1="nd" type2="cc" type3="nz" type4="hn"/>
    <Proper k1="10.46" periodicity1="2" phase1="3.141592653589793" type1="cc" type2="c" type3="ns" type4="hn"/>
    <Improper k1="43.932" periodicity1="2" phase1="3.141592653589793" type1="c" type2="cc" type3="ns" type4="o"/>
    <Improper k1="4.6024" periodicity1="2" phase1="3.141592653589793" type1="ns" type2="c" type3="cc" type4="hn"/>
    <Improper k1="4.6024" periodicity1="2" phase1="3.141592653589793" type1="cc" type2="nd" type3="ns" type4="nz"/>
    <Improper k1="4.6024" periodicity1="2" phase1="3.141592653589793" type1="cd" type2="cc" type3="na" type4="nd"/>
    <Improper k1="4.6024" periodicity1="2" phase1="3.141592653589793" type1="cc" type2="c" type3="c" type4="cd"/>
    <Improper k1="43.932" periodicity1="2" phase1="3.141592653589793" type1="c" type2="cc" type3="cd" type4="o"/>
    <Improper k1="4.6024" periodicity1="2" phase1="3.141592653589793" type1="na" type2="cd" type3="hn" type4="nc"/>
    <Improper k1="4.6024" periodicity1="2" phase1="3.141592653589793" type1="cd" type2="c" type3="c3" type4="nc"/>
    <Improper k1="4.6024" periodicity1="2" phase1="3.141592653589793" type1="c" type2="c3" type3="o" type4="o"/>
  </PeriodicTorsionForce>
</ForceField>
