<ForceField>
  <Info>
    <DateGenerated>2019-07-05</DateGenerated>
  </Info>
  <Residues>
    <Residue name="MC_0J9">
      <Atom charge="-0.799" name="N1" type="nb"/>
      <Atom charge="0.7279" name="C2" type="ca"/>
      <Atom charge="-0.778" name="N3" type="nb"/>
      <Atom charge="0.5148" name="C4" type="ca"/>
      <Atom charge="-0.4945" name="C5" type="ca"/>
      <Atom charge="0.7882" name="C6" type="ca"/>
      <Atom charge="-0.1001" name="CAA" type="c3"/>
      <Atom charge="-0.1001" name="CAB" type="c3"/>
      <Atom charge="-0.1001" name="CAC" type="c3"/>
      <Atom charge="-1.0775" name="NAD" type="nv"/>
      <Atom charge="-0.124" name="CAE" type="ca"/>
      <Atom charge="-0.126" name="CAF" type="ca"/>
      <Atom charge="-0.094" name="CAI" type="ca"/>
      <Atom charge="-0.118" name="CAJ" type="ca"/>
      <Atom charge="-0.107" name="CAK" type="ca"/>
      <Atom charge="-0.11" name="CAL" type="ca"/>
      <Atom charge="-0.4871" name="NAO" type="nc"/>
      <Atom charge="-0.0819" name="CAQ" type="ca"/>
      <Atom charge="0.4455" name="CAR" type="cd"/>
      <Atom charge="-0.038" name="CAS" type="ca"/>
      <Atom charge="-0.016" name="CAT" type="ca"/>
      <Atom charge="-0.0258" name="NAW" type="na"/>
      <Atom charge="0.0927" name="CAX" type="c3"/>
      <Atom charge="-0.135" name="CAG" type="ca"/>
      <Atom charge="0.0601" name="H1" type="h5"/>
      <Atom charge="0.050811" name="H2" type="hc"/>
      <Atom charge="0.050811" name="H3" type="hc"/>
      <Atom charge="0.050811" name="H4" type="hc"/>
      <Atom charge="0.050811" name="H5" type="hc"/>
      <Atom charge="0.050811" name="H6" type="hc"/>
      <Atom charge="0.050811" name="H7" type="hc"/>
      <Atom charge="0.050811" name="H8" type="hc"/>
      <Atom charge="0.050811" name="H9" type="hc"/>
      <Atom charge="0.050811" name="H10" type="hc"/>
      <Atom charge="0.4438" name="H11" type="hn"/>
      <Atom charge="0.4438" name="H12" type="hn"/>
      <Atom charge="0.129" name="H13" type="ha"/>
      <Atom charge="0.13" name="H14" type="ha"/>
      <Atom charge="0.135" name="H15" type="ha"/>
      <Atom charge="0.132" name="H16" type="ha"/>
      <Atom charge="0.133" name="H17" type="ha"/>
      <Atom charge="0.147" name="H18" type="ha"/>
      <Atom charge="0.13" name="H19" type="ha"/>
      <Bond atomName1="N1" atomName2="C2"/>
      <Bond atomName1="N1" atomName2="C6"/>
      <Bond atomName1="NAD" atomName2="C6"/>
      <Bond atomName1="C2" atomName2="N3"/>
      <Bond atomName1="C6" atomName2="C5"/>
      <Bond atomName1="N3" atomName2="C4"/>
      <Bond atomName1="C5" atomName2="C4"/>
      <Bond atomName1="C5" atomName2="CAR"/>
      <Bond atomName1="C4" atomName2="NAW"/>
      <Bond atomName1="CAI" atomName2="CAG"/>
      <Bond atomName1="CAI" atomName2="CAQ"/>
      <Bond atomName1="CAG" atomName2="CAK"/>
      <Bond atomName1="CAA" atomName2="CAX"/>
      <Bond atomName1="CAR" atomName2="CAQ"/>
      <Bond atomName1="CAR" atomName2="NAO"/>
      <Bond atomName1="CAK" atomName2="CAS"/>
      <Bond atomName1="CAQ" atomName2="CAT"/>
      <Bond atomName1="CAT" atomName2="CAS"/>
      <Bond atomName1="CAT" atomName2="CAL"/>
      <Bond atomName1="CAS" atomName2="CAJ"/>
      <Bond atomName1="CAL" atomName2="CAF"/>
      <Bond atomName1="CAJ" atomName2="CAE"/>
      <Bond atomName1="NAW" atomName2="NAO"/>
      <Bond atomName1="NAW" atomName2="CAX"/>
      <Bond atomName1="CAE" atomName2="CAF"/>
      <Bond atomName1="CAX" atomName2="CAC"/>
      <Bond atomName1="CAX" atomName2="CAB"/>
      <Bond atomName1="C2" atomName2="H1"/>
      <Bond atomName1="CAA" atomName2="H2"/>
      <Bond atomName1="CAA" atomName2="H3"/>
      <Bond atomName1="CAA" atomName2="H4"/>
      <Bond atomName1="CAB" atomName2="H5"/>
      <Bond atomName1="CAB" atomName2="H6"/>
      <Bond atomName1="CAB" atomName2="H7"/>
      <Bond atomName1="CAC" atomName2="H8"/>
      <Bond atomName1="CAC" atomName2="H9"/>
      <Bond atomName1="CAC" atomName2="H10"/>
      <Bond atomName1="NAD" atomName2="H11"/>
      <Bond atomName1="NAD" atomName2="H12"/>
      <Bond atomName1="CAE" atomName2="H13"/>
      <Bond atomName1="CAF" atomName2="H14"/>
      <Bond atomName1="CAI" atomName2="H15"/>
      <Bond atomName1="CAJ" atomName2="H16"/>
      <Bond atomName1="CAK" atomName2="H17"/>
      <Bond atomName1="CAL" atomName2="H18"/>
      <Bond atomName1="CAG" atomName2="H19"/>
    </Residue>
  </Residues>
  <HarmonicBondForce>
    <Bond k="290453.27999999997" length="0.1386" type1="ca" type2="nv"/>
    <Bond k="443085.5999999999" length="0.10120000000000001" type1="hn" type2="nv"/>
  </HarmonicBondForce>
  <HarmonicAngleForce>
    <Angle angle="2.040988027282169" k="938.0527999999999" type1="nb" type2="ca" type3="nv"/>
    <Angle angle="2.1109757302871417" k="721.3216000000001" type1="ca" type2="ca" type3="nv"/>
    <Angle angle="2.0258036627898184" k="408.3584" type1="ca" type2="nv" type3="hn"/>
    <Angle angle="2.0092230348958724" k="330.536" type1="hn" type2="nv" type3="hn"/>
  </HarmonicAngleForce>
  <PeriodicTorsionForce>
    <Proper k1="4.3932" periodicity1="2" phase1="3.141592653589793" type1="nb" type2="ca" type3="nv" type4="hn"/>
    <Proper k1="2.9288" periodicity1="2" phase1="3.141592653589793" type1="ca" type2="ca" type3="cd" type4="nc"/>
    <Proper k1="2.11292" periodicity1="2" phase1="3.141592653589793" type1="ca" type2="ca" type3="cd" type4="ca"/>
    <Proper k1="4.3932" periodicity1="2" phase1="3.141592653589793" type1="ca" type2="ca" type3="nv" type4="hn"/>
    <Improper k1="4.6024" periodicity1="2" phase1="3.141592653589793" type1="ca" type2="h5" type3="nb" type4="nb"/>
    <Improper k1="4.6024" periodicity1="2" phase1="3.141592653589793" type1="ca" type2="ca" type3="na" type4="nb"/>
    <Improper k1="4.6024" periodicity1="2" phase1="3.141592653589793" type1="ca" type2="ca" type3="ca" type4="cd"/>
    <Improper k1="4.6024" periodicity1="2" phase1="3.141592653589793" type1="ca" type2="ca" type3="nb" type4="nv"/>
    <Improper k1="4.6024" periodicity1="2" phase1="3.141592653589793" type1="nv" type2="ca" type3="hn" type4="hn"/>
    <Improper k1="4.6024" periodicity1="2" phase1="3.141592653589793" type1="ca" type2="ca" type3="ca" type4="ha"/>
    <Improper k1="4.6024" periodicity1="2" phase1="3.141592653589793" type1="cd" type2="ca" type3="ca" type4="nc"/>
    <Improper k1="4.6024" periodicity1="2" phase1="3.141592653589793" type1="ca" type2="ca" type3="ca" type4="ca"/>
    <Improper k1="4.6024" periodicity1="2" phase1="3.141592653589793" type1="na" type2="c3" type3="ca" type4="nc"/>
  </PeriodicTorsionForce>
</ForceField>
