<ForceField>
  <Info>
    <DateGenerated>2019-07-05</DateGenerated>
  </Info>
  <Residues>
    <Residue name="MC_0JA">
      <Atom charge="-0.1469" name="F1" type="f"/>
      <Atom charge="0.0889" name="C2" type="ca"/>
      <Atom charge="-0.136" name="C3" type="ca"/>
      <Atom charge="-0.122" name="C4" type="ca"/>
      <Atom charge="0.1181" name="C5" type="ca"/>
      <Atom charge="-0.3464" name="O6" type="os"/>
      <Atom charge="0.6606" name="C7" type="ca"/>
      <Atom charge="-0.2533" name="C8" type="ca"/>
      <Atom charge="-0.021" name="C9" type="ca"/>
      <Atom charge="-0.0089" name="C10" type="ca"/>
      <Atom charge="-0.6251" name="N11" type="nc"/>
      <Atom charge="0.4468" name="C12" type="cd"/>
      <Atom charge="-0.4334" name="N13" type="ns"/>
      <Atom charge="0.6911" name="C14" type="c"/>
      <Atom charge="-0.5781" name="O15" type="o"/>
      <Atom charge="-0.2387" name="C16" type="cx"/>
      <Atom charge="-0.1034" name="C17" type="cx"/>
      <Atom charge="-0.1034" name="C18" type="cx"/>
      <Atom charge="-0.0655" name="S19" type="ss"/>
      <Atom charge="0.4426" name="C20" type="ca"/>
      <Atom charge="-0.726" name="N21" type="nb"/>
      <Atom charge="-0.115" name="C22" type="ca"/>
      <Atom charge="0.0356" name="C23" type="ca"/>
      <Atom charge="-0.4651" name="N24" type="ns"/>
      <Atom charge="0.6727" name="C25" type="c"/>
      <Atom charge="-0.5701" name="O26" type="o"/>
      <Atom charge="-0.1426" name="C27" type="ca"/>
      <Atom charge="-0.092" name="C28" type="ca"/>
      <Atom charge="-0.134" name="C29" type="ca"/>
      <Atom charge="-0.09" name="C30" type="ca"/>
      <Atom charge="-0.0573" name="C31" type="ca"/>
      <Atom charge="0.0874" name="C32" type="ca"/>
      <Atom charge="-0.0334" name="Cl3" type="cl"/>
      <Atom charge="-0.0266" name="C34" type="cx"/>
      <Atom charge="-0.1179" name="C35" type="cx"/>
      <Atom charge="-0.1179" name="C36" type="cx"/>
      <Atom charge="0.2557" name="C37" type="c1"/>
      <Atom charge="-0.3578" name="N38" type="n1"/>
      <Atom charge="0.151" name="H1" type="ha"/>
      <Atom charge="0.149" name="H2" type="ha"/>
      <Atom charge="0.159" name="H3" type="ha"/>
      <Atom charge="0.156" name="H4" type="ha"/>
      <Atom charge="0.3425" name="H5" type="hn"/>
      <Atom charge="0.0927" name="H6" type="hc"/>
      <Atom charge="0.0882" name="H7" type="hc"/>
      <Atom charge="0.0882" name="H8" type="hc"/>
      <Atom charge="0.0882" name="H9" type="hc"/>
      <Atom charge="0.0882" name="H10" type="hc"/>
      <Atom charge="0.191" name="H11" type="ha"/>
      <Atom charge="0.3335" name="H12" type="hn"/>
      <Atom charge="0.135" name="H13" type="ha"/>
      <Atom charge="0.142" name="H14" type="ha"/>
      <Atom charge="0.144" name="H15" type="ha"/>
      <Atom charge="0.0952" name="H16" type="hc"/>
      <Atom charge="0.0952" name="H17" type="hc"/>
      <Atom charge="0.0952" name="H18" type="hc"/>
      <Atom charge="0.0952" name="H19" type="hc"/>
      <Bond atomName1="C35" atomName2="C36"/>
      <Bond atomName1="C35" atomName2="C34"/>
      <Bond atomName1="C36" atomName2="C34"/>
      <Bond atomName1="C34" atomName2="C37"/>
      <Bond atomName1="C34" atomName2="C31"/>
      <Bond atomName1="C37" atomName2="N38"/>
      <Bond atomName1="C31" atomName2="C30"/>
      <Bond atomName1="C31" atomName2="C32"/>
      <Bond atomName1="C30" atomName2="C29"/>
      <Bond atomName1="Cl3" atomName2="C32"/>
      <Bond atomName1="C32" atomName2="C27"/>
      <Bond atomName1="C29" atomName2="C28"/>
      <Bond atomName1="C27" atomName2="C28"/>
      <Bond atomName1="C27" atomName2="C25"/>
      <Bond atomName1="O26" atomName2="C25"/>
      <Bond atomName1="C25" atomName2="N24"/>
      <Bond atomName1="N24" atomName2="C23"/>
      <Bond atomName1="C23" atomName2="C22"/>
      <Bond atomName1="C23" atomName2="C2"/>
      <Bond atomName1="C22" atomName2="C5"/>
      <Bond atomName1="F1" atomName2="C2"/>
      <Bond atomName1="C2" atomName2="C3"/>
      <Bond atomName1="C8" atomName2="C9"/>
      <Bond atomName1="C8" atomName2="C7"/>
      <Bond atomName1="C5" atomName2="O6"/>
      <Bond atomName1="C5" atomName2="C4"/>
      <Bond atomName1="O6" atomName2="C7"/>
      <Bond atomName1="C9" atomName2="C10"/>
      <Bond atomName1="C7" atomName2="N21"/>
      <Bond atomName1="C10" atomName2="C20"/>
      <Bond atomName1="C10" atomName2="N11"/>
      <Bond atomName1="N21" atomName2="C20"/>
      <Bond atomName1="C20" atomName2="S19"/>
      <Bond atomName1="N11" atomName2="C12"/>
      <Bond atomName1="C12" atomName2="S19"/>
      <Bond atomName1="C12" atomName2="N13"/>
      <Bond atomName1="C3" atomName2="C4"/>
      <Bond atomName1="N13" atomName2="C14"/>
      <Bond atomName1="C14" atomName2="C16"/>
      <Bond atomName1="C14" atomName2="O15"/>
      <Bond atomName1="C16" atomName2="C18"/>
      <Bond atomName1="C16" atomName2="C17"/>
      <Bond atomName1="C18" atomName2="C17"/>
      <Bond atomName1="C3" atomName2="H1"/>
      <Bond atomName1="C4" atomName2="H2"/>
      <Bond atomName1="C8" atomName2="H3"/>
      <Bond atomName1="C9" atomName2="H4"/>
      <Bond atomName1="N13" atomName2="H5"/>
      <Bond atomName1="C16" atomName2="H6"/>
      <Bond atomName1="C17" atomName2="H7"/>
      <Bond atomName1="C17" atomName2="H8"/>
      <Bond atomName1="C18" atomName2="H9"/>
      <Bond atomName1="C18" atomName2="H10"/>
      <Bond atomName1="C22" atomName2="H11"/>
      <Bond atomName1="N24" atomName2="H12"/>
      <Bond atomName1="C28" atomName2="H13"/>
      <Bond atomName1="C29" atomName2="H14"/>
      <Bond atomName1="C30" atomName2="H15"/>
      <Bond atomName1="C35" atomName2="H16"/>
      <Bond atomName1="C35" atomName2="H17"/>
      <Bond atomName1="C36" atomName2="H18"/>
      <Bond atomName1="C36" atomName2="H19"/>
    </Residue>
  </Residues>
  <HarmonicBondForce>
    <Bond k="296059.83999999997" length="0.1381" type1="cd" type2="ns"/>
    <Bond k="298068.1599999999" length="0.1379" type1="c" type2="ns"/>
    <Bond k="441244.6399999999" length="0.1013" type1="hn" type2="ns"/>
    <Bond k="263759.3599999999" length="0.1412" type1="ca" type2="ns"/>
  </HarmonicBondForce>
  <HarmonicAngleForce>
    <Angle angle="2.0977112279719847" k="716.3008" type1="ca" type2="ca" type3="ns"/>
    <Angle angle="2.1467549799530254" k="922.9904" type1="nc" type2="cd" type3="ns"/>
    <Angle angle="2.15146736893341" k="557.3088" type1="c" type2="ns" type3="cd"/>
    <Angle angle="2.0814796659284376" k="404.1744" type1="cd" type2="ns" type3="hn"/>
    <Angle angle="2.144660584850632" k="666.9296" type1="ns" type2="cd" type3="ss"/>
    <Angle angle="2.1476276445790226" k="952.2784" type1="ns" type2="c" type3="o"/>
    <Angle angle="1.9996237240099033" k="712.9536" type1="cx" type2="c" type3="ns"/>
    <Angle angle="2.051634535719334" k="407.52160000000003" type1="c" type2="ns" type3="hn"/>
    <Angle angle="2.159146817642185" k="549.7776" type1="c" type2="ns" type3="ca"/>
    <Angle angle="2.0245819323134224" k="401.664" type1="ca" type2="ns" type3="hn"/>
    <Angle angle="2.011491962923465" k="714.6272000000001" type1="ca" type2="c" type3="ns"/>
    <Angle angle="1.9662879352968117" k="564.4801759999999" type1="c1" type2="cx" type3="ca"/>
  </HarmonicAngleForce>
  <PeriodicTorsionForce>
    <Proper k1="3.9748" periodicity1="2" phase1="3.141592653589793" type1="ca" type2="ca" type3="ns" type4="c"/>
    <Proper k1="1.8828" periodicity1="2" phase1="3.141592653589793" type1="ca" type2="ca" type3="ns" type4="hn"/>
    <Proper k1="6.9036" periodicity1="2" phase1="3.141592653589793" type1="nc" type2="cd" type3="ns" type4="c"/>
    <Proper k1="6.9036" periodicity1="2" phase1="3.141592653589793" type1="nc" type2="cd" type3="ns" type4="hn"/>
    <Proper k1="4.6024" periodicity1="2" phase1="3.141592653589793" type1="nc" type2="cd" type3="ss" type4="ca"/>
    <Proper k1="10.46" periodicity1="2" phase1="3.141592653589793" type1="o" type2="c" type3="ns" type4="cd"/>
    <Proper k1="10.46" periodicity1="2" phase1="3.141592653589793" type1="cx" type2="c" type3="ns" type4="cd"/>
    <Proper k1="4.6024" periodicity1="2" phase1="3.141592653589793" type1="ns" type2="cd" type3="ss" type4="ca"/>
    <Proper k1="6.9036" periodicity1="2" phase1="3.141592653589793" type1="ss" type2="cd" type3="ns" type4="c"/>
    <Proper k1="10.46" k2="8.368" periodicity1="2" periodicity2="1" phase1="3.141592653589793" phase2="0.0" type1="o" type2="c" type3="ns" type4="hn"/>
    <Proper k1="10.46" periodicity1="2" phase1="3.141592653589793" type1="cx" type2="c" type3="ns" type4="hn"/>
    <Proper k1="6.9036" periodicity1="2" phase1="3.141592653589793" type1="ss" type2="cd" type3="ns" type4="hn"/>
    <Proper k1="10.46" periodicity1="2" phase1="3.141592653589793" type1="o" type2="c" type3="ns" type4="ca"/>
    <Proper k1="10.46" periodicity1="2" phase1="3.141592653589793" type1="ca" type2="c" type3="ns" type4="ca"/>
    <Proper k1="10.46" periodicity1="2" phase1="3.141592653589793" type1="ca" type2="c" type3="ns" type4="hn"/>
    <Proper k1="1.02508" periodicity1="2" phase1="3.141592653589793" type1="ca" type2="ca" type3="cx" type4="cx"/>
    <Proper k1="0.0" periodicity1="2" phase1="0.0" type1="ca" type2="ca" type3="cx" type4="c1"/>
    <Improper k1="4.6024" periodicity1="2" phase1="3.141592653589793" type1="ca" type2="ca" type3="ca" type4="ha"/>
    <Improper k1="4.6024" periodicity1="2" phase1="3.141592653589793" type1="ca" type2="ca" type3="ca" type4="os"/>
    <Improper k1="4.6024" periodicity1="2" phase1="3.141592653589793" type1="ca" type2="ca" type3="nb" type4="os"/>
    <Improper k1="4.6024" periodicity1="2" phase1="3.141592653589793" type1="ca" type2="ca" type3="ca" type4="nc"/>
    <Improper k1="4.6024" periodicity1="2" phase1="3.141592653589793" type1="cd" type2="nc" type3="ns" type4="ss"/>
    <Improper k1="4.6024" periodicity1="2" phase1="3.141592653589793" type1="ns" type2="c" type3="cd" type4="hn"/>
    <Improper k1="43.932" periodicity1="2" phase1="3.141592653589793" type1="c" type2="cx" type3="ns" type4="o"/>
    <Improper k1="4.6024" periodicity1="2" phase1="3.141592653589793" type1="ca" type2="ca" type3="nb" type4="ss"/>
    <Improper k1="4.6024" periodicity1="2" phase1="3.141592653589793" type1="ca" type2="ca" type3="ca" type4="ns"/>
    <Improper k1="4.6024" periodicity1="2" phase1="3.141592653589793" type1="ns" type2="c" type3="ca" type4="hn"/>
    <Improper k1="43.932" periodicity1="2" phase1="3.141592653589793" type1="c" type2="ca" type3="ns" type4="o"/>
    <Improper k1="4.6024" periodicity1="2" phase1="3.141592653589793" type1="ca" type2="c" type3="ca" type4="ca"/>
    <Improper k1="4.6024" periodicity1="2" phase1="3.141592653589793" type1="ca" type2="ca" type3="ca" type4="cx"/>
  </PeriodicTorsionForce>
</ForceField>
