<ForceField>
  <Info>
    <DateGenerated>2019-07-05</DateGenerated>
  </Info>
  <Residues>
    <Residue name="MC_0JB">
      <Atom charge="-0.6141" name="O14" type="o"/>
      <Atom charge="0.6857" name="C13" type="c"/>
      <Atom charge="-0.1546" name="C15" type="ca"/>
      <Atom charge="-0.0382" name="C20" type="ca"/>
      <Atom charge="-0.2483" name="N21" type="na"/>
      <Atom charge="0.4347" name="C22" type="cc"/>
      <Atom charge="-0.6041" name="N23" type="nd"/>
      <Atom charge="0.0784" name="C19" type="ca"/>
      <Atom charge="-0.034" name="C18" type="ca"/>
      <Atom charge="-0.163" name="C17" type="ca"/>
      <Atom charge="-0.083" name="C16" type="ca"/>
      <Atom charge="-0.4741" name="N12" type="ns"/>
      <Atom charge="0.0556" name="C8" type="ca"/>
      <Atom charge="-0.076" name="C7" type="ca"/>
      <Atom charge="-0.141" name="C9" type="ca"/>
      <Atom charge="-0.111" name="C10" type="ca"/>
      <Atom charge="-0.131" name="C11" type="ca"/>
      <Atom charge="-0.1285" name="C6" type="ca"/>
      <Atom charge="0.478" name="C2" type="cd"/>
      <Atom charge="-0.1904" name="N3" type="na"/>
      <Atom charge="-0.2138" name="N4" type="nd"/>
      <Atom charge="-0.005" name="N5" type="nc"/>
      <Atom charge="-0.406" name="N1" type="nc"/>
      <Atom charge="0.3317" name="H1" type="hn"/>
      <Atom charge="0.0798" name="H2" type="h5"/>
      <Atom charge="0.148" name="H4" type="ha"/>
      <Atom charge="0.139" name="H5" type="ha"/>
      <Atom charge="0.124" name="H6" type="ha"/>
      <Atom charge="0.3315" name="H7" type="hn"/>
      <Atom charge="0.193" name="H8" type="ha"/>
      <Atom charge="0.137" name="H9" type="ha"/>
      <Atom charge="0.139" name="H10" type="ha"/>
      <Atom charge="0.123" name="H11" type="ha"/>
      <Atom charge="0.3377" name="H12" type="hn"/>
      <Bond atomName1="N23" atomName2="C22"/>
      <Bond atomName1="N23" atomName2="C19"/>
      <Bond atomName1="C22" atomName2="N21"/>
      <Bond atomName1="C19" atomName2="C18"/>
      <Bond atomName1="C19" atomName2="C20"/>
      <Bond atomName1="N21" atomName2="C20"/>
      <Bond atomName1="C18" atomName2="C17"/>
      <Bond atomName1="C20" atomName2="C15"/>
      <Bond atomName1="C17" atomName2="C16"/>
      <Bond atomName1="C15" atomName2="C16"/>
      <Bond atomName1="C15" atomName2="C13"/>
      <Bond atomName1="N1" atomName2="N5"/>
      <Bond atomName1="N1" atomName2="C2"/>
      <Bond atomName1="N5" atomName2="N4"/>
      <Bond atomName1="N12" atomName2="C13"/>
      <Bond atomName1="N12" atomName2="C8"/>
      <Bond atomName1="C7" atomName2="C8"/>
      <Bond atomName1="C7" atomName2="C6"/>
      <Bond atomName1="C13" atomName2="O14"/>
      <Bond atomName1="C2" atomName2="C6"/>
      <Bond atomName1="C2" atomName2="N3"/>
      <Bond atomName1="C8" atomName2="C9"/>
      <Bond atomName1="N4" atomName2="N3"/>
      <Bond atomName1="C6" atomName2="C11"/>
      <Bond atomName1="C9" atomName2="C10"/>
      <Bond atomName1="C11" atomName2="C10"/>
      <Bond atomName1="N21" atomName2="H1"/>
      <Bond atomName1="C22" atomName2="H2"/>
      <Bond atomName1="C18" atomName2="H4"/>
      <Bond atomName1="C17" atomName2="H5"/>
      <Bond atomName1="C16" atomName2="H6"/>
      <Bond atomName1="N12" atomName2="H7"/>
      <Bond atomName1="C7" atomName2="H8"/>
      <Bond atomName1="C9" atomName2="H9"/>
      <Bond atomName1="C10" atomName2="H10"/>
      <Bond atomName1="C11" atomName2="H11"/>
      <Bond atomName1="N3" atomName2="H12"/>
    </Residue>
  </Residues>
  <HarmonicBondForce>
    <Bond k="298068.1599999999" length="0.1379" type1="c" type2="ns"/>
    <Bond k="263759.3599999999" length="0.1412" type1="ca" type2="ns"/>
    <Bond k="441244.6399999999" length="0.1013" type1="hn" type2="ns"/>
  </HarmonicBondForce>
  <HarmonicAngleForce>
    <Angle angle="2.1476276445790226" k="952.2784" type1="ns" type2="c" type3="o"/>
    <Angle angle="2.159146817642185" k="549.7776" type1="c" type2="ns" type3="ca"/>
    <Angle angle="2.051634535719334" k="407.52160000000003" type1="c" type2="ns" type3="hn"/>
    <Angle angle="2.011491962923465" k="714.6272000000001" type1="ca" type2="c" type3="ns"/>
    <Angle angle="2.0977112279719847" k="716.3008" type1="ca" type2="ca" type3="ns"/>
    <Angle angle="2.0245819323134224" k="401.664" type1="ca" type2="ns" type3="hn"/>
  </HarmonicAngleForce>
  <PeriodicTorsionForce>
    <Proper k1="10.46" periodicity1="2" phase1="3.141592653589793" type1="o" type2="c" type3="ns" type4="ca"/>
    <Proper k1="10.46" k2="8.368" periodicity1="2" periodicity2="1" phase1="3.141592653589793" phase2="0.0" type1="o" type2="c" type3="ns" type4="hn"/>
    <Proper k1="3.9748" periodicity1="2" phase1="3.141592653589793" type1="ca" type2="ca" type3="ns" type4="c"/>
    <Proper k1="10.46" periodicity1="2" phase1="3.141592653589793" type1="ca" type2="c" type3="ns" type4="ca"/>
    <Proper k1="10.46" periodicity1="2" phase1="3.141592653589793" type1="ca" type2="c" type3="ns" type4="hn"/>
    <Proper k1="1.8828" periodicity1="2" phase1="3.141592653589793" type1="ca" type2="ca" type3="ns" type4="hn"/>
    <Proper k1="2.9288" periodicity1="2" phase1="3.141592653589793" type1="ca" type2="ca" type3="cd" type4="na"/>
    <Proper k1="2.9288" periodicity1="2" phase1="3.141592653589793" type1="ca" type2="ca" type3="cd" type4="nc"/>
    <Improper k1="43.932" periodicity1="2" phase1="3.141592653589793" type1="c" type2="ca" type3="ns" type4="o"/>
    <Improper k1="4.6024" periodicity1="2" phase1="3.141592653589793" type1="ca" type2="c" type3="ca" type4="ca"/>
    <Improper k1="4.6024" periodicity1="2" phase1="3.141592653589793" type1="ca" type2="ca" type3="ca" type4="na"/>
    <Improper k1="4.6024" periodicity1="2" phase1="3.141592653589793" type1="na" type2="ca" type3="cc" type4="hn"/>
    <Improper k1="4.6024" periodicity1="2" phase1="3.141592653589793" type1="cc" type2="h5" type3="na" type4="nd"/>
    <Improper k1="4.6024" periodicity1="2" phase1="3.141592653589793" type1="ca" type2="ca" type3="ca" type4="nd"/>
    <Improper k1="4.6024" periodicity1="2" phase1="3.141592653589793" type1="ca" type2="ca" type3="ca" type4="ha"/>
    <Improper k1="4.6024" periodicity1="2" phase1="3.141592653589793" type1="ns" type2="c" type3="ca" type4="hn"/>
    <Improper k1="4.6024" periodicity1="2" phase1="3.141592653589793" type1="ca" type2="ca" type3="ca" type4="ns"/>
    <Improper k1="4.6024" periodicity1="2" phase1="3.141592653589793" type1="ca" type2="ca" type3="ca" type4="cd"/>
    <Improper k1="4.6024" periodicity1="2" phase1="3.141592653589793" type1="cd" type2="ca" type3="na" type4="nc"/>
    <Improper k1="4.6024" periodicity1="2" phase1="3.141592653589793" type1="na" type2="cd" type3="hn" type4="nd"/>
  </PeriodicTorsionForce>
</ForceField>
