<ForceField>
  <Info>
    <DateGenerated>2019-07-05</DateGenerated>
  </Info>
  <Residues>
    <Residue name="MC_0JD">
      <Atom charge="-0.8198" name="OAA" type="o"/>
      <Atom charge="0.8976" name="CAJ" type="c"/>
      <Atom charge="-0.8198" name="OAB" type="o"/>
      <Atom charge="0.0001" name="CAM" type="c3"/>
      <Atom charge="-0.2869" name="OAI" type="os"/>
      <Atom charge="0.0881" name="CAL" type="ca"/>
      <Atom charge="-0.142" name="CAF" type="ca"/>
      <Atom charge="-0.145" name="CAD" type="ca"/>
      <Atom charge="-0.16" name="CAC" type="ca"/>
      <Atom charge="-0.139" name="CAE" type="ca"/>
      <Atom charge="0.0641" name="CAK" type="ca"/>
      <Atom charge="-0.3469" name="OAH" type="os"/>
      <Atom charge="0.1114" name="CAG" type="c3"/>
      <Atom charge="0.0547" name="H2" type="h1"/>
      <Atom charge="0.14" name="H3" type="ha"/>
      <Atom charge="0.114" name="H4" type="ha"/>
      <Atom charge="0.113" name="H5" type="ha"/>
      <Atom charge="0.128" name="H6" type="ha"/>
      <Atom charge="0.0742" name="H7" type="h1"/>
      <Atom charge="0.0742" name="H8" type="h1"/>
      <Bond atomName1="OAB" atomName2="CAJ"/>
      <Bond atomName1="CAJ" atomName2="OAA"/>
      <Bond atomName1="CAJ" atomName2="CAM"/>
      <Bond atomName1="CAG" atomName2="CAM"/>
      <Bond atomName1="CAG" atomName2="OAH"/>
      <Bond atomName1="CAM" atomName2="OAI"/>
      <Bond atomName1="OAH" atomName2="CAK"/>
      <Bond atomName1="OAI" atomName2="CAL"/>
      <Bond atomName1="CAK" atomName2="CAL"/>
      <Bond atomName1="CAK" atomName2="CAE"/>
      <Bond atomName1="CAL" atomName2="CAF"/>
      <Bond atomName1="CAE" atomName2="CAC"/>
      <Bond atomName1="CAF" atomName2="CAD"/>
      <Bond atomName1="CAC" atomName2="CAD"/>
      <Bond atomName1="CAM" atomName2="H2"/>
      <Bond atomName1="CAF" atomName2="H3"/>
      <Bond atomName1="CAD" atomName2="H4"/>
      <Bond atomName1="CAC" atomName2="H5"/>
      <Bond atomName1="CAE" atomName2="H6"/>
      <Bond atomName1="CAG" atomName2="H7"/>
      <Bond atomName1="CAG" atomName2="H8"/>
    </Residue>
  </Residues>
  <PeriodicTorsionForce>
    <Improper k1="4.6024" periodicity1="2" phase1="3.141592653589793" type1="c" type2="c3" type3="o" type4="o"/>
    <Improper k1="4.6024" periodicity1="2" phase1="3.141592653589793" type1="ca" type2="ca" type3="ca" type4="os"/>
    <Improper k1="4.6024" periodicity1="2" phase1="3.141592653589793" type1="ca" type2="ca" type3="ca" type4="ha"/>
  </PeriodicTorsionForce>
</ForceField>
