<ForceField>
  <Info>
    <DateGenerated>2019-07-05</DateGenerated>
  </Info>
  <Residues>
    <Residue name="MC_0JE">
      <Atom charge="-0.0921" name="CAZ" type="c3"/>
      <Atom charge="0.1344" name="CAY" type="c3"/>
      <Atom charge="-0.3169" name="OAX" type="os"/>
      <Atom charge="0.1051" name="CAB" type="ca"/>
      <Atom charge="-0.163" name="CAC" type="ca"/>
      <Atom charge="0.1309" name="CAA" type="ca"/>
      <Atom charge="-0.1259" name="FAW" type="f"/>
      <Atom charge="-0.139" name="CAD" type="ca"/>
      <Atom charge="-0.0992" name="CAH" type="ca"/>
      <Atom charge="-0.2633" name="NAG" type="na"/>
      <Atom charge="0.1264" name="CAI" type="ca"/>
      <Atom charge="-0.6261" name="NAE" type="nc"/>
      <Atom charge="0.5234" name="CAF" type="cd"/>
      <Atom charge="-0.1792" name="CAJ" type="cd"/>
      <Atom charge="-0.0576" name="NAK" type="na"/>
      <Atom charge="-0.4788" name="NAL" type="nc"/>
      <Atom charge="0.3322" name="CAM" type="cd"/>
      <Atom charge="-0.0527" name="CAN" type="cc"/>
      <Atom charge="-0.4561" name="NAO" type="ns"/>
      <Atom charge="0.7901" name="CAP" type="c"/>
      <Atom charge="-0.6651" name="OAR" type="o"/>
      <Atom charge="-0.5028" name="NAQ" type="n"/>
      <Atom charge="0.1095" name="CAU" type="c3"/>
      <Atom charge="-0.1181" name="CAV" type="c3"/>
      <Atom charge="0.1095" name="CAS" type="c3"/>
      <Atom charge="-0.1181" name="CAT" type="c3"/>
      <Atom charge="0.0497" name="H1" type="hc"/>
      <Atom charge="0.0497" name="H2" type="hc"/>
      <Atom charge="0.0497" name="H3" type="hc"/>
      <Atom charge="0.0357" name="H4" type="h1"/>
      <Atom charge="0.0357" name="H5" type="h1"/>
      <Atom charge="0.153" name="H6" type="ha"/>
      <Atom charge="0.149" name="H7" type="ha"/>
      <Atom charge="0.3037" name="H8" type="hn"/>
      <Atom charge="0.3287" name="H10" type="hn"/>
      <Atom charge="0.1031" name="H11" type="h4"/>
      <Atom charge="0.3535" name="H12" type="hn"/>
      <Atom charge="0.05545" name="H13" type="h1"/>
      <Atom charge="0.05545" name="H14" type="h1"/>
      <Atom charge="0.0432" name="H15" type="hc"/>
      <Atom charge="0.0432" name="H16" type="hc"/>
      <Atom charge="0.0432" name="H17" type="hc"/>
      <Atom charge="0.05545" name="H18" type="h1"/>
      <Atom charge="0.05545" name="H19" type="h1"/>
      <Atom charge="0.0432" name="H20" type="hc"/>
      <Atom charge="0.0432" name="H21" type="hc"/>
      <Atom charge="0.0432" name="H22" type="hc"/>
      <Bond atomName1="CAZ" atomName2="CAY"/>
      <Bond atomName1="NAK" atomName2="NAL"/>
      <Bond atomName1="NAK" atomName2="CAJ"/>
      <Bond atomName1="CAY" atomName2="OAX"/>
      <Bond atomName1="NAL" atomName2="CAM"/>
      <Bond atomName1="NAE" atomName2="CAI"/>
      <Bond atomName1="NAE" atomName2="CAF"/>
      <Bond atomName1="CAC" atomName2="CAI"/>
      <Bond atomName1="CAC" atomName2="CAB"/>
      <Bond atomName1="OAX" atomName2="CAB"/>
      <Bond atomName1="CAI" atomName2="CAH"/>
      <Bond atomName1="CAJ" atomName2="CAF"/>
      <Bond atomName1="CAJ" atomName2="CAN"/>
      <Bond atomName1="CAB" atomName2="CAA"/>
      <Bond atomName1="CAF" atomName2="NAG"/>
      <Bond atomName1="CAM" atomName2="CAN"/>
      <Bond atomName1="CAN" atomName2="NAO"/>
      <Bond atomName1="CAH" atomName2="NAG"/>
      <Bond atomName1="CAH" atomName2="CAD"/>
      <Bond atomName1="CAA" atomName2="CAD"/>
      <Bond atomName1="CAA" atomName2="FAW"/>
      <Bond atomName1="OAR" atomName2="CAP"/>
      <Bond atomName1="NAO" atomName2="CAP"/>
      <Bond atomName1="CAP" atomName2="NAQ"/>
      <Bond atomName1="CAT" atomName2="CAS"/>
      <Bond atomName1="CAV" atomName2="CAU"/>
      <Bond atomName1="NAQ" atomName2="CAS"/>
      <Bond atomName1="NAQ" atomName2="CAU"/>
      <Bond atomName1="CAZ" atomName2="H1"/>
      <Bond atomName1="CAZ" atomName2="H2"/>
      <Bond atomName1="CAZ" atomName2="H3"/>
      <Bond atomName1="CAY" atomName2="H4"/>
      <Bond atomName1="CAY" atomName2="H5"/>
      <Bond atomName1="CAC" atomName2="H6"/>
      <Bond atomName1="CAD" atomName2="H7"/>
      <Bond atomName1="NAG" atomName2="H8"/>
      <Bond atomName1="NAK" atomName2="H10"/>
      <Bond atomName1="CAM" atomName2="H11"/>
      <Bond atomName1="NAO" atomName2="H12"/>
      <Bond atomName1="CAU" atomName2="H13"/>
      <Bond atomName1="CAU" atomName2="H14"/>
      <Bond atomName1="CAV" atomName2="H15"/>
      <Bond atomName1="CAV" atomName2="H16"/>
      <Bond atomName1="CAV" atomName2="H17"/>
      <Bond atomName1="CAS" atomName2="H18"/>
      <Bond atomName1="CAS" atomName2="H19"/>
      <Bond atomName1="CAT" atomName2="H20"/>
      <Bond atomName1="CAT" atomName2="H21"/>
      <Bond atomName1="CAT" atomName2="H22"/>
    </Residue>
  </Residues>
  <HarmonicBondForce>
    <Bond k="296059.83999999997" length="0.1381" type1="cc" type2="ns"/>
    <Bond k="298068.1599999999" length="0.1379" type1="c" type2="ns"/>
    <Bond k="441244.6399999999" length="0.1013" type1="hn" type2="ns"/>
  </HarmonicBondForce>
  <HarmonicAngleForce>
    <Angle angle="2.11760798144472" k="728.0160000000001" type1="cd" type2="cc" type3="ns"/>
    <Angle angle="2.15146736893341" k="557.3088" type1="c" type2="ns" type3="cc"/>
    <Angle angle="2.0814796659284376" k="404.1744" type1="cc" type2="ns" type3="hn"/>
    <Angle angle="2.1476276445790226" k="952.2784" type1="ns" type2="c" type3="o"/>
    <Angle angle="1.9819958985647608" k="940.5632" type1="n" type2="c" type3="ns"/>
    <Angle angle="2.051634535719334" k="407.52160000000003" type1="c" type2="ns" type3="hn"/>
  </HarmonicAngleForce>
  <PeriodicTorsionForce>
    <Proper k1="6.9036" periodicity1="2" phase1="3.141592653589793" type1="cd" type2="cc" type3="ns" type4="c"/>
    <Proper k1="6.9036" periodicity1="2" phase1="3.141592653589793" type1="cd" type2="cc" type3="ns" type4="hn"/>
    <Proper k1="10.46" periodicity1="2" phase1="3.141592653589793" type1="o" type2="c" type3="ns" type4="cc"/>
    <Proper k1="10.46" periodicity1="2" phase1="3.141592653589793" type1="n" type2="c" type3="ns" type4="cc"/>
    <Proper k1="10.46" k2="8.368" periodicity1="2" periodicity2="1" phase1="3.141592653589793" phase2="0.0" type1="o" type2="c" type3="ns" type4="hn"/>
    <Proper k1="10.46" periodicity1="2" phase1="3.141592653589793" type1="n" type2="c" type3="ns" type4="hn"/>
    <Improper k1="4.6024" periodicity1="2" phase1="3.141592653589793" type1="ca" type2="ca" type3="ca" type4="os"/>
    <Improper k1="4.6024" periodicity1="2" phase1="3.141592653589793" type1="ca" type2="ca" type3="ca" type4="ha"/>
    <Improper k1="4.6024" periodicity1="2" phase1="3.141592653589793" type1="ca" type2="ca" type3="ca" type4="na"/>
    <Improper k1="4.6024" periodicity1="2" phase1="3.141592653589793" type1="na" type2="ca" type3="cd" type4="hn"/>
    <Improper k1="4.6024" periodicity1="2" phase1="3.141592653589793" type1="ca" type2="ca" type3="ca" type4="nc"/>
    <Improper k1="4.6024" periodicity1="2" phase1="3.141592653589793" type1="cd" type2="cd" type3="na" type4="nc"/>
    <Improper k1="4.6024" periodicity1="2" phase1="3.141592653589793" type1="cd" type2="cc" type3="cd" type4="na"/>
    <Improper k1="4.6024" periodicity1="2" phase1="3.141592653589793" type1="na" type2="cd" type3="hn" type4="nc"/>
    <Improper k1="4.6024" periodicity1="2" phase1="3.141592653589793" type1="cd" type2="cc" type3="h4" type4="nc"/>
    <Improper k1="4.6024" periodicity1="2" phase1="3.141592653589793" type1="cc" type2="cd" type3="cd" type4="ns"/>
    <Improper k1="4.6024" periodicity1="2" phase1="3.141592653589793" type1="ns" type2="c" type3="cc" type4="hn"/>
    <Improper k1="43.932" periodicity1="2" phase1="3.141592653589793" type1="c" type2="n" type3="ns" type4="o"/>
    <Improper k1="4.6024" periodicity1="2" phase1="3.141592653589793" type1="n" type2="c" type3="c3" type4="c3"/>
  </PeriodicTorsionForce>
</ForceField>
