<ForceField>
  <Info>
    <DateGenerated>2019-07-05</DateGenerated>
  </Info>
  <Residues>
    <Residue name="MC_0JF">
      <Atom charge="0.1267" name="C24" type="c3"/>
      <Atom charge="-0.3114" name="O2" type="os"/>
      <Atom charge="0.1731" name="C5" type="ca"/>
      <Atom charge="-0.2705" name="C6" type="ca"/>
      <Atom charge="0.0261" name="C4" type="ca"/>
      <Atom charge="-0.3229" name="O3" type="os"/>
      <Atom charge="0.1337" name="C25" type="c3"/>
      <Atom charge="0.1731" name="C3" type="ca"/>
      <Atom charge="-0.3114" name="O4" type="os"/>
      <Atom charge="0.1267" name="C26" type="c3"/>
      <Atom charge="-0.2705" name="C2" type="ca"/>
      <Atom charge="0.2326" name="C1" type="ca"/>
      <Atom charge="-0.7563" name="N5" type="nu"/>
      <Atom charge="0.9569" name="C16" type="ca"/>
      <Atom charge="-0.845" name="N2" type="nb"/>
      <Atom charge="-0.807" name="N1" type="nb"/>
      <Atom charge="0.5022" name="C15" type="ca"/>
      <Atom charge="-0.4466" name="C14" type="ca"/>
      <Atom charge="0.6972" name="C13" type="ca"/>
      <Atom charge="-0.6703" name="N3" type="nh"/>
      <Atom charge="0.1948" name="C19" type="c3"/>
      <Atom charge="0.1708" name="C18" type="c3"/>
      <Atom charge="-0.0844" name="C17" type="c3"/>
      <Atom charge="-0.0784" name="C21" type="c3"/>
      <Atom charge="-0.1507" name="C20" type="c3"/>
      <Atom charge="0.6581" name="C22" type="c"/>
      <Atom charge="-0.5801" name="O1" type="o"/>
      <Atom charge="-0.5919" name="N4" type="ns"/>
      <Atom charge="0.1623" name="C23" type="c3"/>
      <Atom charge="-0.1243" name="C7" type="ca"/>
      <Atom charge="-0.1095" name="C8" type="ca"/>
      <Atom charge="-0.1315" name="C9" type="ca"/>
      <Atom charge="-0.0743" name="C10" type="ca"/>
      <Atom charge="-0.0498" name="C27" type="c3"/>
      <Atom charge="-0.1315" name="C11" type="ca"/>
      <Atom charge="-0.1095" name="C12" type="ca"/>
      <Atom charge="0.042033" name="H1" type="h1"/>
      <Atom charge="0.042033" name="H2" type="h1"/>
      <Atom charge="0.042033" name="H3" type="h1"/>
      <Atom charge="0.1525" name="H4" type="ha"/>
      <Atom charge="0.031367" name="H5" type="h1"/>
      <Atom charge="0.031367" name="H6" type="h1"/>
      <Atom charge="0.031367" name="H7" type="h1"/>
      <Atom charge="0.042033" name="H8" type="h1"/>
      <Atom charge="0.042033" name="H9" type="h1"/>
      <Atom charge="0.042033" name="H10" type="h1"/>
      <Atom charge="0.1525" name="H11" type="ha"/>
      <Atom charge="0.4658" name="H12" type="hn"/>
      <Atom charge="0.0281" name="H13" type="h4"/>
      <Atom charge="0.151" name="H14" type="ha"/>
      <Atom charge="0.0632" name="H15" type="h1"/>
      <Atom charge="0.0632" name="H16" type="h1"/>
      <Atom charge="0.0452" name="H17" type="h1"/>
      <Atom charge="0.0452" name="H18" type="h1"/>
      <Atom charge="0.0582" name="H19" type="hc"/>
      <Atom charge="0.0582" name="H20" type="hc"/>
      <Atom charge="0.0462" name="H21" type="hc"/>
      <Atom charge="0.0462" name="H22" type="hc"/>
      <Atom charge="0.0687" name="H23" type="hc"/>
      <Atom charge="0.3145" name="H24" type="hn"/>
      <Atom charge="0.0587" name="H25" type="h1"/>
      <Atom charge="0.0587" name="H26" type="h1"/>
      <Atom charge="0.1345" name="H27" type="ha"/>
      <Atom charge="0.133" name="H28" type="ha"/>
      <Atom charge="0.045033" name="H29" type="hc"/>
      <Atom charge="0.045033" name="H30" type="hc"/>
      <Atom charge="0.045033" name="H31" type="hc"/>
      <Atom charge="0.133" name="H32" type="ha"/>
      <Atom charge="0.1345" name="H33" type="ha"/>
      <Bond atomName1="C26" atomName2="O4"/>
      <Bond atomName1="O3" atomName2="C25"/>
      <Bond atomName1="O3" atomName2="C4"/>
      <Bond atomName1="O4" atomName2="C3"/>
      <Bond atomName1="C4" atomName2="C3"/>
      <Bond atomName1="C4" atomName2="C5"/>
      <Bond atomName1="C3" atomName2="C2"/>
      <Bond atomName1="O2" atomName2="C5"/>
      <Bond atomName1="O2" atomName2="C24"/>
      <Bond atomName1="C5" atomName2="C6"/>
      <Bond atomName1="C2" atomName2="C1"/>
      <Bond atomName1="C6" atomName2="C1"/>
      <Bond atomName1="C1" atomName2="N5"/>
      <Bond atomName1="N5" atomName2="C16"/>
      <Bond atomName1="C16" atomName2="N2"/>
      <Bond atomName1="C16" atomName2="N1"/>
      <Bond atomName1="N2" atomName2="C13"/>
      <Bond atomName1="C17" atomName2="C18"/>
      <Bond atomName1="C17" atomName2="C21"/>
      <Bond atomName1="C18" atomName2="N3"/>
      <Bond atomName1="N1" atomName2="C15"/>
      <Bond atomName1="C13" atomName2="N3"/>
      <Bond atomName1="C13" atomName2="C14"/>
      <Bond atomName1="C21" atomName2="C20"/>
      <Bond atomName1="N3" atomName2="C19"/>
      <Bond atomName1="C15" atomName2="C14"/>
      <Bond atomName1="C20" atomName2="C19"/>
      <Bond atomName1="C20" atomName2="C22"/>
      <Bond atomName1="C22" atomName2="N4"/>
      <Bond atomName1="C22" atomName2="O1"/>
      <Bond atomName1="N4" atomName2="C23"/>
      <Bond atomName1="C27" atomName2="C10"/>
      <Bond atomName1="C9" atomName2="C10"/>
      <Bond atomName1="C9" atomName2="C8"/>
      <Bond atomName1="C10" atomName2="C11"/>
      <Bond atomName1="C8" atomName2="C7"/>
      <Bond atomName1="C11" atomName2="C12"/>
      <Bond atomName1="C7" atomName2="C12"/>
      <Bond atomName1="C7" atomName2="C23"/>
      <Bond atomName1="C24" atomName2="H1"/>
      <Bond atomName1="C24" atomName2="H2"/>
      <Bond atomName1="C24" atomName2="H3"/>
      <Bond atomName1="C6" atomName2="H4"/>
      <Bond atomName1="C25" atomName2="H5"/>
      <Bond atomName1="C25" atomName2="H6"/>
      <Bond atomName1="C25" atomName2="H7"/>
      <Bond atomName1="C26" atomName2="H8"/>
      <Bond atomName1="C26" atomName2="H9"/>
      <Bond atomName1="C26" atomName2="H10"/>
      <Bond atomName1="C2" atomName2="H11"/>
      <Bond atomName1="N5" atomName2="H12"/>
      <Bond atomName1="C15" atomName2="H13"/>
      <Bond atomName1="C14" atomName2="H14"/>
      <Bond atomName1="C19" atomName2="H15"/>
      <Bond atomName1="C19" atomName2="H16"/>
      <Bond atomName1="C18" atomName2="H17"/>
      <Bond atomName1="C18" atomName2="H18"/>
      <Bond atomName1="C17" atomName2="H19"/>
      <Bond atomName1="C17" atomName2="H20"/>
      <Bond atomName1="C21" atomName2="H21"/>
      <Bond atomName1="C21" atomName2="H22"/>
      <Bond atomName1="C20" atomName2="H23"/>
      <Bond atomName1="N4" atomName2="H24"/>
      <Bond atomName1="C23" atomName2="H25"/>
      <Bond atomName1="C23" atomName2="H26"/>
      <Bond atomName1="C8" atomName2="H27"/>
      <Bond atomName1="C9" atomName2="H28"/>
      <Bond atomName1="C27" atomName2="H29"/>
      <Bond atomName1="C27" atomName2="H30"/>
      <Bond atomName1="C27" atomName2="H31"/>
      <Bond atomName1="C11" atomName2="H32"/>
      <Bond atomName1="C12" atomName2="H33"/>
    </Residue>
  </Residues>
  <HarmonicBondForce>
    <Bond k="290453.27999999997" length="0.1386" type1="ca" type2="nu"/>
    <Bond k="443085.5999999999" length="0.10120000000000001" type1="hn" type2="nu"/>
    <Bond k="298068.1599999999" length="0.1379" type1="c" type2="ns"/>
    <Bond k="220747.83999999997" length="0.1462" type1="c3" type2="ns"/>
    <Bond k="441244.6399999999" length="0.1013" type1="hn" type2="ns"/>
  </HarmonicBondForce>
  <HarmonicAngleForce>
    <Angle angle="2.1109757302871417" k="721.3216000000001" type1="ca" type2="ca" type3="nu"/>
    <Angle angle="2.224596664591972" k="545.5936" type1="ca" type2="nu" type3="ca"/>
    <Angle angle="2.0258036627898184" k="408.3584" type1="ca" type2="nu" type3="hn"/>
    <Angle angle="2.040988027282169" k="938.0527999999999" type1="nb" type2="ca" type3="nu"/>
    <Angle angle="2.010270232447069" k="705.4224" type1="c3" type2="c" type3="ns"/>
    <Angle angle="2.1064378742319563" k="546.4304" type1="c" type2="ns" type3="c3"/>
    <Angle angle="2.051634535719334" k="407.52160000000003" type1="c" type2="ns" type3="hn"/>
    <Angle angle="2.1476276445790226" k="952.2784" type1="ns" type2="c" type3="o"/>
    <Angle angle="1.9614010133912274" k="698.7280000000001" type1="ca" type2="c3" type3="ns"/>
    <Angle angle="1.900314489571426" k="514.6320000000001" type1="h1" type2="c3" type3="ns"/>
    <Angle angle="2.053903463746927" k="385.76480000000004" type1="c3" type2="ns" type3="hn"/>
  </HarmonicAngleForce>
  <PeriodicTorsionForce>
    <Proper k1="4.3932" periodicity1="2" phase1="3.141592653589793" type1="ca" type2="ca" type3="nu" type4="ca"/>
    <Proper k1="4.3932" periodicity1="2" phase1="3.141592653589793" type1="ca" type2="ca" type3="nu" type4="hn"/>
    <Proper k1="4.3932" periodicity1="2" phase1="3.141592653589793" type1="nb" type2="ca" type3="nu" type4="ca"/>
    <Proper k1="4.3932" periodicity1="2" phase1="3.141592653589793" type1="nb" type2="ca" type3="nu" type4="hn"/>
    <Proper k1="0.0" k2="2.97064" periodicity1="4" periodicity2="2" phase1="3.141592653589793" phase2="3.141592653589793" type1="ns" type2="c" type3="c3" type4="c3"/>
    <Proper k1="1.0878400000000001" k2="2.092" periodicity1="2" periodicity2="1" phase1="3.141592653589793" phase2="0.0" type1="c3" type2="c" type3="ns" type4="c3"/>
    <Proper k1="10.46" periodicity1="2" phase1="3.141592653589793" type1="c3" type2="c" type3="ns" type4="hn"/>
    <Proper k1="0.0" periodicity1="2" phase1="0.0" type1="ca" type2="c3" type3="ns" type4="c"/>
    <Proper k1="0.0" periodicity1="2" phase1="3.141592653589793" type1="h1" type2="c3" type3="ns" type4="c"/>
    <Proper k1="10.46" periodicity1="2" phase1="3.141592653589793" type1="o" type2="c" type3="ns" type4="c3"/>
    <Proper k1="10.46" k2="8.368" periodicity1="2" periodicity2="1" phase1="3.141592653589793" phase2="0.0" type1="o" type2="c" type3="ns" type4="hn"/>
    <Proper k1="0.0" periodicity1="2" phase1="0.0" type1="ca" type2="c3" type3="ns" type4="hn"/>
    <Proper k1="0.0" periodicity1="2" phase1="0.0" type1="h1" type2="c3" type3="ns" type4="hn"/>
    <Improper k1="4.6024" periodicity1="2" phase1="3.141592653589793" type1="ca" type2="ca" type3="ca" type4="os"/>
    <Improper k1="4.6024" periodicity1="2" phase1="3.141592653589793" type1="ca" type2="ca" type3="ca" type4="ha"/>
    <Improper k1="4.6024" periodicity1="2" phase1="3.141592653589793" type1="ca" type2="ca" type3="ca" type4="nu"/>
    <Improper k1="4.6024" periodicity1="2" phase1="3.141592653589793" type1="nu" type2="ca" type3="ca" type4="hn"/>
    <Improper k1="43.932" periodicity1="2" phase1="3.141592653589793" type1="ca" type2="nb" type3="nb" type4="nu"/>
    <Improper k1="4.6024" periodicity1="2" phase1="3.141592653589793" type1="ca" type2="ca" type3="h4" type4="nb"/>
    <Improper k1="4.6024" periodicity1="2" phase1="3.141592653589793" type1="ca" type2="ca" type3="nb" type4="nh"/>
    <Improper k1="4.6024" periodicity1="2" phase1="3.141592653589793" type1="nh" type2="c3" type3="c3" type4="ca"/>
    <Improper k1="43.932" periodicity1="2" phase1="3.141592653589793" type1="c" type2="c3" type3="ns" type4="o"/>
    <Improper k1="4.6024" periodicity1="2" phase1="3.141592653589793" type1="ns" type2="c" type3="c3" type4="hn"/>
  </PeriodicTorsionForce>
</ForceField>
