<ForceField>
  <Info>
    <DateGenerated>2019-07-05</DateGenerated>
  </Info>
  <Residues>
    <Residue name="MC_0JG">
      <Atom charge="-1.0735" name="N01" type="nv"/>
      <Atom charge="0.7652" name="C02" type="ca"/>
      <Atom charge="-0.3434" name="C03" type="ca"/>
      <Atom charge="0.5018" name="C04" type="ca"/>
      <Atom charge="-0.0963" name="N05" type="na"/>
      <Atom charge="-0.1041" name="C06" type="c2"/>
      <Atom charge="-0.1282" name="C07" type="c2"/>
      <Atom charge="0.1796" name="C08" type="c3"/>
      <Atom charge="-0.5928" name="O09" type="oh"/>
      <Atom charge="-0.0533" name="C10" type="cc"/>
      <Atom charge="0.0038" name="C11" type="c3"/>
      <Atom charge="-0.0366" name="C12" type="c3"/>
      <Atom charge="0.6381" name="C13" type="c"/>
      <Atom charge="-0.4179" name="O14" type="os"/>
      <Atom charge="0.1397" name="C15" type="c3"/>
      <Atom charge="-0.539" name="O16" type="o"/>
      <Atom charge="0.1977" name="C17" type="c1"/>
      <Atom charge="-0.3208" name="N18" type="n1"/>
      <Atom charge="-0.0604" name="C19" type="cd"/>
      <Atom charge="-0.0278" name="C20" type="ca"/>
      <Atom charge="-0.113" name="C21" type="ca"/>
      <Atom charge="-0.131" name="C22" type="ca"/>
      <Atom charge="-0.0813" name="C23" type="ca"/>
      <Atom charge="-0.0488" name="C24" type="c3"/>
      <Atom charge="-0.131" name="C25" type="ca"/>
      <Atom charge="-0.113" name="C26" type="ca"/>
      <Atom charge="-0.765" name="N27" type="nb"/>
      <Atom charge="0.7109" name="C28" type="ca"/>
      <Atom charge="-0.785" name="N29" type="nb"/>
      <Atom charge="0.4418" name="H1" type="hn"/>
      <Atom charge="0.4418" name="H2" type="hn"/>
      <Atom charge="0.148" name="H3" type="h4"/>
      <Atom charge="0.162" name="H4" type="ha"/>
      <Atom charge="0.0292" name="H5" type="h1"/>
      <Atom charge="0.0292" name="H6" type="h1"/>
      <Atom charge="0.403" name="H7" type="ho"/>
      <Atom charge="0.0832" name="H8" type="hc"/>
      <Atom charge="0.0832" name="H9" type="hc"/>
      <Atom charge="0.1137" name="H10" type="hc"/>
      <Atom charge="0.053033" name="H11" type="h1"/>
      <Atom charge="0.053033" name="H12" type="h1"/>
      <Atom charge="0.053033" name="H13" type="h1"/>
      <Atom charge="0.136" name="H14" type="ha"/>
      <Atom charge="0.1325" name="H15" type="ha"/>
      <Atom charge="0.044033" name="H16" type="hc"/>
      <Atom charge="0.044033" name="H17" type="hc"/>
      <Atom charge="0.044033" name="H18" type="hc"/>
      <Atom charge="0.1325" name="H19" type="ha"/>
      <Atom charge="0.136" name="H20" type="ha"/>
      <Atom charge="0.0611" name="H21" type="h5"/>
      <Bond atomName1="O09" atomName2="C08"/>
      <Bond atomName1="C08" atomName2="C07"/>
      <Bond atomName1="C07" atomName2="C06"/>
      <Bond atomName1="C06" atomName2="N05"/>
      <Bond atomName1="N27" atomName2="C28"/>
      <Bond atomName1="N27" atomName2="C04"/>
      <Bond atomName1="C28" atomName2="N29"/>
      <Bond atomName1="N05" atomName2="C04"/>
      <Bond atomName1="N05" atomName2="C10"/>
      <Bond atomName1="C04" atomName2="C03"/>
      <Bond atomName1="N29" atomName2="C02"/>
      <Bond atomName1="C10" atomName2="C11"/>
      <Bond atomName1="C10" atomName2="C19"/>
      <Bond atomName1="C03" atomName2="C02"/>
      <Bond atomName1="C03" atomName2="C19"/>
      <Bond atomName1="C17" atomName2="N18"/>
      <Bond atomName1="C17" atomName2="C12"/>
      <Bond atomName1="C12" atomName2="C11"/>
      <Bond atomName1="C12" atomName2="C13"/>
      <Bond atomName1="C02" atomName2="N01"/>
      <Bond atomName1="O14" atomName2="C13"/>
      <Bond atomName1="O14" atomName2="C15"/>
      <Bond atomName1="C19" atomName2="C20"/>
      <Bond atomName1="C13" atomName2="O16"/>
      <Bond atomName1="C20" atomName2="C26"/>
      <Bond atomName1="C20" atomName2="C21"/>
      <Bond atomName1="C26" atomName2="C25"/>
      <Bond atomName1="C21" atomName2="C22"/>
      <Bond atomName1="C25" atomName2="C23"/>
      <Bond atomName1="C22" atomName2="C23"/>
      <Bond atomName1="C23" atomName2="C24"/>
      <Bond atomName1="N01" atomName2="H1"/>
      <Bond atomName1="N01" atomName2="H2"/>
      <Bond atomName1="C06" atomName2="H3"/>
      <Bond atomName1="C07" atomName2="H4"/>
      <Bond atomName1="C08" atomName2="H5"/>
      <Bond atomName1="C08" atomName2="H6"/>
      <Bond atomName1="O09" atomName2="H7"/>
      <Bond atomName1="C11" atomName2="H8"/>
      <Bond atomName1="C11" atomName2="H9"/>
      <Bond atomName1="C12" atomName2="H10"/>
      <Bond atomName1="C15" atomName2="H11"/>
      <Bond atomName1="C15" atomName2="H12"/>
      <Bond atomName1="C15" atomName2="H13"/>
      <Bond atomName1="C21" atomName2="H14"/>
      <Bond atomName1="C22" atomName2="H15"/>
      <Bond atomName1="C24" atomName2="H16"/>
      <Bond atomName1="C24" atomName2="H17"/>
      <Bond atomName1="C24" atomName2="H18"/>
      <Bond atomName1="C25" atomName2="H19"/>
      <Bond atomName1="C26" atomName2="H20"/>
      <Bond atomName1="C28" atomName2="H21"/>
    </Residue>
  </Residues>
  <HarmonicBondForce>
    <Bond k="290453.27999999997" length="0.1386" type1="ca" type2="nv"/>
    <Bond k="443085.5999999999" length="0.10120000000000001" type1="hn" type2="nv"/>
  </HarmonicBondForce>
  <HarmonicAngleForce>
    <Angle angle="2.1109757302871417" k="721.3216000000001" type1="ca" type2="ca" type3="nv"/>
    <Angle angle="2.040988027282169" k="938.0527999999999" type1="nb" type2="ca" type3="nv"/>
    <Angle angle="2.0258036627898184" k="408.3584" type1="ca" type2="nv" type3="hn"/>
    <Angle angle="2.0092230348958724" k="330.536" type1="hn" type2="nv" type3="hn"/>
  </HarmonicAngleForce>
  <PeriodicTorsionForce>
    <Proper k1="2.11292" periodicity1="2" phase1="3.141592653589793" type1="ca" type2="ca" type3="cd" type4="cc"/>
    <Proper k1="2.11292" periodicity1="2" phase1="3.141592653589793" type1="ca" type2="ca" type3="cd" type4="ca"/>
    <Proper k1="4.3932" periodicity1="2" phase1="3.141592653589793" type1="ca" type2="ca" type3="nv" type4="hn"/>
    <Proper k1="4.3932" periodicity1="2" phase1="3.141592653589793" type1="nb" type2="ca" type3="nv" type4="hn"/>
    <Improper k1="4.6024" periodicity1="2" phase1="3.141592653589793" type1="nv" type2="ca" type3="hn" type4="hn"/>
    <Improper k1="4.6024" periodicity1="2" phase1="3.141592653589793" type1="ca" type2="ca" type3="nb" type4="nv"/>
    <Improper k1="4.6024" periodicity1="2" phase1="3.141592653589793" type1="ca" type2="ca" type3="ca" type4="cd"/>
    <Improper k1="4.6024" periodicity1="2" phase1="3.141592653589793" type1="ca" type2="ca" type3="na" type4="nb"/>
    <Improper k1="4.6024" periodicity1="2" phase1="3.141592653589793" type1="na" type2="c2" type3="ca" type4="cc"/>
    <Improper k1="4.6024" periodicity1="2" phase1="3.141592653589793" type1="c2" type2="c2" type3="h4" type4="na"/>
    <Improper k1="4.6024" periodicity1="2" phase1="3.141592653589793" type1="c2" type2="c2" type3="c3" type4="ha"/>
    <Improper k1="4.6024" periodicity1="2" phase1="3.141592653589793" type1="cc" type2="c3" type3="cd" type4="na"/>
    <Improper k1="43.932" periodicity1="2" phase1="3.141592653589793" type1="c" type2="c3" type3="o" type4="os"/>
    <Improper k1="4.6024" periodicity1="2" phase1="3.141592653589793" type1="cd" type2="ca" type3="ca" type4="cc"/>
    <Improper k1="4.6024" periodicity1="2" phase1="3.141592653589793" type1="ca" type2="ca" type3="ca" type4="ha"/>
    <Improper k1="4.6024" periodicity1="2" phase1="3.141592653589793" type1="ca" type2="h5" type3="nb" type4="nb"/>
  </PeriodicTorsionForce>
</ForceField>
