<ForceField>
  <Info>
    <DateGenerated>2019-07-05</DateGenerated>
  </Info>
  <Residues>
    <Residue name="MC_0JJ">
      <Atom charge="-0.1284" name="C7" type="c3"/>
      <Atom charge="0.3606" name="C5" type="cc"/>
      <Atom charge="-0.2303" name="C6" type="cc"/>
      <Atom charge="-0.4421" name="N2" type="nd"/>
      <Atom charge="0.1072" name="S1" type="ss"/>
      <Atom charge="-0.1036" name="C4" type="cd"/>
      <Atom charge="0.5138" name="C3" type="cd"/>
      <Atom charge="-0.2543" name="C1" type="cc"/>
      <Atom charge="-0.014" name="C2" type="cd"/>
      <Atom charge="-0.4678" name="N1" type="nc"/>
      <Atom charge="0.0973" name="N3" type="na"/>
      <Atom charge="-0.1293" name="C8" type="cd"/>
      <Atom charge="-0.059" name="N4" type="nc"/>
      <Atom charge="-0.3357" name="N5" type="nc"/>
      <Atom charge="0.3188" name="C9" type="cd"/>
      <Atom charge="0.2475" name="C10" type="c3"/>
      <Atom charge="-0.7896" name="N6" type="nu"/>
      <Atom charge="0.2093" name="C11" type="ca"/>
      <Atom charge="-0.3833" name="C12" type="ca"/>
      <Atom charge="0.4932" name="C13" type="ca"/>
      <Atom charge="-0.735" name="N7" type="nb"/>
      <Atom charge="0.3803" name="C15" type="ca"/>
      <Atom charge="-0.1893" name="C16" type="ca"/>
      <Atom charge="0.2173" name="C14" type="ca"/>
      <Atom charge="-0.648" name="N8" type="nb"/>
      <Atom charge="0.3392" name="C18" type="ca"/>
      <Atom charge="0.0298" name="C17" type="ca"/>
      <Atom charge="-0.3199" name="O1" type="os"/>
      <Atom charge="0.1257" name="C19" type="c3"/>
      <Atom charge="0.059367" name="H1" type="hc"/>
      <Atom charge="0.059367" name="H2" type="hc"/>
      <Atom charge="0.059367" name="H3" type="hc"/>
      <Atom charge="0.179" name="H4" type="ha"/>
      <Atom charge="0.161" name="H5" type="ha"/>
      <Atom charge="0.174" name="H6" type="ha"/>
      <Atom charge="0.0707" name="H7" type="h1"/>
      <Atom charge="0.0707" name="H8" type="h1"/>
      <Atom charge="0.4688" name="H9" type="hn"/>
      <Atom charge="0.139" name="H10" type="ha"/>
      <Atom charge="0.0221" name="H11" type="h4"/>
      <Atom charge="0.17" name="H12" type="ha"/>
      <Atom charge="0.0261" name="H13" type="h4"/>
      <Atom charge="0.044033" name="H14" type="h1"/>
      <Atom charge="0.044033" name="H15" type="h1"/>
      <Atom charge="0.044033" name="H16" type="h1"/>
      <Bond atomName1="C10" atomName2="C9"/>
      <Bond atomName1="C10" atomName2="N6"/>
      <Bond atomName1="N5" atomName2="C9"/>
      <Bond atomName1="N5" atomName2="N4"/>
      <Bond atomName1="C9" atomName2="N3"/>
      <Bond atomName1="N6" atomName2="C11"/>
      <Bond atomName1="N4" atomName2="C8"/>
      <Bond atomName1="C11" atomName2="C12"/>
      <Bond atomName1="C11" atomName2="C14"/>
      <Bond atomName1="C12" atomName2="C13"/>
      <Bond atomName1="N3" atomName2="N1"/>
      <Bond atomName1="N3" atomName2="C8"/>
      <Bond atomName1="N1" atomName2="C3"/>
      <Bond atomName1="C8" atomName2="C2"/>
      <Bond atomName1="C14" atomName2="N8"/>
      <Bond atomName1="C14" atomName2="C15"/>
      <Bond atomName1="N8" atomName2="C18"/>
      <Bond atomName1="C13" atomName2="N7"/>
      <Bond atomName1="S1" atomName2="C4"/>
      <Bond atomName1="S1" atomName2="N2"/>
      <Bond atomName1="C3" atomName2="C4"/>
      <Bond atomName1="C3" atomName2="C1"/>
      <Bond atomName1="C2" atomName2="C1"/>
      <Bond atomName1="C18" atomName2="C17"/>
      <Bond atomName1="N7" atomName2="C15"/>
      <Bond atomName1="C15" atomName2="C16"/>
      <Bond atomName1="C4" atomName2="C6"/>
      <Bond atomName1="N2" atomName2="C5"/>
      <Bond atomName1="C17" atomName2="C16"/>
      <Bond atomName1="C17" atomName2="O1"/>
      <Bond atomName1="C6" atomName2="C5"/>
      <Bond atomName1="C5" atomName2="C7"/>
      <Bond atomName1="O1" atomName2="C19"/>
      <Bond atomName1="C7" atomName2="H1"/>
      <Bond atomName1="C7" atomName2="H2"/>
      <Bond atomName1="C7" atomName2="H3"/>
      <Bond atomName1="C6" atomName2="H4"/>
      <Bond atomName1="C1" atomName2="H5"/>
      <Bond atomName1="C2" atomName2="H6"/>
      <Bond atomName1="C10" atomName2="H7"/>
      <Bond atomName1="C10" atomName2="H8"/>
      <Bond atomName1="N6" atomName2="H9"/>
      <Bond atomName1="C12" atomName2="H10"/>
      <Bond atomName1="C13" atomName2="H11"/>
      <Bond atomName1="C16" atomName2="H12"/>
      <Bond atomName1="C18" atomName2="H13"/>
      <Bond atomName1="C19" atomName2="H14"/>
      <Bond atomName1="C19" atomName2="H15"/>
      <Bond atomName1="C19" atomName2="H16"/>
    </Residue>
  </Residues>
  <HarmonicBondForce>
    <Bond k="219074.23999999996" length="0.1464" type1="c3" type2="nu"/>
    <Bond k="290453.27999999997" length="0.1386" type1="ca" type2="nu"/>
    <Bond k="443085.5999999999" length="0.10120000000000001" type1="hn" type2="nu"/>
  </HarmonicBondForce>
  <HarmonicAngleForce>
    <Angle angle="1.96070288169043" k="702.0752000000001" type1="cd" type2="c3" type3="nu"/>
    <Angle angle="2.094046036542797" k="545.5936" type1="c3" type2="nu" type3="ca"/>
    <Angle angle="2.0244073993882226" k="388.2752" type1="c3" type2="nu" type3="hn"/>
    <Angle angle="1.9161969857645744" k="512.1216000000001" type1="h1" type2="c3" type3="nu"/>
    <Angle angle="2.1109757302871417" k="721.3216000000001" type1="ca" type2="ca" type3="nu"/>
    <Angle angle="2.0258036627898184" k="408.3584" type1="ca" type2="nu" type3="hn"/>
  </HarmonicAngleForce>
  <PeriodicTorsionForce>
    <Proper k1="4.6024" periodicity1="2" phase1="3.141592653589793" type1="cc" type2="cd" type3="ss" type4="nd"/>
    <Proper k1="4.6024" periodicity1="2" phase1="3.141592653589793" type1="cd" type2="cd" type3="ss" type4="nd"/>
    <Proper k1="0.0" periodicity1="2" phase1="0.0" type1="cd" type2="c3" type3="nu" type4="ca"/>
    <Proper k1="0.0" periodicity1="2" phase1="0.0" type1="cd" type2="c3" type3="nu" type4="hn"/>
    <Proper k1="1.389088" periodicity1="2" phase1="0.0" type1="h1" type2="c3" type3="nu" type4="ca"/>
    <Proper k1="4.3932" periodicity1="2" phase1="3.141592653589793" type1="ca" type2="ca" type3="nu" type4="hn"/>
    <Proper k1="0.0" periodicity1="2" phase1="0.0" type1="h1" type2="c3" type3="nu" type4="hn"/>
    <Improper k1="4.6024" periodicity1="2" phase1="3.141592653589793" type1="cc" type2="c3" type3="cc" type4="nd"/>
    <Improper k1="4.6024" periodicity1="2" phase1="3.141592653589793" type1="cc" type2="cc" type3="cd" type4="ha"/>
    <Improper k1="4.6024" periodicity1="2" phase1="3.141592653589793" type1="cd" type2="cc" type3="cd" type4="ss"/>
    <Improper k1="4.6024" periodicity1="2" phase1="3.141592653589793" type1="cd" type2="cc" type3="cd" type4="nc"/>
    <Improper k1="4.6024" periodicity1="2" phase1="3.141592653589793" type1="cc" type2="cd" type3="cd" type4="ha"/>
    <Improper k1="4.6024" periodicity1="2" phase1="3.141592653589793" type1="cd" type2="cc" type3="cd" type4="ha"/>
    <Improper k1="4.6024" periodicity1="2" phase1="3.141592653589793" type1="na" type2="cd" type3="cd" type4="nc"/>
    <Improper k1="4.6024" periodicity1="2" phase1="3.141592653589793" type1="cd" type2="cd" type3="na" type4="nc"/>
    <Improper k1="4.6024" periodicity1="2" phase1="3.141592653589793" type1="cd" type2="c3" type3="na" type4="nc"/>
    <Improper k1="4.6024" periodicity1="2" phase1="3.141592653589793" type1="nu" type2="c3" type3="ca" type4="hn"/>
    <Improper k1="4.6024" periodicity1="2" phase1="3.141592653589793" type1="ca" type2="ca" type3="ca" type4="nu"/>
    <Improper k1="4.6024" periodicity1="2" phase1="3.141592653589793" type1="ca" type2="ca" type3="ca" type4="ha"/>
    <Improper k1="4.6024" periodicity1="2" phase1="3.141592653589793" type1="ca" type2="ca" type3="h4" type4="nb"/>
    <Improper k1="4.6024" periodicity1="2" phase1="3.141592653589793" type1="ca" type2="ca" type3="ca" type4="nb"/>
    <Improper k1="4.6024" periodicity1="2" phase1="3.141592653589793" type1="ca" type2="ca" type3="ca" type4="os"/>
  </PeriodicTorsionForce>
</ForceField>
