<ForceField>
  <Info>
    <DateGenerated>2019-07-05</DateGenerated>
  </Info>
  <Residues>
    <Residue name="MC_0JL">
      <Atom charge="-0.1254" name="CBF" type="c3"/>
      <Atom charge="0.3856" name="CBE" type="cc"/>
      <Atom charge="-0.3373" name="CBB" type="cc"/>
      <Atom charge="-0.5071" name="NBD" type="nd"/>
      <Atom charge="0.2432" name="S" type="ss"/>
      <Atom charge="0.0515" name="CBA" type="cd"/>
      <Atom charge="-0.1852" name="NAZ" type="n"/>
      <Atom charge="0.7371" name="CAT" type="c"/>
      <Atom charge="-0.3252" name="CAS" type="cc"/>
      <Atom charge="-0.6435" name="OBG" type="o"/>
      <Atom charge="-0.0264" name="CAY" type="cc"/>
      <Atom charge="-0.2538" name="CAX" type="cd"/>
      <Atom charge="0.3881" name="CAW" type="cd"/>
      <Atom charge="-0.354" name="NAV" type="nd"/>
      <Atom charge="-0.1598" name="NAU" type="nc"/>
      <Atom charge="0.1814" name="NAR" type="na"/>
      <Atom charge="0.1053" name="CAP" type="c3"/>
      <Atom charge="-0.1041" name="CAQ" type="c3"/>
      <Atom charge="-0.1093" name="CAO" type="ca"/>
      <Atom charge="-0.093" name="CAI" type="ca"/>
      <Atom charge="-0.1233" name="CAH" type="ca"/>
      <Atom charge="-0.122" name="CAG" type="ca"/>
      <Atom charge="-0.115" name="CAN" type="ca"/>
      <Atom charge="-0.1503" name="CAM" type="ca"/>
      <Atom charge="0.3926" name="CAL" type="ca"/>
      <Atom charge="-0.651" name="NAK" type="nb"/>
      <Atom charge="0.3652" name="CAJ" type="ca"/>
      <Atom charge="0.0158" name="CAF" type="ca"/>
      <Atom charge="-0.3129" name="OAE" type="os"/>
      <Atom charge="0.1384" name="CAD" type="c3"/>
      <Atom charge="0.1404" name="CAC" type="c3"/>
      <Atom charge="-0.4206" name="OAB" type="os"/>
      <Atom charge="0.1287" name="CAA" type="c3"/>
      <Atom charge="0.054367" name="H1" type="hc"/>
      <Atom charge="0.054367" name="H2" type="hc"/>
      <Atom charge="0.054367" name="H3" type="hc"/>
      <Atom charge="0.156" name="H4" type="ha"/>
      <Atom charge="0.172" name="H6" type="h4"/>
      <Atom charge="0.169" name="H7" type="ha"/>
      <Atom charge="0.1127" name="H8" type="h1"/>
      <Atom charge="0.058033" name="H9" type="hc"/>
      <Atom charge="0.058033" name="H10" type="hc"/>
      <Atom charge="0.058033" name="H11" type="hc"/>
      <Atom charge="0.144" name="H12" type="ha"/>
      <Atom charge="0.157" name="H13" type="ha"/>
      <Atom charge="0.155" name="H14" type="ha"/>
      <Atom charge="0.153" name="H15" type="ha"/>
      <Atom charge="0.0261" name="H16" type="h4"/>
      <Atom charge="0.0457" name="H17" type="h1"/>
      <Atom charge="0.0457" name="H18" type="h1"/>
      <Atom charge="0.0382" name="H19" type="h1"/>
      <Atom charge="0.0382" name="H20" type="h1"/>
      <Atom charge="0.032033" name="H21" type="h1"/>
      <Atom charge="0.032033" name="H22" type="h1"/>
      <Atom charge="0.032033" name="H23" type="h1"/>
      <Bond atomName1="CAQ" atomName2="CAP"/>
      <Bond atomName1="CAP" atomName2="NAR"/>
      <Bond atomName1="CAP" atomName2="CAO"/>
      <Bond atomName1="NAU" atomName2="NAR"/>
      <Bond atomName1="NAU" atomName2="NAV"/>
      <Bond atomName1="NAR" atomName2="CAS"/>
      <Bond atomName1="CAO" atomName2="CAN"/>
      <Bond atomName1="CAO" atomName2="CAI"/>
      <Bond atomName1="CAN" atomName2="CAM"/>
      <Bond atomName1="CAI" atomName2="CAH"/>
      <Bond atomName1="NAV" atomName2="CAW"/>
      <Bond atomName1="CAS" atomName2="CAT"/>
      <Bond atomName1="CAS" atomName2="CAW"/>
      <Bond atomName1="OBG" atomName2="CAT"/>
      <Bond atomName1="CAM" atomName2="CAL"/>
      <Bond atomName1="CAT" atomName2="NAZ"/>
      <Bond atomName1="CAW" atomName2="CAX"/>
      <Bond atomName1="CAH" atomName2="CAL"/>
      <Bond atomName1="CAH" atomName2="CAG"/>
      <Bond atomName1="CAL" atomName2="NAK"/>
      <Bond atomName1="CAG" atomName2="CAF"/>
      <Bond atomName1="CAX" atomName2="CAY"/>
      <Bond atomName1="NAZ" atomName2="CAY"/>
      <Bond atomName1="NAZ" atomName2="CBA"/>
      <Bond atomName1="S" atomName2="CBA"/>
      <Bond atomName1="S" atomName2="NBD"/>
      <Bond atomName1="NAK" atomName2="CAJ"/>
      <Bond atomName1="CBA" atomName2="CBB"/>
      <Bond atomName1="CAF" atomName2="CAJ"/>
      <Bond atomName1="CAF" atomName2="OAE"/>
      <Bond atomName1="NBD" atomName2="CBE"/>
      <Bond atomName1="OAE" atomName2="CAD"/>
      <Bond atomName1="CBB" atomName2="CBE"/>
      <Bond atomName1="CBE" atomName2="CBF"/>
      <Bond atomName1="CAD" atomName2="CAC"/>
      <Bond atomName1="CAA" atomName2="OAB"/>
      <Bond atomName1="CAC" atomName2="OAB"/>
      <Bond atomName1="CBF" atomName2="H1"/>
      <Bond atomName1="CBF" atomName2="H2"/>
      <Bond atomName1="CBF" atomName2="H3"/>
      <Bond atomName1="CBB" atomName2="H4"/>
      <Bond atomName1="CAY" atomName2="H6"/>
      <Bond atomName1="CAX" atomName2="H7"/>
      <Bond atomName1="CAP" atomName2="H8"/>
      <Bond atomName1="CAQ" atomName2="H9"/>
      <Bond atomName1="CAQ" atomName2="H10"/>
      <Bond atomName1="CAQ" atomName2="H11"/>
      <Bond atomName1="CAI" atomName2="H12"/>
      <Bond atomName1="CAG" atomName2="H13"/>
      <Bond atomName1="CAN" atomName2="H14"/>
      <Bond atomName1="CAM" atomName2="H15"/>
      <Bond atomName1="CAJ" atomName2="H16"/>
      <Bond atomName1="CAD" atomName2="H17"/>
      <Bond atomName1="CAD" atomName2="H18"/>
      <Bond atomName1="CAC" atomName2="H19"/>
      <Bond atomName1="CAC" atomName2="H20"/>
      <Bond atomName1="CAA" atomName2="H21"/>
      <Bond atomName1="CAA" atomName2="H22"/>
      <Bond atomName1="CAA" atomName2="H23"/>
    </Residue>
  </Residues>
  <HarmonicAngleForce>
    <Angle angle="2.15146736893341" k="725.5056000000001" type1="c" type2="cc" type3="na"/>
  </HarmonicAngleForce>
  <PeriodicTorsionForce>
    <Proper k1="4.6024" periodicity1="2" phase1="3.141592653589793" type1="cc" type2="cd" type3="ss" type4="nd"/>
    <Proper k1="4.6024" periodicity1="2" phase1="3.141592653589793" type1="n" type2="cd" type3="ss" type4="nd"/>
    <Improper k1="4.6024" periodicity1="2" phase1="3.141592653589793" type1="cc" type2="c3" type3="cc" type4="nd"/>
    <Improper k1="4.6024" periodicity1="2" phase1="3.141592653589793" type1="cc" type2="cc" type3="cd" type4="ha"/>
    <Improper k1="4.6024" periodicity1="2" phase1="3.141592653589793" type1="cd" type2="cc" type3="n" type4="ss"/>
    <Improper k1="4.6024" periodicity1="2" phase1="3.141592653589793" type1="n" type2="c" type3="cc" type4="cd"/>
    <Improper k1="43.932" periodicity1="2" phase1="3.141592653589793" type1="c" type2="cc" type3="n" type4="o"/>
    <Improper k1="4.6024" periodicity1="2" phase1="3.141592653589793" type1="cc" type2="c" type3="cd" type4="na"/>
    <Improper k1="4.6024" periodicity1="2" phase1="3.141592653589793" type1="cc" type2="cd" type3="h4" type4="n"/>
    <Improper k1="4.6024" periodicity1="2" phase1="3.141592653589793" type1="cd" type2="cc" type3="cd" type4="ha"/>
    <Improper k1="4.6024" periodicity1="2" phase1="3.141592653589793" type1="cd" type2="cc" type3="cd" type4="nd"/>
    <Improper k1="4.6024" periodicity1="2" phase1="3.141592653589793" type1="na" type2="c3" type3="cc" type4="nc"/>
    <Improper k1="4.6024" periodicity1="2" phase1="3.141592653589793" type1="ca" type2="ca" type3="ca" type4="ha"/>
    <Improper k1="4.6024" periodicity1="2" phase1="3.141592653589793" type1="ca" type2="ca" type3="ca" type4="ca"/>
    <Improper k1="4.6024" periodicity1="2" phase1="3.141592653589793" type1="ca" type2="ca" type3="ca" type4="nb"/>
    <Improper k1="4.6024" periodicity1="2" phase1="3.141592653589793" type1="ca" type2="ca" type3="h4" type4="nb"/>
    <Improper k1="4.6024" periodicity1="2" phase1="3.141592653589793" type1="ca" type2="ca" type3="ca" type4="os"/>
  </PeriodicTorsionForce>
</ForceField>
