<ForceField>
  <Info>
    <DateGenerated>2019-07-05</DateGenerated>
  </Info>
  <Residues>
    <Residue name="MC_0JO">
      <Atom charge="-0.8333" name="O" type="o"/>
      <Atom charge="0.8678" name="C" type="c"/>
      <Atom charge="-0.8333" name="OXT" type="o"/>
      <Atom charge="0.0644" name="CA" type="ce"/>
      <Atom charge="-0.271" name="CB" type="c2"/>
      <Atom charge="-0.6053" name="N" type="ne"/>
      <Atom charge="0.4988" name="C4A" type="cf"/>
      <Atom charge="-0.1389" name="C4" type="ca"/>
      <Atom charge="-0.0032" name="C3" type="ca"/>
      <Atom charge="-0.4931" name="O3" type="oh"/>
      <Atom charge="0.3226" name="C2" type="ca"/>
      <Atom charge="-0.1214" name="C2A" type="c3"/>
      <Atom charge="-0.719" name="N1" type="nb"/>
      <Atom charge="0.4192" name="C6" type="ca"/>
      <Atom charge="-0.1296" name="C5" type="ca"/>
      <Atom charge="0.2427" name="C5A" type="c3"/>
      <Atom charge="-0.5902" name="OP4" type="os"/>
      <Atom charge="1.1829" name="P" type="p5"/>
      <Atom charge="-0.9115" name="OP3" type="o"/>
      <Atom charge="-0.9115" name="OP1" type="o"/>
      <Atom charge="-0.9115" name="OP2" type="o"/>
      <Atom charge="0.096" name="H2" type="ha"/>
      <Atom charge="0.096" name="H3" type="ha"/>
      <Atom charge="0.0358" name="H4" type="h4"/>
      <Atom charge="0.392" name="H5" type="ho"/>
      <Atom charge="0.0257" name="H6" type="hc"/>
      <Atom charge="0.0257" name="H7" type="hc"/>
      <Atom charge="0.0257" name="H8" type="hc"/>
      <Atom charge="0.0731" name="H9" type="h4"/>
      <Atom charge="0.0517" name="H10" type="h1"/>
      <Atom charge="0.0517" name="H11" type="h1"/>
      <Bond atomName1="O" atomName2="C"/>
      <Bond atomName1="OXT" atomName2="C"/>
      <Bond atomName1="C" atomName2="CA"/>
      <Bond atomName1="CA" atomName2="CB"/>
      <Bond atomName1="CA" atomName2="N"/>
      <Bond atomName1="O3" atomName2="C3"/>
      <Bond atomName1="N" atomName2="C4A"/>
      <Bond atomName1="C4A" atomName2="C4"/>
      <Bond atomName1="C3" atomName2="C4"/>
      <Bond atomName1="C3" atomName2="C2"/>
      <Bond atomName1="C2A" atomName2="C2"/>
      <Bond atomName1="C4" atomName2="C5"/>
      <Bond atomName1="C2" atomName2="N1"/>
      <Bond atomName1="OP3" atomName2="P"/>
      <Bond atomName1="C5" atomName2="C5A"/>
      <Bond atomName1="C5" atomName2="C6"/>
      <Bond atomName1="N1" atomName2="C6"/>
      <Bond atomName1="OP4" atomName2="C5A"/>
      <Bond atomName1="OP4" atomName2="P"/>
      <Bond atomName1="OP1" atomName2="P"/>
      <Bond atomName1="P" atomName2="OP2"/>
      <Bond atomName1="CB" atomName2="H2"/>
      <Bond atomName1="CB" atomName2="H3"/>
      <Bond atomName1="C4A" atomName2="H4"/>
      <Bond atomName1="O3" atomName2="H5"/>
      <Bond atomName1="C2A" atomName2="H6"/>
      <Bond atomName1="C2A" atomName2="H7"/>
      <Bond atomName1="C2A" atomName2="H8"/>
      <Bond atomName1="C6" atomName2="H9"/>
      <Bond atomName1="C5A" atomName2="H10"/>
      <Bond atomName1="C5A" atomName2="H11"/>
    </Residue>
  </Residues>
  <HarmonicAngleForce>
    <Angle angle="2.0650735709596906" k="740.568" type1="c" type2="ce" type3="ne"/>
    <Angle angle="2.124240232602298" k="569.8607999999999" type1="ce" type2="ne" type3="cf"/>
  </HarmonicAngleForce>
  <PeriodicTorsionForce>
    <Proper k1="0.7112800000000001" periodicity1="2" phase1="3.141592653589793" type1="ca" type2="cf" type3="ne" type4="ce"/>
    <Proper k1="3.3472000000000004" periodicity1="2" phase1="3.141592653589793" type1="h4" type2="cf" type3="ne" type4="ce"/>
    <Proper k1="2.9288" periodicity1="2" phase1="3.141592653589793" type1="ca" type2="ca" type3="cf" type4="ne"/>
    <Proper k1="2.9288" periodicity1="2" phase1="3.141592653589793" type1="ca" type2="ca" type3="cf" type4="h4"/>
    <Improper k1="4.6024" periodicity1="2" phase1="3.141592653589793" type1="c" type2="ce" type3="o" type4="o"/>
    <Improper k1="4.6024" periodicity1="2" phase1="3.141592653589793" type1="ce" type2="c" type3="c2" type4="ne"/>
    <Improper k1="4.6024" periodicity1="2" phase1="3.141592653589793" type1="c2" type2="ce" type3="ha" type4="ha"/>
    <Improper k1="4.6024" periodicity1="2" phase1="3.141592653589793" type1="cf" type2="ca" type3="h4" type4="ne"/>
    <Improper k1="4.6024" periodicity1="2" phase1="3.141592653589793" type1="ca" type2="ca" type3="ca" type4="cf"/>
    <Improper k1="4.6024" periodicity1="2" phase1="3.141592653589793" type1="ca" type2="ca" type3="ca" type4="oh"/>
    <Improper k1="4.6024" periodicity1="2" phase1="3.141592653589793" type1="ca" type2="c3" type3="ca" type4="nb"/>
    <Improper k1="4.6024" periodicity1="2" phase1="3.141592653589793" type1="ca" type2="ca" type3="h4" type4="nb"/>
  </PeriodicTorsionForce>
</ForceField>
