<ForceField>
  <Info>
    <DateGenerated>2019-07-05</DateGenerated>
  </Info>
  <Residues>
    <Residue name="MC_0JP">
      <Atom charge="-0.175" name="C17" type="ca"/>
      <Atom charge="-0.183" name="C2" type="ca"/>
      <Atom charge="0.3492" name="C11" type="cc"/>
      <Atom charge="0.4204" name="C7" type="cc"/>
      <Atom charge="0.4153" name="C13" type="cc"/>
      <Atom charge="-0.005" name="C16" type="ca"/>
      <Atom charge="-0.0913" name="C3" type="ca"/>
      <Atom charge="0.1241" name="C18" type="ca"/>
      <Atom charge="0.1191" name="C1" type="ca"/>
      <Atom charge="0.4128" name="C9" type="cd"/>
      <Atom charge="-0.1496" name="C15" type="cc"/>
      <Atom charge="-0.1489" name="C10" type="cd"/>
      <Atom charge="-0.0411" name="C4" type="c3"/>
      <Atom charge="0.0463" name="C5" type="c3"/>
      <Atom charge="0.1217" name="C22" type="c3"/>
      <Atom charge="0.1267" name="C21" type="c3"/>
      <Atom charge="-0.683" name="N12" type="nd"/>
      <Atom charge="-0.689" name="N8" type="nd"/>
      <Atom charge="-0.1889" name="N6" type="na"/>
      <Atom charge="-0.3119" name="O19" type="os"/>
      <Atom charge="-0.3099" name="O20" type="os"/>
      <Atom charge="-0.1623" name="S14" type="ss"/>
      <Atom charge="0.164" name="H17" type="ha"/>
      <Atom charge="0.141" name="H2" type="ha"/>
      <Atom charge="0.0551" name="H11" type="h4"/>
      <Atom charge="0.0671" name="H7" type="h5"/>
      <Atom charge="0.0601" name="H13" type="h5"/>
      <Atom charge="0.0667" name="H42" type="hc"/>
      <Atom charge="0.0667" name="H41" type="hc"/>
      <Atom charge="0.0617" name="H52" type="h1"/>
      <Atom charge="0.0617" name="H51" type="h1"/>
      <Atom charge="0.046367" name="H223" type="h1"/>
      <Atom charge="0.046367" name="H221" type="h1"/>
      <Atom charge="0.046367" name="H222" type="h1"/>
      <Atom charge="0.040367" name="H213" type="h1"/>
      <Atom charge="0.040367" name="H212" type="h1"/>
      <Atom charge="0.040367" name="H211" type="h1"/>
      <Bond atomName1="C13" atomName2="S14"/>
      <Bond atomName1="C13" atomName2="N12"/>
      <Bond atomName1="S14" atomName2="C10"/>
      <Bond atomName1="N12" atomName2="C11"/>
      <Bond atomName1="C10" atomName2="C11"/>
      <Bond atomName1="C10" atomName2="C9"/>
      <Bond atomName1="N8" atomName2="C9"/>
      <Bond atomName1="N8" atomName2="C7"/>
      <Bond atomName1="C9" atomName2="C15"/>
      <Bond atomName1="C7" atomName2="N6"/>
      <Bond atomName1="C15" atomName2="N6"/>
      <Bond atomName1="C15" atomName2="C16"/>
      <Bond atomName1="C22" atomName2="O19"/>
      <Bond atomName1="N6" atomName2="C5"/>
      <Bond atomName1="C17" atomName2="C16"/>
      <Bond atomName1="C17" atomName2="C18"/>
      <Bond atomName1="C16" atomName2="C3"/>
      <Bond atomName1="O19" atomName2="C18"/>
      <Bond atomName1="C18" atomName2="C1"/>
      <Bond atomName1="C5" atomName2="C4"/>
      <Bond atomName1="C3" atomName2="C4"/>
      <Bond atomName1="C3" atomName2="C2"/>
      <Bond atomName1="C1" atomName2="C2"/>
      <Bond atomName1="C1" atomName2="O20"/>
      <Bond atomName1="O20" atomName2="C21"/>
      <Bond atomName1="C17" atomName2="H17"/>
      <Bond atomName1="C2" atomName2="H2"/>
      <Bond atomName1="C11" atomName2="H11"/>
      <Bond atomName1="C7" atomName2="H7"/>
      <Bond atomName1="C13" atomName2="H13"/>
      <Bond atomName1="C4" atomName2="H42"/>
      <Bond atomName1="C4" atomName2="H41"/>
      <Bond atomName1="C5" atomName2="H52"/>
      <Bond atomName1="C5" atomName2="H51"/>
      <Bond atomName1="C22" atomName2="H223"/>
      <Bond atomName1="C22" atomName2="H221"/>
      <Bond atomName1="C22" atomName2="H222"/>
      <Bond atomName1="C21" atomName2="H213"/>
      <Bond atomName1="C21" atomName2="H212"/>
      <Bond atomName1="C21" atomName2="H211"/>
    </Residue>
  </Residues>
  <PeriodicTorsionForce>
    <Proper k1="2.11292" periodicity1="2" phase1="3.141592653589793" type1="ca" type2="ca" type3="cc" type4="cd"/>
    <Proper k1="2.9288" periodicity1="2" phase1="3.141592653589793" type1="ca" type2="ca" type3="cc" type4="na"/>
    <Proper k1="4.6024" periodicity1="2" phase1="3.141592653589793" type1="cc" type2="cd" type3="ss" type4="cc"/>
    <Proper k1="4.6024" periodicity1="2" phase1="3.141592653589793" type1="cd" type2="cd" type3="ss" type4="cc"/>
    <Proper k1="4.6024" periodicity1="2" phase1="3.141592653589793" type1="nd" type2="cc" type3="ss" type4="cd"/>
    <Proper k1="4.6024" periodicity1="2" phase1="3.141592653589793" type1="h5" type2="cc" type3="ss" type4="cd"/>
    <Improper k1="4.6024" periodicity1="2" phase1="3.141592653589793" type1="ca" type2="ca" type3="ca" type4="ha"/>
    <Improper k1="4.6024" periodicity1="2" phase1="3.141592653589793" type1="cc" type2="cd" type3="h4" type4="nd"/>
    <Improper k1="4.6024" periodicity1="2" phase1="3.141592653589793" type1="cc" type2="h5" type3="na" type4="nd"/>
    <Improper k1="4.6024" periodicity1="2" phase1="3.141592653589793" type1="cc" type2="h5" type3="nd" type4="ss"/>
    <Improper k1="4.6024" periodicity1="2" phase1="3.141592653589793" type1="ca" type2="ca" type3="ca" type4="cc"/>
    <Improper k1="4.6024" periodicity1="2" phase1="3.141592653589793" type1="ca" type2="ca" type3="ca" type4="os"/>
    <Improper k1="4.6024" periodicity1="2" phase1="3.141592653589793" type1="cd" type2="cc" type3="cd" type4="nd"/>
    <Improper k1="4.6024" periodicity1="2" phase1="3.141592653589793" type1="cc" type2="ca" type3="cd" type4="na"/>
    <Improper k1="4.6024" periodicity1="2" phase1="3.141592653589793" type1="cd" type2="cc" type3="cd" type4="ss"/>
    <Improper k1="4.6024" periodicity1="2" phase1="3.141592653589793" type1="na" type2="c3" type3="cc" type4="cc"/>
  </PeriodicTorsionForce>
</ForceField>
