<ForceField>
  <Info>
    <DateGenerated>2019-07-05</DateGenerated>
  </Info>
  <Residues>
    <Residue name="MC_0JQ">
      <Atom charge="0.1237" name="C11" type="c3"/>
      <Atom charge="-0.3099" name="O2" type="os"/>
      <Atom charge="0.1431" name="C9" type="ca"/>
      <Atom charge="-0.2453" name="C5" type="ca"/>
      <Atom charge="0.1591" name="C6" type="ca"/>
      <Atom charge="-0.3069" name="O1" type="os"/>
      <Atom charge="0.1237" name="C10" type="c3"/>
      <Atom charge="-0.221" name="C3" type="ca"/>
      <Atom charge="-0.1043" name="C1" type="ca"/>
      <Atom charge="0.3556" name="C2" type="ca"/>
      <Atom charge="-0.299" name="N1" type="nb"/>
      <Atom charge="-0.313" name="N2" type="nb"/>
      <Atom charge="0.3442" name="C7" type="ca"/>
      <Atom charge="-0.1073" name="C4" type="cp"/>
      <Atom charge="-0.1703" name="C8" type="cp"/>
      <Atom charge="-0.083" name="C12" type="ca"/>
      <Atom charge="-0.1686" name="C13" type="ca"/>
      <Atom charge="-0.0318" name="C16" type="c3"/>
      <Atom charge="0.4292" name="C15" type="ca"/>
      <Atom charge="-0.724" name="N3" type="nb"/>
      <Atom charge="0.6002" name="C14" type="ca"/>
      <Atom charge="-0.7193" name="N4" type="nh"/>
      <Atom charge="0.1693" name="C24" type="c3"/>
      <Atom charge="-0.0779" name="C23" type="c3"/>
      <Atom charge="0.1693" name="C20" type="c3"/>
      <Atom charge="-0.0779" name="C21" type="c3"/>
      <Atom charge="-0.0557" name="C22" type="c3"/>
      <Atom charge="0.1518" name="C18" type="c3"/>
      <Atom charge="-0.1211" name="C17" type="c3"/>
      <Atom charge="-0.1211" name="C19" type="c3"/>
      <Atom charge="-0.6048" name="O3" type="oh"/>
      <Atom charge="0.047033" name="H1" type="h1"/>
      <Atom charge="0.047033" name="H2" type="h1"/>
      <Atom charge="0.047033" name="H3" type="h1"/>
      <Atom charge="0.165" name="H4" type="ha"/>
      <Atom charge="0.0467" name="H5" type="h1"/>
      <Atom charge="0.0467" name="H6" type="h1"/>
      <Atom charge="0.0467" name="H7" type="h1"/>
      <Atom charge="0.159" name="H8" type="ha"/>
      <Atom charge="0.0361" name="H9" type="h4"/>
      <Atom charge="0.149" name="H10" type="ha"/>
      <Atom charge="0.0487" name="H11" type="hc"/>
      <Atom charge="0.0487" name="H12" type="hc"/>
      <Atom charge="0.0487" name="H13" type="hc"/>
      <Atom charge="0.0301" name="H14" type="h4"/>
      <Atom charge="0.0457" name="H15" type="h1"/>
      <Atom charge="0.0457" name="H16" type="h1"/>
      <Atom charge="0.0562" name="H17" type="hc"/>
      <Atom charge="0.0562" name="H18" type="hc"/>
      <Atom charge="0.0457" name="H19" type="h1"/>
      <Atom charge="0.0457" name="H20" type="h1"/>
      <Atom charge="0.0562" name="H21" type="hc"/>
      <Atom charge="0.0562" name="H22" type="hc"/>
      <Atom charge="0.0627" name="H23" type="hc"/>
      <Atom charge="0.042033" name="H24" type="hc"/>
      <Atom charge="0.042033" name="H25" type="hc"/>
      <Atom charge="0.042033" name="H26" type="hc"/>
      <Atom charge="0.042033" name="H27" type="hc"/>
      <Atom charge="0.042033" name="H28" type="hc"/>
      <Atom charge="0.042033" name="H29" type="hc"/>
      <Atom charge="0.403" name="H30" type="ho"/>
      <Bond atomName1="N1" atomName2="N2"/>
      <Bond atomName1="N1" atomName2="C2"/>
      <Bond atomName1="C11" atomName2="O2"/>
      <Bond atomName1="N2" atomName2="C7"/>
      <Bond atomName1="C5" atomName2="C2"/>
      <Bond atomName1="C5" atomName2="C9"/>
      <Bond atomName1="C2" atomName2="C1"/>
      <Bond atomName1="O2" atomName2="C9"/>
      <Bond atomName1="C7" atomName2="C4"/>
      <Bond atomName1="C9" atomName2="C6"/>
      <Bond atomName1="C1" atomName2="C4"/>
      <Bond atomName1="C1" atomName2="C3"/>
      <Bond atomName1="C4" atomName2="C8"/>
      <Bond atomName1="C6" atomName2="C3"/>
      <Bond atomName1="C6" atomName2="O1"/>
      <Bond atomName1="C8" atomName2="C15"/>
      <Bond atomName1="C8" atomName2="C12"/>
      <Bond atomName1="O1" atomName2="C10"/>
      <Bond atomName1="C15" atomName2="N3"/>
      <Bond atomName1="C12" atomName2="C13"/>
      <Bond atomName1="N3" atomName2="C14"/>
      <Bond atomName1="C13" atomName2="C14"/>
      <Bond atomName1="C13" atomName2="C16"/>
      <Bond atomName1="C14" atomName2="N4"/>
      <Bond atomName1="C24" atomName2="N4"/>
      <Bond atomName1="C24" atomName2="C23"/>
      <Bond atomName1="N4" atomName2="C20"/>
      <Bond atomName1="C20" atomName2="C21"/>
      <Bond atomName1="C23" atomName2="C22"/>
      <Bond atomName1="C22" atomName2="C21"/>
      <Bond atomName1="C22" atomName2="C18"/>
      <Bond atomName1="O3" atomName2="C18"/>
      <Bond atomName1="C18" atomName2="C19"/>
      <Bond atomName1="C18" atomName2="C17"/>
      <Bond atomName1="C11" atomName2="H1"/>
      <Bond atomName1="C11" atomName2="H2"/>
      <Bond atomName1="C11" atomName2="H3"/>
      <Bond atomName1="C5" atomName2="H4"/>
      <Bond atomName1="C10" atomName2="H5"/>
      <Bond atomName1="C10" atomName2="H6"/>
      <Bond atomName1="C10" atomName2="H7"/>
      <Bond atomName1="C3" atomName2="H8"/>
      <Bond atomName1="C7" atomName2="H9"/>
      <Bond atomName1="C12" atomName2="H10"/>
      <Bond atomName1="C16" atomName2="H11"/>
      <Bond atomName1="C16" atomName2="H12"/>
      <Bond atomName1="C16" atomName2="H13"/>
      <Bond atomName1="C15" atomName2="H14"/>
      <Bond atomName1="C24" atomName2="H15"/>
      <Bond atomName1="C24" atomName2="H16"/>
      <Bond atomName1="C23" atomName2="H17"/>
      <Bond atomName1="C23" atomName2="H18"/>
      <Bond atomName1="C20" atomName2="H19"/>
      <Bond atomName1="C20" atomName2="H20"/>
      <Bond atomName1="C21" atomName2="H21"/>
      <Bond atomName1="C21" atomName2="H22"/>
      <Bond atomName1="C22" atomName2="H23"/>
      <Bond atomName1="C17" atomName2="H24"/>
      <Bond atomName1="C17" atomName2="H25"/>
      <Bond atomName1="C17" atomName2="H26"/>
      <Bond atomName1="C19" atomName2="H27"/>
      <Bond atomName1="C19" atomName2="H28"/>
      <Bond atomName1="C19" atomName2="H29"/>
      <Bond atomName1="O3" atomName2="H30"/>
    </Residue>
  </Residues>
  <PeriodicTorsionForce>
    <Proper k1="16.736" periodicity1="2" phase1="3.141592653589793" type1="ca" type2="nb" type3="nb" type4="ca"/>
    <Improper k1="4.6024" periodicity1="2" phase1="3.141592653589793" type1="ca" type2="ca" type3="ca" type4="os"/>
    <Improper k1="4.6024" periodicity1="2" phase1="3.141592653589793" type1="ca" type2="ca" type3="ca" type4="ha"/>
    <Improper k1="4.6024" periodicity1="2" phase1="3.141592653589793" type1="ca" type2="ca" type3="ca" type4="cp"/>
    <Improper k1="4.6024" periodicity1="2" phase1="3.141592653589793" type1="ca" type2="ca" type3="ca" type4="nb"/>
    <Improper k1="4.6024" periodicity1="2" phase1="3.141592653589793" type1="ca" type2="cp" type3="h4" type4="nb"/>
    <Improper k1="4.6024" periodicity1="2" phase1="3.141592653589793" type1="cp" type2="ca" type3="ca" type4="cp"/>
    <Improper k1="4.6024" periodicity1="2" phase1="3.141592653589793" type1="ca" type2="ca" type3="cp" type4="ha"/>
    <Improper k1="4.6024" periodicity1="2" phase1="3.141592653589793" type1="ca" type2="ca" type3="nb" type4="nh"/>
    <Improper k1="4.6024" periodicity1="2" phase1="3.141592653589793" type1="nh" type2="c3" type3="c3" type4="ca"/>
  </PeriodicTorsionForce>
</ForceField>
