<ForceField>
  <Info>
    <DateGenerated>2019-07-05</DateGenerated>
  </Info>
  <Residues>
    <Residue name="MC_0JR">
      <Atom charge="-0.5821" name="OAE" type="o"/>
      <Atom charge="0.6251" name="CAU" type="c"/>
      <Atom charge="0.0861" name="CAV" type="c3"/>
      <Atom charge="-0.5728" name="OAG" type="oh"/>
      <Atom charge="-0.053" name="CAW" type="c3"/>
      <Atom charge="-0.0801" name="CAB" type="c3"/>
      <Atom charge="-0.0801" name="CAC" type="c3"/>
      <Atom charge="0.1474" name="CAP" type="c3"/>
      <Atom charge="-0.6188" name="OAS" type="oh"/>
      <Atom charge="-0.5979" name="NAR" type="ns"/>
      <Atom charge="0.126" name="CAN" type="c3"/>
      <Atom charge="-0.1794" name="CAO" type="c3"/>
      <Atom charge="0.6601" name="CAT" type="c"/>
      <Atom charge="-0.5981" name="OAD" type="o"/>
      <Atom charge="-0.5879" name="NAQ" type="ns"/>
      <Atom charge="0.1653" name="CAM" type="c3"/>
      <Atom charge="-0.2466" name="CAL" type="ca"/>
      <Atom charge="0.4352" name="C2" type="ca"/>
      <Atom charge="-0.689" name="N1" type="nb"/>
      <Atom charge="0.4272" name="C6" type="ca"/>
      <Atom charge="-0.2573" name="C5" type="ca"/>
      <Atom charge="-0.077" name="C4" type="ca"/>
      <Atom charge="0.0437" name="H13" type="h1"/>
      <Atom charge="0.409" name="H14" type="ho"/>
      <Atom charge="0.041533" name="H15" type="hc"/>
      <Atom charge="0.041533" name="H16" type="hc"/>
      <Atom charge="0.041533" name="H17" type="hc"/>
      <Atom charge="0.041533" name="H18" type="hc"/>
      <Atom charge="0.041533" name="H19" type="hc"/>
      <Atom charge="0.041533" name="H20" type="hc"/>
      <Atom charge="0.0397" name="H21" type="h1"/>
      <Atom charge="0.0397" name="H22" type="h1"/>
      <Atom charge="0.405" name="H23" type="ho"/>
      <Atom charge="0.3115" name="H12" type="hn"/>
      <Atom charge="0.0712" name="H11" type="h1"/>
      <Atom charge="0.0712" name="H10" type="h1"/>
      <Atom charge="0.0627" name="H8" type="hc"/>
      <Atom charge="0.0627" name="H9" type="hc"/>
      <Atom charge="0.3165" name="H7" type="hn"/>
      <Atom charge="0.0627" name="H5" type="h1"/>
      <Atom charge="0.0627" name="H6" type="h1"/>
      <Atom charge="0.0281" name="H4" type="h4"/>
      <Atom charge="0.0261" name="H3" type="h4"/>
      <Atom charge="0.142" name="H2" type="ha"/>
      <Atom charge="0.143" name="H1" type="ha"/>
      <Bond atomName1="OAD" atomName2="CAT"/>
      <Bond atomName1="CAT" atomName2="CAO"/>
      <Bond atomName1="CAT" atomName2="NAQ"/>
      <Bond atomName1="CAO" atomName2="CAN"/>
      <Bond atomName1="CAM" atomName2="NAQ"/>
      <Bond atomName1="CAM" atomName2="CAL"/>
      <Bond atomName1="OAG" atomName2="CAV"/>
      <Bond atomName1="CAL" atomName2="C2"/>
      <Bond atomName1="CAL" atomName2="C4"/>
      <Bond atomName1="NAR" atomName2="CAN"/>
      <Bond atomName1="NAR" atomName2="CAU"/>
      <Bond atomName1="CAV" atomName2="CAU"/>
      <Bond atomName1="CAV" atomName2="CAW"/>
      <Bond atomName1="C2" atomName2="N1"/>
      <Bond atomName1="C4" atomName2="C5"/>
      <Bond atomName1="OAS" atomName2="CAP"/>
      <Bond atomName1="CAP" atomName2="CAW"/>
      <Bond atomName1="CAU" atomName2="OAE"/>
      <Bond atomName1="N1" atomName2="C6"/>
      <Bond atomName1="C5" atomName2="C6"/>
      <Bond atomName1="CAW" atomName2="CAB"/>
      <Bond atomName1="CAW" atomName2="CAC"/>
      <Bond atomName1="C4" atomName2="H1"/>
      <Bond atomName1="C5" atomName2="H2"/>
      <Bond atomName1="C6" atomName2="H3"/>
      <Bond atomName1="C2" atomName2="H4"/>
      <Bond atomName1="CAM" atomName2="H5"/>
      <Bond atomName1="CAM" atomName2="H6"/>
      <Bond atomName1="NAQ" atomName2="H7"/>
      <Bond atomName1="CAO" atomName2="H8"/>
      <Bond atomName1="CAO" atomName2="H9"/>
      <Bond atomName1="CAN" atomName2="H10"/>
      <Bond atomName1="CAN" atomName2="H11"/>
      <Bond atomName1="NAR" atomName2="H12"/>
      <Bond atomName1="CAV" atomName2="H13"/>
      <Bond atomName1="OAG" atomName2="H14"/>
      <Bond atomName1="CAB" atomName2="H15"/>
      <Bond atomName1="CAB" atomName2="H16"/>
      <Bond atomName1="CAB" atomName2="H17"/>
      <Bond atomName1="CAC" atomName2="H18"/>
      <Bond atomName1="CAC" atomName2="H19"/>
      <Bond atomName1="CAC" atomName2="H20"/>
      <Bond atomName1="CAP" atomName2="H21"/>
      <Bond atomName1="CAP" atomName2="H22"/>
      <Bond atomName1="OAS" atomName2="H23"/>
    </Residue>
  </Residues>
  <HarmonicBondForce>
    <Bond k="298068.1599999999" length="0.1379" type1="c" type2="ns"/>
    <Bond k="220747.83999999997" length="0.1462" type1="c3" type2="ns"/>
    <Bond k="441244.6399999999" length="0.1013" type1="hn" type2="ns"/>
  </HarmonicBondForce>
  <HarmonicAngleForce>
    <Angle angle="2.1476276445790226" k="952.2784" type1="ns" type2="c" type3="o"/>
    <Angle angle="2.1064378742319563" k="546.4304" type1="c" type2="ns" type3="c3"/>
    <Angle angle="2.051634535719334" k="407.52160000000003" type1="c" type2="ns" type3="hn"/>
    <Angle angle="2.010270232447069" k="705.4224" type1="c3" type2="c" type3="ns"/>
    <Angle angle="1.9479619781508712" k="696.2176000000001" type1="c3" type2="c3" type3="ns"/>
    <Angle angle="1.900314489571426" k="514.6320000000001" type1="h1" type2="c3" type3="ns"/>
    <Angle angle="2.053903463746927" k="385.76480000000004" type1="c3" type2="ns" type3="hn"/>
    <Angle angle="1.9614010133912274" k="698.7280000000001" type1="ca" type2="c3" type3="ns"/>
  </HarmonicAngleForce>
  <PeriodicTorsionForce>
    <Proper k1="10.46" periodicity1="2" phase1="3.141592653589793" type1="o" type2="c" type3="ns" type4="c3"/>
    <Proper k1="10.46" k2="8.368" periodicity1="2" periodicity2="1" phase1="3.141592653589793" phase2="0.0" type1="o" type2="c" type3="ns" type4="hn"/>
    <Proper k1="0.41840000000000005" k2="0.7112800000000001" k3="4.26768" periodicity1="4" periodicity2="3" periodicity3="1" phase1="3.141592653589793" phase2="0.0" phase3="3.141592653589793" type1="c3" type2="c3" type3="ns" type4="c"/>
    <Proper k1="0.0" periodicity1="2" phase1="3.141592653589793" type1="h1" type2="c3" type3="ns" type4="c"/>
    <Proper k1="1.0878400000000001" k2="2.092" periodicity1="2" periodicity2="1" phase1="3.141592653589793" phase2="0.0" type1="c3" type2="c" type3="ns" type4="c3"/>
    <Proper k1="10.46" periodicity1="2" phase1="3.141592653589793" type1="c3" type2="c" type3="ns" type4="hn"/>
    <Proper k1="0.0" k2="2.97064" periodicity1="4" periodicity2="2" phase1="3.141592653589793" phase2="3.141592653589793" type1="ns" type2="c" type3="c3" type4="c3"/>
    <Proper k1="0.87864" periodicity1="3" phase1="0.0" type1="c" type2="c3" type3="c3" type4="ns"/>
    <Proper k1="0.0" periodicity1="2" phase1="0.0" type1="c3" type2="c3" type3="ns" type4="hn"/>
    <Proper k1="0.0" periodicity1="2" phase1="0.0" type1="ca" type2="c3" type3="ns" type4="c"/>
    <Proper k1="0.0" periodicity1="2" phase1="0.0" type1="ca" type2="c3" type3="ns" type4="hn"/>
    <Proper k1="0.0" periodicity1="2" phase1="0.0" type1="h1" type2="c3" type3="ns" type4="hn"/>
    <Improper k1="43.932" periodicity1="2" phase1="3.141592653589793" type1="c" type2="c3" type3="ns" type4="o"/>
    <Improper k1="4.6024" periodicity1="2" phase1="3.141592653589793" type1="ns" type2="c" type3="c3" type4="hn"/>
    <Improper k1="4.6024" periodicity1="2" phase1="3.141592653589793" type1="ca" type2="ca" type3="h4" type4="nb"/>
    <Improper k1="4.6024" periodicity1="2" phase1="3.141592653589793" type1="ca" type2="ca" type3="ca" type4="ha"/>
  </PeriodicTorsionForce>
</ForceField>
