<ForceField>
  <Info>
    <DateGenerated>2019-07-05</DateGenerated>
  </Info>
  <Residues>
    <Residue name="MC_0JX">
      <Atom charge="-0.9485" name="O20" type="o"/>
      <Atom charge="1.2979" name="P17" type="p5"/>
      <Atom charge="-0.9485" name="O19" type="o"/>
      <Atom charge="-0.9485" name="O18" type="o"/>
      <Atom charge="-0.7098" name="O16" type="os"/>
      <Atom charge="1.4168" name="P13" type="p5"/>
      <Atom charge="-0.862" name="O15" type="o"/>
      <Atom charge="-0.862" name="O14" type="o"/>
      <Atom charge="-0.5982" name="O29" type="os"/>
      <Atom charge="0.2394" name="C28" type="c3"/>
      <Atom charge="-0.0582" name="C27" type="c3"/>
      <Atom charge="-0.1652" name="C30" type="c2"/>
      <Atom charge="-0.0729" name="C13" type="c2"/>
      <Atom charge="-0.5311" name="O33" type="oh"/>
      <Atom charge="0.0172" name="H4" type="h1"/>
      <Atom charge="0.0172" name="H5" type="h1"/>
      <Atom charge="0.0447" name="H6" type="hc"/>
      <Atom charge="0.0447" name="H7" type="hc"/>
      <Atom charge="0.126" name="H9" type="ha"/>
      <Atom charge="0.114" name="H11" type="h4"/>
      <Atom charge="0.388" name="H12" type="ho"/>
      <Bond atomName1="O20" atomName2="P17"/>
      <Bond atomName1="O14" atomName2="P13"/>
      <Bond atomName1="P17" atomName2="O16"/>
      <Bond atomName1="P17" atomName2="O19"/>
      <Bond atomName1="P17" atomName2="O18"/>
      <Bond atomName1="O15" atomName2="P13"/>
      <Bond atomName1="O16" atomName2="P13"/>
      <Bond atomName1="P13" atomName2="O29"/>
      <Bond atomName1="O29" atomName2="C28"/>
      <Bond atomName1="C27" atomName2="C28"/>
      <Bond atomName1="C27" atomName2="C30"/>
      <Bond atomName1="C13" atomName2="C30"/>
      <Bond atomName1="C13" atomName2="O33"/>
      <Bond atomName1="C28" atomName2="H4"/>
      <Bond atomName1="C28" atomName2="H5"/>
      <Bond atomName1="C27" atomName2="H6"/>
      <Bond atomName1="C27" atomName2="H7"/>
      <Bond atomName1="C30" atomName2="H9"/>
      <Bond atomName1="C13" atomName2="H11"/>
      <Bond atomName1="O33" atomName2="H12"/>
    </Residue>
  </Residues>
  <PeriodicTorsionForce>
    <Improper k1="4.6024" periodicity1="2" phase1="3.141592653589793" type1="c2" type2="c2" type3="c3" type4="ha"/>
    <Improper k1="4.6024" periodicity1="2" phase1="3.141592653589793" type1="c2" type2="c2" type3="h4" type4="oh"/>
  </PeriodicTorsionForce>
</ForceField>
