<ForceField>
  <Info>
    <DateGenerated>2019-07-05</DateGenerated>
  </Info>
  <Residues>
    <Residue name="MC_0JZ">
      <Atom charge="-0.575967" name="SE1" type="ss"/>
      <Atom charge="-0.575967" name="SE2" type="ss"/>
      <Atom charge="-0.575967" name="SE3" type="ss"/>
      <Atom charge="0.3168" name="C01" type="cc"/>
      <Atom charge="0.577267" name="C02" type="c"/>
      <Atom charge="-0.5489" name="N03" type="ns"/>
      <Atom charge="0.106733" name="C04" type="c3"/>
      <Atom charge="0.6397" name="C05" type="cc"/>
      <Atom charge="0.080267" name="C07" type="cc"/>
      <Atom charge="0.3168" name="C08" type="cd"/>
      <Atom charge="0.577267" name="C09" type="c"/>
      <Atom charge="-0.5489" name="N10" type="ns"/>
      <Atom charge="0.106733" name="C11" type="c3"/>
      <Atom charge="0.6397" name="C12" type="cd"/>
      <Atom charge="0.080267" name="C14" type="cd"/>
      <Atom charge="0.3168" name="C15" type="cc"/>
      <Atom charge="0.577267" name="C16" type="c"/>
      <Atom charge="-0.5489" name="N17" type="ns"/>
      <Atom charge="0.106733" name="C18" type="c3"/>
      <Atom charge="0.6397" name="C19" type="cd"/>
      <Atom charge="0.080267" name="C21" type="cd"/>
      <Atom charge="-0.719333" name="N22" type="nc"/>
      <Atom charge="-0.719333" name="N23" type="nc"/>
      <Atom charge="-0.719333" name="N24" type="nd"/>
      <Atom charge="-0.591433" name="O26" type="o"/>
      <Atom charge="-0.591433" name="O27" type="o"/>
      <Atom charge="-0.126033" name="C28" type="c3"/>
      <Atom charge="-0.081767" name="C29" type="c3"/>
      <Atom charge="-0.081767" name="C30" type="c3"/>
      <Atom charge="-0.126033" name="C31" type="c3"/>
      <Atom charge="-0.081767" name="C32" type="c3"/>
      <Atom charge="-0.081767" name="C33" type="c3"/>
      <Atom charge="-0.126033" name="C34" type="c3"/>
      <Atom charge="-0.081767" name="C35" type="c3"/>
      <Atom charge="-0.081767" name="C36" type="c3"/>
      <Atom charge="0.345833" name="HN03" type="hn"/>
      <Atom charge="0.089033" name="H04" type="h1"/>
      <Atom charge="0.215333" name="H07" type="h4"/>
      <Atom charge="0.345833" name="HN10" type="hn"/>
      <Atom charge="0.089033" name="H11" type="h1"/>
      <Atom charge="0.215333" name="H14" type="h4"/>
      <Atom charge="0.345833" name="HN17" type="hn"/>
      <Atom charge="0.089033" name="H18" type="h1"/>
      <Atom charge="0.215333" name="H21" type="h4"/>
      <Atom charge="0.104367" name="H28" type="hc"/>
      <Atom charge="0.041644" name="H29" type="hc"/>
      <Atom charge="0.041644" name="H29A" type="hc"/>
      <Atom charge="0.041644" name="H29B" type="hc"/>
      <Atom charge="0.041644" name="H30" type="hc"/>
      <Atom charge="0.041644" name="H30A" type="hc"/>
      <Atom charge="0.041644" name="H30B" type="hc"/>
      <Atom charge="0.104367" name="H31" type="hc"/>
      <Atom charge="0.041644" name="H32" type="hc"/>
      <Atom charge="0.041644" name="H32A" type="hc"/>
      <Atom charge="0.041644" name="H32B" type="hc"/>
      <Atom charge="0.041644" name="H33" type="hc"/>
      <Atom charge="0.041644" name="H33A" type="hc"/>
      <Atom charge="0.041644" name="H33B" type="hc"/>
      <Atom charge="0.104367" name="H34" type="hc"/>
      <Atom charge="0.041644" name="H35" type="hc"/>
      <Atom charge="0.041644" name="H35A" type="hc"/>
      <Atom charge="0.041644" name="H35B" type="hc"/>
      <Atom charge="0.041644" name="H36" type="hc"/>
      <Atom charge="0.041644" name="H36A" type="hc"/>
      <Atom charge="0.041644" name="H36B" type="hc"/>
      <Atom charge="-0.591433" name="O25" type="o"/>
      <Bond atomName1="C05" atomName2="SE1"/>
      <Bond atomName1="SE1" atomName2="C07"/>
      <Bond atomName1="C14" atomName2="SE2"/>
      <Bond atomName1="C12" atomName2="SE2"/>
      <Bond atomName1="SE3" atomName2="C19"/>
      <Bond atomName1="SE3" atomName2="C21"/>
      <Bond atomName1="N22" atomName2="C01"/>
      <Bond atomName1="C21" atomName2="C01"/>
      <Bond atomName1="C01" atomName2="C02"/>
      <Bond atomName1="N03" atomName2="C02"/>
      <Bond atomName1="C02" atomName2="O25"/>
      <Bond atomName1="N03" atomName2="C04"/>
      <Bond atomName1="N03" atomName2="HN03"/>
      <Bond atomName1="C28" atomName2="C04"/>
      <Bond atomName1="C04" atomName2="C05"/>
      <Bond atomName1="C04" atomName2="H04"/>
      <Bond atomName1="C05" atomName2="N24"/>
      <Bond atomName1="C08" atomName2="C07"/>
      <Bond atomName1="C07" atomName2="H07"/>
      <Bond atomName1="N24" atomName2="C08"/>
      <Bond atomName1="C08" atomName2="C09"/>
      <Bond atomName1="N10" atomName2="C09"/>
      <Bond atomName1="C09" atomName2="O26"/>
      <Bond atomName1="C11" atomName2="N10"/>
      <Bond atomName1="N10" atomName2="HN10"/>
      <Bond atomName1="C31" atomName2="C11"/>
      <Bond atomName1="C12" atomName2="C11"/>
      <Bond atomName1="C11" atomName2="H11"/>
      <Bond atomName1="N23" atomName2="C12"/>
      <Bond atomName1="C15" atomName2="C14"/>
      <Bond atomName1="C14" atomName2="H14"/>
      <Bond atomName1="C16" atomName2="C15"/>
      <Bond atomName1="C15" atomName2="N23"/>
      <Bond atomName1="N17" atomName2="C16"/>
      <Bond atomName1="O27" atomName2="C16"/>
      <Bond atomName1="C18" atomName2="N17"/>
      <Bond atomName1="N17" atomName2="HN17"/>
      <Bond atomName1="C34" atomName2="C18"/>
      <Bond atomName1="C18" atomName2="C19"/>
      <Bond atomName1="C18" atomName2="H18"/>
      <Bond atomName1="C19" atomName2="N22"/>
      <Bond atomName1="C21" atomName2="H21"/>
      <Bond atomName1="C29" atomName2="C28"/>
      <Bond atomName1="C28" atomName2="C30"/>
      <Bond atomName1="C28" atomName2="H28"/>
      <Bond atomName1="C29" atomName2="H29"/>
      <Bond atomName1="C29" atomName2="H29A"/>
      <Bond atomName1="C29" atomName2="H29B"/>
      <Bond atomName1="C30" atomName2="H30"/>
      <Bond atomName1="C30" atomName2="H30A"/>
      <Bond atomName1="C30" atomName2="H30B"/>
      <Bond atomName1="C32" atomName2="C31"/>
      <Bond atomName1="C33" atomName2="C31"/>
      <Bond atomName1="C31" atomName2="H31"/>
      <Bond atomName1="C32" atomName2="H32"/>
      <Bond atomName1="C32" atomName2="H32A"/>
      <Bond atomName1="C32" atomName2="H32B"/>
      <Bond atomName1="C33" atomName2="H33"/>
      <Bond atomName1="C33" atomName2="H33A"/>
      <Bond atomName1="C33" atomName2="H33B"/>
      <Bond atomName1="C36" atomName2="C34"/>
      <Bond atomName1="C35" atomName2="C34"/>
      <Bond atomName1="C34" atomName2="H34"/>
      <Bond atomName1="C35" atomName2="H35"/>
      <Bond atomName1="C35" atomName2="H35A"/>
      <Bond atomName1="C35" atomName2="H35B"/>
      <Bond atomName1="C36" atomName2="H36"/>
      <Bond atomName1="C36" atomName2="H36A"/>
      <Bond atomName1="C36" atomName2="H36B"/>
    </Residue>
  </Residues>
  <HarmonicBondForce>
    <Bond k="298068.1599999999" length="0.1379" type1="c" type2="ns"/>
    <Bond k="220747.83999999997" length="0.1462" type1="c3" type2="ns"/>
    <Bond k="441244.6399999999" length="0.1013" type1="hn" type2="ns"/>
  </HarmonicBondForce>
  <HarmonicAngleForce>
    <Angle angle="1.9669860669976094" k="728.8528" type1="cc" type2="c" type3="ns"/>
    <Angle angle="2.1064378742319563" k="546.4304" type1="c" type2="ns" type3="c3"/>
    <Angle angle="2.051634535719334" k="407.52160000000003" type1="c" type2="ns" type3="hn"/>
    <Angle angle="2.1476276445790226" k="952.2784" type1="ns" type2="c" type3="o"/>
    <Angle angle="1.9505799720288628" k="704.5856" type1="cc" type2="c3" type3="ns"/>
    <Angle angle="1.9479619781508712" k="696.2176000000001" type1="c3" type2="c3" type3="ns"/>
    <Angle angle="1.900314489571426" k="514.6320000000001" type1="h1" type2="c3" type3="ns"/>
    <Angle angle="2.053903463746927" k="385.76480000000004" type1="c3" type2="ns" type3="hn"/>
    <Angle angle="1.9669860669976094" k="728.8528" type1="cd" type2="c" type3="ns"/>
    <Angle angle="1.9505799720288628" k="704.5856" type1="cd" type2="c3" type3="ns"/>
  </HarmonicAngleForce>
  <PeriodicTorsionForce>
    <Proper k1="10.46" periodicity1="2" phase1="3.141592653589793" type1="cc" type2="c" type3="ns" type4="c3"/>
    <Proper k1="10.46" periodicity1="2" phase1="3.141592653589793" type1="cc" type2="c" type3="ns" type4="hn"/>
    <Proper k1="4.6024" periodicity1="2" phase1="3.141592653589793" type1="cc" type2="cd" type3="ss" type4="cd"/>
    <Proper k1="0.0" periodicity1="2" phase1="0.0" type1="cc" type2="c3" type3="ns" type4="c"/>
    <Proper k1="0.41840000000000005" k2="0.7112800000000001" k3="4.26768" periodicity1="4" periodicity2="3" periodicity3="1" phase1="3.141592653589793" phase2="0.0" phase3="3.141592653589793" type1="c3" type2="c3" type3="ns" type4="c"/>
    <Proper k1="0.0" periodicity1="2" phase1="3.141592653589793" type1="h1" type2="c3" type3="ns" type4="c"/>
    <Proper k1="0.41840000000000005" periodicity1="3" phase1="0.0" type1="c3" type2="c3" type3="c3" type4="ns"/>
    <Proper k1="10.46" periodicity1="2" phase1="3.141592653589793" type1="o" type2="c" type3="ns" type4="c3"/>
    <Proper k1="4.6024" periodicity1="2" phase1="3.141592653589793" type1="c3" type2="cc" type3="ss" type4="cc"/>
    <Proper k1="4.6024" periodicity1="2" phase1="3.141592653589793" type1="cd" type2="cc" type3="ss" type4="cc"/>
    <Proper k1="4.6024" periodicity1="2" phase1="3.141592653589793" type1="h4" type2="cc" type3="ss" type4="cc"/>
    <Proper k1="0.0" periodicity1="2" phase1="0.0" type1="cc" type2="c3" type3="ns" type4="hn"/>
    <Proper k1="4.6024" periodicity1="2" phase1="3.141592653589793" type1="nd" type2="cc" type3="ss" type4="cc"/>
    <Proper k1="10.46" periodicity1="2" phase1="3.141592653589793" type1="cd" type2="c" type3="ns" type4="c3"/>
    <Proper k1="10.46" periodicity1="2" phase1="3.141592653589793" type1="cd" type2="c" type3="ns" type4="hn"/>
    <Proper k1="0.0" periodicity1="2" phase1="0.0" type1="cd" type2="c3" type3="ns" type4="c"/>
    <Proper k1="4.6024" periodicity1="2" phase1="3.141592653589793" type1="c3" type2="cd" type3="ss" type4="cd"/>
    <Proper k1="4.6024" periodicity1="2" phase1="3.141592653589793" type1="h4" type2="cd" type3="ss" type4="cd"/>
    <Proper k1="0.0" periodicity1="2" phase1="0.0" type1="cd" type2="c3" type3="ns" type4="hn"/>
    <Proper k1="4.6024" periodicity1="2" phase1="3.141592653589793" type1="nc" type2="cd" type3="ss" type4="cd"/>
    <Proper k1="10.46" k2="8.368" periodicity1="2" periodicity2="1" phase1="3.141592653589793" phase2="0.0" type1="o" type2="c" type3="ns" type4="hn"/>
    <Proper k1="0.0" periodicity1="2" phase1="0.0" type1="c3" type2="c3" type3="ns" type4="hn"/>
    <Proper k1="0.0" periodicity1="2" phase1="0.0" type1="h1" type2="c3" type3="ns" type4="hn"/>
    <Improper k1="4.6024" periodicity1="2" phase1="3.141592653589793" type1="cc" type2="c" type3="cd" type4="nc"/>
    <Improper k1="43.932" periodicity1="2" phase1="3.141592653589793" type1="c" type2="cc" type3="ns" type4="o"/>
    <Improper k1="4.6024" periodicity1="2" phase1="3.141592653589793" type1="ns" type2="c" type3="c3" type4="hn"/>
    <Improper k1="4.6024" periodicity1="2" phase1="3.141592653589793" type1="cc" type2="c3" type3="nd" type4="ss"/>
    <Improper k1="4.6024" periodicity1="2" phase1="3.141592653589793" type1="cc" type2="cd" type3="h4" type4="ss"/>
    <Improper k1="4.6024" periodicity1="2" phase1="3.141592653589793" type1="cd" type2="c" type3="cc" type4="nd"/>
    <Improper k1="43.932" periodicity1="2" phase1="3.141592653589793" type1="c" type2="cd" type3="ns" type4="o"/>
    <Improper k1="4.6024" periodicity1="2" phase1="3.141592653589793" type1="cd" type2="c3" type3="nc" type4="ss"/>
    <Improper k1="4.6024" periodicity1="2" phase1="3.141592653589793" type1="cd" type2="cc" type3="h4" type4="ss"/>
  </PeriodicTorsionForce>
</ForceField>
