<ForceField>
  <Info>
    <DateGenerated>2019-07-05</DateGenerated>
  </Info>
  <Residues>
    <Residue name="MC_0K0">
      <Atom charge="-0.1235" name="C1" type="cp"/>
      <Atom charge="-0.134" name="C2" type="ca"/>
      <Atom charge="-0.094" name="C3" type="ca"/>
      <Atom charge="0.1156" name="C4" type="ca"/>
      <Atom charge="-0.126" name="C5" type="ca"/>
      <Atom charge="-0.104" name="C6" type="ca"/>
      <Atom charge="0.2695" name="C7" type="cp"/>
      <Atom charge="0.3919" name="C8" type="ca"/>
      <Atom charge="-0.739" name="N10" type="nb"/>
      <Atom charge="0.1655" name="C11" type="ca"/>
      <Atom charge="0.6409" name="C12" type="ca"/>
      <Atom charge="-0.6411" name="O14" type="o"/>
      <Atom charge="0.113" name="C16" type="c3"/>
      <Atom charge="-0.0917" name="C17" type="c3"/>
      <Atom charge="-0.0734" name="C18" type="c3"/>
      <Atom charge="-0.0734" name="C19" type="c3"/>
      <Atom charge="0.1583" name="C21" type="c3"/>
      <Atom charge="-0.8172" name="N22" type="n7"/>
      <Atom charge="-0.6258" name="O26" type="o"/>
      <Atom charge="-0.2443" name="C27" type="c3"/>
      <Atom charge="-0.6258" name="O28" type="o"/>
      <Atom charge="1.3259" name="S25" type="s6"/>
      <Atom charge="-0.7825" name="N24" type="nu"/>
      <Atom charge="-0.605" name="N9" type="nb"/>
      <Atom charge="-0.9785" name="N23" type="nv"/>
      <Atom charge="0.5976" name="C13" type="c"/>
      <Atom charge="-0.5589" name="N15" type="ns"/>
      <Atom charge="0.1583" name="C20" type="c3"/>
      <Atom charge="0.132" name="H1" type="ha"/>
      <Atom charge="0.148" name="H2" type="ha"/>
      <Atom charge="0.139" name="H3" type="ha"/>
      <Atom charge="0.158" name="H4" type="ha"/>
      <Atom charge="0.0331" name="H5" type="h4"/>
      <Atom charge="0.0562" name="H6" type="h1"/>
      <Atom charge="0.0562" name="H7" type="h1"/>
      <Atom charge="0.0527" name="H8" type="hc"/>
      <Atom charge="0.05295" name="H9" type="hc"/>
      <Atom charge="0.05295" name="H10" type="hc"/>
      <Atom charge="0.05295" name="H11" type="hc"/>
      <Atom charge="0.05295" name="H12" type="hc"/>
      <Atom charge="0.0327" name="H13" type="h1"/>
      <Atom charge="0.0327" name="H14" type="h1"/>
      <Atom charge="0.3548" name="H15" type="hn"/>
      <Atom charge="0.099033" name="H17" type="h1"/>
      <Atom charge="0.099033" name="H18" type="h1"/>
      <Atom charge="0.099033" name="H19" type="h1"/>
      <Atom charge="0.4668" name="H20" type="hn"/>
      <Atom charge="0.4643" name="H21" type="hn"/>
      <Atom charge="0.4643" name="H22" type="hn"/>
      <Atom charge="0.3355" name="H23" type="hn"/>
      <Atom charge="0.0327" name="H24" type="h1"/>
      <Atom charge="0.0327" name="H25" type="h1"/>
      <Bond atomName1="O28" atomName2="S25"/>
      <Bond atomName1="C21" atomName2="C19"/>
      <Bond atomName1="C21" atomName2="N22"/>
      <Bond atomName1="C19" atomName2="C17"/>
      <Bond atomName1="O26" atomName2="S25"/>
      <Bond atomName1="S25" atomName2="N24"/>
      <Bond atomName1="S25" atomName2="C27"/>
      <Bond atomName1="C16" atomName2="C17"/>
      <Bond atomName1="C16" atomName2="N15"/>
      <Bond atomName1="C17" atomName2="C18"/>
      <Bond atomName1="N24" atomName2="C4"/>
      <Bond atomName1="N22" atomName2="C20"/>
      <Bond atomName1="N15" atomName2="C13"/>
      <Bond atomName1="C4" atomName2="C2"/>
      <Bond atomName1="C4" atomName2="C6"/>
      <Bond atomName1="C18" atomName2="C20"/>
      <Bond atomName1="C2" atomName2="C1"/>
      <Bond atomName1="C13" atomName2="O14"/>
      <Bond atomName1="C13" atomName2="C11"/>
      <Bond atomName1="C6" atomName2="C5"/>
      <Bond atomName1="N9" atomName2="C11"/>
      <Bond atomName1="N9" atomName2="C7"/>
      <Bond atomName1="C11" atomName2="C12"/>
      <Bond atomName1="C1" atomName2="C7"/>
      <Bond atomName1="C1" atomName2="C3"/>
      <Bond atomName1="C5" atomName2="C3"/>
      <Bond atomName1="C7" atomName2="C8"/>
      <Bond atomName1="C12" atomName2="N23"/>
      <Bond atomName1="C12" atomName2="N10"/>
      <Bond atomName1="C8" atomName2="N10"/>
      <Bond atomName1="C2" atomName2="H1"/>
      <Bond atomName1="C3" atomName2="H2"/>
      <Bond atomName1="C5" atomName2="H3"/>
      <Bond atomName1="C6" atomName2="H4"/>
      <Bond atomName1="C8" atomName2="H5"/>
      <Bond atomName1="C16" atomName2="H6"/>
      <Bond atomName1="C16" atomName2="H7"/>
      <Bond atomName1="C17" atomName2="H8"/>
      <Bond atomName1="C18" atomName2="H9"/>
      <Bond atomName1="C18" atomName2="H10"/>
      <Bond atomName1="C19" atomName2="H11"/>
      <Bond atomName1="C19" atomName2="H12"/>
      <Bond atomName1="C21" atomName2="H13"/>
      <Bond atomName1="C21" atomName2="H14"/>
      <Bond atomName1="N22" atomName2="H15"/>
      <Bond atomName1="C27" atomName2="H17"/>
      <Bond atomName1="C27" atomName2="H18"/>
      <Bond atomName1="C27" atomName2="H19"/>
      <Bond atomName1="N24" atomName2="H20"/>
      <Bond atomName1="N23" atomName2="H21"/>
      <Bond atomName1="N23" atomName2="H22"/>
      <Bond atomName1="N15" atomName2="H23"/>
      <Bond atomName1="C20" atomName2="H24"/>
      <Bond atomName1="C20" atomName2="H25"/>
    </Residue>
  </Residues>
  <HarmonicBondForce>
    <Bond k="290453.27999999997" length="0.1386" type1="ca" type2="nu"/>
    <Bond k="290453.27999999997" length="0.1386" type1="ca" type2="nv"/>
    <Bond k="220747.83999999997" length="0.1462" type1="c3" type2="ns"/>
    <Bond k="218572.15999999995" length="0.14650000000000002" type1="c3" type2="n7"/>
    <Bond k="427855.8399999999" length="0.10189999999999999" type1="hn" type2="n7"/>
    <Bond k="252629.91999999993" length="0.1698" type1="nu" type2="s6"/>
    <Bond k="443085.5999999999" length="0.10120000000000001" type1="hn" type2="nu"/>
    <Bond k="443085.5999999999" length="0.10120000000000001" type1="hn" type2="nv"/>
    <Bond k="298068.1599999999" length="0.1379" type1="c" type2="ns"/>
    <Bond k="441244.6399999999" length="0.1013" type1="hn" type2="ns"/>
  </HarmonicBondForce>
  <HarmonicAngleForce>
    <Angle angle="2.1109757302871417" k="721.3216000000001" type1="ca" type2="ca" type3="nu"/>
    <Angle angle="2.1441369860750337" k="528.8576" type1="ca" type2="nu" type3="s6"/>
    <Angle angle="2.0258036627898184" k="408.3584" type1="ca" type2="nu" type3="hn"/>
    <Angle angle="2.040988027282169" k="938.0527999999999" type1="nb" type2="ca" type3="nv"/>
    <Angle angle="2.1109757302871417" k="721.3216000000001" type1="ca" type2="ca" type3="nv"/>
    <Angle angle="2.011491962923465" k="714.6272000000001" type1="ca" type2="c" type3="ns"/>
    <Angle angle="2.0258036627898184" k="408.3584" type1="ca" type2="nv" type3="hn"/>
    <Angle angle="2.1476276445790226" k="952.2784" type1="ns" type2="c" type3="o"/>
    <Angle angle="2.1064378742319563" k="546.4304" type1="c" type2="ns" type3="c3"/>
    <Angle angle="2.053903463746927" k="385.76480000000004" type1="c3" type2="ns" type3="hn"/>
    <Angle angle="1.9479619781508712" k="696.2176000000001" type1="c3" type2="c3" type3="ns"/>
    <Angle angle="1.9380136014145037" k="697.0544" type1="c3" type2="c3" type3="n7"/>
    <Angle angle="1.9608774146156291" k="549.7776" type1="c3" type2="n7" type3="c3"/>
    <Angle angle="1.9074703395046029" k="399.99039999999997" type1="c3" type2="n7" type3="hn"/>
    <Angle angle="1.9177677820913692" k="512.1216000000001" type1="h1" type2="c3" type3="n7"/>
    <Angle angle="1.8711674910631206" k="1035.1216000000002" type1="nu" type2="s6" type3="o"/>
    <Angle angle="1.8207274756804845" k="760.6512000000001" type1="c3" type2="s6" type3="nu"/>
    <Angle angle="1.9184659137921671" k="370.7024" type1="hn" type2="nu" type3="s6"/>
    <Angle angle="2.051634535719334" k="407.52160000000003" type1="c" type2="ns" type3="hn"/>
    <Angle angle="1.900314489571426" k="514.6320000000001" type1="h1" type2="c3" type3="ns"/>
    <Angle angle="2.0092230348958724" k="330.536" type1="hn" type2="nv" type3="hn"/>
  </HarmonicAngleForce>
  <PeriodicTorsionForce>
    <Proper k1="2.0710800000000003" periodicity1="3" phase1="0.0" type1="cp" type2="cp" type3="nb" type4="ca"/>
    <Proper k1="4.3932" periodicity1="2" phase1="3.141592653589793" type1="ca" type2="ca" type3="nu" type4="s6"/>
    <Proper k1="4.3932" periodicity1="2" phase1="3.141592653589793" type1="ca" type2="ca" type3="nu" type4="hn"/>
    <Proper k1="0.4184" periodicity1="2" phase1="3.141592653589793" type1="ca" type2="nu" type3="s6" type4="o"/>
    <Proper k1="8.07512" periodicity1="3" phase1="0.0" type1="ca" type2="nu" type3="s6" type4="c3"/>
    <Proper k1="2.0710800000000003" periodicity1="3" phase1="0.0" type1="ca" type2="cp" type3="nb" type4="ca"/>
    <Proper k1="4.3932" periodicity1="2" phase1="3.141592653589793" type1="nb" type2="ca" type3="nv" type4="hn"/>
    <Proper k1="4.3932" periodicity1="2" phase1="3.141592653589793" type1="ca" type2="ca" type3="nv" type4="hn"/>
    <Proper k1="10.46" periodicity1="2" phase1="3.141592653589793" type1="ca" type2="c" type3="ns" type4="c3"/>
    <Proper k1="10.46" periodicity1="2" phase1="3.141592653589793" type1="ca" type2="c" type3="ns" type4="hn"/>
    <Proper k1="10.46" periodicity1="2" phase1="3.141592653589793" type1="o" type2="c" type3="ns" type4="c3"/>
    <Proper k1="10.46" k2="8.368" periodicity1="2" periodicity2="1" phase1="3.141592653589793" phase2="0.0" type1="o" type2="c" type3="ns" type4="hn"/>
    <Proper k1="0.41840000000000005" k2="0.7112800000000001" k3="4.26768" periodicity1="4" periodicity2="3" periodicity3="1" phase1="3.141592653589793" phase2="0.0" phase3="3.141592653589793" type1="c3" type2="c3" type3="ns" type4="c"/>
    <Proper k1="0.0" periodicity1="2" phase1="0.0" type1="c3" type2="c3" type3="ns" type4="hn"/>
    <Proper k1="0.87864" periodicity1="3" phase1="0.0" type1="c3" type2="c3" type3="c3" type4="n7"/>
    <Proper k1="0.41840000000000005" periodicity1="3" phase1="0.0" type1="c3" type2="c3" type3="c3" type4="ns"/>
    <Proper k1="0.9079280000000001" periodicity1="3" phase1="0.0" type1="c3" type2="c3" type3="n7" type4="hn"/>
    <Proper k1="0.9414" periodicity1="3" phase1="0.0" type1="h1" type2="c3" type3="n7" type4="c3"/>
    <Proper k1="0.41840000000000005" periodicity1="3" phase1="0.0" type1="hc" type2="c3" type3="c3" type4="n7"/>
    <Proper k1="0.4184" periodicity1="2" phase1="3.141592653589793" type1="hn" type2="nu" type3="s6" type4="o"/>
    <Proper k1="0.4184" periodicity1="2" phase1="3.141592653589793" type1="hn" type2="nu" type3="s6" type4="c3"/>
    <Proper k1="0.0" periodicity1="2" phase1="3.141592653589793" type1="h1" type2="c3" type3="ns" type4="c"/>
    <Proper k1="0.0" periodicity1="2" phase1="0.0" type1="h1" type2="c3" type3="ns" type4="hn"/>
    <Proper k1="1.2552" periodicity1="3" phase1="0.0" type1="h1" type2="c3" type3="n7" type4="hn"/>
    <Improper k1="4.6024" periodicity1="2" phase1="3.141592653589793" type1="cp" type2="ca" type3="ca" type4="cp"/>
    <Improper k1="4.6024" periodicity1="2" phase1="3.141592653589793" type1="ca" type2="ca" type3="cp" type4="ha"/>
    <Improper k1="4.6024" periodicity1="2" phase1="3.141592653589793" type1="ca" type2="ca" type3="ca" type4="nu"/>
    <Improper k1="4.6024" periodicity1="2" phase1="3.141592653589793" type1="ca" type2="ca" type3="ca" type4="ha"/>
    <Improper k1="4.6024" periodicity1="2" phase1="3.141592653589793" type1="cp" type2="ca" type3="cp" type4="nb"/>
    <Improper k1="4.6024" periodicity1="2" phase1="3.141592653589793" type1="ca" type2="cp" type3="h4" type4="nb"/>
    <Improper k1="4.6024" periodicity1="2" phase1="3.141592653589793" type1="ca" type2="c" type3="ca" type4="nb"/>
    <Improper k1="4.6024" periodicity1="2" phase1="3.141592653589793" type1="ca" type2="ca" type3="nb" type4="nv"/>
    <Improper k1="4.6024" periodicity1="2" phase1="3.141592653589793" type1="nu" type2="ca" type3="hn" type4="s6"/>
    <Improper k1="4.6024" periodicity1="2" phase1="3.141592653589793" type1="nv" type2="ca" type3="hn" type4="hn"/>
    <Improper k1="43.932" periodicity1="2" phase1="3.141592653589793" type1="c" type2="ca" type3="ns" type4="o"/>
    <Improper k1="4.6024" periodicity1="2" phase1="3.141592653589793" type1="ns" type2="c" type3="c3" type4="hn"/>
  </PeriodicTorsionForce>
</ForceField>
