<ForceField>
  <Info>
    <DateGenerated>2019-07-05</DateGenerated>
  </Info>
  <Residues>
    <Residue name="MC_0K1">
      <Atom charge="-0.1415" name="C1" type="cp"/>
      <Atom charge="-0.116" name="C2" type="ca"/>
      <Atom charge="-0.099" name="C3" type="ca"/>
      <Atom charge="0.016" name="C4" type="ca"/>
      <Atom charge="-0.126" name="C5" type="ca"/>
      <Atom charge="-0.122" name="C6" type="ca"/>
      <Atom charge="0.6159" name="C7" type="ca"/>
      <Atom charge="0.2435" name="C8" type="ca"/>
      <Atom charge="-0.648" name="N10" type="nb"/>
      <Atom charge="0.3369" name="C11" type="ca"/>
      <Atom charge="0.3465" name="C12" type="cp"/>
      <Atom charge="-0.2683" name="C17" type="cc"/>
      <Atom charge="-0.0963" name="C18" type="cd"/>
      <Atom charge="0.3472" name="C19" type="cd"/>
      <Atom charge="0.1267" name="C23" type="c3"/>
      <Atom charge="-0.0777" name="C24" type="c3"/>
      <Atom charge="-0.0777" name="C27" type="c3"/>
      <Atom charge="0.1558" name="C30" type="c3"/>
      <Atom charge="-0.0657" name="C31" type="c3"/>
      <Atom charge="-0.1004" name="C32" type="c3"/>
      <Atom charge="-0.5981" name="O15" type="o"/>
      <Atom charge="0.5786" name="C14" type="c"/>
      <Atom charge="-0.5669" name="N16" type="ns"/>
      <Atom charge="-0.0689" name="C29" type="c3"/>
      <Atom charge="-0.6048" name="O33" type="oh"/>
      <Atom charge="-0.0779" name="C28" type="c3"/>
      <Atom charge="-0.0779" name="C25" type="c3"/>
      <Atom charge="-0.0689" name="C26" type="c3"/>
      <Atom charge="-0.681" name="N9" type="nb"/>
      <Atom charge="-0.5078" name="N21" type="nc"/>
      <Atom charge="0.0684" name="N20" type="na"/>
      <Atom charge="0.0626" name="C22" type="c3"/>
      <Atom charge="0.131" name="H1" type="ha"/>
      <Atom charge="0.149" name="H2" type="ha"/>
      <Atom charge="0.134" name="H3" type="ha"/>
      <Atom charge="0.127" name="H4" type="ha"/>
      <Atom charge="0.0341" name="H5" type="h4"/>
      <Atom charge="0.4468" name="H6" type="hn"/>
      <Atom charge="0.4468" name="H7" type="hn"/>
      <Atom charge="0.173" name="H8" type="h4"/>
      <Atom charge="0.0491" name="H9" type="h4"/>
      <Atom charge="0.0797" name="H10" type="h1"/>
      <Atom charge="0.0657" name="H11" type="hc"/>
      <Atom charge="0.0657" name="H12" type="hc"/>
      <Atom charge="0.0527" name="H13" type="hc"/>
      <Atom charge="0.0472" name="H14" type="hc"/>
      <Atom charge="0.0472" name="H15" type="hc"/>
      <Atom charge="0.3335" name="H16" type="hn"/>
      <Atom charge="0.04695" name="H17" type="hc"/>
      <Atom charge="0.04695" name="H18" type="hc"/>
      <Atom charge="0.403" name="H19" type="ho"/>
      <Atom charge="0.0522" name="H20" type="hc"/>
      <Atom charge="0.0522" name="H21" type="hc"/>
      <Atom charge="0.0522" name="H22" type="hc"/>
      <Atom charge="0.0522" name="H23" type="hc"/>
      <Atom charge="0.04695" name="H24" type="hc"/>
      <Atom charge="0.04695" name="H25" type="hc"/>
      <Atom charge="0.056367" name="H26" type="h1"/>
      <Atom charge="0.056367" name="H27" type="h1"/>
      <Atom charge="0.056367" name="H28" type="h1"/>
      <Atom charge="-1.0605" name="N13" type="nv"/>
      <Bond atomName1="C29" atomName2="C27"/>
      <Bond atomName1="C29" atomName2="C31"/>
      <Bond atomName1="C22" atomName2="N20"/>
      <Bond atomName1="C27" atomName2="C28"/>
      <Bond atomName1="C27" atomName2="C23"/>
      <Bond atomName1="C31" atomName2="C32"/>
      <Bond atomName1="C31" atomName2="C26"/>
      <Bond atomName1="C28" atomName2="C30"/>
      <Bond atomName1="C32" atomName2="C30"/>
      <Bond atomName1="N20" atomName2="N21"/>
      <Bond atomName1="N20" atomName2="C18"/>
      <Bond atomName1="N21" atomName2="C19"/>
      <Bond atomName1="C18" atomName2="C17"/>
      <Bond atomName1="C30" atomName2="O33"/>
      <Bond atomName1="C30" atomName2="C25"/>
      <Bond atomName1="C23" atomName2="N16"/>
      <Bond atomName1="C23" atomName2="C24"/>
      <Bond atomName1="C26" atomName2="C24"/>
      <Bond atomName1="C19" atomName2="C17"/>
      <Bond atomName1="C17" atomName2="C4"/>
      <Bond atomName1="N16" atomName2="C14"/>
      <Bond atomName1="C24" atomName2="C25"/>
      <Bond atomName1="C4" atomName2="C2"/>
      <Bond atomName1="C4" atomName2="C6"/>
      <Bond atomName1="C2" atomName2="C1"/>
      <Bond atomName1="C14" atomName2="O15"/>
      <Bond atomName1="C14" atomName2="C8"/>
      <Bond atomName1="C6" atomName2="C5"/>
      <Bond atomName1="N10" atomName2="C8"/>
      <Bond atomName1="N10" atomName2="C12"/>
      <Bond atomName1="C1" atomName2="C12"/>
      <Bond atomName1="C1" atomName2="C3"/>
      <Bond atomName1="C8" atomName2="C7"/>
      <Bond atomName1="C5" atomName2="C3"/>
      <Bond atomName1="C12" atomName2="C11"/>
      <Bond atomName1="C7" atomName2="N13"/>
      <Bond atomName1="C7" atomName2="N9"/>
      <Bond atomName1="C11" atomName2="N9"/>
      <Bond atomName1="C2" atomName2="H1"/>
      <Bond atomName1="C3" atomName2="H2"/>
      <Bond atomName1="C5" atomName2="H3"/>
      <Bond atomName1="C6" atomName2="H4"/>
      <Bond atomName1="C11" atomName2="H5"/>
      <Bond atomName1="N13" atomName2="H6"/>
      <Bond atomName1="N13" atomName2="H7"/>
      <Bond atomName1="C18" atomName2="H8"/>
      <Bond atomName1="C19" atomName2="H9"/>
      <Bond atomName1="C23" atomName2="H10"/>
      <Bond atomName1="C24" atomName2="H11"/>
      <Bond atomName1="C27" atomName2="H12"/>
      <Bond atomName1="C31" atomName2="H13"/>
      <Bond atomName1="C32" atomName2="H14"/>
      <Bond atomName1="C32" atomName2="H15"/>
      <Bond atomName1="N16" atomName2="H16"/>
      <Bond atomName1="C29" atomName2="H17"/>
      <Bond atomName1="C29" atomName2="H18"/>
      <Bond atomName1="O33" atomName2="H19"/>
      <Bond atomName1="C28" atomName2="H20"/>
      <Bond atomName1="C28" atomName2="H21"/>
      <Bond atomName1="C25" atomName2="H22"/>
      <Bond atomName1="C25" atomName2="H23"/>
      <Bond atomName1="C26" atomName2="H24"/>
      <Bond atomName1="C26" atomName2="H25"/>
      <Bond atomName1="C22" atomName2="H26"/>
      <Bond atomName1="C22" atomName2="H27"/>
      <Bond atomName1="C22" atomName2="H28"/>
    </Residue>
  </Residues>
  <HarmonicBondForce>
    <Bond k="290453.27999999997" length="0.1386" type1="ca" type2="nv"/>
    <Bond k="220747.83999999997" length="0.1462" type1="c3" type2="ns"/>
    <Bond k="298068.1599999999" length="0.1379" type1="c" type2="ns"/>
    <Bond k="441244.6399999999" length="0.1013" type1="hn" type2="ns"/>
    <Bond k="443085.5999999999" length="0.10120000000000001" type1="hn" type2="nv"/>
  </HarmonicBondForce>
  <HarmonicAngleForce>
    <Angle angle="2.0258036627898184" k="408.3584" type1="ca" type2="nv" type3="hn"/>
    <Angle angle="2.1109757302871417" k="721.3216000000001" type1="ca" type2="ca" type3="nv"/>
    <Angle angle="2.011491962923465" k="714.6272000000001" type1="ca" type2="c" type3="ns"/>
    <Angle angle="2.1064378742319563" k="546.4304" type1="c" type2="ns" type3="c3"/>
    <Angle angle="2.053903463746927" k="385.76480000000004" type1="c3" type2="ns" type3="hn"/>
    <Angle angle="1.9479619781508712" k="696.2176000000001" type1="c3" type2="c3" type3="ns"/>
    <Angle angle="2.1476276445790226" k="952.2784" type1="ns" type2="c" type3="o"/>
    <Angle angle="2.051634535719334" k="407.52160000000003" type1="c" type2="ns" type3="hn"/>
    <Angle angle="1.900314489571426" k="514.6320000000001" type1="h1" type2="c3" type3="ns"/>
    <Angle angle="2.040988027282169" k="938.0527999999999" type1="nb" type2="ca" type3="nv"/>
    <Angle angle="2.0092230348958724" k="330.536" type1="hn" type2="nv" type3="hn"/>
  </HarmonicAngleForce>
  <PeriodicTorsionForce>
    <Proper k1="2.0710800000000003" periodicity1="3" phase1="0.0" type1="cp" type2="cp" type3="nb" type4="ca"/>
    <Proper k1="2.11292" periodicity1="2" phase1="3.141592653589793" type1="ca" type2="ca" type3="cc" type4="cd"/>
    <Proper k1="4.3932" periodicity1="2" phase1="3.141592653589793" type1="ca" type2="ca" type3="nv" type4="hn"/>
    <Proper k1="2.0710800000000003" periodicity1="3" phase1="0.0" type1="ca" type2="cp" type3="nb" type4="ca"/>
    <Proper k1="10.46" periodicity1="2" phase1="3.141592653589793" type1="ca" type2="c" type3="ns" type4="c3"/>
    <Proper k1="10.46" periodicity1="2" phase1="3.141592653589793" type1="ca" type2="c" type3="ns" type4="hn"/>
    <Proper k1="10.46" periodicity1="2" phase1="3.141592653589793" type1="o" type2="c" type3="ns" type4="c3"/>
    <Proper k1="0.41840000000000005" k2="0.7112800000000001" k3="4.26768" periodicity1="4" periodicity2="3" periodicity3="1" phase1="3.141592653589793" phase2="0.0" phase3="3.141592653589793" type1="c3" type2="c3" type3="ns" type4="c"/>
    <Proper k1="0.0" periodicity1="2" phase1="0.0" type1="c3" type2="c3" type3="ns" type4="hn"/>
    <Proper k1="10.46" k2="8.368" periodicity1="2" periodicity2="1" phase1="3.141592653589793" phase2="0.0" type1="o" type2="c" type3="ns" type4="hn"/>
    <Proper k1="0.0" periodicity1="2" phase1="3.141592653589793" type1="h1" type2="c3" type3="ns" type4="c"/>
    <Proper k1="0.41840000000000005" periodicity1="3" phase1="0.0" type1="c3" type2="c3" type3="c3" type4="ns"/>
    <Proper k1="4.3932" periodicity1="2" phase1="3.141592653589793" type1="nb" type2="ca" type3="nv" type4="hn"/>
    <Proper k1="0.0" periodicity1="2" phase1="0.0" type1="h1" type2="c3" type3="ns" type4="hn"/>
    <Improper k1="4.6024" periodicity1="2" phase1="3.141592653589793" type1="cp" type2="ca" type3="ca" type4="cp"/>
    <Improper k1="4.6024" periodicity1="2" phase1="3.141592653589793" type1="ca" type2="ca" type3="cp" type4="ha"/>
    <Improper k1="4.6024" periodicity1="2" phase1="3.141592653589793" type1="ca" type2="ca" type3="ca" type4="cc"/>
    <Improper k1="4.6024" periodicity1="2" phase1="3.141592653589793" type1="ca" type2="ca" type3="ca" type4="ha"/>
    <Improper k1="4.6024" periodicity1="2" phase1="3.141592653589793" type1="ca" type2="ca" type3="nb" type4="nv"/>
    <Improper k1="4.6024" periodicity1="2" phase1="3.141592653589793" type1="ca" type2="c" type3="ca" type4="nb"/>
    <Improper k1="4.6024" periodicity1="2" phase1="3.141592653589793" type1="ca" type2="cp" type3="h4" type4="nb"/>
    <Improper k1="4.6024" periodicity1="2" phase1="3.141592653589793" type1="cp" type2="ca" type3="cp" type4="nb"/>
    <Improper k1="4.6024" periodicity1="2" phase1="3.141592653589793" type1="cc" type2="ca" type3="cd" type4="cd"/>
    <Improper k1="4.6024" periodicity1="2" phase1="3.141592653589793" type1="cd" type2="cc" type3="h4" type4="na"/>
    <Improper k1="4.6024" periodicity1="2" phase1="3.141592653589793" type1="cd" type2="cc" type3="h4" type4="nc"/>
    <Improper k1="43.932" periodicity1="2" phase1="3.141592653589793" type1="c" type2="ca" type3="ns" type4="o"/>
    <Improper k1="4.6024" periodicity1="2" phase1="3.141592653589793" type1="ns" type2="c" type3="c3" type4="hn"/>
    <Improper k1="4.6024" periodicity1="2" phase1="3.141592653589793" type1="na" type2="c3" type3="cd" type4="nc"/>
    <Improper k1="4.6024" periodicity1="2" phase1="3.141592653589793" type1="nv" type2="ca" type3="hn" type4="hn"/>
  </PeriodicTorsionForce>
</ForceField>
