<ForceField>
  <Info>
    <DateGenerated>2019-07-05</DateGenerated>
  </Info>
  <Residues>
    <Residue name="MC_0K2">
      <Atom charge="-0.947833" name="O20" type="o"/>
      <Atom charge="1.2969" name="P17" type="p5"/>
      <Atom charge="-0.947833" name="O18" type="o"/>
      <Atom charge="-0.947833" name="O19" type="o"/>
      <Atom charge="-0.7088" name="O16" type="os"/>
      <Atom charge="1.4138" name="P13" type="p5"/>
      <Atom charge="-0.861" name="O15" type="o"/>
      <Atom charge="-0.861" name="O14" type="o"/>
      <Atom charge="-0.5952" name="O29" type="os"/>
      <Atom charge="0.2374" name="C28" type="c3"/>
      <Atom charge="-0.0894" name="C27" type="c3"/>
      <Atom charge="-0.2034" name="C30" type="c3"/>
      <Atom charge="0.5799" name="C13" type="c"/>
      <Atom charge="-0.5811" name="O33" type="o"/>
      <Atom charge="0.0152" name="H4" type="h1"/>
      <Atom charge="0.0152" name="H5" type="h1"/>
      <Atom charge="0.0432" name="H6" type="hc"/>
      <Atom charge="0.0432" name="H7" type="hc"/>
      <Atom charge="0.0622" name="H8" type="hc"/>
      <Atom charge="0.0622" name="H9" type="hc"/>
      <Atom charge="-0.0248" name="H10" type="h4"/>
      <Bond atomName1="C30" atomName2="C13"/>
      <Bond atomName1="C30" atomName2="C27"/>
      <Bond atomName1="C13" atomName2="O33"/>
      <Bond atomName1="C28" atomName2="C27"/>
      <Bond atomName1="C28" atomName2="O29"/>
      <Bond atomName1="O29" atomName2="P13"/>
      <Bond atomName1="O20" atomName2="P17"/>
      <Bond atomName1="O18" atomName2="P17"/>
      <Bond atomName1="P13" atomName2="O16"/>
      <Bond atomName1="P13" atomName2="O15"/>
      <Bond atomName1="P13" atomName2="O14"/>
      <Bond atomName1="P17" atomName2="O16"/>
      <Bond atomName1="P17" atomName2="O19"/>
      <Bond atomName1="C28" atomName2="H4"/>
      <Bond atomName1="C28" atomName2="H5"/>
      <Bond atomName1="C27" atomName2="H6"/>
      <Bond atomName1="C27" atomName2="H7"/>
      <Bond atomName1="C30" atomName2="H8"/>
      <Bond atomName1="C30" atomName2="H9"/>
      <Bond atomName1="C13" atomName2="H10"/>
    </Residue>
  </Residues>
  <PeriodicTorsionForce>
    <Improper k1="4.6024" periodicity1="2" phase1="3.141592653589793" type1="c" type2="c3" type3="h4" type4="o"/>
  </PeriodicTorsionForce>
</ForceField>
