<ForceField>
  <Info>
    <DateGenerated>2019-07-05</DateGenerated>
  </Info>
  <Residues>
    <Residue name="MC_0K5">
      <Atom charge="-0.1835" name="C35" type="ca"/>
      <Atom charge="-0.177" name="C33" type="ca"/>
      <Atom charge="-0.0985" name="C34" type="ca"/>
      <Atom charge="-0.0985" name="C32" type="ca"/>
      <Atom charge="0.4452" name="C4" type="ca"/>
      <Atom charge="-0.1346" name="C7" type="ca"/>
      <Atom charge="-0.0238" name="C6" type="ca"/>
      <Atom charge="-0.14" name="C9" type="ca"/>
      <Atom charge="0.2871" name="C13" type="c3"/>
      <Atom charge="0.0496" name="C8" type="ca"/>
      <Atom charge="-0.144" name="C3" type="ca"/>
      <Atom charge="-0.1835" name="C31" type="ca"/>
      <Atom charge="-0.11" name="C1" type="ca"/>
      <Atom charge="-0.1413" name="C5" type="ca"/>
      <Atom charge="0.1491" name="C30" type="ca"/>
      <Atom charge="0.0631" name="C2" type="ca"/>
      <Atom charge="-0.0312" name="C10" type="ca"/>
      <Atom charge="0.3506" name="C11" type="ca"/>
      <Atom charge="-0.2502" name="C14" type="cc"/>
      <Atom charge="0.1498" name="C15" type="cd"/>
      <Atom charge="0.6977" name="C12" type="c"/>
      <Atom charge="-0.698" name="N18" type="nb"/>
      <Atom charge="-0.2125" name="N20" type="n"/>
      <Atom charge="-0.758" name="N19" type="nu"/>
      <Atom charge="-0.8985" name="O22" type="o"/>
      <Atom charge="-0.8985" name="O24" type="o"/>
      <Atom charge="-0.6105" name="O23" type="o"/>
      <Atom charge="-0.8985" name="O21" type="o"/>
      <Atom charge="-0.5301" name="O25" type="oh"/>
      <Atom charge="-0.3551" name="O26" type="oh"/>
      <Atom charge="-0.2442" name="O29" type="os"/>
      <Atom charge="-0.5752" name="O27" type="os"/>
      <Atom charge="1.1609" name="P28" type="p5"/>
      <Atom charge="0.1465" name="H1" type="ha"/>
      <Atom charge="0.12" name="H2" type="ha"/>
      <Atom charge="0.125" name="H3" type="ha"/>
      <Atom charge="0.125" name="H4" type="ha"/>
      <Atom charge="0.0881" name="H5" type="h4"/>
      <Atom charge="0.134" name="H6" type="ha"/>
      <Atom charge="0.0702" name="H7" type="h1"/>
      <Atom charge="0.0702" name="H8" type="h1"/>
      <Atom charge="0.035033" name="H9" type="hc"/>
      <Atom charge="0.035033" name="H10" type="hc"/>
      <Atom charge="0.035033" name="H11" type="hc"/>
      <Atom charge="0.143" name="H12" type="ha"/>
      <Atom charge="0.1465" name="H13" type="ha"/>
      <Atom charge="0.152" name="H14" type="ha"/>
      <Atom charge="0.151" name="H15" type="ha"/>
      <Atom charge="0.0417" name="H16" type="h1"/>
      <Atom charge="0.0417" name="H17" type="h1"/>
      <Atom charge="0.4618" name="H18" type="hn"/>
      <Atom charge="0.402" name="H21" type="ho"/>
      <Atom charge="0.399" name="H22" type="ho"/>
      <Atom charge="-0.1274" name="C16" type="c3"/>
      <Atom charge="0.2447" name="C17" type="c3"/>
      <Bond atomName1="O26" atomName2="N20"/>
      <Bond atomName1="O23" atomName2="C12"/>
      <Bond atomName1="N20" atomName2="C12"/>
      <Bond atomName1="N20" atomName2="C8"/>
      <Bond atomName1="C12" atomName2="C15"/>
      <Bond atomName1="C3" atomName2="C8"/>
      <Bond atomName1="C3" atomName2="C9"/>
      <Bond atomName1="C8" atomName2="C6"/>
      <Bond atomName1="C16" atomName2="C11"/>
      <Bond atomName1="O25" atomName2="C10"/>
      <Bond atomName1="C15" atomName2="N19"/>
      <Bond atomName1="C15" atomName2="C14"/>
      <Bond atomName1="C9" atomName2="C2"/>
      <Bond atomName1="N19" atomName2="C13"/>
      <Bond atomName1="C10" atomName2="C11"/>
      <Bond atomName1="C10" atomName2="C5"/>
      <Bond atomName1="C11" atomName2="N18"/>
      <Bond atomName1="C6" atomName2="C14"/>
      <Bond atomName1="C6" atomName2="C1"/>
      <Bond atomName1="C2" atomName2="C1"/>
      <Bond atomName1="C2" atomName2="O29"/>
      <Bond atomName1="C35" atomName2="C34"/>
      <Bond atomName1="C35" atomName2="C30"/>
      <Bond atomName1="C34" atomName2="C33"/>
      <Bond atomName1="C13" atomName2="C5"/>
      <Bond atomName1="C5" atomName2="C7"/>
      <Bond atomName1="N18" atomName2="C4"/>
      <Bond atomName1="O29" atomName2="C30"/>
      <Bond atomName1="C30" atomName2="C31"/>
      <Bond atomName1="C33" atomName2="C32"/>
      <Bond atomName1="C4" atomName2="C7"/>
      <Bond atomName1="C7" atomName2="C17"/>
      <Bond atomName1="C31" atomName2="C32"/>
      <Bond atomName1="C17" atomName2="O27"/>
      <Bond atomName1="O27" atomName2="P28"/>
      <Bond atomName1="P28" atomName2="O24"/>
      <Bond atomName1="P28" atomName2="O21"/>
      <Bond atomName1="P28" atomName2="O22"/>
      <Bond atomName1="C35" atomName2="H1"/>
      <Bond atomName1="C33" atomName2="H2"/>
      <Bond atomName1="C34" atomName2="H3"/>
      <Bond atomName1="C32" atomName2="H4"/>
      <Bond atomName1="C4" atomName2="H5"/>
      <Bond atomName1="C9" atomName2="H6"/>
      <Bond atomName1="C13" atomName2="H7"/>
      <Bond atomName1="C13" atomName2="H8"/>
      <Bond atomName1="C16" atomName2="H9"/>
      <Bond atomName1="C16" atomName2="H10"/>
      <Bond atomName1="C16" atomName2="H11"/>
      <Bond atomName1="C3" atomName2="H12"/>
      <Bond atomName1="C31" atomName2="H13"/>
      <Bond atomName1="C1" atomName2="H14"/>
      <Bond atomName1="C14" atomName2="H15"/>
      <Bond atomName1="C17" atomName2="H16"/>
      <Bond atomName1="C17" atomName2="H17"/>
      <Bond atomName1="N19" atomName2="H18"/>
      <Bond atomName1="O25" atomName2="H21"/>
      <Bond atomName1="O26" atomName2="H22"/>
    </Residue>
  </Residues>
  <HarmonicBondForce>
    <Bond k="219074.23999999996" length="0.1464" type1="c3" type2="nu"/>
    <Bond k="304176.79999999993" length="0.1373" type1="cd" type2="nu"/>
    <Bond k="443085.5999999999" length="0.10120000000000001" type1="hn" type2="nu"/>
  </HarmonicBondForce>
  <HarmonicAngleForce>
    <Angle angle="2.0895081804876114" k="548.9408" type1="c3" type2="nu" type3="cd"/>
    <Angle angle="2.0244073993882226" k="388.2752" type1="c3" type2="nu" type3="hn"/>
    <Angle angle="1.9441222537964837" k="702.0752000000001" type1="ca" type2="c3" type3="nu"/>
    <Angle angle="2.161415745669778" k="722.1584" type1="cc" type2="cd" type3="nu"/>
    <Angle angle="2.0181242140810434" k="412.5424" type1="cd" type2="nu" type3="hn"/>
    <Angle angle="2.0684769630010797" k="712.28416" type1="c" type2="cd" type3="nu"/>
    <Angle angle="1.9161969857645744" k="512.1216000000001" type1="h1" type2="c3" type3="nu"/>
  </HarmonicAngleForce>
  <PeriodicTorsionForce>
    <Proper k1="4.3932" periodicity1="2" phase1="3.141592653589793" type1="cc" type2="cd" type3="nu" type4="c3"/>
    <Proper k1="4.3932" periodicity1="2" phase1="3.141592653589793" type1="c" type2="cd" type3="nu" type4="c3"/>
    <Proper k1="2.11292" periodicity1="2" phase1="3.141592653589793" type1="ca" type2="ca" type3="cc" type4="cd"/>
    <Proper k1="2.9288" periodicity1="2" phase1="3.141592653589793" type1="ca" type2="ca" type3="cc" type4="ha"/>
    <Proper k1="0.0" periodicity1="2" phase1="0.0" type1="ca" type2="c3" type3="nu" type4="cd"/>
    <Proper k1="0.0" periodicity1="2" phase1="0.0" type1="ca" type2="c3" type3="nu" type4="hn"/>
    <Proper k1="4.3932" periodicity1="2" phase1="3.141592653589793" type1="cc" type2="cd" type3="nu" type4="hn"/>
    <Proper k1="0.0" periodicity1="2" phase1="0.0" type1="h1" type2="c3" type3="nu" type4="cd"/>
    <Proper k1="4.3932" periodicity1="2" phase1="3.141592653589793" type1="c" type2="cd" type3="nu" type4="hn"/>
    <Proper k1="0.0" periodicity1="2" phase1="0.0" type1="h1" type2="c3" type3="nu" type4="hn"/>
    <Improper k1="4.6024" periodicity1="2" phase1="3.141592653589793" type1="ca" type2="ca" type3="ca" type4="ha"/>
    <Improper k1="4.6024" periodicity1="2" phase1="3.141592653589793" type1="ca" type2="ca" type3="h4" type4="nb"/>
    <Improper k1="4.6024" periodicity1="2" phase1="3.141592653589793" type1="ca" type2="ca" type3="ca" type4="cc"/>
    <Improper k1="4.6024" periodicity1="2" phase1="3.141592653589793" type1="ca" type2="ca" type3="ca" type4="n"/>
    <Improper k1="4.6024" periodicity1="2" phase1="3.141592653589793" type1="ca" type2="ca" type3="ca" type4="os"/>
    <Improper k1="4.6024" periodicity1="2" phase1="3.141592653589793" type1="ca" type2="ca" type3="ca" type4="oh"/>
    <Improper k1="4.6024" periodicity1="2" phase1="3.141592653589793" type1="ca" type2="c3" type3="ca" type4="nb"/>
    <Improper k1="4.6024" periodicity1="2" phase1="3.141592653589793" type1="cc" type2="ca" type3="cd" type4="ha"/>
    <Improper k1="4.6024" periodicity1="2" phase1="3.141592653589793" type1="cd" type2="c" type3="cc" type4="nu"/>
    <Improper k1="43.932" periodicity1="2" phase1="3.141592653589793" type1="c" type2="cd" type3="n" type4="o"/>
    <Improper k1="4.6024" periodicity1="2" phase1="3.141592653589793" type1="n" type2="c" type3="ca" type4="oh"/>
    <Improper k1="4.6024" periodicity1="2" phase1="3.141592653589793" type1="nu" type2="c3" type3="cd" type4="hn"/>
  </PeriodicTorsionForce>
</ForceField>
