<ForceField>
  <Info>
    <DateGenerated>2019-07-05</DateGenerated>
  </Info>
  <Residues>
    <Residue name="MC_0K6">
      <Atom charge="-0.4401" name="O2" type="o"/>
      <Atom charge="0.5293" name="C19" type="c"/>
      <Atom charge="-0.6984" name="N7" type="nz"/>
      <Atom charge="-0.2503" name="C18" type="cc"/>
      <Atom charge="-0.1831" name="N6" type="na"/>
      <Atom charge="0.033" name="C13" type="c3"/>
      <Atom charge="-0.1234" name="C17" type="c3"/>
      <Atom charge="-0.0744" name="C16" type="c3"/>
      <Atom charge="-0.0744" name="C15" type="c3"/>
      <Atom charge="-0.1234" name="C14" type="c3"/>
      <Atom charge="0.0498" name="C20" type="cd"/>
      <Atom charge="-0.4544" name="C21" type="ca"/>
      <Atom charge="0.6058" name="C12" type="ca"/>
      <Atom charge="-0.856" name="N5" type="nb"/>
      <Atom charge="0.5862" name="C22" type="ca"/>
      <Atom charge="-0.776" name="N8" type="nb"/>
      <Atom charge="1.0019" name="C11" type="ca"/>
      <Atom charge="-0.6863" name="N4" type="nu"/>
      <Atom charge="0.0326" name="C10" type="cd"/>
      <Atom charge="-0.1533" name="C9" type="cc"/>
      <Atom charge="0.0059" name="N3" type="na"/>
      <Atom charge="0.0326" name="C8" type="c3"/>
      <Atom charge="-0.17" name="C23" type="cd"/>
      <Atom charge="-0.1629" name="C7" type="cc"/>
      <Atom charge="0.7047" name="C1" type="c"/>
      <Atom charge="-0.6131" name="O1" type="o"/>
      <Atom charge="-0.4768" name="N1" type="n"/>
      <Atom charge="0.0895" name="C6" type="c3"/>
      <Atom charge="0.1458" name="C5" type="c3"/>
      <Atom charge="-0.7306" name="N2" type="n3"/>
      <Atom charge="0.1521" name="C4" type="c3"/>
      <Atom charge="0.1458" name="C3" type="c3"/>
      <Atom charge="0.0895" name="C2" type="c3"/>
      <Atom charge="0.478133" name="H1" type="hn"/>
      <Atom charge="0.478133" name="H2" type="hn"/>
      <Atom charge="0.0287" name="H3" type="h1"/>
      <Atom charge="0.07145" name="H4" type="hc"/>
      <Atom charge="0.07145" name="H5" type="hc"/>
      <Atom charge="0.0667" name="H6" type="hc"/>
      <Atom charge="0.0667" name="H7" type="hc"/>
      <Atom charge="0.0667" name="H8" type="hc"/>
      <Atom charge="0.0667" name="H9" type="hc"/>
      <Atom charge="0.07145" name="H10" type="hc"/>
      <Atom charge="0.07145" name="H11" type="hc"/>
      <Atom charge="0.185" name="H12" type="ha"/>
      <Atom charge="0.0481" name="H13" type="h4"/>
      <Atom charge="0.4728" name="H14" type="hn"/>
      <Atom charge="0.175" name="H15" type="h4"/>
      <Atom charge="0.068033" name="H16" type="h1"/>
      <Atom charge="0.068033" name="H17" type="h1"/>
      <Atom charge="0.068033" name="H18" type="h1"/>
      <Atom charge="0.182" name="H19" type="ha"/>
      <Atom charge="0.07545" name="H20" type="h1"/>
      <Atom charge="0.07545" name="H21" type="h1"/>
      <Atom charge="0.03945" name="H22" type="h1"/>
      <Atom charge="0.03945" name="H23" type="h1"/>
      <Atom charge="0.034367" name="H25" type="h1"/>
      <Atom charge="0.034367" name="H26" type="h1"/>
      <Atom charge="0.034367" name="H27" type="h1"/>
      <Atom charge="0.03945" name="H28" type="h1"/>
      <Atom charge="0.03945" name="H29" type="h1"/>
      <Atom charge="0.07545" name="H30" type="h1"/>
      <Atom charge="0.07545" name="H31" type="h1"/>
      <Atom charge="0.478133" name="H73" type="hn"/>
      <Bond atomName1="C5" atomName2="C6"/>
      <Bond atomName1="C5" atomName2="N2"/>
      <Bond atomName1="C6" atomName2="N1"/>
      <Bond atomName1="N2" atomName2="C4"/>
      <Bond atomName1="N2" atomName2="C3"/>
      <Bond atomName1="O1" atomName2="C1"/>
      <Bond atomName1="N1" atomName2="C1"/>
      <Bond atomName1="N1" atomName2="C2"/>
      <Bond atomName1="C8" atomName2="N3"/>
      <Bond atomName1="C3" atomName2="C2"/>
      <Bond atomName1="C1" atomName2="C7"/>
      <Bond atomName1="C15" atomName2="C16"/>
      <Bond atomName1="C15" atomName2="C14"/>
      <Bond atomName1="C16" atomName2="C17"/>
      <Bond atomName1="N3" atomName2="C7"/>
      <Bond atomName1="N3" atomName2="C9"/>
      <Bond atomName1="C7" atomName2="C23"/>
      <Bond atomName1="C14" atomName2="C13"/>
      <Bond atomName1="C17" atomName2="C13"/>
      <Bond atomName1="C9" atomName2="C10"/>
      <Bond atomName1="C23" atomName2="C10"/>
      <Bond atomName1="C13" atomName2="N6"/>
      <Bond atomName1="C10" atomName2="N4"/>
      <Bond atomName1="N7" atomName2="C19"/>
      <Bond atomName1="N6" atomName2="C12"/>
      <Bond atomName1="N6" atomName2="C18"/>
      <Bond atomName1="N5" atomName2="C12"/>
      <Bond atomName1="N5" atomName2="C11"/>
      <Bond atomName1="N4" atomName2="C11"/>
      <Bond atomName1="C12" atomName2="C21"/>
      <Bond atomName1="C19" atomName2="C18"/>
      <Bond atomName1="C19" atomName2="O2"/>
      <Bond atomName1="C11" atomName2="N8"/>
      <Bond atomName1="C18" atomName2="C20"/>
      <Bond atomName1="C21" atomName2="C20"/>
      <Bond atomName1="C21" atomName2="C22"/>
      <Bond atomName1="N8" atomName2="C22"/>
      <Bond atomName1="N7" atomName2="H1"/>
      <Bond atomName1="N7" atomName2="H2"/>
      <Bond atomName1="C13" atomName2="H3"/>
      <Bond atomName1="C17" atomName2="H4"/>
      <Bond atomName1="C17" atomName2="H5"/>
      <Bond atomName1="C16" atomName2="H6"/>
      <Bond atomName1="C16" atomName2="H7"/>
      <Bond atomName1="C15" atomName2="H8"/>
      <Bond atomName1="C15" atomName2="H9"/>
      <Bond atomName1="C14" atomName2="H10"/>
      <Bond atomName1="C14" atomName2="H11"/>
      <Bond atomName1="C20" atomName2="H12"/>
      <Bond atomName1="C22" atomName2="H13"/>
      <Bond atomName1="N4" atomName2="H14"/>
      <Bond atomName1="C9" atomName2="H15"/>
      <Bond atomName1="C8" atomName2="H16"/>
      <Bond atomName1="C8" atomName2="H17"/>
      <Bond atomName1="C8" atomName2="H18"/>
      <Bond atomName1="C23" atomName2="H19"/>
      <Bond atomName1="C6" atomName2="H20"/>
      <Bond atomName1="C6" atomName2="H21"/>
      <Bond atomName1="C5" atomName2="H22"/>
      <Bond atomName1="C5" atomName2="H23"/>
      <Bond atomName1="C4" atomName2="H25"/>
      <Bond atomName1="C4" atomName2="H26"/>
      <Bond atomName1="C4" atomName2="H27"/>
      <Bond atomName1="C3" atomName2="H28"/>
      <Bond atomName1="C3" atomName2="H29"/>
      <Bond atomName1="C2" atomName2="H30"/>
      <Bond atomName1="C2" atomName2="H31"/>
      <Bond atomName1="H73" atomName2="N7"/>
    </Residue>
  </Residues>
  <HarmonicBondForce>
    <Bond k="165602.71999999997" length="0.15460000000000002" type1="c" type2="nz"/>
    <Bond k="404090.7199999999" length="0.10300000000000001" type1="hn" type2="nz"/>
    <Bond k="290453.27999999997" length="0.1386" type1="ca" type2="nu"/>
    <Bond k="304176.79999999993" length="0.1373" type1="cd" type2="nu"/>
    <Bond k="443085.5999999999" length="0.10120000000000001" type1="hn" type2="nu"/>
  </HarmonicBondForce>
  <HarmonicAngleForce>
    <Angle angle="2.073974750144862" k="892.0287999999999" type1="nz" type2="c" type3="o"/>
    <Angle angle="1.9394098648160991" k="376.56" type1="c" type2="nz" type3="hn"/>
    <Angle angle="2.15146736893341" k="725.5056000000001" type1="c" type2="cc" type3="na"/>
    <Angle angle="2.0113174299982655" k="681.481552" type1="cc" type2="c" type3="nz"/>
    <Angle angle="2.040988027282169" k="938.0527999999999" type1="nb" type2="ca" type3="nu"/>
    <Angle angle="2.26543736908864" k="543.0832" type1="ca" type2="nu" type3="cd"/>
    <Angle angle="2.0258036627898184" k="408.3584" type1="ca" type2="nu" type3="hn"/>
    <Angle angle="2.161415745669778" k="722.1584" type1="cc" type2="cd" type3="nu"/>
    <Angle angle="2.0895081804876114" k="719.648" type1="cd" type2="cd" type3="nu"/>
    <Angle angle="2.0181242140810434" k="412.5424" type1="cd" type2="nu" type3="hn"/>
    <Angle angle="1.8901915799098588" k="334.72" type1="hn" type2="nz" type3="hn"/>
  </HarmonicAngleForce>
  <PeriodicTorsionForce>
    <Proper k1="0.0" periodicity1="3" phase1="3.141592653589793" type1="o" type2="c" type3="nz" type4="hn"/>
    <Proper k1="0.343088" periodicity1="3" phase1="3.141592653589793" type1="cc" type2="c" type3="nz" type4="hn"/>
    <Proper k1="2.11292" periodicity1="2" phase1="3.141592653589793" type1="ca" type2="ca" type3="cd" type4="cc"/>
    <Proper k1="2.9288" periodicity1="2" phase1="3.141592653589793" type1="ca" type2="ca" type3="cd" type4="ha"/>
    <Proper k1="4.3932" periodicity1="2" phase1="3.141592653589793" type1="nb" type2="ca" type3="nu" type4="cd"/>
    <Proper k1="4.3932" periodicity1="2" phase1="3.141592653589793" type1="nb" type2="ca" type3="nu" type4="hn"/>
    <Proper k1="4.3932" periodicity1="2" phase1="3.141592653589793" type1="cc" type2="cd" type3="nu" type4="ca"/>
    <Proper k1="4.3932" periodicity1="2" phase1="3.141592653589793" type1="cd" type2="cd" type3="nu" type4="ca"/>
    <Proper k1="4.3932" periodicity1="2" phase1="3.141592653589793" type1="cc" type2="cd" type3="nu" type4="hn"/>
    <Proper k1="4.3932" periodicity1="2" phase1="3.141592653589793" type1="cd" type2="cd" type3="nu" type4="hn"/>
    <Improper k1="43.932" periodicity1="2" phase1="3.141592653589793" type1="c" type2="cc" type3="nz" type4="o"/>
    <Improper k1="4.6024" periodicity1="2" phase1="3.141592653589793" type1="cc" type2="c" type3="cd" type4="na"/>
    <Improper k1="4.6024" periodicity1="2" phase1="3.141592653589793" type1="na" type2="c3" type3="ca" type4="cc"/>
    <Improper k1="4.6024" periodicity1="2" phase1="3.141592653589793" type1="cd" type2="ca" type3="cc" type4="ha"/>
    <Improper k1="4.6024" periodicity1="2" phase1="3.141592653589793" type1="ca" type2="ca" type3="ca" type4="cd"/>
    <Improper k1="4.6024" periodicity1="2" phase1="3.141592653589793" type1="ca" type2="ca" type3="na" type4="nb"/>
    <Improper k1="4.6024" periodicity1="2" phase1="3.141592653589793" type1="ca" type2="ca" type3="h4" type4="nb"/>
    <Improper k1="4.6024" periodicity1="2" phase1="3.141592653589793" type1="ca" type2="nb" type3="nb" type4="nu"/>
    <Improper k1="4.6024" periodicity1="2" phase1="3.141592653589793" type1="nu" type2="ca" type3="cd" type4="hn"/>
    <Improper k1="4.6024" periodicity1="2" phase1="3.141592653589793" type1="cd" type2="cc" type3="cd" type4="nu"/>
    <Improper k1="4.6024" periodicity1="2" phase1="3.141592653589793" type1="cc" type2="cd" type3="h4" type4="na"/>
    <Improper k1="4.6024" periodicity1="2" phase1="3.141592653589793" type1="na" type2="c3" type3="cc" type4="cc"/>
    <Improper k1="4.6024" periodicity1="2" phase1="3.141592653589793" type1="cd" type2="cc" type3="cd" type4="ha"/>
    <Improper k1="43.932" periodicity1="2" phase1="3.141592653589793" type1="c" type2="cc" type3="n" type4="o"/>
    <Improper k1="4.6024" periodicity1="2" phase1="3.141592653589793" type1="n" type2="c" type3="c3" type4="c3"/>
  </PeriodicTorsionForce>
</ForceField>
