<ForceField>
  <Info>
    <DateGenerated>2019-07-05</DateGenerated>
  </Info>
  <Residues>
    <Residue name="MC_0K7">
      <Atom charge="-0.107" name="CAF" type="ca"/>
      <Atom charge="-0.137" name="CAD" type="ca"/>
      <Atom charge="-0.0993" name="CAL" type="ca"/>
      <Atom charge="-0.0438" name="CAA" type="c3"/>
      <Atom charge="-0.137" name="CAE" type="ca"/>
      <Atom charge="-0.107" name="CAG" type="ca"/>
      <Atom charge="-0.0925" name="CAM" type="ca"/>
      <Atom charge="0.4689" name="CAO" type="cc"/>
      <Atom charge="-0.599" name="NAI" type="nd"/>
      <Atom charge="-0.3293" name="SAJ" type="ss"/>
      <Atom charge="-0.1674" name="CAH" type="cc"/>
      <Atom charge="0.3528" name="CAN" type="cd"/>
      <Atom charge="0.7971" name="CAK" type="c"/>
      <Atom charge="-0.8198" name="OAC" type="o"/>
      <Atom charge="-0.8198" name="OAB" type="o"/>
      <Atom charge="0.151" name="H1" type="ha"/>
      <Atom charge="0.1215" name="H2" type="ha"/>
      <Atom charge="0.035033" name="H3" type="hc"/>
      <Atom charge="0.035033" name="H4" type="hc"/>
      <Atom charge="0.035033" name="H5" type="hc"/>
      <Atom charge="0.1215" name="H6" type="ha"/>
      <Atom charge="0.151" name="H7" type="ha"/>
      <Atom charge="0.19" name="H8" type="h4"/>
      <Bond atomName1="CAA" atomName2="CAL"/>
      <Bond atomName1="CAL" atomName2="CAD"/>
      <Bond atomName1="CAL" atomName2="CAE"/>
      <Bond atomName1="CAD" atomName2="CAF"/>
      <Bond atomName1="CAE" atomName2="CAG"/>
      <Bond atomName1="CAF" atomName2="CAM"/>
      <Bond atomName1="CAG" atomName2="CAM"/>
      <Bond atomName1="CAM" atomName2="CAO"/>
      <Bond atomName1="CAO" atomName2="NAI"/>
      <Bond atomName1="CAO" atomName2="SAJ"/>
      <Bond atomName1="NAI" atomName2="CAN"/>
      <Bond atomName1="SAJ" atomName2="CAH"/>
      <Bond atomName1="CAN" atomName2="CAH"/>
      <Bond atomName1="CAN" atomName2="CAK"/>
      <Bond atomName1="OAB" atomName2="CAK"/>
      <Bond atomName1="CAK" atomName2="OAC"/>
      <Bond atomName1="CAF" atomName2="H1"/>
      <Bond atomName1="CAD" atomName2="H2"/>
      <Bond atomName1="CAA" atomName2="H3"/>
      <Bond atomName1="CAA" atomName2="H4"/>
      <Bond atomName1="CAA" atomName2="H5"/>
      <Bond atomName1="CAE" atomName2="H6"/>
      <Bond atomName1="CAG" atomName2="H7"/>
      <Bond atomName1="CAH" atomName2="H8"/>
    </Residue>
  </Residues>
  <PeriodicTorsionForce>
    <Proper k1="2.9288" periodicity1="2" phase1="3.141592653589793" type1="ca" type2="ca" type3="cc" type4="nd"/>
    <Proper k1="2.9288" periodicity1="2" phase1="3.141592653589793" type1="ca" type2="ca" type3="cc" type4="ss"/>
    <Proper k1="4.6024" periodicity1="2" phase1="3.141592653589793" type1="ca" type2="cc" type3="ss" type4="cc"/>
    <Proper k1="4.6024" periodicity1="2" phase1="3.141592653589793" type1="cd" type2="cc" type3="ss" type4="cc"/>
    <Proper k1="4.6024" periodicity1="2" phase1="3.141592653589793" type1="h4" type2="cc" type3="ss" type4="cc"/>
    <Proper k1="4.6024" periodicity1="2" phase1="3.141592653589793" type1="nd" type2="cc" type3="ss" type4="cc"/>
    <Improper k1="4.6024" periodicity1="2" phase1="3.141592653589793" type1="ca" type2="ca" type3="ca" type4="ha"/>
    <Improper k1="4.6024" periodicity1="2" phase1="3.141592653589793" type1="ca" type2="ca" type3="ca" type4="cc"/>
    <Improper k1="4.6024" periodicity1="2" phase1="3.141592653589793" type1="cc" type2="ca" type3="nd" type4="ss"/>
    <Improper k1="4.6024" periodicity1="2" phase1="3.141592653589793" type1="cc" type2="cd" type3="h4" type4="ss"/>
    <Improper k1="4.6024" periodicity1="2" phase1="3.141592653589793" type1="cd" type2="c" type3="cc" type4="nd"/>
    <Improper k1="4.6024" periodicity1="2" phase1="3.141592653589793" type1="c" type2="cd" type3="o" type4="o"/>
  </PeriodicTorsionForce>
</ForceField>
