<ForceField>
  <Info>
    <DateGenerated>2019-07-05</DateGenerated>
  </Info>
  <Residues>
    <Residue name="MC_0K9">
      <Atom charge="-0.1009" name="C24" type="cy"/>
      <Atom charge="-0.0964" name="C25" type="cy"/>
      <Atom charge="-0.1009" name="C26" type="cy"/>
      <Atom charge="0.1348" name="C18" type="cy"/>
      <Atom charge="-0.1114" name="C19" type="c3"/>
      <Atom charge="-0.4091" name="O17" type="os"/>
      <Atom charge="0.6666" name="C16" type="ca"/>
      <Atom charge="-0.716" name="N23" type="nb"/>
      <Atom charge="0.4572" name="C22" type="ca"/>
      <Atom charge="-0.2486" name="C21" type="ca"/>
      <Atom charge="-0.0151" name="C27" type="c3"/>
      <Atom charge="-0.068" name="C28" type="c3"/>
      <Atom charge="-0.082767" name="C30" type="c3"/>
      <Atom charge="-0.082767" name="C31" type="c3"/>
      <Atom charge="-0.082767" name="C29" type="c3"/>
      <Atom charge="-0.041" name="C20" type="ca"/>
      <Atom charge="-0.2586" name="C15" type="ca"/>
      <Atom charge="0.2178" name="C14" type="c3"/>
      <Atom charge="-0.8042" name="N4" type="n7"/>
      <Atom charge="0.1538" name="C3" type="c3"/>
      <Atom charge="0.0831" name="C2" type="c3"/>
      <Atom charge="-0.6118" name="O5" type="oh"/>
      <Atom charge="0.1087" name="C1" type="c3"/>
      <Atom charge="-0.5839" name="N6" type="ns"/>
      <Atom charge="0.6551" name="C33" type="c"/>
      <Atom charge="-0.5901" name="O34" type="o"/>
      <Atom charge="0.0691" name="C35" type="c3"/>
      <Atom charge="-0.1121" name="C42" type="c3"/>
      <Atom charge="-0.3916" name="O36" type="os"/>
      <Atom charge="0.1247" name="C37" type="c3"/>
      <Atom charge="-0.0651" name="C7" type="c3"/>
      <Atom charge="-0.0823" name="C8" type="ca"/>
      <Atom charge="-0.108" name="C9" type="ca"/>
      <Atom charge="-0.115" name="C13" type="ca"/>
      <Atom charge="-0.134" name="C12" type="ca"/>
      <Atom charge="-0.086" name="C11" type="ca"/>
      <Atom charge="-0.1305" name="C10" type="ca"/>
      <Atom charge="0.5399" name="C32" type="cc"/>
      <Atom charge="-0.681" name="N38" type="nd"/>
      <Atom charge="0.3692" name="C39" type="cd"/>
      <Atom charge="-0.1824" name="C40" type="cc"/>
      <Atom charge="-0.2543" name="S41" type="ss"/>
      <Atom charge="0.06695" name="H1" type="hc"/>
      <Atom charge="0.06695" name="H2" type="hc"/>
      <Atom charge="0.0607" name="H3" type="hc"/>
      <Atom charge="0.0607" name="H4" type="hc"/>
      <Atom charge="0.06695" name="H5" type="hc"/>
      <Atom charge="0.06695" name="H6" type="hc"/>
      <Atom charge="0.0617" name="H7" type="hc"/>
      <Atom charge="0.0617" name="H8" type="hc"/>
      <Atom charge="0.0271" name="H9" type="h4"/>
      <Atom charge="0.0462" name="H10" type="hc"/>
      <Atom charge="0.0462" name="H11" type="hc"/>
      <Atom charge="0.0357" name="H12" type="hc"/>
      <Atom charge="0.0357" name="H13" type="hc"/>
      <Atom charge="0.0357" name="H14" type="hc"/>
      <Atom charge="0.0357" name="H15" type="hc"/>
      <Atom charge="0.0357" name="H16" type="hc"/>
      <Atom charge="0.0357" name="H17" type="hc"/>
      <Atom charge="0.0357" name="H18" type="hc"/>
      <Atom charge="0.0357" name="H19" type="hc"/>
      <Atom charge="0.0357" name="H20" type="hc"/>
      <Atom charge="0.143" name="H21" type="ha"/>
      <Atom charge="0.0707" name="H22" type="h1"/>
      <Atom charge="0.3628" name="H23" type="hn"/>
      <Atom charge="0.0617" name="H25" type="h1"/>
      <Atom charge="0.0617" name="H26" type="h1"/>
      <Atom charge="0.0757" name="H27" type="h1"/>
      <Atom charge="0.409" name="H28" type="ho"/>
      <Atom charge="0.0717" name="H29" type="h1"/>
      <Atom charge="0.3195" name="H30" type="hn"/>
      <Atom charge="0.0487" name="H31" type="h1"/>
      <Atom charge="0.049033" name="H32" type="hc"/>
      <Atom charge="0.049033" name="H33" type="hc"/>
      <Atom charge="0.049033" name="H34" type="hc"/>
      <Atom charge="0.034033" name="H35" type="h1"/>
      <Atom charge="0.034033" name="H36" type="h1"/>
      <Atom charge="0.034033" name="H37" type="h1"/>
      <Atom charge="0.0767" name="H38" type="hc"/>
      <Atom charge="0.0767" name="H39" type="hc"/>
      <Atom charge="0.141" name="H40" type="ha"/>
      <Atom charge="0.134" name="H41" type="ha"/>
      <Atom charge="0.136" name="H42" type="ha"/>
      <Atom charge="0.155" name="H43" type="ha"/>
      <Atom charge="0.0431" name="H44" type="h4"/>
      <Atom charge="0.181" name="H45" type="h4"/>
      <Bond atomName1="C30" atomName2="C28"/>
      <Bond atomName1="C29" atomName2="C28"/>
      <Bond atomName1="C28" atomName2="C31"/>
      <Bond atomName1="C28" atomName2="C27"/>
      <Bond atomName1="C22" atomName2="N23"/>
      <Bond atomName1="C22" atomName2="C21"/>
      <Bond atomName1="C27" atomName2="C21"/>
      <Bond atomName1="N23" atomName2="C16"/>
      <Bond atomName1="C21" atomName2="C20"/>
      <Bond atomName1="C16" atomName2="O17"/>
      <Bond atomName1="C16" atomName2="C15"/>
      <Bond atomName1="C20" atomName2="C15"/>
      <Bond atomName1="O17" atomName2="C18"/>
      <Bond atomName1="C26" atomName2="C25"/>
      <Bond atomName1="C26" atomName2="C18"/>
      <Bond atomName1="C15" atomName2="C14"/>
      <Bond atomName1="C25" atomName2="C24"/>
      <Bond atomName1="C18" atomName2="C24"/>
      <Bond atomName1="C18" atomName2="C19"/>
      <Bond atomName1="C14" atomName2="C19"/>
      <Bond atomName1="C14" atomName2="N4"/>
      <Bond atomName1="N4" atomName2="C3"/>
      <Bond atomName1="O5" atomName2="C2"/>
      <Bond atomName1="O34" atomName2="C33"/>
      <Bond atomName1="C3" atomName2="C2"/>
      <Bond atomName1="C2" atomName2="C1"/>
      <Bond atomName1="C1" atomName2="C7"/>
      <Bond atomName1="C1" atomName2="N6"/>
      <Bond atomName1="C33" atomName2="N6"/>
      <Bond atomName1="C33" atomName2="C35"/>
      <Bond atomName1="C13" atomName2="C12"/>
      <Bond atomName1="C13" atomName2="C8"/>
      <Bond atomName1="C7" atomName2="C8"/>
      <Bond atomName1="C42" atomName2="C35"/>
      <Bond atomName1="C35" atomName2="O36"/>
      <Bond atomName1="C12" atomName2="C11"/>
      <Bond atomName1="C8" atomName2="C9"/>
      <Bond atomName1="O36" atomName2="C37"/>
      <Bond atomName1="C11" atomName2="C10"/>
      <Bond atomName1="C9" atomName2="C10"/>
      <Bond atomName1="C10" atomName2="C32"/>
      <Bond atomName1="C32" atomName2="N38"/>
      <Bond atomName1="C32" atomName2="S41"/>
      <Bond atomName1="N38" atomName2="C39"/>
      <Bond atomName1="S41" atomName2="C40"/>
      <Bond atomName1="C39" atomName2="C40"/>
      <Bond atomName1="C24" atomName2="H1"/>
      <Bond atomName1="C24" atomName2="H2"/>
      <Bond atomName1="C25" atomName2="H3"/>
      <Bond atomName1="C25" atomName2="H4"/>
      <Bond atomName1="C26" atomName2="H5"/>
      <Bond atomName1="C26" atomName2="H6"/>
      <Bond atomName1="C19" atomName2="H7"/>
      <Bond atomName1="C19" atomName2="H8"/>
      <Bond atomName1="C22" atomName2="H9"/>
      <Bond atomName1="C27" atomName2="H10"/>
      <Bond atomName1="C27" atomName2="H11"/>
      <Bond atomName1="C30" atomName2="H12"/>
      <Bond atomName1="C30" atomName2="H13"/>
      <Bond atomName1="C30" atomName2="H14"/>
      <Bond atomName1="C31" atomName2="H15"/>
      <Bond atomName1="C31" atomName2="H16"/>
      <Bond atomName1="C31" atomName2="H17"/>
      <Bond atomName1="C29" atomName2="H18"/>
      <Bond atomName1="C29" atomName2="H19"/>
      <Bond atomName1="C29" atomName2="H20"/>
      <Bond atomName1="C20" atomName2="H21"/>
      <Bond atomName1="C14" atomName2="H22"/>
      <Bond atomName1="N4" atomName2="H23"/>
      <Bond atomName1="C3" atomName2="H25"/>
      <Bond atomName1="C3" atomName2="H26"/>
      <Bond atomName1="C2" atomName2="H27"/>
      <Bond atomName1="O5" atomName2="H28"/>
      <Bond atomName1="C1" atomName2="H29"/>
      <Bond atomName1="N6" atomName2="H30"/>
      <Bond atomName1="C35" atomName2="H31"/>
      <Bond atomName1="C42" atomName2="H32"/>
      <Bond atomName1="C42" atomName2="H33"/>
      <Bond atomName1="C42" atomName2="H34"/>
      <Bond atomName1="C37" atomName2="H35"/>
      <Bond atomName1="C37" atomName2="H36"/>
      <Bond atomName1="C37" atomName2="H37"/>
      <Bond atomName1="C7" atomName2="H38"/>
      <Bond atomName1="C7" atomName2="H39"/>
      <Bond atomName1="C9" atomName2="H40"/>
      <Bond atomName1="C13" atomName2="H41"/>
      <Bond atomName1="C12" atomName2="H42"/>
      <Bond atomName1="C11" atomName2="H43"/>
      <Bond atomName1="C39" atomName2="H44"/>
      <Bond atomName1="C40" atomName2="H45"/>
    </Residue>
  </Residues>
  <HarmonicBondForce>
    <Bond k="218572.15999999995" length="0.14650000000000002" type1="c3" type2="n7"/>
    <Bond k="427855.8399999999" length="0.10189999999999999" type1="hn" type2="n7"/>
    <Bond k="220747.83999999997" length="0.1462" type1="c3" type2="ns"/>
    <Bond k="298068.1599999999" length="0.1379" type1="c" type2="ns"/>
    <Bond k="441244.6399999999" length="0.1013" type1="hn" type2="ns"/>
  </HarmonicBondForce>
  <HarmonicAngleForce>
    <Angle angle="1.9380136014145037" k="697.0544" type1="c3" type2="c3" type3="n7"/>
    <Angle angle="1.95756128903684" k="698.7280000000001" type1="ca" type2="c3" type3="n7"/>
    <Angle angle="1.9608774146156291" k="549.7776" type1="c3" type2="n7" type3="c3"/>
    <Angle angle="1.9074703395046029" k="399.99039999999997" type1="c3" type2="n7" type3="hn"/>
    <Angle angle="1.9177677820913692" k="512.1216000000001" type1="h1" type2="c3" type3="n7"/>
    <Angle angle="1.9479619781508712" k="696.2176000000001" type1="c3" type2="c3" type3="ns"/>
    <Angle angle="2.1064378742319563" k="546.4304" type1="c" type2="ns" type3="c3"/>
    <Angle angle="2.053903463746927" k="385.76480000000004" type1="c3" type2="ns" type3="hn"/>
    <Angle angle="1.900314489571426" k="514.6320000000001" type1="h1" type2="c3" type3="ns"/>
    <Angle angle="2.1476276445790226" k="952.2784" type1="ns" type2="c" type3="o"/>
    <Angle angle="2.010270232447069" k="705.4224" type1="c3" type2="c" type3="ns"/>
    <Angle angle="2.051634535719334" k="407.52160000000003" type1="c" type2="ns" type3="hn"/>
  </HarmonicAngleForce>
  <PeriodicTorsionForce>
    <Proper k1="0.5439200000000001" k2="1.21336" k3="0.46024000000000004" periodicity1="3" periodicity2="2" periodicity3="1" phase1="0.0" phase2="3.141592653589793" phase3="0.0" type1="c3" type2="c3" type3="cy" type4="cy"/>
    <Proper k1="0.33472" periodicity1="3" phase1="0.0" type1="hc" type2="c3" type3="cy" type4="cy"/>
    <Proper k1="1.6038666666666666" periodicity1="3" phase1="0.0" type1="cy" type2="cy" type3="os" type4="ca"/>
    <Proper k1="1.6038666666666666" periodicity1="3" phase1="0.0" type1="c3" type2="cy" type3="os" type4="ca"/>
    <Proper k1="0.9079280000000001" periodicity1="3" phase1="0.0" type1="c3" type2="c3" type3="n7" type4="hn"/>
    <Proper k1="0.87864" periodicity1="3" phase1="0.0" type1="c3" type2="c3" type3="cy" type4="os"/>
    <Proper k1="0.0" k2="1.046" periodicity1="3" periodicity2="1" phase1="0.0" phase2="0.0" type1="hc" type2="c3" type3="cy" type4="os"/>
    <Proper k1="1.2552" periodicity1="3" phase1="0.0" type1="ca" type2="c3" type3="n7" type4="c3"/>
    <Proper k1="1.2552" periodicity1="3" phase1="0.0" type1="ca" type2="c3" type3="n7" type4="hn"/>
    <Proper k1="0.9414" periodicity1="3" phase1="0.0" type1="h1" type2="c3" type3="n7" type4="c3"/>
    <Proper k1="0.41840000000000005" periodicity1="3" phase1="0.0" type1="hc" type2="c3" type3="c3" type4="n7"/>
    <Proper k1="0.87864" periodicity1="3" phase1="0.0" type1="c3" type2="c3" type3="c3" type4="n7"/>
    <Proper k1="0.41840000000000005" periodicity1="3" phase1="0.0" type1="c3" type2="c3" type3="c3" type4="ns"/>
    <Proper k1="0.41840000000000005" k2="0.7112800000000001" k3="4.26768" periodicity1="4" periodicity2="3" periodicity3="1" phase1="3.141592653589793" phase2="0.0" phase3="3.141592653589793" type1="c3" type2="c3" type3="ns" type4="c"/>
    <Proper k1="0.0" periodicity1="2" phase1="0.0" type1="c3" type2="c3" type3="ns" type4="hn"/>
    <Proper k1="0.42258400000000007" periodicity1="3" phase1="0.0" type1="ns" type2="c3" type3="c3" type4="oh"/>
    <Proper k1="10.46" periodicity1="2" phase1="3.141592653589793" type1="o" type2="c" type3="ns" type4="c3"/>
    <Proper k1="1.0878400000000001" k2="2.092" periodicity1="2" periodicity2="1" phase1="3.141592653589793" phase2="0.0" type1="c3" type2="c" type3="ns" type4="c3"/>
    <Proper k1="0.87864" periodicity1="3" phase1="0.0" type1="ca" type2="c3" type3="c3" type4="ns"/>
    <Proper k1="0.0" k2="2.97064" periodicity1="4" periodicity2="2" phase1="3.141592653589793" phase2="3.141592653589793" type1="ns" type2="c" type3="c3" type4="c3"/>
    <Proper k1="0.0" periodicity1="2" phase1="3.141592653589793" type1="h1" type2="c3" type3="ns" type4="c"/>
    <Proper k1="10.46" k2="8.368" periodicity1="2" periodicity2="1" phase1="3.141592653589793" phase2="0.0" type1="o" type2="c" type3="ns" type4="hn"/>
    <Proper k1="10.46" periodicity1="2" phase1="3.141592653589793" type1="c3" type2="c" type3="ns" type4="hn"/>
    <Proper k1="2.9288" periodicity1="2" phase1="3.141592653589793" type1="ca" type2="ca" type3="cc" type4="nd"/>
    <Proper k1="2.9288" periodicity1="2" phase1="3.141592653589793" type1="ca" type2="ca" type3="cc" type4="ss"/>
    <Proper k1="4.6024" periodicity1="2" phase1="3.141592653589793" type1="ca" type2="cc" type3="ss" type4="cc"/>
    <Proper k1="4.6024" periodicity1="2" phase1="3.141592653589793" type1="cd" type2="cc" type3="ss" type4="cc"/>
    <Proper k1="4.6024" periodicity1="2" phase1="3.141592653589793" type1="h4" type2="cc" type3="ss" type4="cc"/>
    <Proper k1="4.6024" periodicity1="2" phase1="3.141592653589793" type1="nd" type2="cc" type3="ss" type4="cc"/>
    <Proper k1="1.2552" periodicity1="3" phase1="0.0" type1="h1" type2="c3" type3="n7" type4="hn"/>
    <Proper k1="0.0" periodicity1="2" phase1="0.0" type1="h1" type2="c3" type3="ns" type4="hn"/>
    <Improper k1="4.6024" periodicity1="2" phase1="3.141592653589793" type1="ca" type2="ca" type3="nb" type4="os"/>
    <Improper k1="4.6024" periodicity1="2" phase1="3.141592653589793" type1="ca" type2="ca" type3="h4" type4="nb"/>
    <Improper k1="4.6024" periodicity1="2" phase1="3.141592653589793" type1="ca" type2="ca" type3="ca" type4="ha"/>
    <Improper k1="4.6024" periodicity1="2" phase1="3.141592653589793" type1="ns" type2="c" type3="c3" type4="hn"/>
    <Improper k1="43.932" periodicity1="2" phase1="3.141592653589793" type1="c" type2="c3" type3="ns" type4="o"/>
    <Improper k1="4.6024" periodicity1="2" phase1="3.141592653589793" type1="ca" type2="ca" type3="ca" type4="cc"/>
    <Improper k1="4.6024" periodicity1="2" phase1="3.141592653589793" type1="cc" type2="ca" type3="nd" type4="ss"/>
    <Improper k1="4.6024" periodicity1="2" phase1="3.141592653589793" type1="cd" type2="cc" type3="h4" type4="nd"/>
    <Improper k1="4.6024" periodicity1="2" phase1="3.141592653589793" type1="cc" type2="cd" type3="h4" type4="ss"/>
  </PeriodicTorsionForce>
</ForceField>
