<ForceField>
  <Info>
    <DateGenerated>2019-07-05</DateGenerated>
  </Info>
  <Residues>
    <Residue name="MC_0KB">
      <Atom charge="-0.891833" name="OAW" type="o"/>
      <Atom charge="1.041" name="PAV" type="p5"/>
      <Atom charge="-0.891833" name="OAY" type="o"/>
      <Atom charge="-0.891833" name="OAX" type="o"/>
      <Atom charge="-0.1385" name="CAQ" type="ca"/>
      <Atom charge="-0.052" name="CAR" type="ca"/>
      <Atom charge="-0.208" name="CAS" type="ca"/>
      <Atom charge="-0.144" name="CAT" type="ca"/>
      <Atom charge="-0.276" name="CAU" type="ca"/>
      <Atom charge="0.1721" name="CAP" type="ca"/>
      <Atom charge="-0.2079" name="OAO" type="os"/>
      <Atom charge="0.0784" name="CAA" type="c3"/>
      <Atom charge="0.6291" name="CAB" type="c"/>
      <Atom charge="-0.4731" name="OAD" type="o"/>
      <Atom charge="-0.5061" name="NAC" type="ns"/>
      <Atom charge="0.0846" name="CAE" type="ca"/>
      <Atom charge="-0.138" name="CAF" type="ca"/>
      <Atom charge="-0.1743" name="CAG" type="ca"/>
      <Atom charge="0.6712" name="CAK" type="c3"/>
      <Atom charge="-0.233967" name="FAM" type="f"/>
      <Atom charge="-0.233967" name="FAN" type="f"/>
      <Atom charge="-0.233967" name="FAL" type="f"/>
      <Atom charge="-0.123" name="CAH" type="ca"/>
      <Atom charge="-0.118" name="CAI" type="ca"/>
      <Atom charge="-0.091" name="CAJ" type="ca"/>
      <Atom charge="0.148" name="H3" type="ha"/>
      <Atom charge="0.082" name="H4" type="ha"/>
      <Atom charge="0.075" name="H5" type="ha"/>
      <Atom charge="0.08" name="H6" type="ha"/>
      <Atom charge="0.0277" name="H7" type="h1"/>
      <Atom charge="0.0277" name="H8" type="h1"/>
      <Atom charge="0.3105" name="H9" type="hn"/>
      <Atom charge="0.137" name="H10" type="ha"/>
      <Atom charge="0.128" name="H11" type="ha"/>
      <Atom charge="0.138" name="H12" type="ha"/>
      <Atom charge="0.197" name="H13" type="ha"/>
      <Bond atomName1="OAY" atomName2="PAV"/>
      <Bond atomName1="FAL" atomName2="CAK"/>
      <Bond atomName1="FAN" atomName2="CAK"/>
      <Bond atomName1="CAK" atomName2="CAG"/>
      <Bond atomName1="CAK" atomName2="FAM"/>
      <Bond atomName1="OAO" atomName2="CAA"/>
      <Bond atomName1="OAO" atomName2="CAP"/>
      <Bond atomName1="CAA" atomName2="CAB"/>
      <Bond atomName1="CAU" atomName2="CAP"/>
      <Bond atomName1="CAU" atomName2="CAT"/>
      <Bond atomName1="CAP" atomName2="CAQ"/>
      <Bond atomName1="CAF" atomName2="CAG"/>
      <Bond atomName1="CAF" atomName2="CAE"/>
      <Bond atomName1="OAD" atomName2="CAB"/>
      <Bond atomName1="CAB" atomName2="NAC"/>
      <Bond atomName1="CAT" atomName2="CAS"/>
      <Bond atomName1="CAQ" atomName2="PAV"/>
      <Bond atomName1="CAQ" atomName2="CAR"/>
      <Bond atomName1="PAV" atomName2="OAW"/>
      <Bond atomName1="PAV" atomName2="OAX"/>
      <Bond atomName1="CAG" atomName2="CAH"/>
      <Bond atomName1="NAC" atomName2="CAE"/>
      <Bond atomName1="CAS" atomName2="CAR"/>
      <Bond atomName1="CAE" atomName2="CAJ"/>
      <Bond atomName1="CAH" atomName2="CAI"/>
      <Bond atomName1="CAJ" atomName2="CAI"/>
      <Bond atomName1="CAR" atomName2="H3"/>
      <Bond atomName1="CAS" atomName2="H4"/>
      <Bond atomName1="CAT" atomName2="H5"/>
      <Bond atomName1="CAU" atomName2="H6"/>
      <Bond atomName1="CAA" atomName2="H7"/>
      <Bond atomName1="CAA" atomName2="H8"/>
      <Bond atomName1="NAC" atomName2="H9"/>
      <Bond atomName1="CAF" atomName2="H10"/>
      <Bond atomName1="CAH" atomName2="H11"/>
      <Bond atomName1="CAI" atomName2="H12"/>
      <Bond atomName1="CAJ" atomName2="H13"/>
    </Residue>
  </Residues>
  <HarmonicBondForce>
    <Bond k="298068.1599999999" length="0.1379" type1="c" type2="ns"/>
    <Bond k="263759.3599999999" length="0.1412" type1="ca" type2="ns"/>
    <Bond k="441244.6399999999" length="0.1013" type1="hn" type2="ns"/>
  </HarmonicBondForce>
  <HarmonicAngleForce>
    <Angle angle="2.010270232447069" k="705.4224" type1="c3" type2="c" type3="ns"/>
    <Angle angle="2.159146817642185" k="549.7776" type1="c" type2="ns" type3="ca"/>
    <Angle angle="2.051634535719334" k="407.52160000000003" type1="c" type2="ns" type3="hn"/>
    <Angle angle="2.1476276445790226" k="952.2784" type1="ns" type2="c" type3="o"/>
    <Angle angle="2.0977112279719847" k="716.3008" type1="ca" type2="ca" type3="ns"/>
    <Angle angle="2.0245819323134224" k="401.664" type1="ca" type2="ns" type3="hn"/>
  </HarmonicAngleForce>
  <PeriodicTorsionForce>
    <Proper k1="3.138" k2="2.092" periodicity1="2" periodicity2="3" phase1="3.141592653589793" phase2="0.0" type1="c3" type2="c" type3="ns" type4="ca"/>
    <Proper k1="10.46" periodicity1="2" phase1="3.141592653589793" type1="c3" type2="c" type3="ns" type4="hn"/>
    <Proper k1="3.9748" periodicity1="2" phase1="3.141592653589793" type1="ca" type2="ca" type3="ns" type4="c"/>
    <Proper k1="10.46" periodicity1="2" phase1="3.141592653589793" type1="o" type2="c" type3="ns" type4="ca"/>
    <Proper k1="10.46" k2="8.368" periodicity1="2" periodicity2="1" phase1="3.141592653589793" phase2="0.0" type1="o" type2="c" type3="ns" type4="hn"/>
    <Proper k1="1.8828" periodicity1="2" phase1="3.141592653589793" type1="ca" type2="ca" type3="ns" type4="hn"/>
    <Improper k1="4.6024" periodicity1="2" phase1="3.141592653589793" type1="ca" type2="ca" type3="ca" type4="p5"/>
    <Improper k1="4.6024" periodicity1="2" phase1="3.141592653589793" type1="ca" type2="ca" type3="ca" type4="ha"/>
    <Improper k1="4.6024" periodicity1="2" phase1="3.141592653589793" type1="ca" type2="ca" type3="ca" type4="os"/>
    <Improper k1="43.932" periodicity1="2" phase1="3.141592653589793" type1="c" type2="c3" type3="ns" type4="o"/>
    <Improper k1="4.6024" periodicity1="2" phase1="3.141592653589793" type1="ns" type2="c" type3="ca" type4="hn"/>
    <Improper k1="4.6024" periodicity1="2" phase1="3.141592653589793" type1="ca" type2="ca" type3="ca" type4="ns"/>
  </PeriodicTorsionForce>
</ForceField>
