<ForceField>
  <Info>
    <DateGenerated>2019-07-05</DateGenerated>
  </Info>
  <Residues>
    <Residue name="MC_0KC">
      <Atom charge="-0.0999" name="CAS" type="c3"/>
      <Atom charge="-0.0849" name="CAR" type="c3"/>
      <Atom charge="-0.0849" name="CAQ" type="c3"/>
      <Atom charge="-0.0999" name="CAT" type="c3"/>
      <Atom charge="0.1277" name="CAP" type="c3"/>
      <Atom charge="-0.6109" name="NAN" type="ns"/>
      <Atom charge="0.6331" name="CAM" type="c"/>
      <Atom charge="-0.5001" name="OAO" type="o"/>
      <Atom charge="0.0744" name="CAL" type="c3"/>
      <Atom charge="-0.2139" name="OAK" type="os"/>
      <Atom charge="0.1731" name="CAB" type="ca"/>
      <Atom charge="-0.277" name="CAA" type="ca"/>
      <Atom charge="-0.145" name="CAF" type="ca"/>
      <Atom charge="-0.21" name="CAE" type="ca"/>
      <Atom charge="-0.05" name="CAD" type="ca"/>
      <Atom charge="-0.1415" name="CAC" type="ca"/>
      <Atom charge="1.046" name="PAG" type="p5"/>
      <Atom charge="-0.894167" name="OAI" type="o"/>
      <Atom charge="-0.894167" name="OAJ" type="o"/>
      <Atom charge="-0.894167" name="OAH" type="o"/>
      <Atom charge="0.04845" name="H1" type="hc"/>
      <Atom charge="0.04845" name="H2" type="hc"/>
      <Atom charge="0.03245" name="H3" type="hc"/>
      <Atom charge="0.03245" name="H4" type="hc"/>
      <Atom charge="0.03245" name="H5" type="hc"/>
      <Atom charge="0.03245" name="H6" type="hc"/>
      <Atom charge="0.04845" name="H7" type="hc"/>
      <Atom charge="0.04845" name="H8" type="hc"/>
      <Atom charge="0.0947" name="H9" type="h1"/>
      <Atom charge="0.2935" name="H10" type="hn"/>
      <Atom charge="0.0242" name="H11" type="h1"/>
      <Atom charge="0.0242" name="H12" type="h1"/>
      <Atom charge="0.081" name="H13" type="ha"/>
      <Atom charge="0.073" name="H14" type="ha"/>
      <Atom charge="0.081" name="H15" type="ha"/>
      <Atom charge="0.151" name="H16" type="ha"/>
      <Bond atomName1="OAJ" atomName2="PAG"/>
      <Bond atomName1="CAT" atomName2="CAQ"/>
      <Bond atomName1="CAT" atomName2="CAP"/>
      <Bond atomName1="OAK" atomName2="CAL"/>
      <Bond atomName1="OAK" atomName2="CAB"/>
      <Bond atomName1="CAQ" atomName2="CAR"/>
      <Bond atomName1="OAO" atomName2="CAM"/>
      <Bond atomName1="CAL" atomName2="CAM"/>
      <Bond atomName1="CAB" atomName2="CAA"/>
      <Bond atomName1="CAB" atomName2="CAC"/>
      <Bond atomName1="CAA" atomName2="CAF"/>
      <Bond atomName1="CAM" atomName2="NAN"/>
      <Bond atomName1="CAC" atomName2="PAG"/>
      <Bond atomName1="CAC" atomName2="CAD"/>
      <Bond atomName1="PAG" atomName2="OAH"/>
      <Bond atomName1="PAG" atomName2="OAI"/>
      <Bond atomName1="CAF" atomName2="CAE"/>
      <Bond atomName1="NAN" atomName2="CAP"/>
      <Bond atomName1="CAD" atomName2="CAE"/>
      <Bond atomName1="CAP" atomName2="CAS"/>
      <Bond atomName1="CAR" atomName2="CAS"/>
      <Bond atomName1="CAS" atomName2="H1"/>
      <Bond atomName1="CAS" atomName2="H2"/>
      <Bond atomName1="CAR" atomName2="H3"/>
      <Bond atomName1="CAR" atomName2="H4"/>
      <Bond atomName1="CAQ" atomName2="H5"/>
      <Bond atomName1="CAQ" atomName2="H6"/>
      <Bond atomName1="CAT" atomName2="H7"/>
      <Bond atomName1="CAT" atomName2="H8"/>
      <Bond atomName1="CAP" atomName2="H9"/>
      <Bond atomName1="NAN" atomName2="H10"/>
      <Bond atomName1="CAL" atomName2="H11"/>
      <Bond atomName1="CAL" atomName2="H12"/>
      <Bond atomName1="CAA" atomName2="H13"/>
      <Bond atomName1="CAF" atomName2="H14"/>
      <Bond atomName1="CAE" atomName2="H15"/>
      <Bond atomName1="CAD" atomName2="H16"/>
    </Residue>
  </Residues>
  <HarmonicBondForce>
    <Bond k="220747.83999999997" length="0.1462" type1="c3" type2="ns"/>
    <Bond k="298068.1599999999" length="0.1379" type1="c" type2="ns"/>
    <Bond k="441244.6399999999" length="0.1013" type1="hn" type2="ns"/>
  </HarmonicBondForce>
  <HarmonicAngleForce>
    <Angle angle="1.9479619781508712" k="696.2176000000001" type1="c3" type2="c3" type3="ns"/>
    <Angle angle="2.1064378742319563" k="546.4304" type1="c" type2="ns" type3="c3"/>
    <Angle angle="2.053903463746927" k="385.76480000000004" type1="c3" type2="ns" type3="hn"/>
    <Angle angle="1.900314489571426" k="514.6320000000001" type1="h1" type2="c3" type3="ns"/>
    <Angle angle="2.1476276445790226" k="952.2784" type1="ns" type2="c" type3="o"/>
    <Angle angle="2.010270232447069" k="705.4224" type1="c3" type2="c" type3="ns"/>
    <Angle angle="2.051634535719334" k="407.52160000000003" type1="c" type2="ns" type3="hn"/>
  </HarmonicAngleForce>
  <PeriodicTorsionForce>
    <Proper k1="0.41840000000000005" k2="0.7112800000000001" k3="4.26768" periodicity1="4" periodicity2="3" periodicity3="1" phase1="3.141592653589793" phase2="0.0" phase3="3.141592653589793" type1="c3" type2="c3" type3="ns" type4="c"/>
    <Proper k1="0.0" periodicity1="2" phase1="0.0" type1="c3" type2="c3" type3="ns" type4="hn"/>
    <Proper k1="0.41840000000000005" periodicity1="3" phase1="0.0" type1="c3" type2="c3" type3="c3" type4="ns"/>
    <Proper k1="10.46" periodicity1="2" phase1="3.141592653589793" type1="o" type2="c" type3="ns" type4="c3"/>
    <Proper k1="1.0878400000000001" k2="2.092" periodicity1="2" periodicity2="1" phase1="3.141592653589793" phase2="0.0" type1="c3" type2="c" type3="ns" type4="c3"/>
    <Proper k1="0.0" periodicity1="2" phase1="3.141592653589793" type1="h1" type2="c3" type3="ns" type4="c"/>
    <Proper k1="10.46" k2="8.368" periodicity1="2" periodicity2="1" phase1="3.141592653589793" phase2="0.0" type1="o" type2="c" type3="ns" type4="hn"/>
    <Proper k1="10.46" periodicity1="2" phase1="3.141592653589793" type1="c3" type2="c" type3="ns" type4="hn"/>
    <Proper k1="0.0" periodicity1="2" phase1="0.0" type1="h1" type2="c3" type3="ns" type4="hn"/>
    <Improper k1="4.6024" periodicity1="2" phase1="3.141592653589793" type1="ns" type2="c" type3="c3" type4="hn"/>
    <Improper k1="43.932" periodicity1="2" phase1="3.141592653589793" type1="c" type2="c3" type3="ns" type4="o"/>
    <Improper k1="4.6024" periodicity1="2" phase1="3.141592653589793" type1="ca" type2="ca" type3="ca" type4="os"/>
    <Improper k1="4.6024" periodicity1="2" phase1="3.141592653589793" type1="ca" type2="ca" type3="ca" type4="ha"/>
    <Improper k1="4.6024" periodicity1="2" phase1="3.141592653589793" type1="ca" type2="ca" type3="ca" type4="p5"/>
  </PeriodicTorsionForce>
</ForceField>
