<ForceField>
  <Info>
    <DateGenerated>2019-07-05</DateGenerated>
  </Info>
  <Residues>
    <Residue name="MC_0KD">
      <Atom charge="-0.103" name="C1" type="cc"/>
      <Atom charge="-0.0911" name="C2" type="cd"/>
      <Atom charge="-0.0878" name="S3" type="ss"/>
      <Atom charge="-0.1031" name="C4" type="cd"/>
      <Atom charge="-0.1399" name="C5" type="cc"/>
      <Atom charge="0.5164" name="C6" type="cc"/>
      <Atom charge="-0.36" name="N7" type="na"/>
      <Atom charge="0.4098" name="C8" type="ca"/>
      <Atom charge="0.0351" name="C9" type="ca"/>
      <Atom charge="-0.5641" name="N10" type="nd"/>
      <Atom charge="-0.681" name="N11" type="nb"/>
      <Atom charge="0.4332" name="C12" type="ca"/>
      <Atom charge="-0.2463" name="C13" type="ca"/>
      <Atom charge="-0.0626" name="C14" type="ca"/>
      <Atom charge="0.6707" name="C15" type="c"/>
      <Atom charge="-0.4771" name="N16" type="ns"/>
      <Atom charge="-0.0677" name="C17" type="ca"/>
      <Atom charge="-0.094" name="C18" type="ca"/>
      <Atom charge="-0.2373" name="C19" type="ca"/>
      <Atom charge="0.3982" name="C20" type="ca"/>
      <Atom charge="-0.675" name="N21" type="nb"/>
      <Atom charge="0.3872" name="C22" type="ca"/>
      <Atom charge="-0.5541" name="O23" type="o"/>
      <Atom charge="0.183" name="H1" type="ha"/>
      <Atom charge="0.179" name="H2" type="h4"/>
      <Atom charge="0.167" name="H3" type="h4"/>
      <Atom charge="0.3147" name="H4" type="hn"/>
      <Atom charge="0.0311" name="H6" type="h4"/>
      <Atom charge="0.137" name="H7" type="ha"/>
      <Atom charge="0.3255" name="H8" type="hn"/>
      <Atom charge="0.174" name="H9" type="ha"/>
      <Atom charge="0.141" name="H10" type="ha"/>
      <Atom charge="0.0231" name="H11" type="h4"/>
      <Atom charge="0.0191" name="H12" type="h4"/>
      <Bond atomName1="C2" atomName2="S3"/>
      <Bond atomName1="C2" atomName2="C1"/>
      <Bond atomName1="S3" atomName2="C4"/>
      <Bond atomName1="C1" atomName2="C5"/>
      <Bond atomName1="C4" atomName2="C5"/>
      <Bond atomName1="C5" atomName2="C6"/>
      <Bond atomName1="C6" atomName2="N7"/>
      <Bond atomName1="C6" atomName2="N10"/>
      <Bond atomName1="N7" atomName2="C8"/>
      <Bond atomName1="N10" atomName2="C9"/>
      <Bond atomName1="C8" atomName2="N11"/>
      <Bond atomName1="C8" atomName2="C9"/>
      <Bond atomName1="N11" atomName2="C12"/>
      <Bond atomName1="C9" atomName2="C14"/>
      <Bond atomName1="C12" atomName2="C13"/>
      <Bond atomName1="C14" atomName2="C13"/>
      <Bond atomName1="C14" atomName2="C15"/>
      <Bond atomName1="C18" atomName2="C19"/>
      <Bond atomName1="C18" atomName2="C17"/>
      <Bond atomName1="N16" atomName2="C15"/>
      <Bond atomName1="N16" atomName2="C17"/>
      <Bond atomName1="C15" atomName2="O23"/>
      <Bond atomName1="C19" atomName2="C20"/>
      <Bond atomName1="C17" atomName2="C22"/>
      <Bond atomName1="C20" atomName2="N21"/>
      <Bond atomName1="C22" atomName2="N21"/>
      <Bond atomName1="C1" atomName2="H1"/>
      <Bond atomName1="C2" atomName2="H2"/>
      <Bond atomName1="C4" atomName2="H3"/>
      <Bond atomName1="N7" atomName2="H4"/>
      <Bond atomName1="C12" atomName2="H6"/>
      <Bond atomName1="C13" atomName2="H7"/>
      <Bond atomName1="N16" atomName2="H8"/>
      <Bond atomName1="C18" atomName2="H9"/>
      <Bond atomName1="C19" atomName2="H10"/>
      <Bond atomName1="C20" atomName2="H11"/>
      <Bond atomName1="C22" atomName2="H12"/>
    </Residue>
  </Residues>
  <HarmonicBondForce>
    <Bond k="298068.1599999999" length="0.1379" type1="c" type2="ns"/>
    <Bond k="263759.3599999999" length="0.1412" type1="ca" type2="ns"/>
    <Bond k="441244.6399999999" length="0.1013" type1="hn" type2="ns"/>
  </HarmonicBondForce>
  <HarmonicAngleForce>
    <Angle angle="2.011491962923465" k="714.6272000000001" type1="ca" type2="c" type3="ns"/>
    <Angle angle="2.159146817642185" k="549.7776" type1="c" type2="ns" type3="ca"/>
    <Angle angle="2.051634535719334" k="407.52160000000003" type1="c" type2="ns" type3="hn"/>
    <Angle angle="2.1476276445790226" k="952.2784" type1="ns" type2="c" type3="o"/>
    <Angle angle="2.0977112279719847" k="716.3008" type1="ca" type2="ca" type3="ns"/>
    <Angle angle="2.0245819323134224" k="401.664" type1="ca" type2="ns" type3="hn"/>
  </HarmonicAngleForce>
  <PeriodicTorsionForce>
    <Proper k1="4.6024" periodicity1="2" phase1="3.141592653589793" type1="cc" type2="cd" type3="ss" type4="cd"/>
    <Proper k1="4.6024" periodicity1="2" phase1="3.141592653589793" type1="h4" type2="cd" type3="ss" type4="cd"/>
    <Proper k1="10.46" periodicity1="2" phase1="3.141592653589793" type1="ca" type2="c" type3="ns" type4="ca"/>
    <Proper k1="10.46" periodicity1="2" phase1="3.141592653589793" type1="ca" type2="c" type3="ns" type4="hn"/>
    <Proper k1="3.9748" periodicity1="2" phase1="3.141592653589793" type1="ca" type2="ca" type3="ns" type4="c"/>
    <Proper k1="10.46" periodicity1="2" phase1="3.141592653589793" type1="o" type2="c" type3="ns" type4="ca"/>
    <Proper k1="1.8828" periodicity1="2" phase1="3.141592653589793" type1="ca" type2="ca" type3="ns" type4="hn"/>
    <Proper k1="10.46" k2="8.368" periodicity1="2" periodicity2="1" phase1="3.141592653589793" phase2="0.0" type1="o" type2="c" type3="ns" type4="hn"/>
    <Improper k1="4.6024" periodicity1="2" phase1="3.141592653589793" type1="cc" type2="cc" type3="cd" type4="ha"/>
    <Improper k1="4.6024" periodicity1="2" phase1="3.141592653589793" type1="cd" type2="cc" type3="h4" type4="ss"/>
    <Improper k1="4.6024" periodicity1="2" phase1="3.141592653589793" type1="cc" type2="cc" type3="cc" type4="cd"/>
    <Improper k1="4.6024" periodicity1="2" phase1="3.141592653589793" type1="cc" type2="cc" type3="na" type4="nd"/>
    <Improper k1="4.6024" periodicity1="2" phase1="3.141592653589793" type1="na" type2="ca" type3="cc" type4="hn"/>
    <Improper k1="4.6024" periodicity1="2" phase1="3.141592653589793" type1="ca" type2="ca" type3="na" type4="nb"/>
    <Improper k1="4.6024" periodicity1="2" phase1="3.141592653589793" type1="ca" type2="ca" type3="ca" type4="nd"/>
    <Improper k1="4.6024" periodicity1="2" phase1="3.141592653589793" type1="ca" type2="ca" type3="h4" type4="nb"/>
    <Improper k1="4.6024" periodicity1="2" phase1="3.141592653589793" type1="ca" type2="ca" type3="ca" type4="ha"/>
    <Improper k1="4.6024" periodicity1="2" phase1="3.141592653589793" type1="ca" type2="c" type3="ca" type4="ca"/>
    <Improper k1="43.932" periodicity1="2" phase1="3.141592653589793" type1="c" type2="ca" type3="ns" type4="o"/>
    <Improper k1="4.6024" periodicity1="2" phase1="3.141592653589793" type1="ns" type2="c" type3="ca" type4="hn"/>
    <Improper k1="4.6024" periodicity1="2" phase1="3.141592653589793" type1="ca" type2="ca" type3="ca" type4="ns"/>
  </PeriodicTorsionForce>
</ForceField>
