<ForceField>
  <Info>
    <DateGenerated>2019-07-05</DateGenerated>
  </Info>
  <Residues>
    <Residue name="MC_0KE">
      <Atom charge="-0.068" name="C14" type="ca"/>
      <Atom charge="-0.238" name="C13" type="ca"/>
      <Atom charge="-0.185" name="C15" type="ca"/>
      <Atom charge="0.4602" name="C21" type="ca"/>
      <Atom charge="-0.0688" name="C1" type="ca"/>
      <Atom charge="-0.1116" name="C22" type="ca"/>
      <Atom charge="-0.1333" name="C17" type="ca"/>
      <Atom charge="0.0836" name="C16" type="ca"/>
      <Atom charge="0.1341" name="C12" type="ca"/>
      <Atom charge="-0.0222" name="C18" type="ca"/>
      <Atom charge="0.3256" name="C19" type="ca"/>
      <Atom charge="-0.2382" name="C2" type="cc"/>
      <Atom charge="0.1388" name="C3" type="cd"/>
      <Atom charge="0.7007" name="C4" type="c"/>
      <Atom charge="-0.1314" name="C24" type="c3"/>
      <Atom charge="0.1337" name="C10" type="c3"/>
      <Atom charge="0.2861" name="C11" type="c3"/>
      <Atom charge="-0.714" name="N20" type="nb"/>
      <Atom charge="-0.2125" name="N5" type="n"/>
      <Atom charge="-0.773" name="N8" type="nu"/>
      <Atom charge="-0.9015" name="O29" type="o"/>
      <Atom charge="-0.9015" name="O30" type="o"/>
      <Atom charge="-0.6065" name="O7" type="o"/>
      <Atom charge="-0.9015" name="O28" type="o"/>
      <Atom charge="-0.5221" name="O23" type="oh"/>
      <Atom charge="-0.3691" name="O6" type="oh"/>
      <Atom charge="-0.3349" name="O9" type="os"/>
      <Atom charge="-0.5722" name="O26" type="os"/>
      <Atom charge="1.1659" name="P27" type="p5"/>
      <Atom charge="0.135" name="H1" type="ha"/>
      <Atom charge="0.123" name="H2" type="ha"/>
      <Atom charge="0.152" name="H3" type="ha"/>
      <Atom charge="0.0671" name="H4" type="h4"/>
      <Atom charge="0.144" name="H5" type="ha"/>
      <Atom charge="0.034367" name="H6" type="hc"/>
      <Atom charge="0.034367" name="H7" type="hc"/>
      <Atom charge="0.034367" name="H8" type="hc"/>
      <Atom charge="0.034367" name="H9" type="h1"/>
      <Atom charge="0.034367" name="H10" type="h1"/>
      <Atom charge="0.034367" name="H11" type="h1"/>
      <Atom charge="0.0772" name="H12" type="h1"/>
      <Atom charge="0.0772" name="H13" type="h1"/>
      <Atom charge="0.0402" name="H14" type="h1"/>
      <Atom charge="0.0402" name="H15" type="h1"/>
      <Atom charge="0.4528" name="H16" type="hn"/>
      <Atom charge="0.4" name="H19" type="ho"/>
      <Atom charge="0.415" name="H20" type="ho"/>
      <Atom charge="0.2467" name="C25" type="c3"/>
      <Bond atomName1="C24" atomName2="C19"/>
      <Bond atomName1="N20" atomName2="C19"/>
      <Bond atomName1="N20" atomName2="C21"/>
      <Bond atomName1="C19" atomName2="C18"/>
      <Bond atomName1="C21" atomName2="C22"/>
      <Bond atomName1="O28" atomName2="P27"/>
      <Bond atomName1="C18" atomName2="O23"/>
      <Bond atomName1="C18" atomName2="C17"/>
      <Bond atomName1="C22" atomName2="C17"/>
      <Bond atomName1="C22" atomName2="C25"/>
      <Bond atomName1="C17" atomName2="C11"/>
      <Bond atomName1="O26" atomName2="P27"/>
      <Bond atomName1="O26" atomName2="C25"/>
      <Bond atomName1="P27" atomName2="O29"/>
      <Bond atomName1="P27" atomName2="O30"/>
      <Bond atomName1="C11" atomName2="N8"/>
      <Bond atomName1="N8" atomName2="C3"/>
      <Bond atomName1="O7" atomName2="C4"/>
      <Bond atomName1="C3" atomName2="C4"/>
      <Bond atomName1="C3" atomName2="C2"/>
      <Bond atomName1="C4" atomName2="N5"/>
      <Bond atomName1="C2" atomName2="C1"/>
      <Bond atomName1="N5" atomName2="O6"/>
      <Bond atomName1="N5" atomName2="C16"/>
      <Bond atomName1="C1" atomName2="C16"/>
      <Bond atomName1="C1" atomName2="C14"/>
      <Bond atomName1="C16" atomName2="C15"/>
      <Bond atomName1="C14" atomName2="C13"/>
      <Bond atomName1="C15" atomName2="C12"/>
      <Bond atomName1="C13" atomName2="C12"/>
      <Bond atomName1="C12" atomName2="O9"/>
      <Bond atomName1="O9" atomName2="C10"/>
      <Bond atomName1="C14" atomName2="H1"/>
      <Bond atomName1="C13" atomName2="H2"/>
      <Bond atomName1="C15" atomName2="H3"/>
      <Bond atomName1="C21" atomName2="H4"/>
      <Bond atomName1="C2" atomName2="H5"/>
      <Bond atomName1="C24" atomName2="H6"/>
      <Bond atomName1="C24" atomName2="H7"/>
      <Bond atomName1="C24" atomName2="H8"/>
      <Bond atomName1="C10" atomName2="H9"/>
      <Bond atomName1="C10" atomName2="H10"/>
      <Bond atomName1="C10" atomName2="H11"/>
      <Bond atomName1="C11" atomName2="H12"/>
      <Bond atomName1="C11" atomName2="H13"/>
      <Bond atomName1="C25" atomName2="H14"/>
      <Bond atomName1="C25" atomName2="H15"/>
      <Bond atomName1="N8" atomName2="H16"/>
      <Bond atomName1="O23" atomName2="H19"/>
      <Bond atomName1="O6" atomName2="H20"/>
    </Residue>
  </Residues>
  <HarmonicBondForce>
    <Bond k="304176.79999999993" length="0.1373" type1="cd" type2="nu"/>
    <Bond k="219074.23999999996" length="0.1464" type1="c3" type2="nu"/>
    <Bond k="443085.5999999999" length="0.10120000000000001" type1="hn" type2="nu"/>
  </HarmonicBondForce>
  <HarmonicAngleForce>
    <Angle angle="1.9441222537964837" k="702.0752000000001" type1="ca" type2="c3" type3="nu"/>
    <Angle angle="2.161415745669778" k="722.1584" type1="cc" type2="cd" type3="nu"/>
    <Angle angle="2.0895081804876114" k="548.9408" type1="c3" type2="nu" type3="cd"/>
    <Angle angle="2.0181242140810434" k="412.5424" type1="cd" type2="nu" type3="hn"/>
    <Angle angle="2.0684769630010797" k="712.28416" type1="c" type2="cd" type3="nu"/>
    <Angle angle="2.0244073993882226" k="388.2752" type1="c3" type2="nu" type3="hn"/>
    <Angle angle="1.9161969857645744" k="512.1216000000001" type1="h1" type2="c3" type3="nu"/>
  </HarmonicAngleForce>
  <PeriodicTorsionForce>
    <Proper k1="2.11292" periodicity1="2" phase1="3.141592653589793" type1="ca" type2="ca" type3="cc" type4="cd"/>
    <Proper k1="2.9288" periodicity1="2" phase1="3.141592653589793" type1="ca" type2="ca" type3="cc" type4="ha"/>
    <Proper k1="0.0" periodicity1="2" phase1="0.0" type1="ca" type2="c3" type3="nu" type4="cd"/>
    <Proper k1="0.0" periodicity1="2" phase1="0.0" type1="ca" type2="c3" type3="nu" type4="hn"/>
    <Proper k1="4.3932" periodicity1="2" phase1="3.141592653589793" type1="cc" type2="cd" type3="nu" type4="c3"/>
    <Proper k1="4.3932" periodicity1="2" phase1="3.141592653589793" type1="cc" type2="cd" type3="nu" type4="hn"/>
    <Proper k1="0.0" periodicity1="2" phase1="0.0" type1="h1" type2="c3" type3="nu" type4="cd"/>
    <Proper k1="4.3932" periodicity1="2" phase1="3.141592653589793" type1="c" type2="cd" type3="nu" type4="c3"/>
    <Proper k1="4.3932" periodicity1="2" phase1="3.141592653589793" type1="c" type2="cd" type3="nu" type4="hn"/>
    <Proper k1="0.0" periodicity1="2" phase1="0.0" type1="h1" type2="c3" type3="nu" type4="hn"/>
    <Improper k1="4.6024" periodicity1="2" phase1="3.141592653589793" type1="ca" type2="ca" type3="ca" type4="ha"/>
    <Improper k1="4.6024" periodicity1="2" phase1="3.141592653589793" type1="ca" type2="ca" type3="h4" type4="nb"/>
    <Improper k1="4.6024" periodicity1="2" phase1="3.141592653589793" type1="ca" type2="ca" type3="ca" type4="cc"/>
    <Improper k1="4.6024" periodicity1="2" phase1="3.141592653589793" type1="ca" type2="ca" type3="ca" type4="n"/>
    <Improper k1="4.6024" periodicity1="2" phase1="3.141592653589793" type1="ca" type2="ca" type3="ca" type4="os"/>
    <Improper k1="4.6024" periodicity1="2" phase1="3.141592653589793" type1="ca" type2="ca" type3="ca" type4="oh"/>
    <Improper k1="4.6024" periodicity1="2" phase1="3.141592653589793" type1="ca" type2="c3" type3="ca" type4="nb"/>
    <Improper k1="4.6024" periodicity1="2" phase1="3.141592653589793" type1="cc" type2="ca" type3="cd" type4="ha"/>
    <Improper k1="4.6024" periodicity1="2" phase1="3.141592653589793" type1="cd" type2="c" type3="cc" type4="nu"/>
    <Improper k1="43.932" periodicity1="2" phase1="3.141592653589793" type1="c" type2="cd" type3="n" type4="o"/>
    <Improper k1="4.6024" periodicity1="2" phase1="3.141592653589793" type1="n" type2="c" type3="ca" type4="oh"/>
    <Improper k1="4.6024" periodicity1="2" phase1="3.141592653589793" type1="nu" type2="c3" type3="cd" type4="hn"/>
  </PeriodicTorsionForce>
</ForceField>
