<ForceField>
  <Info>
    <DateGenerated>2019-07-05</DateGenerated>
  </Info>
  <Residues>
    <Residue name="MC_0KJ">
      <Atom charge="-0.6275" name="O28" type="o"/>
      <Atom charge="0.6995" name="C27" type="c"/>
      <Atom charge="-0.5859" name="N29" type="ns"/>
      <Atom charge="0.1007" name="C24" type="c3"/>
      <Atom charge="-0.0924" name="C25" type="c3"/>
      <Atom charge="-0.1704" name="C26" type="c3"/>
      <Atom charge="0.1554" name="C22" type="c3"/>
      <Atom charge="-0.4509" name="O23" type="os"/>
      <Atom charge="0.7481" name="C21" type="c"/>
      <Atom charge="-0.596" name="O22" type="o"/>
      <Atom charge="-0.5669" name="N20" type="ns"/>
      <Atom charge="0.1247" name="C19" type="c3"/>
      <Atom charge="-0.0471" name="C32" type="c3"/>
      <Atom charge="-0.0703" name="C38" type="ca"/>
      <Atom charge="-0.1175" name="C37" type="ca"/>
      <Atom charge="-0.1215" name="C36" type="ca"/>
      <Atom charge="-0.126" name="C35" type="ca"/>
      <Atom charge="-0.1215" name="C34" type="ca"/>
      <Atom charge="-0.1175" name="C33" type="ca"/>
      <Atom charge="0.1071" name="C17" type="c3"/>
      <Atom charge="-0.5738" name="O18" type="oh"/>
      <Atom charge="0.2378" name="C16" type="c3"/>
      <Atom charge="-0.8135" name="N11" type="n3"/>
      <Atom charge="0.2288" name="C12" type="c3"/>
      <Atom charge="-0.0967" name="C13" type="c3"/>
      <Atom charge="-0.0971" name="C14" type="c3"/>
      <Atom charge="-0.0794" name="C15" type="c3"/>
      <Atom charge="-0.0911" name="C18" type="c3"/>
      <Atom charge="1.4202" name="S8" type="sy"/>
      <Atom charge="-0.6223" name="O10" type="o"/>
      <Atom charge="-0.6223" name="O9" type="o"/>
      <Atom charge="-0.3095" name="C5" type="ca"/>
      <Atom charge="-0.042" name="C6" type="ca"/>
      <Atom charge="-0.094" name="C7" type="ca"/>
      <Atom charge="0.027" name="C4" type="ca"/>
      <Atom charge="-0.0921" name="C3" type="ca"/>
      <Atom charge="-0.0861" name="S1" type="ss"/>
      <Atom charge="0.4181" name="C1" type="cc"/>
      <Atom charge="-0.5831" name="N1" type="nd"/>
      <Atom charge="0.1644" name="C2" type="ca"/>
      <Atom charge="0.3465" name="H1" type="hn"/>
      <Atom charge="0.0647" name="H2" type="h1"/>
      <Atom charge="0.0627" name="H3" type="hc"/>
      <Atom charge="0.0627" name="H4" type="hc"/>
      <Atom charge="0.0792" name="H5" type="hc"/>
      <Atom charge="0.0792" name="H6" type="hc"/>
      <Atom charge="0.0632" name="H7" type="h1"/>
      <Atom charge="0.0632" name="H8" type="h1"/>
      <Atom charge="0.3215" name="H9" type="hn"/>
      <Atom charge="0.0837" name="H10" type="h1"/>
      <Atom charge="0.0642" name="H11" type="hc"/>
      <Atom charge="0.0642" name="H12" type="hc"/>
      <Atom charge="0.1235" name="H13" type="ha"/>
      <Atom charge="0.125" name="H14" type="ha"/>
      <Atom charge="0.124" name="H15" type="ha"/>
      <Atom charge="0.125" name="H16" type="ha"/>
      <Atom charge="0.1235" name="H17" type="ha"/>
      <Atom charge="0.0437" name="H18" type="h1"/>
      <Atom charge="0.4" name="H19" type="ho"/>
      <Atom charge="0.0652" name="H20" type="h1"/>
      <Atom charge="0.0652" name="H21" type="h1"/>
      <Atom charge="0.0642" name="H22" type="h1"/>
      <Atom charge="0.0642" name="H23" type="h1"/>
      <Atom charge="0.0527" name="H24" type="hc"/>
      <Atom charge="0.039367" name="H25" type="hc"/>
      <Atom charge="0.039367" name="H26" type="hc"/>
      <Atom charge="0.039367" name="H27" type="hc"/>
      <Atom charge="0.0432" name="H28" type="hc"/>
      <Atom charge="0.0432" name="H29" type="hc"/>
      <Atom charge="0.0357" name="H30" type="hc"/>
      <Atom charge="0.0357" name="H31" type="hc"/>
      <Atom charge="0.0357" name="H32" type="hc"/>
      <Atom charge="0.159" name="H33" type="ha"/>
      <Atom charge="0.153" name="H34" type="ha"/>
      <Atom charge="0.154" name="H35" type="ha"/>
      <Atom charge="0.0738" name="H36" type="h5"/>
      <Bond atomName1="C25" atomName2="C24"/>
      <Bond atomName1="C25" atomName2="C26"/>
      <Bond atomName1="C24" atomName2="N29"/>
      <Bond atomName1="C24" atomName2="C22"/>
      <Bond atomName1="C35" atomName2="C34"/>
      <Bond atomName1="C35" atomName2="C36"/>
      <Bond atomName1="C34" atomName2="C33"/>
      <Bond atomName1="N29" atomName2="C27"/>
      <Bond atomName1="C26" atomName2="C27"/>
      <Bond atomName1="C22" atomName2="O23"/>
      <Bond atomName1="C36" atomName2="C37"/>
      <Bond atomName1="C27" atomName2="O28"/>
      <Bond atomName1="C33" atomName2="C38"/>
      <Bond atomName1="O22" atomName2="C21"/>
      <Bond atomName1="O23" atomName2="C21"/>
      <Bond atomName1="C37" atomName2="C38"/>
      <Bond atomName1="C21" atomName2="N20"/>
      <Bond atomName1="C38" atomName2="C32"/>
      <Bond atomName1="N20" atomName2="C19"/>
      <Bond atomName1="O9" atomName2="S8"/>
      <Bond atomName1="C32" atomName2="C19"/>
      <Bond atomName1="C19" atomName2="C17"/>
      <Bond atomName1="O10" atomName2="S8"/>
      <Bond atomName1="S8" atomName2="N11"/>
      <Bond atomName1="S8" atomName2="C5"/>
      <Bond atomName1="C14" atomName2="C13"/>
      <Bond atomName1="N11" atomName2="C12"/>
      <Bond atomName1="N11" atomName2="C16"/>
      <Bond atomName1="C17" atomName2="C16"/>
      <Bond atomName1="C17" atomName2="O18"/>
      <Bond atomName1="C5" atomName2="C4"/>
      <Bond atomName1="C5" atomName2="C6"/>
      <Bond atomName1="C4" atomName2="C3"/>
      <Bond atomName1="C13" atomName2="C12"/>
      <Bond atomName1="C13" atomName2="C15"/>
      <Bond atomName1="C6" atomName2="C7"/>
      <Bond atomName1="C18" atomName2="C15"/>
      <Bond atomName1="C3" atomName2="S1"/>
      <Bond atomName1="C3" atomName2="C2"/>
      <Bond atomName1="S1" atomName2="C1"/>
      <Bond atomName1="C7" atomName2="C2"/>
      <Bond atomName1="C2" atomName2="N1"/>
      <Bond atomName1="C1" atomName2="N1"/>
      <Bond atomName1="N29" atomName2="H1"/>
      <Bond atomName1="C24" atomName2="H2"/>
      <Bond atomName1="C25" atomName2="H3"/>
      <Bond atomName1="C25" atomName2="H4"/>
      <Bond atomName1="C26" atomName2="H5"/>
      <Bond atomName1="C26" atomName2="H6"/>
      <Bond atomName1="C22" atomName2="H7"/>
      <Bond atomName1="C22" atomName2="H8"/>
      <Bond atomName1="N20" atomName2="H9"/>
      <Bond atomName1="C19" atomName2="H10"/>
      <Bond atomName1="C32" atomName2="H11"/>
      <Bond atomName1="C32" atomName2="H12"/>
      <Bond atomName1="C37" atomName2="H13"/>
      <Bond atomName1="C36" atomName2="H14"/>
      <Bond atomName1="C35" atomName2="H15"/>
      <Bond atomName1="C34" atomName2="H16"/>
      <Bond atomName1="C33" atomName2="H17"/>
      <Bond atomName1="C17" atomName2="H18"/>
      <Bond atomName1="O18" atomName2="H19"/>
      <Bond atomName1="C16" atomName2="H20"/>
      <Bond atomName1="C16" atomName2="H21"/>
      <Bond atomName1="C12" atomName2="H22"/>
      <Bond atomName1="C12" atomName2="H23"/>
      <Bond atomName1="C13" atomName2="H24"/>
      <Bond atomName1="C14" atomName2="H25"/>
      <Bond atomName1="C14" atomName2="H26"/>
      <Bond atomName1="C14" atomName2="H27"/>
      <Bond atomName1="C15" atomName2="H28"/>
      <Bond atomName1="C15" atomName2="H29"/>
      <Bond atomName1="C18" atomName2="H30"/>
      <Bond atomName1="C18" atomName2="H31"/>
      <Bond atomName1="C18" atomName2="H32"/>
      <Bond atomName1="C6" atomName2="H33"/>
      <Bond atomName1="C7" atomName2="H34"/>
      <Bond atomName1="C4" atomName2="H35"/>
      <Bond atomName1="C1" atomName2="H36"/>
    </Residue>
  </Residues>
  <HarmonicBondForce>
    <Bond k="298068.1599999999" length="0.1379" type1="c" type2="ns"/>
    <Bond k="220747.83999999997" length="0.1462" type1="c3" type2="ns"/>
    <Bond k="441244.6399999999" length="0.1013" type1="hn" type2="ns"/>
  </HarmonicBondForce>
  <HarmonicAngleForce>
    <Angle angle="2.1476276445790226" k="952.2784" type1="ns" type2="c" type3="o"/>
    <Angle angle="2.1064378742319563" k="546.4304" type1="c" type2="ns" type3="c3"/>
    <Angle angle="2.051634535719334" k="407.52160000000003" type1="c" type2="ns" type3="hn"/>
    <Angle angle="2.010270232447069" k="705.4224" type1="c3" type2="c" type3="ns"/>
    <Angle angle="1.9479619781508712" k="696.2176000000001" type1="c3" type2="c3" type3="ns"/>
    <Angle angle="1.900314489571426" k="514.6320000000001" type1="h1" type2="c3" type3="ns"/>
    <Angle angle="2.053903463746927" k="385.76480000000004" type1="c3" type2="ns" type3="hn"/>
    <Angle angle="1.9062486090282067" k="966.504" type1="ns" type2="c" type3="os"/>
  </HarmonicAngleForce>
  <PeriodicTorsionForce>
    <Proper k1="10.46" periodicity1="2" phase1="3.141592653589793" type1="o" type2="c" type3="ns" type4="c3"/>
    <Proper k1="10.46" k2="8.368" periodicity1="2" periodicity2="1" phase1="3.141592653589793" phase2="0.0" type1="o" type2="c" type3="ns" type4="hn"/>
    <Proper k1="0.41840000000000005" k2="0.7112800000000001" k3="4.26768" periodicity1="4" periodicity2="3" periodicity3="1" phase1="3.141592653589793" phase2="0.0" phase3="3.141592653589793" type1="c3" type2="c3" type3="ns" type4="c"/>
    <Proper k1="0.0" periodicity1="2" phase1="3.141592653589793" type1="h1" type2="c3" type3="ns" type4="c"/>
    <Proper k1="0.0" k2="2.97064" periodicity1="4" periodicity2="2" phase1="3.141592653589793" phase2="3.141592653589793" type1="ns" type2="c" type3="c3" type4="c3"/>
    <Proper k1="0.41840000000000005" periodicity1="3" phase1="0.0" type1="c3" type2="c3" type3="c3" type4="ns"/>
    <Proper k1="1.0878400000000001" k2="2.092" periodicity1="2" periodicity2="1" phase1="3.141592653589793" phase2="0.0" type1="c3" type2="c" type3="ns" type4="c3"/>
    <Proper k1="0.0" periodicity1="2" phase1="0.0" type1="c3" type2="c3" type3="ns" type4="hn"/>
    <Proper k1="10.46" periodicity1="2" phase1="3.141592653589793" type1="c3" type2="c" type3="ns" type4="hn"/>
    <Proper k1="10.46" periodicity1="2" phase1="3.141592653589793" type1="os" type2="c" type3="ns" type4="c3"/>
    <Proper k1="10.46" periodicity1="2" phase1="3.141592653589793" type1="os" type2="c" type3="ns" type4="hn"/>
    <Proper k1="0.87864" periodicity1="3" phase1="0.0" type1="ca" type2="c3" type3="c3" type4="ns"/>
    <Proper k1="0.42258400000000007" periodicity1="3" phase1="0.0" type1="ns" type2="c3" type3="c3" type4="oh"/>
    <Proper k1="4.6024" periodicity1="2" phase1="3.141592653589793" type1="nd" type2="cc" type3="ss" type4="ca"/>
    <Proper k1="4.6024" periodicity1="2" phase1="3.141592653589793" type1="h5" type2="cc" type3="ss" type4="ca"/>
    <Proper k1="0.0" periodicity1="2" phase1="0.0" type1="h1" type2="c3" type3="ns" type4="hn"/>
    <Improper k1="43.932" periodicity1="2" phase1="3.141592653589793" type1="c" type2="c3" type3="ns" type4="o"/>
    <Improper k1="4.6024" periodicity1="2" phase1="3.141592653589793" type1="ns" type2="c" type3="c3" type4="hn"/>
    <Improper k1="4.6024" periodicity1="2" phase1="3.141592653589793" type1="c" type2="ns" type3="o" type4="os"/>
    <Improper k1="4.6024" periodicity1="2" phase1="3.141592653589793" type1="ca" type2="ca" type3="ca" type4="ha"/>
    <Improper k1="4.6024" periodicity1="2" phase1="3.141592653589793" type1="ca" type2="ca" type3="ca" type4="sy"/>
    <Improper k1="4.6024" periodicity1="2" phase1="3.141592653589793" type1="ca" type2="ca" type3="ca" type4="ss"/>
    <Improper k1="4.6024" periodicity1="2" phase1="3.141592653589793" type1="cc" type2="h5" type3="nd" type4="ss"/>
    <Improper k1="4.6024" periodicity1="2" phase1="3.141592653589793" type1="ca" type2="ca" type3="ca" type4="nd"/>
  </PeriodicTorsionForce>
</ForceField>
