<ForceField>
  <Info>
    <DateGenerated>2019-07-05</DateGenerated>
  </Info>
  <Residues>
    <Residue name="MC_0KL">
      <Atom charge="-0.673833" name="O3G" type="o"/>
      <Atom charge="1.3049" name="PG" type="p5"/>
      <Atom charge="-0.673833" name="O2G" type="o"/>
      <Atom charge="-0.673833" name="O1G" type="o"/>
      <Atom charge="-0.7228" name="O3B" type="os"/>
      <Atom charge="1.5438" name="PB" type="p5"/>
      <Atom charge="-0.775" name="O1B" type="o"/>
      <Atom charge="-0.775" name="O2B" type="o"/>
      <Atom charge="-0.7258" name="O3A" type="os"/>
      <Atom charge="1.4458" name="PA" type="p5"/>
      <Atom charge="-0.8445" name="O1A" type="o"/>
      <Atom charge="-0.8445" name="O2A" type="o"/>
      <Atom charge="-0.5922" name="O5'" type="os"/>
      <Atom charge="0.2164" name="C5'" type="c3"/>
      <Atom charge="0.1361" name="C4'" type="c3"/>
      <Atom charge="0.1111" name="C3'" type="c3"/>
      <Atom charge="-0.6058" name="O3'" type="oh"/>
      <Atom charge="-0.1514" name="C2'" type="c3"/>
      <Atom charge="-0.3526" name="O4'" type="os"/>
      <Atom charge="0.3115" name="C1'" type="c3"/>
      <Atom charge="-0.349" name="N1" type="n"/>
      <Atom charge="0.8015" name="C2" type="c"/>
      <Atom charge="-0.5995" name="O2" type="o"/>
      <Atom charge="-0.5635" name="N3" type="ns"/>
      <Atom charge="0.0656" name="C6" type="cc"/>
      <Atom charge="-0.1509" name="C5" type="cd"/>
      <Atom charge="0.7187" name="C4" type="c"/>
      <Atom charge="-0.6345" name="O4" type="o"/>
      <Atom charge="-0.1243" name="C29" type="ch"/>
      <Atom charge="-0.1531" name="C30" type="c1"/>
      <Atom charge="0.0327" name="C31" type="c3"/>
      <Atom charge="-0.0814" name="C32" type="c3"/>
      <Atom charge="0.0348" name="C33" type="c3"/>
      <Atom charge="-0.8096" name="N34" type="nz"/>
      <Atom charge="0.0477" name="H5" type="h1"/>
      <Atom charge="0.0477" name="H6" type="h1"/>
      <Atom charge="0.0667" name="H7" type="h1"/>
      <Atom charge="0.0627" name="H8" type="h1"/>
      <Atom charge="0.394" name="H9" type="ho"/>
      <Atom charge="0.0557" name="H10" type="hc"/>
      <Atom charge="0.0557" name="H11" type="hc"/>
      <Atom charge="0.0647" name="H12" type="h2"/>
      <Atom charge="0.3615" name="H13" type="hn"/>
      <Atom charge="0.165" name="H14" type="h4"/>
      <Atom charge="0.0352" name="H15" type="hc"/>
      <Atom charge="0.0352" name="H16" type="hc"/>
      <Atom charge="0.0397" name="H17" type="hc"/>
      <Atom charge="0.0397" name="H18" type="hc"/>
      <Atom charge="0.0142" name="H19" type="hx"/>
      <Atom charge="0.0142" name="H20" type="hx"/>
      <Atom charge="0.218467" name="H21" type="hn"/>
      <Atom charge="0.218467" name="H22" type="hn"/>
      <Atom charge="0.218467" name="H343" type="hn"/>
      <Bond atomName1="O1G" atomName2="PG"/>
      <Bond atomName1="O3G" atomName2="PG"/>
      <Bond atomName1="PG" atomName2="O2G"/>
      <Bond atomName1="PG" atomName2="O3B"/>
      <Bond atomName1="O2B" atomName2="PB"/>
      <Bond atomName1="O1A" atomName2="PA"/>
      <Bond atomName1="O3B" atomName2="PB"/>
      <Bond atomName1="PB" atomName2="O1B"/>
      <Bond atomName1="PB" atomName2="O3A"/>
      <Bond atomName1="C5'" atomName2="O5'"/>
      <Bond atomName1="C5'" atomName2="C4'"/>
      <Bond atomName1="PA" atomName2="O3A"/>
      <Bond atomName1="PA" atomName2="O5'"/>
      <Bond atomName1="PA" atomName2="O2A"/>
      <Bond atomName1="O3'" atomName2="C3'"/>
      <Bond atomName1="C4'" atomName2="C3'"/>
      <Bond atomName1="C4'" atomName2="O4'"/>
      <Bond atomName1="C3'" atomName2="C2'"/>
      <Bond atomName1="O4'" atomName2="C1'"/>
      <Bond atomName1="C2'" atomName2="C1'"/>
      <Bond atomName1="C1'" atomName2="N1"/>
      <Bond atomName1="C6" atomName2="N1"/>
      <Bond atomName1="C6" atomName2="C5"/>
      <Bond atomName1="N1" atomName2="C2"/>
      <Bond atomName1="C31" atomName2="C30"/>
      <Bond atomName1="C31" atomName2="C32"/>
      <Bond atomName1="C30" atomName2="C29"/>
      <Bond atomName1="C29" atomName2="C5"/>
      <Bond atomName1="C5" atomName2="C4"/>
      <Bond atomName1="C32" atomName2="C33"/>
      <Bond atomName1="C2" atomName2="O2"/>
      <Bond atomName1="C2" atomName2="N3"/>
      <Bond atomName1="C4" atomName2="N3"/>
      <Bond atomName1="C4" atomName2="O4"/>
      <Bond atomName1="C33" atomName2="N34"/>
      <Bond atomName1="C5'" atomName2="H5"/>
      <Bond atomName1="C5'" atomName2="H6"/>
      <Bond atomName1="C4'" atomName2="H7"/>
      <Bond atomName1="C3'" atomName2="H8"/>
      <Bond atomName1="O3'" atomName2="H9"/>
      <Bond atomName1="C2'" atomName2="H10"/>
      <Bond atomName1="C2'" atomName2="H11"/>
      <Bond atomName1="C1'" atomName2="H12"/>
      <Bond atomName1="N3" atomName2="H13"/>
      <Bond atomName1="C6" atomName2="H14"/>
      <Bond atomName1="C31" atomName2="H15"/>
      <Bond atomName1="C31" atomName2="H16"/>
      <Bond atomName1="C32" atomName2="H17"/>
      <Bond atomName1="C32" atomName2="H18"/>
      <Bond atomName1="C33" atomName2="H19"/>
      <Bond atomName1="C33" atomName2="H20"/>
      <Bond atomName1="N34" atomName2="H21"/>
      <Bond atomName1="N34" atomName2="H22"/>
      <Bond atomName1="H343" atomName2="N34"/>
    </Residue>
  </Residues>
  <HarmonicBondForce>
    <Bond k="298068.1599999999" length="0.1379" type1="c" type2="ns"/>
    <Bond k="441244.6399999999" length="0.1013" type1="hn" type2="ns"/>
    <Bond k="186271.67999999996" length="0.1511" type1="c3" type2="nz"/>
    <Bond k="404090.7199999999" length="0.10300000000000001" type1="hn" type2="nz"/>
  </HarmonicBondForce>
  <HarmonicAngleForce>
    <Angle angle="1.9819958985647608" k="940.5632" type1="n" type2="c" type3="ns"/>
    <Angle angle="2.217964413434394" k="548.9408" type1="c" type2="ns" type3="c"/>
    <Angle angle="2.051634535719334" k="407.52160000000003" type1="c" type2="ns" type3="hn"/>
    <Angle angle="2.1476276445790226" k="952.2784" type1="ns" type2="c" type3="o"/>
    <Angle angle="1.9669860669976094" k="728.8528" type1="cd" type2="c" type3="ns"/>
    <Angle angle="1.9933405387027237" k="677.808" type1="c3" type2="c3" type3="nz"/>
    <Angle angle="1.9217820393709562" k="386.6016" type1="c3" type2="nz" type3="hn"/>
    <Angle angle="1.8851301250790755" k="502.9168" type1="hx" type2="c3" type3="nz"/>
    <Angle angle="1.8901915799098588" k="334.72" type1="hn" type2="nz" type3="hn"/>
  </HarmonicAngleForce>
  <PeriodicTorsionForce>
    <Proper k1="10.46" periodicity1="2" phase1="3.141592653589793" type1="n" type2="c" type3="ns" type4="c"/>
    <Proper k1="10.46" periodicity1="2" phase1="3.141592653589793" type1="n" type2="c" type3="ns" type4="hn"/>
    <Proper k1="10.46" periodicity1="2" phase1="3.141592653589793" type1="cd" type2="c" type3="ns" type4="c"/>
    <Proper k1="10.46" periodicity1="2" phase1="3.141592653589793" type1="o" type2="c" type3="ns" type4="c"/>
    <Proper k1="10.46" k2="8.368" periodicity1="2" periodicity2="1" phase1="3.141592653589793" phase2="0.0" type1="o" type2="c" type3="ns" type4="hn"/>
    <Proper k1="0.0" periodicity1="2" phase1="3.141592653589793" type1="cc" type2="cd" type3="ch" type4="c1"/>
    <Proper k1="10.46" periodicity1="2" phase1="3.141592653589793" type1="cd" type2="c" type3="ns" type4="hn"/>
    <Proper k1="0.0" periodicity1="2" phase1="3.141592653589793" type1="c" type2="cd" type3="ch" type4="c1"/>
    <Proper k1="0.87864" periodicity1="3" phase1="0.0" type1="c3" type2="c3" type3="c3" type4="nz"/>
    <Proper k1="0.6508444444444444" periodicity1="3" phase1="0.0" type1="c3" type2="c3" type3="nz" type4="hn"/>
    <Proper k1="0.456056" periodicity1="3" phase1="0.0" type1="hx" type2="c3" type3="nz" type4="hn"/>
    <Improper k1="4.6024" periodicity1="2" phase1="3.141592653589793" type1="n" type2="c" type3="c3" type4="cc"/>
    <Improper k1="43.932" periodicity1="2" phase1="3.141592653589793" type1="c" type2="n" type3="ns" type4="o"/>
    <Improper k1="4.6024" periodicity1="2" phase1="3.141592653589793" type1="ns" type2="c" type3="c" type4="hn"/>
    <Improper k1="4.6024" periodicity1="2" phase1="3.141592653589793" type1="cc" type2="cd" type3="h4" type4="n"/>
    <Improper k1="4.6024" periodicity1="2" phase1="3.141592653589793" type1="cd" type2="c" type3="cc" type4="ch"/>
    <Improper k1="43.932" periodicity1="2" phase1="3.141592653589793" type1="c" type2="cd" type3="ns" type4="o"/>
  </PeriodicTorsionForce>
</ForceField>
