<ForceField>
  <Info>
    <DateGenerated>2019-07-05</DateGenerated>
  </Info>
  <Residues>
    <Residue name="MC_0KM">
      <Atom charge="-0.5965" name="O1" type="o"/>
      <Atom charge="0.7215" name="C1" type="c"/>
      <Atom charge="0.2558" name="C2" type="c3"/>
      <Atom charge="-0.8822" name="N1" type="nu"/>
      <Atom charge="0.6998" name="C3" type="c2"/>
      <Atom charge="-0.4393" name="N2" type="n"/>
      <Atom charge="-0.9181" name="N3" type="n2"/>
      <Atom charge="0.1013" name="C4" type="c3"/>
      <Atom charge="-0.0963" name="C5" type="ca"/>
      <Atom charge="-0.1085" name="C6" type="ca"/>
      <Atom charge="-0.127" name="C7" type="ca"/>
      <Atom charge="-0.119" name="C8" type="ca"/>
      <Atom charge="-0.127" name="C9" type="ca"/>
      <Atom charge="-0.1085" name="C10" type="ca"/>
      <Atom charge="-0.0963" name="C11" type="ca"/>
      <Atom charge="-0.104" name="C12" type="ca"/>
      <Atom charge="-0.126" name="C13" type="ca"/>
      <Atom charge="-0.108" name="C14" type="ca"/>
      <Atom charge="-0.036" name="C15" type="cp"/>
      <Atom charge="-0.098" name="C16" type="ca"/>
      <Atom charge="-0.22" name="C17" type="ca"/>
      <Atom charge="-0.151" name="C18" type="ca"/>
      <Atom charge="0.001" name="C19" type="cp"/>
      <Atom charge="-0.158" name="C20" type="ca"/>
      <Atom charge="-0.087" name="C21" type="ca"/>
      <Atom charge="0.1431" name="C22" type="ca"/>
      <Atom charge="-0.3299" name="O2" type="os"/>
      <Atom charge="0.1287" name="C23" type="c3"/>
      <Atom charge="0.4114" name="H1" type="hn"/>
      <Atom charge="0.055033" name="H3" type="h1"/>
      <Atom charge="0.055033" name="H4" type="h1"/>
      <Atom charge="0.055033" name="H5" type="h1"/>
      <Atom charge="0.142" name="H6" type="ha"/>
      <Atom charge="0.1335" name="H7" type="ha"/>
      <Atom charge="0.131" name="H8" type="ha"/>
      <Atom charge="0.1335" name="H9" type="ha"/>
      <Atom charge="0.142" name="H10" type="ha"/>
      <Atom charge="0.152" name="H11" type="ha"/>
      <Atom charge="0.136" name="H12" type="ha"/>
      <Atom charge="0.138" name="H13" type="ha"/>
      <Atom charge="0.137" name="H14" type="ha"/>
      <Atom charge="0.146" name="H16" type="ha"/>
      <Atom charge="0.132" name="H17" type="ha"/>
      <Atom charge="0.132" name="H18" type="ha"/>
      <Atom charge="0.0417" name="H19" type="h1"/>
      <Atom charge="0.0417" name="H20" type="h1"/>
      <Atom charge="0.0417" name="H21" type="h1"/>
      <Atom charge="0.4928" name="H22" type="hn"/>
      <Atom charge="0.135" name="H15" type="ha"/>
      <Bond atomName1="C13" atomName2="C14"/>
      <Bond atomName1="C13" atomName2="C12"/>
      <Bond atomName1="C14" atomName2="C15"/>
      <Bond atomName1="C12" atomName2="C11"/>
      <Bond atomName1="C15" atomName2="C19"/>
      <Bond atomName1="C15" atomName2="C16"/>
      <Bond atomName1="C20" atomName2="C19"/>
      <Bond atomName1="C20" atomName2="C21"/>
      <Bond atomName1="C8" atomName2="C9"/>
      <Bond atomName1="C8" atomName2="C7"/>
      <Bond atomName1="C9" atomName2="C10"/>
      <Bond atomName1="C7" atomName2="C6"/>
      <Bond atomName1="C19" atomName2="C18"/>
      <Bond atomName1="C11" atomName2="C16"/>
      <Bond atomName1="C11" atomName2="C2"/>
      <Bond atomName1="C21" atomName2="C17"/>
      <Bond atomName1="C10" atomName2="C5"/>
      <Bond atomName1="C6" atomName2="C5"/>
      <Bond atomName1="C5" atomName2="C2"/>
      <Bond atomName1="C18" atomName2="C22"/>
      <Bond atomName1="C17" atomName2="C22"/>
      <Bond atomName1="C2" atomName2="N1"/>
      <Bond atomName1="C2" atomName2="C1"/>
      <Bond atomName1="C22" atomName2="O2"/>
      <Bond atomName1="O1" atomName2="C1"/>
      <Bond atomName1="N1" atomName2="C3"/>
      <Bond atomName1="C1" atomName2="N2"/>
      <Bond atomName1="O2" atomName2="C23"/>
      <Bond atomName1="C3" atomName2="N2"/>
      <Bond atomName1="C3" atomName2="N3"/>
      <Bond atomName1="N2" atomName2="C4"/>
      <Bond atomName1="N3" atomName2="H1"/>
      <Bond atomName1="C4" atomName2="H3"/>
      <Bond atomName1="C4" atomName2="H4"/>
      <Bond atomName1="C4" atomName2="H5"/>
      <Bond atomName1="C6" atomName2="H6"/>
      <Bond atomName1="C7" atomName2="H7"/>
      <Bond atomName1="C8" atomName2="H8"/>
      <Bond atomName1="C9" atomName2="H9"/>
      <Bond atomName1="C10" atomName2="H10"/>
      <Bond atomName1="C12" atomName2="H11"/>
      <Bond atomName1="C13" atomName2="H12"/>
      <Bond atomName1="C14" atomName2="H13"/>
      <Bond atomName1="C16" atomName2="H14"/>
      <Bond atomName1="C17" atomName2="H15"/>
      <Bond atomName1="C18" atomName2="H16"/>
      <Bond atomName1="C20" atomName2="H17"/>
      <Bond atomName1="C21" atomName2="H18"/>
      <Bond atomName1="C23" atomName2="H19"/>
      <Bond atomName1="C23" atomName2="H20"/>
      <Bond atomName1="C23" atomName2="H21"/>
      <Bond atomName1="N1" atomName2="H22"/>
    </Residue>
  </Residues>
  <HarmonicBondForce>
    <Bond k="219074.23999999996" length="0.1464" type1="c3" type2="nu"/>
    <Bond k="289030.7199999999" length="0.13870000000000002" type1="c2" type2="nu"/>
    <Bond k="443085.5999999999" length="0.10120000000000001" type1="hn" type2="nu"/>
  </HarmonicBondForce>
  <HarmonicAngleForce>
    <Angle angle="1.9085175370557992" k="706.2592000000001" type1="c" type2="c3" type3="nu"/>
    <Angle angle="2.159146817642185" k="537.2256000000001" type1="c2" type2="nu" type3="c3"/>
    <Angle angle="2.0244073993882226" k="388.2752" type1="c3" type2="nu" type3="hn"/>
    <Angle angle="1.9441222537964837" k="702.0752000000001" type1="ca" type2="c3" type3="nu"/>
    <Angle angle="1.9085175370557992" k="948.9312000000001" type1="n" type2="c2" type3="nu"/>
    <Angle angle="2.1689206614533534" k="926.3376000000001" type1="n2" type2="c2" type3="nu"/>
    <Angle angle="2.008699436120274" k="410.03200000000004" type1="c2" type2="nu" type3="hn"/>
  </HarmonicAngleForce>
  <PeriodicTorsionForce>
    <Proper k1="0.0" periodicity1="2" phase1="0.0" type1="c" type2="c3" type3="nu" type4="c2"/>
    <Proper k1="0.0" periodicity1="2" phase1="0.0" type1="c" type2="c3" type3="nu" type4="hn"/>
    <Proper k1="2.8242000000000003" periodicity1="2" phase1="3.141592653589793" type1="n" type2="c2" type3="nu" type4="c3"/>
    <Proper k1="2.8242000000000003" periodicity1="2" phase1="3.141592653589793" type1="n2" type2="c2" type3="nu" type4="c3"/>
    <Proper k1="0.0" periodicity1="2" phase1="0.0" type1="ca" type2="c3" type3="nu" type4="c2"/>
    <Proper k1="2.8242000000000003" periodicity1="2" phase1="3.141592653589793" type1="n" type2="c2" type3="nu" type4="hn"/>
    <Proper k1="2.8242000000000003" periodicity1="2" phase1="3.141592653589793" type1="n2" type2="c2" type3="nu" type4="hn"/>
    <Proper k1="0.0" periodicity1="2" phase1="0.0" type1="ca" type2="c3" type3="nu" type4="hn"/>
    <Improper k1="43.932" periodicity1="2" phase1="3.141592653589793" type1="c" type2="c3" type3="n" type4="o"/>
    <Improper k1="4.6024" periodicity1="2" phase1="3.141592653589793" type1="nu" type2="c2" type3="c3" type4="hn"/>
    <Improper k1="4.6024" periodicity1="2" phase1="3.141592653589793" type1="c2" type2="n" type3="n2" type4="nu"/>
    <Improper k1="4.6024" periodicity1="2" phase1="3.141592653589793" type1="n" type2="c" type3="c2" type4="c3"/>
    <Improper k1="4.6024" periodicity1="2" phase1="3.141592653589793" type1="ca" type2="ca" type3="ca" type4="ha"/>
    <Improper k1="4.6024" periodicity1="2" phase1="3.141592653589793" type1="ca" type2="ca" type3="cp" type4="ha"/>
    <Improper k1="4.6024" periodicity1="2" phase1="3.141592653589793" type1="cp" type2="ca" type3="ca" type4="cp"/>
    <Improper k1="4.6024" periodicity1="2" phase1="3.141592653589793" type1="ca" type2="ca" type3="ca" type4="os"/>
  </PeriodicTorsionForce>
</ForceField>
