<ForceField>
  <Info>
    <DateGenerated>2019-07-05</DateGenerated>
  </Info>
  <Residues>
    <Residue name="MC_0KQ">
      <Atom charge="0.7175" name="C1" type="c"/>
      <Atom charge="0.2365" name="C2" type="c3"/>
      <Atom charge="-0.8852" name="N1" type="nu"/>
      <Atom charge="0.6938" name="C3" type="c2"/>
      <Atom charge="-0.4443" name="N2" type="n"/>
      <Atom charge="-0.9161" name="N3" type="n2"/>
      <Atom charge="0.1013" name="C4" type="c3"/>
      <Atom charge="-0.5855" name="O1" type="o"/>
      <Atom charge="-0.0923" name="C5" type="ca"/>
      <Atom charge="-0.1447" name="C6" type="cx"/>
      <Atom charge="-0.106" name="C7" type="ca"/>
      <Atom charge="-0.125" name="C8" type="ca"/>
      <Atom charge="-0.11" name="C9" type="ca"/>
      <Atom charge="-0.038" name="C10" type="cp"/>
      <Atom charge="-0.093" name="C11" type="ca"/>
      <Atom charge="-0.1473" name="C12" type="cp"/>
      <Atom charge="0.4282" name="C13" type="ca"/>
      <Atom charge="0.4282" name="C15" type="ca"/>
      <Atom charge="-0.084" name="C16" type="ca"/>
      <Atom charge="-0.673" name="N5" type="nb"/>
      <Atom charge="-0.1244" name="C17" type="cx"/>
      <Atom charge="-0.1244" name="C18" type="cx"/>
      <Atom charge="-0.0969" name="C19" type="ca"/>
      <Atom charge="-0.0964" name="Cl1" type="cl"/>
      <Atom charge="0.4124" name="H1" type="hn"/>
      <Atom charge="0.055367" name="H3" type="h1"/>
      <Atom charge="0.055367" name="H4" type="h1"/>
      <Atom charge="0.055367" name="H5" type="h1"/>
      <Atom charge="0.1007" name="H6" type="hc"/>
      <Atom charge="0.141" name="H7" type="ha"/>
      <Atom charge="0.137" name="H8" type="ha"/>
      <Atom charge="0.135" name="H9" type="ha"/>
      <Atom charge="0.15" name="H10" type="ha"/>
      <Atom charge="0.0361" name="H11" type="h4"/>
      <Atom charge="0.0361" name="H12" type="h4"/>
      <Atom charge="0.153" name="H13" type="ha"/>
      <Atom charge="0.0797" name="H14" type="hc"/>
      <Atom charge="0.0797" name="H15" type="hc"/>
      <Atom charge="0.0797" name="H16" type="hc"/>
      <Atom charge="0.0797" name="H17" type="hc"/>
      <Atom charge="0.4948" name="H18" type="hn"/>
      <Bond atomName1="C8" atomName2="C9"/>
      <Bond atomName1="C8" atomName2="C7"/>
      <Bond atomName1="C9" atomName2="C10"/>
      <Bond atomName1="C7" atomName2="C5"/>
      <Bond atomName1="C13" atomName2="N5"/>
      <Bond atomName1="C13" atomName2="C12"/>
      <Bond atomName1="C10" atomName2="C12"/>
      <Bond atomName1="C10" atomName2="C11"/>
      <Bond atomName1="N5" atomName2="C15"/>
      <Bond atomName1="C12" atomName2="C16"/>
      <Bond atomName1="C5" atomName2="C11"/>
      <Bond atomName1="C5" atomName2="C2"/>
      <Bond atomName1="C17" atomName2="C6"/>
      <Bond atomName1="C17" atomName2="C18"/>
      <Bond atomName1="C6" atomName2="C2"/>
      <Bond atomName1="C6" atomName2="C18"/>
      <Bond atomName1="C15" atomName2="C19"/>
      <Bond atomName1="C16" atomName2="C19"/>
      <Bond atomName1="C2" atomName2="N1"/>
      <Bond atomName1="C2" atomName2="C1"/>
      <Bond atomName1="C19" atomName2="Cl1"/>
      <Bond atomName1="O1" atomName2="C1"/>
      <Bond atomName1="N1" atomName2="C3"/>
      <Bond atomName1="C1" atomName2="N2"/>
      <Bond atomName1="C3" atomName2="N2"/>
      <Bond atomName1="C3" atomName2="N3"/>
      <Bond atomName1="N2" atomName2="C4"/>
      <Bond atomName1="N3" atomName2="H1"/>
      <Bond atomName1="C4" atomName2="H3"/>
      <Bond atomName1="C4" atomName2="H4"/>
      <Bond atomName1="C4" atomName2="H5"/>
      <Bond atomName1="C6" atomName2="H6"/>
      <Bond atomName1="C7" atomName2="H7"/>
      <Bond atomName1="C8" atomName2="H8"/>
      <Bond atomName1="C9" atomName2="H9"/>
      <Bond atomName1="C11" atomName2="H10"/>
      <Bond atomName1="C13" atomName2="H11"/>
      <Bond atomName1="C15" atomName2="H12"/>
      <Bond atomName1="C16" atomName2="H13"/>
      <Bond atomName1="C17" atomName2="H14"/>
      <Bond atomName1="C17" atomName2="H15"/>
      <Bond atomName1="C18" atomName2="H16"/>
      <Bond atomName1="C18" atomName2="H17"/>
      <Bond atomName1="N1" atomName2="H18"/>
    </Residue>
  </Residues>
  <HarmonicBondForce>
    <Bond k="219074.23999999996" length="0.1464" type1="c3" type2="nu"/>
    <Bond k="289030.7199999999" length="0.13870000000000002" type1="c2" type2="nu"/>
    <Bond k="443085.5999999999" length="0.10120000000000001" type1="hn" type2="nu"/>
  </HarmonicBondForce>
  <HarmonicAngleForce>
    <Angle angle="1.9085175370557992" k="706.2592000000001" type1="c" type2="c3" type3="nu"/>
    <Angle angle="2.159146817642185" k="537.2256000000001" type1="c2" type2="nu" type3="c3"/>
    <Angle angle="2.0244073993882226" k="388.2752" type1="c3" type2="nu" type3="hn"/>
    <Angle angle="1.9441222537964837" k="702.0752000000001" type1="ca" type2="c3" type3="nu"/>
    <Angle angle="1.8126989611213107" k="724.6688" type1="cx" type2="c3" type3="nu"/>
    <Angle angle="1.9085175370557992" k="948.9312000000001" type1="n" type2="c2" type3="nu"/>
    <Angle angle="2.1689206614533534" k="926.3376000000001" type1="n2" type2="c2" type3="nu"/>
    <Angle angle="2.008699436120274" k="410.03200000000004" type1="c2" type2="nu" type3="hn"/>
  </HarmonicAngleForce>
  <PeriodicTorsionForce>
    <Proper k1="0.0" periodicity1="2" phase1="0.0" type1="c" type2="c3" type3="nu" type4="c2"/>
    <Proper k1="0.0" periodicity1="2" phase1="0.0" type1="c" type2="c3" type3="nu" type4="hn"/>
    <Proper k1="0.41840000000000005" periodicity1="3" phase1="0.0" type1="c" type2="c3" type3="cx" type4="cx"/>
    <Proper k1="0.6508444444444444" periodicity1="3" phase1="0.0" type1="c" type2="c3" type3="cx" type4="hc"/>
    <Proper k1="2.8242000000000003" periodicity1="2" phase1="3.141592653589793" type1="n" type2="c2" type3="nu" type4="c3"/>
    <Proper k1="2.8242000000000003" periodicity1="2" phase1="3.141592653589793" type1="n2" type2="c2" type3="nu" type4="c3"/>
    <Proper k1="0.87864" periodicity1="3" phase1="0.0" type1="nu" type2="c3" type3="cx" type4="cx"/>
    <Proper k1="0.6508444444444444" periodicity1="3" phase1="0.0" type1="nu" type2="c3" type3="cx" type4="hc"/>
    <Proper k1="0.0" periodicity1="2" phase1="0.0" type1="ca" type2="c3" type3="nu" type4="c2"/>
    <Proper k1="0.0" periodicity1="2" phase1="0.0" type1="cx" type2="c3" type3="nu" type4="c2"/>
    <Proper k1="2.8242000000000003" periodicity1="2" phase1="3.141592653589793" type1="n" type2="c2" type3="nu" type4="hn"/>
    <Proper k1="2.8242000000000003" periodicity1="2" phase1="3.141592653589793" type1="n2" type2="c2" type3="nu" type4="hn"/>
    <Proper k1="0.0" periodicity1="2" phase1="0.0" type1="ca" type2="c3" type3="nu" type4="hn"/>
    <Proper k1="0.6508444444444444" periodicity1="3" phase1="0.0" type1="ca" type2="c3" type3="cx" type4="cx"/>
    <Proper k1="0.6508444444444444" periodicity1="3" phase1="0.0" type1="ca" type2="c3" type3="cx" type4="hc"/>
    <Proper k1="0.0" periodicity1="2" phase1="0.0" type1="cx" type2="c3" type3="nu" type4="hn"/>
    <Improper k1="43.932" periodicity1="2" phase1="3.141592653589793" type1="c" type2="c3" type3="n" type4="o"/>
    <Improper k1="4.6024" periodicity1="2" phase1="3.141592653589793" type1="nu" type2="c2" type3="c3" type4="hn"/>
    <Improper k1="4.6024" periodicity1="2" phase1="3.141592653589793" type1="c2" type2="n" type3="n2" type4="nu"/>
    <Improper k1="4.6024" periodicity1="2" phase1="3.141592653589793" type1="n" type2="c" type3="c2" type4="c3"/>
    <Improper k1="4.6024" periodicity1="2" phase1="3.141592653589793" type1="ca" type2="ca" type3="ca" type4="ha"/>
    <Improper k1="4.6024" periodicity1="2" phase1="3.141592653589793" type1="ca" type2="ca" type3="cp" type4="ha"/>
    <Improper k1="4.6024" periodicity1="2" phase1="3.141592653589793" type1="cp" type2="ca" type3="ca" type4="cp"/>
    <Improper k1="4.6024" periodicity1="2" phase1="3.141592653589793" type1="ca" type2="cp" type3="h4" type4="nb"/>
    <Improper k1="4.6024" periodicity1="2" phase1="3.141592653589793" type1="ca" type2="ca" type3="h4" type4="nb"/>
  </PeriodicTorsionForce>
</ForceField>
