<ForceField>
  <Info>
    <DateGenerated>2019-07-05</DateGenerated>
  </Info>
  <Residues>
    <Residue name="MC_0KT">
      <Atom charge="-0.1553" name="C1" type="ca"/>
      <Atom charge="-0.061" name="C2" type="ca"/>
      <Atom charge="-0.061" name="C3" type="ca"/>
      <Atom charge="-0.17" name="C4" type="ca"/>
      <Atom charge="-0.17" name="C5" type="ca"/>
      <Atom charge="0.1846" name="C6" type="ca"/>
      <Atom charge="-0.6709" name="N1" type="nh"/>
      <Atom charge="1.4222" name="S2" type="sy"/>
      <Atom charge="-0.6238" name="O4" type="o"/>
      <Atom charge="-0.6238" name="O5" type="o"/>
      <Atom charge="-0.3165" name="C8" type="ca"/>
      <Atom charge="-0.0295" name="C9" type="ca"/>
      <Atom charge="-0.0295" name="C10" type="ca"/>
      <Atom charge="-0.1475" name="C11" type="ca"/>
      <Atom charge="-0.1475" name="C12" type="ca"/>
      <Atom charge="-0.072" name="C13" type="ca"/>
      <Atom charge="0.2201" name="C7" type="c3"/>
      <Atom charge="0.2524" name="C18" type="c3"/>
      <Atom charge="-0.1436" name="C19" type="cc"/>
      <Atom charge="0.5959" name="C20" type="c3"/>
      <Atom charge="-0.215633" name="F7" type="f"/>
      <Atom charge="-0.215633" name="F9" type="f"/>
      <Atom charge="-0.215633" name="F8" type="f"/>
      <Atom charge="-0.5828" name="O1" type="oh"/>
      <Atom charge="-0.186" name="C14" type="cc"/>
      <Atom charge="-0.0251" name="N2" type="na"/>
      <Atom charge="-0.1473" name="C16" type="cd"/>
      <Atom charge="-0.205" name="C17" type="cc"/>
      <Atom charge="0.0423" name="C15" type="c3"/>
      <Atom charge="0.1184" name="C21" type="c3"/>
      <Atom charge="-0.4336" name="O2" type="os"/>
      <Atom charge="0.1337" name="C23" type="c3"/>
      <Atom charge="0.1525" name="H1" type="ha"/>
      <Atom charge="0.1525" name="H2" type="ha"/>
      <Atom charge="0.1435" name="H3" type="ha"/>
      <Atom charge="0.1435" name="H4" type="ha"/>
      <Atom charge="0.1485" name="H5" type="ha"/>
      <Atom charge="0.1485" name="H6" type="ha"/>
      <Atom charge="0.1385" name="H7" type="ha"/>
      <Atom charge="0.1385" name="H8" type="ha"/>
      <Atom charge="0.135" name="H9" type="ha"/>
      <Atom charge="0.051367" name="H10" type="h1"/>
      <Atom charge="0.051367" name="H11" type="h1"/>
      <Atom charge="0.051367" name="H12" type="h1"/>
      <Atom charge="0.419" name="H13" type="ho"/>
      <Atom charge="0.158" name="H14" type="ha"/>
      <Atom charge="0.168" name="H15" type="h4"/>
      <Atom charge="0.152" name="H16" type="ha"/>
      <Atom charge="0.0772" name="H17" type="h1"/>
      <Atom charge="0.0772" name="H18" type="h1"/>
      <Atom charge="0.0387" name="H19" type="h1"/>
      <Atom charge="0.0387" name="H20" type="h1"/>
      <Atom charge="0.031367" name="H21" type="h1"/>
      <Atom charge="0.031367" name="H22" type="h1"/>
      <Atom charge="0.031367" name="H23" type="h1"/>
      <Bond atomName1="C17" atomName2="C16"/>
      <Bond atomName1="C17" atomName2="C14"/>
      <Bond atomName1="C16" atomName2="N2"/>
      <Bond atomName1="C14" atomName2="C19"/>
      <Bond atomName1="N2" atomName2="C19"/>
      <Bond atomName1="N2" atomName2="C15"/>
      <Bond atomName1="C19" atomName2="C18"/>
      <Bond atomName1="F9" atomName2="C20"/>
      <Bond atomName1="F7" atomName2="C20"/>
      <Bond atomName1="C15" atomName2="C21"/>
      <Bond atomName1="C2" atomName2="C4"/>
      <Bond atomName1="C2" atomName2="C1"/>
      <Bond atomName1="C20" atomName2="C18"/>
      <Bond atomName1="C20" atomName2="F8"/>
      <Bond atomName1="C21" atomName2="O2"/>
      <Bond atomName1="C18" atomName2="C1"/>
      <Bond atomName1="C18" atomName2="O1"/>
      <Bond atomName1="C4" atomName2="C6"/>
      <Bond atomName1="O2" atomName2="C23"/>
      <Bond atomName1="C1" atomName2="C3"/>
      <Bond atomName1="O5" atomName2="S2"/>
      <Bond atomName1="C6" atomName2="N1"/>
      <Bond atomName1="C6" atomName2="C5"/>
      <Bond atomName1="N1" atomName2="S2"/>
      <Bond atomName1="N1" atomName2="C7"/>
      <Bond atomName1="C3" atomName2="C5"/>
      <Bond atomName1="S2" atomName2="O4"/>
      <Bond atomName1="S2" atomName2="C8"/>
      <Bond atomName1="C9" atomName2="C8"/>
      <Bond atomName1="C9" atomName2="C12"/>
      <Bond atomName1="C8" atomName2="C10"/>
      <Bond atomName1="C12" atomName2="C13"/>
      <Bond atomName1="C10" atomName2="C11"/>
      <Bond atomName1="C13" atomName2="C11"/>
      <Bond atomName1="C2" atomName2="H1"/>
      <Bond atomName1="C3" atomName2="H2"/>
      <Bond atomName1="C4" atomName2="H3"/>
      <Bond atomName1="C5" atomName2="H4"/>
      <Bond atomName1="C9" atomName2="H5"/>
      <Bond atomName1="C10" atomName2="H6"/>
      <Bond atomName1="C11" atomName2="H7"/>
      <Bond atomName1="C12" atomName2="H8"/>
      <Bond atomName1="C13" atomName2="H9"/>
      <Bond atomName1="C7" atomName2="H10"/>
      <Bond atomName1="C7" atomName2="H11"/>
      <Bond atomName1="C7" atomName2="H12"/>
      <Bond atomName1="O1" atomName2="H13"/>
      <Bond atomName1="C14" atomName2="H14"/>
      <Bond atomName1="C16" atomName2="H15"/>
      <Bond atomName1="C17" atomName2="H16"/>
      <Bond atomName1="C15" atomName2="H17"/>
      <Bond atomName1="C15" atomName2="H18"/>
      <Bond atomName1="C21" atomName2="H19"/>
      <Bond atomName1="C21" atomName2="H20"/>
      <Bond atomName1="C23" atomName2="H21"/>
      <Bond atomName1="C23" atomName2="H22"/>
      <Bond atomName1="C23" atomName2="H23"/>
    </Residue>
  </Residues>
  <PeriodicTorsionForce>
    <Improper k1="4.6024" periodicity1="2" phase1="3.141592653589793" type1="ca" type2="ca" type3="ca" type4="ha"/>
    <Improper k1="4.6024" periodicity1="2" phase1="3.141592653589793" type1="ca" type2="ca" type3="ca" type4="nh"/>
    <Improper k1="4.6024" periodicity1="2" phase1="3.141592653589793" type1="nh" type2="c3" type3="ca" type4="sy"/>
    <Improper k1="4.6024" periodicity1="2" phase1="3.141592653589793" type1="ca" type2="ca" type3="ca" type4="sy"/>
    <Improper k1="4.6024" periodicity1="2" phase1="3.141592653589793" type1="cc" type2="c3" type3="cc" type4="na"/>
    <Improper k1="4.6024" periodicity1="2" phase1="3.141592653589793" type1="cc" type2="cc" type3="cc" type4="ha"/>
    <Improper k1="4.6024" periodicity1="2" phase1="3.141592653589793" type1="na" type2="c3" type3="cc" type4="cd"/>
    <Improper k1="4.6024" periodicity1="2" phase1="3.141592653589793" type1="cd" type2="cc" type3="h4" type4="na"/>
    <Improper k1="4.6024" periodicity1="2" phase1="3.141592653589793" type1="cc" type2="cc" type3="cd" type4="ha"/>
  </PeriodicTorsionForce>
</ForceField>
