<ForceField>
  <Info>
    <DateGenerated>2019-07-05</DateGenerated>
  </Info>
  <Residues>
    <Residue name="MC_0KW">
      <Atom charge="0.0134" name="C01" type="ca"/>
      <Atom charge="-0.104" name="C02" type="ca"/>
      <Atom charge="-0.1345" name="C03" type="ca"/>
      <Atom charge="0.0536" name="C04" type="ca"/>
      <Atom charge="-0.1345" name="C05" type="ca"/>
      <Atom charge="-0.104" name="C06" type="ca"/>
      <Atom charge="-0.1084" name="Cl1" type="cl"/>
      <Atom charge="-0.4501" name="N08" type="ns"/>
      <Atom charge="0.5951" name="C09" type="c"/>
      <Atom charge="0.5931" name="C10" type="c"/>
      <Atom charge="-0.5419" name="N11" type="ns"/>
      <Atom charge="-0.6061" name="O12" type="o"/>
      <Atom charge="-0.5831" name="O13" type="o"/>
      <Atom charge="0.1084" name="C14" type="c3"/>
      <Atom charge="0.1575" name="C15" type="c3"/>
      <Atom charge="0.4127" name="C16" type="cc"/>
      <Atom charge="-0.0684" name="C17" type="c3"/>
      <Atom charge="-0.0824" name="C18" type="c3"/>
      <Atom charge="-0.0794" name="C19" type="c3"/>
      <Atom charge="0.1638" name="C20" type="c3"/>
      <Atom charge="-0.8182" name="N21" type="n7"/>
      <Atom charge="-0.682" name="N22" type="nc"/>
      <Atom charge="0.3756" name="C23" type="cc"/>
      <Atom charge="-0.1487" name="C24" type="cd"/>
      <Atom charge="-0.1643" name="S25" type="ss"/>
      <Atom charge="-0.1174" name="C26" type="c3"/>
      <Atom charge="0.0029" name="C27" type="c3"/>
      <Atom charge="0.1434" name="C28" type="c3"/>
      <Atom charge="-0.6118" name="O29" type="oh"/>
      <Atom charge="0.148" name="H1" type="ha"/>
      <Atom charge="0.1525" name="H2" type="ha"/>
      <Atom charge="0.1525" name="H3" type="ha"/>
      <Atom charge="0.148" name="H4" type="ha"/>
      <Atom charge="0.3485" name="H5" type="hn"/>
      <Atom charge="0.3545" name="H6" type="hn"/>
      <Atom charge="0.1017" name="H7" type="h1"/>
      <Atom charge="0.0407" name="H8" type="h1"/>
      <Atom charge="0.0597" name="H9" type="hc"/>
      <Atom charge="0.0597" name="H10" type="hc"/>
      <Atom charge="0.0417" name="H12" type="hc"/>
      <Atom charge="0.0417" name="H11" type="hc"/>
      <Atom charge="0.0492" name="H13" type="hc"/>
      <Atom charge="0.0492" name="H14" type="hc"/>
      <Atom charge="0.0332" name="H16" type="h1"/>
      <Atom charge="0.0332" name="H15" type="h1"/>
      <Atom charge="0.3528" name="H17" type="hn"/>
      <Atom charge="0.053367" name="H20" type="hc"/>
      <Atom charge="0.053367" name="H19" type="hc"/>
      <Atom charge="0.053367" name="H21" type="hc"/>
      <Atom charge="0.0687" name="H22" type="hc"/>
      <Atom charge="0.0687" name="H23" type="hc"/>
      <Atom charge="0.0257" name="H25" type="h1"/>
      <Atom charge="0.0257" name="H24" type="h1"/>
      <Atom charge="0.407" name="H26" type="ho"/>
      <Bond atomName1="C19" atomName2="C20"/>
      <Bond atomName1="C19" atomName2="C18"/>
      <Bond atomName1="C20" atomName2="N21"/>
      <Bond atomName1="O29" atomName2="C28"/>
      <Bond atomName1="C26" atomName2="C23"/>
      <Bond atomName1="C18" atomName2="C17"/>
      <Bond atomName1="C27" atomName2="C28"/>
      <Bond atomName1="C27" atomName2="C24"/>
      <Bond atomName1="C23" atomName2="C24"/>
      <Bond atomName1="C23" atomName2="N22"/>
      <Bond atomName1="C24" atomName2="S25"/>
      <Bond atomName1="N21" atomName2="C15"/>
      <Bond atomName1="N22" atomName2="C16"/>
      <Bond atomName1="C15" atomName2="C17"/>
      <Bond atomName1="C15" atomName2="C14"/>
      <Bond atomName1="S25" atomName2="C16"/>
      <Bond atomName1="C16" atomName2="C14"/>
      <Bond atomName1="C14" atomName2="N11"/>
      <Bond atomName1="N11" atomName2="C10"/>
      <Bond atomName1="C10" atomName2="O12"/>
      <Bond atomName1="C10" atomName2="C09"/>
      <Bond atomName1="O13" atomName2="C09"/>
      <Bond atomName1="C09" atomName2="N08"/>
      <Bond atomName1="N08" atomName2="C04"/>
      <Bond atomName1="C03" atomName2="C04"/>
      <Bond atomName1="C03" atomName2="C02"/>
      <Bond atomName1="C04" atomName2="C05"/>
      <Bond atomName1="C02" atomName2="C01"/>
      <Bond atomName1="C05" atomName2="C06"/>
      <Bond atomName1="C01" atomName2="C06"/>
      <Bond atomName1="C01" atomName2="Cl1"/>
      <Bond atomName1="C02" atomName2="H1"/>
      <Bond atomName1="C03" atomName2="H2"/>
      <Bond atomName1="C05" atomName2="H3"/>
      <Bond atomName1="C06" atomName2="H4"/>
      <Bond atomName1="N08" atomName2="H5"/>
      <Bond atomName1="N11" atomName2="H6"/>
      <Bond atomName1="C14" atomName2="H7"/>
      <Bond atomName1="C15" atomName2="H8"/>
      <Bond atomName1="C17" atomName2="H9"/>
      <Bond atomName1="C17" atomName2="H10"/>
      <Bond atomName1="C18" atomName2="H12"/>
      <Bond atomName1="C18" atomName2="H11"/>
      <Bond atomName1="C19" atomName2="H13"/>
      <Bond atomName1="C19" atomName2="H14"/>
      <Bond atomName1="C20" atomName2="H16"/>
      <Bond atomName1="C20" atomName2="H15"/>
      <Bond atomName1="N21" atomName2="H17"/>
      <Bond atomName1="C26" atomName2="H20"/>
      <Bond atomName1="C26" atomName2="H19"/>
      <Bond atomName1="C26" atomName2="H21"/>
      <Bond atomName1="C27" atomName2="H22"/>
      <Bond atomName1="C27" atomName2="H23"/>
      <Bond atomName1="C28" atomName2="H25"/>
      <Bond atomName1="C28" atomName2="H24"/>
      <Bond atomName1="O29" atomName2="H26"/>
    </Residue>
  </Residues>
  <HarmonicBondForce>
    <Bond k="263759.3599999999" length="0.1412" type1="ca" type2="ns"/>
    <Bond k="298068.1599999999" length="0.1379" type1="c" type2="ns"/>
    <Bond k="441244.6399999999" length="0.1013" type1="hn" type2="ns"/>
    <Bond k="220747.83999999997" length="0.1462" type1="c3" type2="ns"/>
    <Bond k="218572.15999999995" length="0.14650000000000002" type1="c3" type2="n7"/>
    <Bond k="427855.8399999999" length="0.10189999999999999" type1="hn" type2="n7"/>
  </HarmonicBondForce>
  <HarmonicAngleForce>
    <Angle angle="2.0977112279719847" k="716.3008" type1="ca" type2="ca" type3="ns"/>
    <Angle angle="2.159146817642185" k="549.7776" type1="c" type2="ns" type3="ca"/>
    <Angle angle="2.0245819323134224" k="401.664" type1="ca" type2="ns" type3="hn"/>
    <Angle angle="1.967684198698407" k="705.4224" type1="c" type2="c" type3="ns"/>
    <Angle angle="2.1476276445790226" k="952.2784" type1="ns" type2="c" type3="o"/>
    <Angle angle="2.051634535719334" k="407.52160000000003" type1="c" type2="ns" type3="hn"/>
    <Angle angle="2.1064378742319563" k="546.4304" type1="c" type2="ns" type3="c3"/>
    <Angle angle="1.9479619781508712" k="696.2176000000001" type1="c3" type2="c3" type3="ns"/>
    <Angle angle="1.9505799720288628" k="704.5856" type1="cc" type2="c3" type3="ns"/>
    <Angle angle="1.900314489571426" k="514.6320000000001" type1="h1" type2="c3" type3="ns"/>
    <Angle angle="2.053903463746927" k="385.76480000000004" type1="c3" type2="ns" type3="hn"/>
    <Angle angle="1.9380136014145037" k="697.0544" type1="c3" type2="c3" type3="n7"/>
    <Angle angle="1.9608774146156291" k="549.7776" type1="c3" type2="n7" type3="c3"/>
    <Angle angle="1.9074703395046029" k="399.99039999999997" type1="c3" type2="n7" type3="hn"/>
    <Angle angle="1.9177677820913692" k="512.1216000000001" type1="h1" type2="c3" type3="n7"/>
  </HarmonicAngleForce>
  <PeriodicTorsionForce>
    <Proper k1="3.9748" periodicity1="2" phase1="3.141592653589793" type1="ca" type2="ca" type3="ns" type4="c"/>
    <Proper k1="1.8828" periodicity1="2" phase1="3.141592653589793" type1="ca" type2="ca" type3="ns" type4="hn"/>
    <Proper k1="10.46" periodicity1="2" phase1="3.141592653589793" type1="c" type2="c" type3="ns" type4="ca"/>
    <Proper k1="10.46" periodicity1="2" phase1="3.141592653589793" type1="o" type2="c" type3="ns" type4="ca"/>
    <Proper k1="10.46" periodicity1="2" phase1="3.141592653589793" type1="c" type2="c" type3="ns" type4="c3"/>
    <Proper k1="10.46" periodicity1="2" phase1="3.141592653589793" type1="c" type2="c" type3="ns" type4="hn"/>
    <Proper k1="0.41840000000000005" k2="0.7112800000000001" k3="4.26768" periodicity1="4" periodicity2="3" periodicity3="1" phase1="3.141592653589793" phase2="0.0" phase3="3.141592653589793" type1="c3" type2="c3" type3="ns" type4="c"/>
    <Proper k1="0.0" periodicity1="2" phase1="0.0" type1="cc" type2="c3" type3="ns" type4="c"/>
    <Proper k1="0.0" periodicity1="2" phase1="3.141592653589793" type1="h1" type2="c3" type3="ns" type4="c"/>
    <Proper k1="0.41840000000000005" periodicity1="3" phase1="0.0" type1="c3" type2="c3" type3="c3" type4="ns"/>
    <Proper k1="10.46" periodicity1="2" phase1="3.141592653589793" type1="o" type2="c" type3="ns" type4="c3"/>
    <Proper k1="10.46" k2="8.368" periodicity1="2" periodicity2="1" phase1="3.141592653589793" phase2="0.0" type1="o" type2="c" type3="ns" type4="hn"/>
    <Proper k1="0.9079280000000001" periodicity1="3" phase1="0.0" type1="c3" type2="c3" type3="n7" type4="hn"/>
    <Proper k1="4.6024" periodicity1="2" phase1="3.141592653589793" type1="c3" type2="cc" type3="ss" type4="cd"/>
    <Proper k1="0.0" periodicity1="2" phase1="0.0" type1="c3" type2="c3" type3="ns" type4="hn"/>
    <Proper k1="0.9414" periodicity1="3" phase1="0.0" type1="h1" type2="c3" type3="n7" type4="c3"/>
    <Proper k1="0.0" periodicity1="2" phase1="0.0" type1="cc" type2="c3" type3="ns" type4="hn"/>
    <Proper k1="4.6024" periodicity1="2" phase1="3.141592653589793" type1="cc" type2="cd" type3="ss" type4="cc"/>
    <Proper k1="4.6024" periodicity1="2" phase1="3.141592653589793" type1="c3" type2="cd" type3="ss" type4="cc"/>
    <Proper k1="0.87864" periodicity1="3" phase1="0.0" type1="c3" type2="c3" type3="c3" type4="n7"/>
    <Proper k1="0.41840000000000005" periodicity1="3" phase1="0.0" type1="hc" type2="c3" type3="c3" type4="n7"/>
    <Proper k1="4.6024" periodicity1="2" phase1="3.141592653589793" type1="nc" type2="cc" type3="ss" type4="cd"/>
    <Proper k1="0.0" periodicity1="2" phase1="0.0" type1="h1" type2="c3" type3="ns" type4="hn"/>
    <Proper k1="1.2552" periodicity1="3" phase1="0.0" type1="h1" type2="c3" type3="n7" type4="hn"/>
    <Improper k1="4.6024" periodicity1="2" phase1="3.141592653589793" type1="ca" type2="ca" type3="ca" type4="ha"/>
    <Improper k1="4.6024" periodicity1="2" phase1="3.141592653589793" type1="ca" type2="ca" type3="ca" type4="ns"/>
    <Improper k1="4.6024" periodicity1="2" phase1="3.141592653589793" type1="ns" type2="c" type3="ca" type4="hn"/>
    <Improper k1="43.932" periodicity1="2" phase1="3.141592653589793" type1="c" type2="c" type3="ns" type4="o"/>
    <Improper k1="4.6024" periodicity1="2" phase1="3.141592653589793" type1="ns" type2="c" type3="c3" type4="hn"/>
    <Improper k1="4.6024" periodicity1="2" phase1="3.141592653589793" type1="cc" type2="c3" type3="nc" type4="ss"/>
    <Improper k1="4.6024" periodicity1="2" phase1="3.141592653589793" type1="cc" type2="c3" type3="cd" type4="nc"/>
    <Improper k1="4.6024" periodicity1="2" phase1="3.141592653589793" type1="cd" type2="c3" type3="cc" type4="ss"/>
  </PeriodicTorsionForce>
</ForceField>
