<ForceField>
  <Info>
    <DateGenerated>2019-07-05</DateGenerated>
  </Info>
  <Residues>
    <Residue name="MC_0KX">
      <Atom charge="1.2909" name="PG" type="p5"/>
      <Atom charge="-0.6625" name="O1G" type="o"/>
      <Atom charge="-0.6625" name="O2G" type="o"/>
      <Atom charge="-0.6625" name="O3G" type="o"/>
      <Atom charge="1.4117" name="PB" type="p5"/>
      <Atom charge="-0.65" name="O1B" type="o"/>
      <Atom charge="-0.65" name="O2B" type="o"/>
      <Atom charge="-0.7148" name="O3B" type="os"/>
      <Atom charge="1.2657" name="PA" type="p5"/>
      <Atom charge="-0.7905" name="O1A" type="o"/>
      <Atom charge="-0.7905" name="O2A" type="o"/>
      <Atom charge="-0.9224" name="N3A" type="n7"/>
      <Atom charge="-0.5702" name="O5'" type="os"/>
      <Atom charge="0.2184" name="C5'" type="c3"/>
      <Atom charge="0.1351" name="C4'" type="c3"/>
      <Atom charge="-0.3566" name="O4'" type="os"/>
      <Atom charge="0.1051" name="C3'" type="c3"/>
      <Atom charge="-0.6178" name="O3'" type="oh"/>
      <Atom charge="-0.1464" name="C2'" type="c3"/>
      <Atom charge="0.3195" name="C1'" type="c3"/>
      <Atom charge="-0.386" name="N1" type="n"/>
      <Atom charge="0.8539" name="C2" type="c"/>
      <Atom charge="-0.8401" name="N3" type="nc"/>
      <Atom charge="0.1775" name="C4" type="cd"/>
      <Atom charge="-0.2986" name="C5" type="cd"/>
      <Atom charge="-0.0834" name="C6" type="cc"/>
      <Atom charge="-0.7015" name="O2" type="o"/>
      <Atom charge="-0.6266" name="N4" type="nz"/>
      <Atom charge="0.3908" name="H5" type="hn"/>
      <Atom charge="0.0297" name="H6" type="h1"/>
      <Atom charge="0.0297" name="H7" type="h1"/>
      <Atom charge="0.0547" name="H8" type="h1"/>
      <Atom charge="0.0567" name="H9" type="h1"/>
      <Atom charge="0.383" name="H10" type="ho"/>
      <Atom charge="0.0542" name="H11" type="hc"/>
      <Atom charge="0.0542" name="H12" type="hc"/>
      <Atom charge="0.0297" name="H13" type="h2"/>
      <Atom charge="0.069" name="H14" type="ha"/>
      <Atom charge="0.112" name="H15" type="h4"/>
      <Atom charge="0.3628" name="H16" type="hn"/>
      <Atom charge="0.3628" name="H17" type="hn"/>
      <Atom charge="0.3628" name="H43" type="hn"/>
      <Bond atomName1="O4'" atomName2="C4'"/>
      <Bond atomName1="O4'" atomName2="C1'"/>
      <Bond atomName1="C4'" atomName2="C5'"/>
      <Bond atomName1="C4'" atomName2="C3'"/>
      <Bond atomName1="C5'" atomName2="O5'"/>
      <Bond atomName1="C1'" atomName2="N1"/>
      <Bond atomName1="C1'" atomName2="C2'"/>
      <Bond atomName1="O5'" atomName2="PA"/>
      <Bond atomName1="O1A" atomName2="PA"/>
      <Bond atomName1="O2" atomName2="C2"/>
      <Bond atomName1="N1" atomName2="C2"/>
      <Bond atomName1="N1" atomName2="C6"/>
      <Bond atomName1="C3'" atomName2="C2'"/>
      <Bond atomName1="C3'" atomName2="O3'"/>
      <Bond atomName1="C2" atomName2="N3"/>
      <Bond atomName1="C6" atomName2="C5"/>
      <Bond atomName1="O2B" atomName2="PB"/>
      <Bond atomName1="PA" atomName2="O2A"/>
      <Bond atomName1="PA" atomName2="N3A"/>
      <Bond atomName1="N3" atomName2="C4"/>
      <Bond atomName1="C5" atomName2="C4"/>
      <Bond atomName1="C4" atomName2="N4"/>
      <Bond atomName1="O2G" atomName2="PG"/>
      <Bond atomName1="PB" atomName2="N3A"/>
      <Bond atomName1="PB" atomName2="O1B"/>
      <Bond atomName1="PB" atomName2="O3B"/>
      <Bond atomName1="PG" atomName2="O3B"/>
      <Bond atomName1="PG" atomName2="O3G"/>
      <Bond atomName1="PG" atomName2="O1G"/>
      <Bond atomName1="N3A" atomName2="H5"/>
      <Bond atomName1="C5'" atomName2="H6"/>
      <Bond atomName1="C5'" atomName2="H7"/>
      <Bond atomName1="C4'" atomName2="H8"/>
      <Bond atomName1="C3'" atomName2="H9"/>
      <Bond atomName1="O3'" atomName2="H10"/>
      <Bond atomName1="C2'" atomName2="H11"/>
      <Bond atomName1="C2'" atomName2="H12"/>
      <Bond atomName1="C1'" atomName2="H13"/>
      <Bond atomName1="C5" atomName2="H14"/>
      <Bond atomName1="C6" atomName2="H15"/>
      <Bond atomName1="N4" atomName2="H16"/>
      <Bond atomName1="N4" atomName2="H17"/>
      <Bond atomName1="H43" atomName2="N4"/>
    </Residue>
  </Residues>
  <HarmonicBondForce>
    <Bond k="230956.79999999996" length="0.167" type1="n7" type2="p5"/>
    <Bond k="427855.8399999999" length="0.10189999999999999" type1="hn" type2="n7"/>
    <Bond k="198070.55999999994" length="0.14930000000000002" type1="cd" type2="nz"/>
    <Bond k="404090.7199999999" length="0.10300000000000001" type1="hn" type2="nz"/>
  </HarmonicBondForce>
  <HarmonicAngleForce>
    <Angle angle="2.0842721927316283" k="900.3968" type1="p5" type2="n7" type3="p5"/>
    <Angle angle="1.9952604008799175" k="475.3024" type1="hn" type2="n7" type3="p5"/>
    <Angle angle="2.0008454544862992" k="672.7872000000001" type1="n7" type2="p5" type3="o"/>
    <Angle angle="1.784250094313803" k="688.6864" type1="n7" type2="p5" type3="os"/>
    <Angle angle="2.1429152555986377" k="876.037552" type1="nc" type2="cd" type3="nz"/>
    <Angle angle="1.928588823453734" k="392.4592" type1="cd" type2="nz" type3="hn"/>
    <Angle angle="2.0668189002116852" k="702.753008" type1="cd" type2="cd" type3="nz"/>
    <Angle angle="1.8901915799098588" k="334.72" type1="hn" type2="nz" type3="hn"/>
  </HarmonicAngleForce>
  <PeriodicTorsionForce>
    <Proper k1="12.552" periodicity1="2" phase1="3.141592653589793" type1="p5" type2="n7" type3="p5" type4="o"/>
    <Proper k1="12.552" periodicity1="2" phase1="3.141592653589793" type1="p5" type2="n7" type3="p5" type4="os"/>
    <Proper k1="12.552" periodicity1="2" phase1="3.141592653589793" type1="hn" type2="n7" type3="p5" type4="o"/>
    <Proper k1="12.552" periodicity1="2" phase1="3.141592653589793" type1="hn" type2="n7" type3="p5" type4="os"/>
    <Proper k1="0.0" periodicity1="3" phase1="3.141592653589793" type1="nc" type2="cd" type3="nz" type4="hn"/>
    <Proper k1="0.343088" periodicity1="3" phase1="3.141592653589793" type1="cd" type2="cd" type3="nz" type4="hn"/>
    <Improper k1="4.6024" periodicity1="2" phase1="3.141592653589793" type1="n" type2="c" type3="c3" type4="cc"/>
    <Improper k1="43.932" periodicity1="2" phase1="3.141592653589793" type1="c" type2="n" type3="nc" type4="o"/>
    <Improper k1="4.6024" periodicity1="2" phase1="3.141592653589793" type1="cd" type2="cd" type3="nc" type4="nz"/>
    <Improper k1="4.6024" periodicity1="2" phase1="3.141592653589793" type1="cd" type2="cc" type3="cd" type4="ha"/>
    <Improper k1="4.6024" periodicity1="2" phase1="3.141592653589793" type1="cc" type2="cd" type3="h4" type4="n"/>
  </PeriodicTorsionForce>
</ForceField>
