<ForceField>
  <Info>
    <DateGenerated>2019-07-05</DateGenerated>
  </Info>
  <Residues>
    <Residue name="MC_0L0">
      <Atom charge="-0.2125" name="N44" type="n"/>
      <Atom charge="0.2891" name="C33" type="c3"/>
      <Atom charge="-0.1274" name="C7" type="c3"/>
      <Atom charge="-0.1336" name="C6" type="ca"/>
      <Atom charge="-0.118" name="C13" type="ca"/>
      <Atom charge="0.2447" name="C8" type="c3"/>
      <Atom charge="-0.1295" name="C16" type="ca"/>
      <Atom charge="0.1287" name="C19" type="c3"/>
      <Atom charge="0.0876" name="C26" type="ca"/>
      <Atom charge="-0.1393" name="C1" type="ca"/>
      <Atom charge="-0.0302" name="C2" type="ca"/>
      <Atom charge="0.3486" name="C3" type="ca"/>
      <Atom charge="-0.698" name="N4" type="nb"/>
      <Atom charge="0.4432" name="C5" type="ca"/>
      <Atom charge="-0.6185" name="O9" type="o"/>
      <Atom charge="-0.766" name="N10" type="nu"/>
      <Atom charge="0.0252" name="C11" type="c3"/>
      <Atom charge="-0.0723" name="C12" type="ca"/>
      <Atom charge="-0.1295" name="C14" type="ca"/>
      <Atom charge="-0.134" name="C15" type="ca"/>
      <Atom charge="-0.118" name="C17" type="ca"/>
      <Atom charge="-0.3379" name="O18" type="os"/>
      <Atom charge="0.1441" name="C22" type="ca"/>
      <Atom charge="-0.1263" name="C23" type="ca"/>
      <Atom charge="-0.064" name="C24" type="ca"/>
      <Atom charge="-0.245" name="C25" type="ca"/>
      <Atom charge="-0.0658" name="C27" type="ca"/>
      <Atom charge="-0.2402" name="C28" type="cc"/>
      <Atom charge="0.1388" name="C29" type="cd"/>
      <Atom charge="0.6987" name="C30" type="c"/>
      <Atom charge="-0.3631" name="O31" type="oh"/>
      <Atom charge="-0.5291" name="O45" type="oh"/>
      <Atom charge="1.1629" name="P46" type="p5"/>
      <Atom charge="-0.5762" name="O47" type="os"/>
      <Atom charge="-0.8995" name="O48" type="o"/>
      <Atom charge="-0.8995" name="O49" type="o"/>
      <Atom charge="-0.8995" name="O50" type="o"/>
      <Atom charge="0.0687" name="H1" type="h1"/>
      <Atom charge="0.0687" name="H2" type="h1"/>
      <Atom charge="0.0347" name="H3" type="hc"/>
      <Atom charge="0.0347" name="H4" type="hc"/>
      <Atom charge="0.0347" name="H5" type="hc"/>
      <Atom charge="0.133" name="H6" type="ha"/>
      <Atom charge="0.0422" name="H7" type="h1"/>
      <Atom charge="0.0422" name="H8" type="h1"/>
      <Atom charge="0.124" name="H9" type="ha"/>
      <Atom charge="0.037367" name="H10" type="h1"/>
      <Atom charge="0.037367" name="H11" type="h1"/>
      <Atom charge="0.037367" name="H12" type="h1"/>
      <Atom charge="0.0871" name="H13" type="h4"/>
      <Atom charge="0.4598" name="H14" type="hn"/>
      <Atom charge="0.0492" name="H15" type="hc"/>
      <Atom charge="0.0492" name="H16" type="hc"/>
      <Atom charge="0.124" name="H17" type="ha"/>
      <Atom charge="0.122" name="H18" type="ha"/>
      <Atom charge="0.133" name="H19" type="ha"/>
      <Atom charge="0.14" name="H20" type="ha"/>
      <Atom charge="0.147" name="H21" type="ha"/>
      <Atom charge="0.151" name="H22" type="ha"/>
      <Atom charge="0.403" name="H23" type="ho"/>
      <Atom charge="0.401" name="H24" type="ho"/>
      <Bond atomName1="O48" atomName2="P46"/>
      <Bond atomName1="C11" atomName2="C23"/>
      <Bond atomName1="C11" atomName2="C12"/>
      <Bond atomName1="C19" atomName2="O18"/>
      <Bond atomName1="C23" atomName2="C22"/>
      <Bond atomName1="C23" atomName2="C24"/>
      <Bond atomName1="O18" atomName2="C22"/>
      <Bond atomName1="C17" atomName2="C12"/>
      <Bond atomName1="C17" atomName2="C16"/>
      <Bond atomName1="O49" atomName2="P46"/>
      <Bond atomName1="C22" atomName2="C25"/>
      <Bond atomName1="C24" atomName2="C27"/>
      <Bond atomName1="C12" atomName2="C13"/>
      <Bond atomName1="P46" atomName2="O47"/>
      <Bond atomName1="P46" atomName2="O50"/>
      <Bond atomName1="C27" atomName2="C28"/>
      <Bond atomName1="C27" atomName2="C26"/>
      <Bond atomName1="C25" atomName2="C26"/>
      <Bond atomName1="C28" atomName2="C29"/>
      <Bond atomName1="C16" atomName2="C15"/>
      <Bond atomName1="C26" atomName2="N44"/>
      <Bond atomName1="O47" atomName2="C8"/>
      <Bond atomName1="N44" atomName2="C30"/>
      <Bond atomName1="N44" atomName2="O31"/>
      <Bond atomName1="C29" atomName2="C30"/>
      <Bond atomName1="C29" atomName2="N10"/>
      <Bond atomName1="C33" atomName2="N10"/>
      <Bond atomName1="C33" atomName2="C1"/>
      <Bond atomName1="C13" atomName2="C14"/>
      <Bond atomName1="C30" atomName2="O9"/>
      <Bond atomName1="C15" atomName2="C14"/>
      <Bond atomName1="C8" atomName2="C6"/>
      <Bond atomName1="C1" atomName2="C6"/>
      <Bond atomName1="C1" atomName2="C2"/>
      <Bond atomName1="O45" atomName2="C2"/>
      <Bond atomName1="C6" atomName2="C5"/>
      <Bond atomName1="C2" atomName2="C3"/>
      <Bond atomName1="C5" atomName2="N4"/>
      <Bond atomName1="C3" atomName2="N4"/>
      <Bond atomName1="C3" atomName2="C7"/>
      <Bond atomName1="C33" atomName2="H1"/>
      <Bond atomName1="C33" atomName2="H2"/>
      <Bond atomName1="C7" atomName2="H3"/>
      <Bond atomName1="C7" atomName2="H4"/>
      <Bond atomName1="C7" atomName2="H5"/>
      <Bond atomName1="C13" atomName2="H6"/>
      <Bond atomName1="C8" atomName2="H7"/>
      <Bond atomName1="C8" atomName2="H8"/>
      <Bond atomName1="C16" atomName2="H9"/>
      <Bond atomName1="C19" atomName2="H10"/>
      <Bond atomName1="C19" atomName2="H11"/>
      <Bond atomName1="C19" atomName2="H12"/>
      <Bond atomName1="C5" atomName2="H13"/>
      <Bond atomName1="N10" atomName2="H14"/>
      <Bond atomName1="C11" atomName2="H15"/>
      <Bond atomName1="C11" atomName2="H16"/>
      <Bond atomName1="C14" atomName2="H17"/>
      <Bond atomName1="C15" atomName2="H18"/>
      <Bond atomName1="C17" atomName2="H19"/>
      <Bond atomName1="C24" atomName2="H20"/>
      <Bond atomName1="C25" atomName2="H21"/>
      <Bond atomName1="C28" atomName2="H22"/>
      <Bond atomName1="O31" atomName2="H23"/>
      <Bond atomName1="O45" atomName2="H24"/>
    </Residue>
  </Residues>
  <HarmonicBondForce>
    <Bond k="219074.23999999996" length="0.1464" type1="c3" type2="nu"/>
    <Bond k="304176.79999999993" length="0.1373" type1="cd" type2="nu"/>
    <Bond k="443085.5999999999" length="0.10120000000000001" type1="hn" type2="nu"/>
  </HarmonicBondForce>
  <HarmonicAngleForce>
    <Angle angle="2.0895081804876114" k="548.9408" type1="c3" type2="nu" type3="cd"/>
    <Angle angle="2.0244073993882226" k="388.2752" type1="c3" type2="nu" type3="hn"/>
    <Angle angle="1.9441222537964837" k="702.0752000000001" type1="ca" type2="c3" type3="nu"/>
    <Angle angle="1.9161969857645744" k="512.1216000000001" type1="h1" type2="c3" type3="nu"/>
    <Angle angle="2.161415745669778" k="722.1584" type1="cc" type2="cd" type3="nu"/>
    <Angle angle="2.0684769630010797" k="712.28416" type1="c" type2="cd" type3="nu"/>
    <Angle angle="2.0181242140810434" k="412.5424" type1="cd" type2="nu" type3="hn"/>
  </HarmonicAngleForce>
  <PeriodicTorsionForce>
    <Proper k1="4.3932" periodicity1="2" phase1="3.141592653589793" type1="cc" type2="cd" type3="nu" type4="c3"/>
    <Proper k1="4.3932" periodicity1="2" phase1="3.141592653589793" type1="c" type2="cd" type3="nu" type4="c3"/>
    <Proper k1="2.11292" periodicity1="2" phase1="3.141592653589793" type1="ca" type2="ca" type3="cc" type4="cd"/>
    <Proper k1="2.9288" periodicity1="2" phase1="3.141592653589793" type1="ca" type2="ca" type3="cc" type4="ha"/>
    <Proper k1="0.0" periodicity1="2" phase1="0.0" type1="ca" type2="c3" type3="nu" type4="cd"/>
    <Proper k1="0.0" periodicity1="2" phase1="0.0" type1="ca" type2="c3" type3="nu" type4="hn"/>
    <Proper k1="4.3932" periodicity1="2" phase1="3.141592653589793" type1="cc" type2="cd" type3="nu" type4="hn"/>
    <Proper k1="0.0" periodicity1="2" phase1="0.0" type1="h1" type2="c3" type3="nu" type4="cd"/>
    <Proper k1="4.3932" periodicity1="2" phase1="3.141592653589793" type1="c" type2="cd" type3="nu" type4="hn"/>
    <Proper k1="0.0" periodicity1="2" phase1="0.0" type1="h1" type2="c3" type3="nu" type4="hn"/>
    <Improper k1="4.6024" periodicity1="2" phase1="3.141592653589793" type1="n" type2="c" type3="ca" type4="oh"/>
    <Improper k1="4.6024" periodicity1="2" phase1="3.141592653589793" type1="ca" type2="ca" type3="ca" type4="ha"/>
    <Improper k1="4.6024" periodicity1="2" phase1="3.141592653589793" type1="ca" type2="ca" type3="ca" type4="n"/>
    <Improper k1="4.6024" periodicity1="2" phase1="3.141592653589793" type1="ca" type2="ca" type3="ca" type4="oh"/>
    <Improper k1="4.6024" periodicity1="2" phase1="3.141592653589793" type1="ca" type2="c3" type3="ca" type4="nb"/>
    <Improper k1="4.6024" periodicity1="2" phase1="3.141592653589793" type1="ca" type2="ca" type3="h4" type4="nb"/>
    <Improper k1="4.6024" periodicity1="2" phase1="3.141592653589793" type1="nu" type2="c3" type3="cd" type4="hn"/>
    <Improper k1="4.6024" periodicity1="2" phase1="3.141592653589793" type1="ca" type2="ca" type3="ca" type4="os"/>
    <Improper k1="4.6024" periodicity1="2" phase1="3.141592653589793" type1="ca" type2="ca" type3="ca" type4="cc"/>
    <Improper k1="4.6024" periodicity1="2" phase1="3.141592653589793" type1="cc" type2="ca" type3="cd" type4="ha"/>
    <Improper k1="4.6024" periodicity1="2" phase1="3.141592653589793" type1="cd" type2="c" type3="cc" type4="nu"/>
    <Improper k1="43.932" periodicity1="2" phase1="3.141592653589793" type1="c" type2="cd" type3="n" type4="o"/>
  </PeriodicTorsionForce>
</ForceField>
