<ForceField>
  <Info>
    <DateGenerated>2019-07-05</DateGenerated>
  </Info>
  <Residues>
    <Residue name="MC_0L4">
      <Atom charge="-0.8285" name="O2A" type="o"/>
      <Atom charge="1.4358" name="PA" type="p5"/>
      <Atom charge="-0.8285" name="O1A" type="o"/>
      <Atom charge="-0.7258" name="O3A" type="os"/>
      <Atom charge="1.5468" name="PB" type="p5"/>
      <Atom charge="-0.7208" name="O3B" type="os"/>
      <Atom charge="1.3079" name="PG" type="p5"/>
      <Atom charge="-0.6725" name="O2G" type="o"/>
      <Atom charge="-0.6725" name="O3T" type="o"/>
      <Atom charge="-0.6725" name="O1G" type="o"/>
      <Atom charge="-0.7755" name="O1B" type="o"/>
      <Atom charge="-0.7755" name="O2B" type="o"/>
      <Atom charge="-0.5592" name="O5'" type="os"/>
      <Atom charge="0.0384" name="C5'" type="c3"/>
      <Atom charge="0.3401" name="C4'" type="c3"/>
      <Atom charge="-0.5016" name="O4'" type="os"/>
      <Atom charge="0.2568" name="C1'" type="c3"/>
      <Atom charge="-0.1814" name="C2'" type="c3"/>
      <Atom charge="0.1431" name="C3'" type="c3"/>
      <Atom charge="-0.6088" name="O3'" type="oh"/>
      <Atom charge="-0.1541" name="N9" type="na"/>
      <Atom charge="-0.0051" name="C8" type="cc"/>
      <Atom charge="-0.0089" name="C7" type="cd"/>
      <Atom charge="-0.3534" name="C5" type="ca"/>
      <Atom charge="0.7952" name="C6" type="ca"/>
      <Atom charge="-1.0425" name="N6" type="nv"/>
      <Atom charge="-0.875" name="N1" type="nb"/>
      <Atom charge="0.6979" name="C2" type="ca"/>
      <Atom charge="-0.768" name="N3" type="nb"/>
      <Atom charge="0.5008" name="C4" type="ca"/>
      <Atom charge="-0.1293" name="C42" type="ch"/>
      <Atom charge="-0.0971" name="C43" type="c1"/>
      <Atom charge="-0.0573" name="C44" type="c3"/>
      <Atom charge="-0.1764" name="C45" type="c3"/>
      <Atom charge="-0.0492" name="C46" type="c3"/>
      <Atom charge="-0.7636" name="N47" type="nz"/>
      <Atom charge="0.0572" name="H5" type="h1"/>
      <Atom charge="0.0572" name="H6" type="h1"/>
      <Atom charge="0.0927" name="H7" type="h1"/>
      <Atom charge="0.0817" name="H8" type="h2"/>
      <Atom charge="0.0547" name="H9" type="hc"/>
      <Atom charge="0.0547" name="H10" type="hc"/>
      <Atom charge="0.0567" name="H11" type="h1"/>
      <Atom charge="0.404" name="H12" type="ho"/>
      <Atom charge="0.194" name="H13" type="h4"/>
      <Atom charge="0.4213" name="H14" type="hn"/>
      <Atom charge="0.4213" name="H15" type="hn"/>
      <Atom charge="0.0571" name="H16" type="h5"/>
      <Atom charge="0.0737" name="H17" type="hc"/>
      <Atom charge="0.0737" name="H18" type="hc"/>
      <Atom charge="0.0342" name="H19" type="hc"/>
      <Atom charge="0.0342" name="H20" type="hc"/>
      <Atom charge="0.0307" name="H21" type="hx"/>
      <Atom charge="0.0307" name="H22" type="hx"/>
      <Atom charge="0.2358" name="H23" type="hn"/>
      <Atom charge="0.2358" name="H24" type="hn"/>
      <Atom charge="0.2358" name="H473" type="hn"/>
      <Bond atomName1="O1G" atomName2="PG"/>
      <Bond atomName1="O2G" atomName2="PG"/>
      <Bond atomName1="PG" atomName2="O3T"/>
      <Bond atomName1="PG" atomName2="O3B"/>
      <Bond atomName1="O2B" atomName2="PB"/>
      <Bond atomName1="O2A" atomName2="PA"/>
      <Bond atomName1="O3B" atomName2="PB"/>
      <Bond atomName1="PB" atomName2="O1B"/>
      <Bond atomName1="PB" atomName2="O3A"/>
      <Bond atomName1="C5'" atomName2="O5'"/>
      <Bond atomName1="C5'" atomName2="C4'"/>
      <Bond atomName1="PA" atomName2="O3A"/>
      <Bond atomName1="PA" atomName2="O5'"/>
      <Bond atomName1="PA" atomName2="O1A"/>
      <Bond atomName1="O3'" atomName2="C3'"/>
      <Bond atomName1="C4'" atomName2="C3'"/>
      <Bond atomName1="C4'" atomName2="O4'"/>
      <Bond atomName1="C3'" atomName2="C2'"/>
      <Bond atomName1="O4'" atomName2="C1'"/>
      <Bond atomName1="N47" atomName2="C46"/>
      <Bond atomName1="C2'" atomName2="C1'"/>
      <Bond atomName1="C1'" atomName2="N9"/>
      <Bond atomName1="C46" atomName2="C45"/>
      <Bond atomName1="C8" atomName2="N9"/>
      <Bond atomName1="C8" atomName2="C7"/>
      <Bond atomName1="N9" atomName2="C4"/>
      <Bond atomName1="C45" atomName2="C44"/>
      <Bond atomName1="C7" atomName2="C42"/>
      <Bond atomName1="C7" atomName2="C5"/>
      <Bond atomName1="C4" atomName2="N3"/>
      <Bond atomName1="C4" atomName2="C5"/>
      <Bond atomName1="C42" atomName2="C43"/>
      <Bond atomName1="C43" atomName2="C44"/>
      <Bond atomName1="N3" atomName2="C2"/>
      <Bond atomName1="C5" atomName2="C6"/>
      <Bond atomName1="C2" atomName2="N1"/>
      <Bond atomName1="C6" atomName2="N1"/>
      <Bond atomName1="C6" atomName2="N6"/>
      <Bond atomName1="C5'" atomName2="H5"/>
      <Bond atomName1="C5'" atomName2="H6"/>
      <Bond atomName1="C4'" atomName2="H7"/>
      <Bond atomName1="C1'" atomName2="H8"/>
      <Bond atomName1="C2'" atomName2="H9"/>
      <Bond atomName1="C2'" atomName2="H10"/>
      <Bond atomName1="C3'" atomName2="H11"/>
      <Bond atomName1="O3'" atomName2="H12"/>
      <Bond atomName1="C8" atomName2="H13"/>
      <Bond atomName1="N6" atomName2="H14"/>
      <Bond atomName1="N6" atomName2="H15"/>
      <Bond atomName1="C2" atomName2="H16"/>
      <Bond atomName1="C44" atomName2="H17"/>
      <Bond atomName1="C44" atomName2="H18"/>
      <Bond atomName1="C45" atomName2="H19"/>
      <Bond atomName1="C45" atomName2="H20"/>
      <Bond atomName1="C46" atomName2="H21"/>
      <Bond atomName1="C46" atomName2="H22"/>
      <Bond atomName1="N47" atomName2="H23"/>
      <Bond atomName1="N47" atomName2="H24"/>
      <Bond atomName1="H473" atomName2="N47"/>
    </Residue>
  </Residues>
  <HarmonicBondForce>
    <Bond k="290453.27999999997" length="0.1386" type1="ca" type2="nv"/>
    <Bond k="443085.5999999999" length="0.10120000000000001" type1="hn" type2="nv"/>
    <Bond k="186271.67999999996" length="0.1511" type1="c3" type2="nz"/>
    <Bond k="404090.7199999999" length="0.10300000000000001" type1="hn" type2="nz"/>
  </HarmonicBondForce>
  <HarmonicAngleForce>
    <Angle angle="2.1954496660836673" k="561.4928" type1="ca" type2="cd" type3="ch"/>
    <Angle angle="2.1109757302871417" k="721.3216000000001" type1="ca" type2="ca" type3="nv"/>
    <Angle angle="2.0258036627898184" k="408.3584" type1="ca" type2="nv" type3="hn"/>
    <Angle angle="2.040988027282169" k="938.0527999999999" type1="nb" type2="ca" type3="nv"/>
    <Angle angle="1.9933405387027237" k="677.808" type1="c3" type2="c3" type3="nz"/>
    <Angle angle="1.9217820393709562" k="386.6016" type1="c3" type2="nz" type3="hn"/>
    <Angle angle="1.8851301250790755" k="502.9168" type1="hx" type2="c3" type3="nz"/>
    <Angle angle="2.0092230348958724" k="330.536" type1="hn" type2="nv" type3="hn"/>
    <Angle angle="1.8901915799098588" k="334.72" type1="hn" type2="nz" type3="hn"/>
  </HarmonicAngleForce>
  <PeriodicTorsionForce>
    <Proper k1="2.11292" periodicity1="2" phase1="3.141592653589793" type1="ca" type2="ca" type3="cd" type4="cc"/>
    <Proper k1="0.0" periodicity1="2" phase1="3.141592653589793" type1="cc" type2="cd" type3="ch" type4="c1"/>
    <Proper k1="0.0" periodicity1="2" phase1="3.141592653589793" type1="ca" type2="cd" type3="ch" type4="c1"/>
    <Proper k1="4.3932" periodicity1="2" phase1="3.141592653589793" type1="ca" type2="ca" type3="nv" type4="hn"/>
    <Proper k1="2.9288" periodicity1="2" phase1="3.141592653589793" type1="ca" type2="ca" type3="cd" type4="ch"/>
    <Proper k1="4.3932" periodicity1="2" phase1="3.141592653589793" type1="nb" type2="ca" type3="nv" type4="hn"/>
    <Proper k1="0.87864" periodicity1="3" phase1="0.0" type1="c3" type2="c3" type3="c3" type4="nz"/>
    <Proper k1="0.6508444444444444" periodicity1="3" phase1="0.0" type1="c3" type2="c3" type3="nz" type4="hn"/>
    <Proper k1="0.456056" periodicity1="3" phase1="0.0" type1="hx" type2="c3" type3="nz" type4="hn"/>
    <Improper k1="4.6024" periodicity1="2" phase1="3.141592653589793" type1="na" type2="c3" type3="ca" type4="cc"/>
    <Improper k1="4.6024" periodicity1="2" phase1="3.141592653589793" type1="cc" type2="cd" type3="h4" type4="na"/>
    <Improper k1="4.6024" periodicity1="2" phase1="3.141592653589793" type1="cd" type2="ca" type3="cc" type4="ch"/>
    <Improper k1="4.6024" periodicity1="2" phase1="3.141592653589793" type1="ca" type2="ca" type3="ca" type4="cd"/>
    <Improper k1="4.6024" periodicity1="2" phase1="3.141592653589793" type1="ca" type2="ca" type3="nb" type4="nv"/>
    <Improper k1="4.6024" periodicity1="2" phase1="3.141592653589793" type1="nv" type2="ca" type3="hn" type4="hn"/>
    <Improper k1="4.6024" periodicity1="2" phase1="3.141592653589793" type1="ca" type2="h5" type3="nb" type4="nb"/>
    <Improper k1="4.6024" periodicity1="2" phase1="3.141592653589793" type1="ca" type2="ca" type3="na" type4="nb"/>
  </PeriodicTorsionForce>
</ForceField>
