<ForceField>
  <Info>
    <DateGenerated>2019-07-05</DateGenerated>
  </Info>
  <Residues>
    <Residue name="MC_0LA">
      <Atom charge="-0.1424" name="Cl" type="cl"/>
      <Atom charge="-0.0156" name="C3" type="ca"/>
      <Atom charge="-0.108" name="C2" type="ca"/>
      <Atom charge="-0.161" name="C1" type="ca"/>
      <Atom charge="0.0018" name="C9A" type="ca"/>
      <Atom charge="-0.1963" name="N9" type="na"/>
      <Atom charge="-0.07" name="C4" type="ca"/>
      <Atom charge="-0.065" name="C4A" type="cp"/>
      <Atom charge="-0.117" name="C4B" type="cp"/>
      <Atom charge="-0.088" name="C5" type="ca"/>
      <Atom charge="-0.105" name="C6" type="ca"/>
      <Atom charge="-0.0012" name="C8A" type="ca"/>
      <Atom charge="-0.174" name="C8" type="ca"/>
      <Atom charge="0.0287" name="C7" type="ca"/>
      <Atom charge="-0.1454" name="C10" type="c3"/>
      <Atom charge="-0.0601" name="C14" type="c3"/>
      <Atom charge="0.8946" name="C11" type="c"/>
      <Atom charge="-0.8388" name="O13" type="o"/>
      <Atom charge="-0.8388" name="O12" type="o"/>
      <Atom charge="0.131" name="H1" type="ha"/>
      <Atom charge="0.123" name="H2" type="ha"/>
      <Atom charge="0.2907" name="H3" type="hn"/>
      <Atom charge="0.142" name="H4" type="ha"/>
      <Atom charge="0.119" name="H5" type="ha"/>
      <Atom charge="0.152" name="H6" type="ha"/>
      <Atom charge="0.123" name="H7" type="ha"/>
      <Atom charge="0.0477" name="H8" type="hc"/>
      <Atom charge="0.0237" name="H9" type="hc"/>
      <Atom charge="0.0237" name="H10" type="hc"/>
      <Atom charge="0.0237" name="H11" type="hc"/>
      <Bond atomName1="O13" atomName2="C11"/>
      <Bond atomName1="O12" atomName2="C11"/>
      <Bond atomName1="C11" atomName2="C10"/>
      <Bond atomName1="N9" atomName2="C8A"/>
      <Bond atomName1="N9" atomName2="C9A"/>
      <Bond atomName1="C8" atomName2="C8A"/>
      <Bond atomName1="C8" atomName2="C7"/>
      <Bond atomName1="C10" atomName2="C7"/>
      <Bond atomName1="C10" atomName2="C14"/>
      <Bond atomName1="C8A" atomName2="C4B"/>
      <Bond atomName1="C1" atomName2="C9A"/>
      <Bond atomName1="C1" atomName2="C2"/>
      <Bond atomName1="C9A" atomName2="C4A"/>
      <Bond atomName1="C7" atomName2="C6"/>
      <Bond atomName1="C2" atomName2="C3"/>
      <Bond atomName1="C4B" atomName2="C4A"/>
      <Bond atomName1="C4B" atomName2="C5"/>
      <Bond atomName1="C4A" atomName2="C4"/>
      <Bond atomName1="C6" atomName2="C5"/>
      <Bond atomName1="C3" atomName2="C4"/>
      <Bond atomName1="C3" atomName2="Cl"/>
      <Bond atomName1="C2" atomName2="H1"/>
      <Bond atomName1="C1" atomName2="H2"/>
      <Bond atomName1="N9" atomName2="H3"/>
      <Bond atomName1="C4" atomName2="H4"/>
      <Bond atomName1="C5" atomName2="H5"/>
      <Bond atomName1="C6" atomName2="H6"/>
      <Bond atomName1="C8" atomName2="H7"/>
      <Bond atomName1="C10" atomName2="H8"/>
      <Bond atomName1="C14" atomName2="H9"/>
      <Bond atomName1="C14" atomName2="H10"/>
      <Bond atomName1="C14" atomName2="H11"/>
    </Residue>
  </Residues>
  <PeriodicTorsionForce>
    <Improper k1="4.6024" periodicity1="2" phase1="3.141592653589793" type1="ca" type2="ca" type3="ca" type4="ha"/>
    <Improper k1="4.6024" periodicity1="2" phase1="3.141592653589793" type1="ca" type2="ca" type3="cp" type4="na"/>
    <Improper k1="4.6024" periodicity1="2" phase1="3.141592653589793" type1="na" type2="ca" type3="ca" type4="hn"/>
    <Improper k1="4.6024" periodicity1="2" phase1="3.141592653589793" type1="ca" type2="ca" type3="cp" type4="ha"/>
    <Improper k1="4.6024" periodicity1="2" phase1="3.141592653589793" type1="cp" type2="ca" type3="ca" type4="cp"/>
    <Improper k1="4.6024" periodicity1="2" phase1="3.141592653589793" type1="c" type2="c3" type3="o" type4="o"/>
  </PeriodicTorsionForce>
</ForceField>
