<ForceField>
  <Info>
    <DateGenerated>2019-07-05</DateGenerated>
  </Info>
  <Residues>
    <Residue name="MC_0LH">
      <Atom charge="-0.1301" name="CAG" type="cc"/>
      <Atom charge="-0.1412" name="CAF" type="cd"/>
      <Atom charge="-0.0898" name="CAJ" type="ca"/>
      <Atom charge="-0.06" name="CAD" type="ca"/>
      <Atom charge="-0.151" name="CAB" type="ca"/>
      <Atom charge="-0.098" name="CAC" type="ca"/>
      <Atom charge="-0.188" name="CAE" type="ca"/>
      <Atom charge="-0.0292" name="CAK" type="ca"/>
      <Atom charge="-0.0924" name="NAL" type="na"/>
      <Atom charge="0.0443" name="CAI" type="c3"/>
      <Atom charge="0.0568" name="CAH" type="c3"/>
      <Atom charge="-0.8086" name="NAA" type="nz"/>
      <Atom charge="0.17" name="H1" type="h4"/>
      <Atom charge="0.176" name="H2" type="ha"/>
      <Atom charge="0.149" name="H3" type="ha"/>
      <Atom charge="0.146" name="H4" type="ha"/>
      <Atom charge="0.143" name="H5" type="ha"/>
      <Atom charge="0.132" name="H6" type="ha"/>
      <Atom charge="0.0742" name="H7" type="h1"/>
      <Atom charge="0.0742" name="H8" type="h1"/>
      <Atom charge="0.1237" name="H9" type="hx"/>
      <Atom charge="0.1237" name="H10" type="hx"/>
      <Atom charge="0.458467" name="H11" type="hn"/>
      <Atom charge="0.458467" name="H12" type="hn"/>
      <Atom charge="0.458467" name="HAA3" type="hn"/>
      <Bond atomName1="CAI" atomName2="CAH"/>
      <Bond atomName1="CAI" atomName2="NAL"/>
      <Bond atomName1="CAH" atomName2="NAA"/>
      <Bond atomName1="CAE" atomName2="CAC"/>
      <Bond atomName1="CAE" atomName2="CAK"/>
      <Bond atomName1="NAL" atomName2="CAK"/>
      <Bond atomName1="NAL" atomName2="CAG"/>
      <Bond atomName1="CAC" atomName2="CAB"/>
      <Bond atomName1="CAK" atomName2="CAJ"/>
      <Bond atomName1="CAG" atomName2="CAF"/>
      <Bond atomName1="CAB" atomName2="CAD"/>
      <Bond atomName1="CAJ" atomName2="CAF"/>
      <Bond atomName1="CAJ" atomName2="CAD"/>
      <Bond atomName1="CAG" atomName2="H1"/>
      <Bond atomName1="CAF" atomName2="H2"/>
      <Bond atomName1="CAD" atomName2="H3"/>
      <Bond atomName1="CAB" atomName2="H4"/>
      <Bond atomName1="CAC" atomName2="H5"/>
      <Bond atomName1="CAE" atomName2="H6"/>
      <Bond atomName1="CAI" atomName2="H7"/>
      <Bond atomName1="CAI" atomName2="H8"/>
      <Bond atomName1="CAH" atomName2="H9"/>
      <Bond atomName1="CAH" atomName2="H10"/>
      <Bond atomName1="NAA" atomName2="H11"/>
      <Bond atomName1="NAA" atomName2="H12"/>
      <Bond atomName1="HAA3" atomName2="NAA"/>
    </Residue>
  </Residues>
  <HarmonicBondForce>
    <Bond k="186271.67999999996" length="0.1511" type1="c3" type2="nz"/>
    <Bond k="404090.7199999999" length="0.10300000000000001" type1="hn" type2="nz"/>
  </HarmonicBondForce>
  <HarmonicAngleForce>
    <Angle angle="1.9933405387027237" k="677.808" type1="c3" type2="c3" type3="nz"/>
    <Angle angle="1.9217820393709562" k="386.6016" type1="c3" type2="nz" type3="hn"/>
    <Angle angle="1.8851301250790755" k="502.9168" type1="hx" type2="c3" type3="nz"/>
    <Angle angle="1.8901915799098588" k="334.72" type1="hn" type2="nz" type3="hn"/>
  </HarmonicAngleForce>
  <PeriodicTorsionForce>
    <Proper k1="2.11292" periodicity1="2" phase1="3.141592653589793" type1="ca" type2="ca" type3="cd" type4="cc"/>
    <Proper k1="2.9288" periodicity1="2" phase1="3.141592653589793" type1="ca" type2="ca" type3="cd" type4="ha"/>
    <Proper k1="0.6508444444444444" periodicity1="3" phase1="0.0" type1="c3" type2="c3" type3="nz" type4="hn"/>
    <Proper k1="0.456056" periodicity1="3" phase1="0.0" type1="hx" type2="c3" type3="nz" type4="hn"/>
    <Improper k1="4.6024" periodicity1="2" phase1="3.141592653589793" type1="cc" type2="cd" type3="h4" type4="na"/>
    <Improper k1="4.6024" periodicity1="2" phase1="3.141592653589793" type1="cd" type2="ca" type3="cc" type4="ha"/>
    <Improper k1="4.6024" periodicity1="2" phase1="3.141592653589793" type1="ca" type2="ca" type3="ca" type4="cd"/>
    <Improper k1="4.6024" periodicity1="2" phase1="3.141592653589793" type1="ca" type2="ca" type3="ca" type4="ha"/>
    <Improper k1="4.6024" periodicity1="2" phase1="3.141592653589793" type1="ca" type2="ca" type3="ca" type4="na"/>
    <Improper k1="4.6024" periodicity1="2" phase1="3.141592653589793" type1="na" type2="c3" type3="ca" type4="cc"/>
  </PeriodicTorsionForce>
</ForceField>
