<ForceField>
  <Info>
    <DateGenerated>2019-07-05</DateGenerated>
  </Info>
  <Residues>
    <Residue name="MC_0LI">
      <Atom charge="-0.2896" name="N1" type="nc"/>
      <Atom charge="-0.6306" name="N3" type="n3"/>
      <Atom charge="-0.071" name="C4" type="cg"/>
      <Atom charge="0.023" name="C5" type="ca"/>
      <Atom charge="-0.0463" name="C6" type="ca"/>
      <Atom charge="-0.149" name="C7" type="ca"/>
      <Atom charge="-0.09" name="C8" type="ca"/>
      <Atom charge="0.005" name="C10" type="ca"/>
      <Atom charge="-0.0064" name="C13" type="ca"/>
      <Atom charge="-0.101" name="C15" type="ca"/>
      <Atom charge="-0.0383" name="C17" type="ca"/>
      <Atom charge="0.1118" name="C21" type="c3"/>
      <Atom charge="0.1428" name="C22" type="c3"/>
      <Atom charge="0.1118" name="C24" type="c3"/>
      <Atom charge="-0.019" name="C81" type="cd"/>
      <Atom charge="-0.2763" name="C82" type="cc"/>
      <Atom charge="0.4062" name="C83" type="cc"/>
      <Atom charge="-0.4678" name="N81" type="nd"/>
      <Atom charge="0.2032" name="N82" type="na"/>
      <Atom charge="-0.0763" name="C84" type="cd"/>
      <Atom charge="0.0506" name="C1" type="cc"/>
      <Atom charge="-0.0078" name="C2" type="cd"/>
      <Atom charge="-0.0863" name="C3" type="ch"/>
      <Atom charge="-0.1116" name="C9" type="ca"/>
      <Atom charge="-0.0618" name="C11" type="c3"/>
      <Atom charge="0.5827" name="C12" type="c"/>
      <Atom charge="-0.6671" name="O1" type="o"/>
      <Atom charge="-0.3811" name="N2" type="ns"/>
      <Atom charge="-0.078" name="C14" type="ca"/>
      <Atom charge="-0.1233" name="C16" type="ca"/>
      <Atom charge="-0.114" name="C18" type="ca"/>
      <Atom charge="0.6382" name="C19" type="c3"/>
      <Atom charge="-0.2393" name="F1" type="f"/>
      <Atom charge="-0.2393" name="F2" type="f"/>
      <Atom charge="-0.2393" name="F3" type="f"/>
      <Atom charge="0.1428" name="C23" type="c3"/>
      <Atom charge="-0.6846" name="N4" type="n3"/>
      <Atom charge="0.182" name="H7" type="ha"/>
      <Atom charge="0.148" name="H8" type="ha"/>
      <Atom charge="0.148" name="H10" type="ha"/>
      <Atom charge="0.134" name="H15" type="ha"/>
      <Atom charge="0.0672" name="H20" type="h1"/>
      <Atom charge="0.0672" name="H20A" type="h1"/>
      <Atom charge="0.04695" name="H21" type="h1"/>
      <Atom charge="0.04695" name="H21A" type="h1"/>
      <Atom charge="0.05895" name="H22" type="h1"/>
      <Atom charge="0.05895" name="H22A" type="h1"/>
      <Atom charge="0.04695" name="H24" type="h1"/>
      <Atom charge="0.04695" name="H24A" type="h1"/>
      <Atom charge="0.167" name="H81" type="ha"/>
      <Atom charge="0.153" name="H82" type="ha"/>
      <Atom charge="0.0561" name="H83" type="h4"/>
      <Atom charge="0.195" name="H1" type="h4"/>
      <Atom charge="0.0447" name="H11" type="hc"/>
      <Atom charge="0.0447" name="H11A" type="hc"/>
      <Atom charge="0.0447" name="H11B" type="hc"/>
      <Atom charge="0.2735" name="HN2" type="hn"/>
      <Atom charge="0.174" name="H14" type="ha"/>
      <Atom charge="0.163" name="H18" type="ha"/>
      <Atom charge="0.05895" name="H23" type="h1"/>
      <Atom charge="0.05895" name="H23A" type="h1"/>
      <Atom charge="0.014033" name="H25" type="h1"/>
      <Atom charge="0.014033" name="H25A" type="h1"/>
      <Atom charge="0.014033" name="H25B" type="h1"/>
      <Atom charge="0.2011" name="C20" type="c3"/>
      <Atom charge="0.1451" name="C25" type="c3"/>
      <Bond atomName1="N1" atomName2="C84"/>
      <Bond atomName1="N1" atomName2="C1"/>
      <Bond atomName1="N3" atomName2="C20"/>
      <Bond atomName1="N3" atomName2="C21"/>
      <Bond atomName1="N3" atomName2="C24"/>
      <Bond atomName1="C4" atomName2="C5"/>
      <Bond atomName1="C4" atomName2="C3"/>
      <Bond atomName1="C5" atomName2="C6"/>
      <Bond atomName1="C5" atomName2="C10"/>
      <Bond atomName1="C6" atomName2="C7"/>
      <Bond atomName1="C6" atomName2="C11"/>
      <Bond atomName1="C7" atomName2="C8"/>
      <Bond atomName1="C7" atomName2="H7"/>
      <Bond atomName1="C8" atomName2="C9"/>
      <Bond atomName1="C8" atomName2="H8"/>
      <Bond atomName1="C10" atomName2="C9"/>
      <Bond atomName1="C10" atomName2="H10"/>
      <Bond atomName1="C13" atomName2="N2"/>
      <Bond atomName1="C13" atomName2="C14"/>
      <Bond atomName1="C13" atomName2="C18"/>
      <Bond atomName1="C15" atomName2="C14"/>
      <Bond atomName1="C15" atomName2="C16"/>
      <Bond atomName1="C15" atomName2="H15"/>
      <Bond atomName1="C17" atomName2="C16"/>
      <Bond atomName1="C17" atomName2="C18"/>
      <Bond atomName1="C17" atomName2="C19"/>
      <Bond atomName1="C20" atomName2="C16"/>
      <Bond atomName1="C20" atomName2="H20"/>
      <Bond atomName1="C20" atomName2="H20A"/>
      <Bond atomName1="C21" atomName2="C22"/>
      <Bond atomName1="C21" atomName2="H21"/>
      <Bond atomName1="C21" atomName2="H21A"/>
      <Bond atomName1="C22" atomName2="N4"/>
      <Bond atomName1="C22" atomName2="H22"/>
      <Bond atomName1="C22" atomName2="H22A"/>
      <Bond atomName1="C24" atomName2="C23"/>
      <Bond atomName1="C24" atomName2="H24"/>
      <Bond atomName1="C24" atomName2="H24A"/>
      <Bond atomName1="C81" atomName2="C82"/>
      <Bond atomName1="C81" atomName2="C84"/>
      <Bond atomName1="C81" atomName2="H81"/>
      <Bond atomName1="C82" atomName2="C83"/>
      <Bond atomName1="C82" atomName2="H82"/>
      <Bond atomName1="C83" atomName2="N81"/>
      <Bond atomName1="C83" atomName2="H83"/>
      <Bond atomName1="N81" atomName2="N82"/>
      <Bond atomName1="N82" atomName2="C84"/>
      <Bond atomName1="N82" atomName2="C2"/>
      <Bond atomName1="C1" atomName2="C2"/>
      <Bond atomName1="C1" atomName2="H1"/>
      <Bond atomName1="C2" atomName2="C3"/>
      <Bond atomName1="C9" atomName2="C12"/>
      <Bond atomName1="C11" atomName2="H11"/>
      <Bond atomName1="C11" atomName2="H11A"/>
      <Bond atomName1="C11" atomName2="H11B"/>
      <Bond atomName1="C12" atomName2="O1"/>
      <Bond atomName1="C12" atomName2="N2"/>
      <Bond atomName1="N2" atomName2="HN2"/>
      <Bond atomName1="C14" atomName2="H14"/>
      <Bond atomName1="C18" atomName2="H18"/>
      <Bond atomName1="C19" atomName2="F1"/>
      <Bond atomName1="C19" atomName2="F2"/>
      <Bond atomName1="C19" atomName2="F3"/>
      <Bond atomName1="C23" atomName2="N4"/>
      <Bond atomName1="C23" atomName2="H23"/>
      <Bond atomName1="C23" atomName2="H23A"/>
      <Bond atomName1="C25" atomName2="N4"/>
      <Bond atomName1="C25" atomName2="H25"/>
      <Bond atomName1="C25" atomName2="H25A"/>
      <Bond atomName1="C25" atomName2="H25B"/>
    </Residue>
  </Residues>
  <HarmonicBondForce>
    <Bond k="263759.3599999999" length="0.1412" type1="ca" type2="ns"/>
    <Bond k="298068.1599999999" length="0.1379" type1="c" type2="ns"/>
    <Bond k="441244.6399999999" length="0.1013" type1="hn" type2="ns"/>
  </HarmonicBondForce>
  <HarmonicAngleForce>
    <Angle angle="2.159146817642185" k="549.7776" type1="c" type2="ns" type3="ca"/>
    <Angle angle="2.0245819323134224" k="401.664" type1="ca" type2="ns" type3="hn"/>
    <Angle angle="2.011491962923465" k="714.6272000000001" type1="ca" type2="c" type3="ns"/>
    <Angle angle="2.051634535719334" k="407.52160000000003" type1="c" type2="ns" type3="hn"/>
    <Angle angle="2.1476276445790226" k="952.2784" type1="ns" type2="c" type3="o"/>
    <Angle angle="2.0977112279719847" k="716.3008" type1="ca" type2="ca" type3="ns"/>
  </HarmonicAngleForce>
  <PeriodicTorsionForce>
    <Proper k1="0.0" periodicity1="2" phase1="3.141592653589793" type1="na" type2="cd" type3="ch" type4="cg"/>
    <Proper k1="0.0" periodicity1="2" phase1="3.141592653589793" type1="cc" type2="cd" type3="ch" type4="cg"/>
    <Proper k1="0.0" periodicity1="2" phase1="3.141592653589793" type1="ca" type2="ca" type3="cg" type4="ch"/>
    <Proper k1="10.46" periodicity1="2" phase1="3.141592653589793" type1="ca" type2="c" type3="ns" type4="ca"/>
    <Proper k1="10.46" periodicity1="2" phase1="3.141592653589793" type1="o" type2="c" type3="ns" type4="ca"/>
    <Proper k1="10.46" periodicity1="2" phase1="3.141592653589793" type1="ca" type2="c" type3="ns" type4="hn"/>
    <Proper k1="3.9748" periodicity1="2" phase1="3.141592653589793" type1="ca" type2="ca" type3="ns" type4="c"/>
    <Proper k1="10.46" k2="8.368" periodicity1="2" periodicity2="1" phase1="3.141592653589793" phase2="0.0" type1="o" type2="c" type3="ns" type4="hn"/>
    <Proper k1="1.8828" periodicity1="2" phase1="3.141592653589793" type1="ca" type2="ca" type3="ns" type4="hn"/>
    <Improper k1="4.6024" periodicity1="2" phase1="3.141592653589793" type1="ca" type2="ca" type3="ca" type4="cg"/>
    <Improper k1="4.6024" periodicity1="2" phase1="3.141592653589793" type1="ca" type2="ca" type3="ca" type4="ha"/>
    <Improper k1="4.6024" periodicity1="2" phase1="3.141592653589793" type1="ca" type2="ca" type3="ca" type4="ns"/>
    <Improper k1="4.6024" periodicity1="2" phase1="3.141592653589793" type1="cd" type2="cc" type3="cd" type4="ha"/>
    <Improper k1="4.6024" periodicity1="2" phase1="3.141592653589793" type1="cc" type2="cc" type3="cd" type4="ha"/>
    <Improper k1="4.6024" periodicity1="2" phase1="3.141592653589793" type1="cc" type2="cc" type3="h4" type4="nd"/>
    <Improper k1="4.6024" periodicity1="2" phase1="3.141592653589793" type1="na" type2="cd" type3="cd" type4="nd"/>
    <Improper k1="4.6024" periodicity1="2" phase1="3.141592653589793" type1="cd" type2="cd" type3="na" type4="nc"/>
    <Improper k1="4.6024" periodicity1="2" phase1="3.141592653589793" type1="cc" type2="cd" type3="h4" type4="nc"/>
    <Improper k1="4.6024" periodicity1="2" phase1="3.141592653589793" type1="cd" type2="cc" type3="ch" type4="na"/>
    <Improper k1="4.6024" periodicity1="2" phase1="3.141592653589793" type1="ca" type2="c" type3="ca" type4="ca"/>
    <Improper k1="43.932" periodicity1="2" phase1="3.141592653589793" type1="c" type2="ca" type3="ns" type4="o"/>
    <Improper k1="4.6024" periodicity1="2" phase1="3.141592653589793" type1="ns" type2="c" type3="ca" type4="hn"/>
  </PeriodicTorsionForce>
</ForceField>
