<ForceField>
  <Info>
    <DateGenerated>2019-07-05</DateGenerated>
  </Info>
  <Residues>
    <Residue name="MC_0LJ">
      <Atom charge="0.5971" name="C10" type="c"/>
      <Atom charge="0.169" name="C15" type="c3"/>
      <Atom charge="-0.0651" name="C17" type="c3"/>
      <Atom charge="-0.114" name="C21" type="ca"/>
      <Atom charge="-0.104" name="C22" type="ca"/>
      <Atom charge="-0.082" name="C24" type="ca"/>
      <Atom charge="-0.076" name="C01" type="ca"/>
      <Atom charge="-0.0236" name="C02" type="ca"/>
      <Atom charge="0.1589" name="C03" type="ca"/>
      <Atom charge="-0.161" name="C04" type="ca"/>
      <Atom charge="0.0656" name="C05" type="ca"/>
      <Atom charge="-0.163" name="C06" type="ca"/>
      <Atom charge="-0.4381" name="N09" type="ns"/>
      <Atom charge="-0.5791" name="O11" type="o"/>
      <Atom charge="0.6021" name="C12" type="c"/>
      <Atom charge="-0.5539" name="N13" type="ns"/>
      <Atom charge="-0.5961" name="O14" type="o"/>
      <Atom charge="0.2055" name="C16" type="c3"/>
      <Atom charge="-0.1133" name="C18" type="ca"/>
      <Atom charge="-0.1423" name="C19" type="ca"/>
      <Atom charge="-0.8042" name="N20" type="nu"/>
      <Atom charge="-0.12" name="C23" type="ca"/>
      <Atom charge="0.6991" name="C25" type="c2"/>
      <Atom charge="-0.8091" name="N26" type="n2"/>
      <Atom charge="-0.8096" name="N27" type="nz"/>
      <Atom charge="0.0927" name="H1" type="h1"/>
      <Atom charge="0.0797" name="H2" type="hc"/>
      <Atom charge="0.0797" name="H3" type="hc"/>
      <Atom charge="0.139" name="H4" type="ha"/>
      <Atom charge="0.148" name="H5" type="ha"/>
      <Atom charge="0.155" name="H6" type="ha"/>
      <Atom charge="0.159" name="H7" type="ha"/>
      <Atom charge="0.176" name="H8" type="ha"/>
      <Atom charge="0.144" name="H9" type="ha"/>
      <Atom charge="0.3505" name="H10" type="hn"/>
      <Atom charge="0.3435" name="H11" type="hn"/>
      <Atom charge="0.1117" name="H12" type="h1"/>
      <Atom charge="0.4478" name="H13" type="hn"/>
      <Atom charge="0.149" name="H14" type="ha"/>
      <Atom charge="0.4644" name="H15" type="hn"/>
      <Atom charge="0.469133" name="H16" type="hn"/>
      <Atom charge="0.469133" name="H17" type="hn"/>
      <Atom charge="-0.0714" name="Cl7" type="cl"/>
      <Atom charge="0.469133" name="H273" type="hn"/>
      <Atom charge="-0.1189" name="F08" type="f"/>
      <Bond atomName1="C21" atomName2="C22"/>
      <Bond atomName1="C21" atomName2="C18"/>
      <Bond atomName1="C17" atomName2="C18"/>
      <Bond atomName1="C17" atomName2="C16"/>
      <Bond atomName1="N26" atomName2="C25"/>
      <Bond atomName1="C22" atomName2="C23"/>
      <Bond atomName1="C18" atomName2="C19"/>
      <Bond atomName1="C25" atomName2="N27"/>
      <Bond atomName1="C25" atomName2="N20"/>
      <Bond atomName1="C16" atomName2="N20"/>
      <Bond atomName1="C16" atomName2="C15"/>
      <Bond atomName1="C23" atomName2="C24"/>
      <Bond atomName1="C19" atomName2="C15"/>
      <Bond atomName1="C19" atomName2="C24"/>
      <Bond atomName1="C15" atomName2="N13"/>
      <Bond atomName1="N13" atomName2="C12"/>
      <Bond atomName1="C12" atomName2="O14"/>
      <Bond atomName1="C12" atomName2="C10"/>
      <Bond atomName1="O11" atomName2="C10"/>
      <Bond atomName1="C10" atomName2="N09"/>
      <Bond atomName1="N09" atomName2="C05"/>
      <Bond atomName1="C04" atomName2="C05"/>
      <Bond atomName1="C04" atomName2="C03"/>
      <Bond atomName1="C05" atomName2="C06"/>
      <Bond atomName1="F08" atomName2="C03"/>
      <Bond atomName1="C03" atomName2="C02"/>
      <Bond atomName1="C06" atomName2="C01"/>
      <Bond atomName1="C02" atomName2="C01"/>
      <Bond atomName1="C02" atomName2="Cl7"/>
      <Bond atomName1="C15" atomName2="H1"/>
      <Bond atomName1="C17" atomName2="H2"/>
      <Bond atomName1="C17" atomName2="H3"/>
      <Bond atomName1="C21" atomName2="H4"/>
      <Bond atomName1="C22" atomName2="H5"/>
      <Bond atomName1="C24" atomName2="H6"/>
      <Bond atomName1="C01" atomName2="H7"/>
      <Bond atomName1="C04" atomName2="H8"/>
      <Bond atomName1="C06" atomName2="H9"/>
      <Bond atomName1="N09" atomName2="H10"/>
      <Bond atomName1="N13" atomName2="H11"/>
      <Bond atomName1="C16" atomName2="H12"/>
      <Bond atomName1="N20" atomName2="H13"/>
      <Bond atomName1="C23" atomName2="H14"/>
      <Bond atomName1="N26" atomName2="H15"/>
      <Bond atomName1="N27" atomName2="H16"/>
      <Bond atomName1="N27" atomName2="H17"/>
      <Bond atomName1="H273" atomName2="N27"/>
    </Residue>
  </Residues>
  <HarmonicBondForce>
    <Bond k="298068.1599999999" length="0.1379" type1="c" type2="ns"/>
    <Bond k="220747.83999999997" length="0.1462" type1="c3" type2="ns"/>
    <Bond k="263759.3599999999" length="0.1412" type1="ca" type2="ns"/>
    <Bond k="441244.6399999999" length="0.1013" type1="hn" type2="ns"/>
    <Bond k="219074.23999999996" length="0.1464" type1="c3" type2="nu"/>
    <Bond k="289030.7199999999" length="0.13870000000000002" type1="c2" type2="nu"/>
    <Bond k="443085.5999999999" length="0.10120000000000001" type1="hn" type2="nu"/>
    <Bond k="185267.51999999996" length="0.1512" type1="c2" type2="nz"/>
    <Bond k="404090.7199999999" length="0.10300000000000001" type1="hn" type2="nz"/>
  </HarmonicBondForce>
  <HarmonicAngleForce>
    <Angle angle="2.159146817642185" k="549.7776" type1="c" type2="ns" type3="ca"/>
    <Angle angle="2.051634535719334" k="407.52160000000003" type1="c" type2="ns" type3="hn"/>
    <Angle angle="1.967684198698407" k="705.4224" type1="c" type2="c" type3="ns"/>
    <Angle angle="2.1064378742319563" k="546.4304" type1="c" type2="ns" type3="c3"/>
    <Angle angle="2.053903463746927" k="385.76480000000004" type1="c3" type2="ns" type3="hn"/>
    <Angle angle="1.9278906917529364" k="698.7280000000001" type1="c3" type2="c3" type3="nu"/>
    <Angle angle="2.0977112279719847" k="716.3008" type1="ca" type2="ca" type3="ns"/>
    <Angle angle="2.0245819323134224" k="401.664" type1="ca" type2="ns" type3="hn"/>
    <Angle angle="2.1476276445790226" k="952.2784" type1="ns" type2="c" type3="o"/>
    <Angle angle="1.9479619781508712" k="696.2176000000001" type1="c3" type2="c3" type3="ns"/>
    <Angle angle="1.9614010133912274" k="698.7280000000001" type1="ca" type2="c3" type3="ns"/>
    <Angle angle="1.900314489571426" k="514.6320000000001" type1="h1" type2="c3" type3="ns"/>
    <Angle angle="2.159146817642185" k="537.2256000000001" type1="c2" type2="nu" type3="c3"/>
    <Angle angle="2.0244073993882226" k="388.2752" type1="c3" type2="nu" type3="hn"/>
    <Angle angle="1.9161969857645744" k="512.1216000000001" type1="h1" type2="c3" type3="nu"/>
    <Angle angle="2.1689206614533534" k="926.3376000000001" type1="n2" type2="c2" type3="nu"/>
    <Angle angle="1.978767039448571" k="892.380256" type1="nu" type2="c2" type3="nz"/>
    <Angle angle="2.008699436120274" k="410.03200000000004" type1="c2" type2="nu" type3="hn"/>
    <Angle angle="1.9263198954261416" k="385.76480000000004" type1="c2" type2="nz" type3="hn"/>
    <Angle angle="1.971698455977994" k="917.9696" type1="n2" type2="c2" type3="nz"/>
    <Angle angle="1.8901915799098588" k="334.72" type1="hn" type2="nz" type3="hn"/>
  </HarmonicAngleForce>
  <PeriodicTorsionForce>
    <Proper k1="3.9748" periodicity1="2" phase1="3.141592653589793" type1="ca" type2="ca" type3="ns" type4="c"/>
    <Proper k1="10.46" periodicity1="2" phase1="3.141592653589793" type1="c" type2="c" type3="ns" type4="c3"/>
    <Proper k1="10.46" periodicity1="2" phase1="3.141592653589793" type1="c" type2="c" type3="ns" type4="hn"/>
    <Proper k1="10.46" periodicity1="2" phase1="3.141592653589793" type1="o" type2="c" type3="ns" type4="c3"/>
    <Proper k1="0.0" periodicity1="2" phase1="0.0" type1="c3" type2="c3" type3="nu" type4="c2"/>
    <Proper k1="0.0" periodicity1="2" phase1="0.0" type1="c3" type2="c3" type3="nu" type4="hn"/>
    <Proper k1="0.41840000000000005" periodicity1="3" phase1="0.0" type1="c3" type2="c3" type3="c3" type4="ns"/>
    <Proper k1="1.8828" periodicity1="2" phase1="3.141592653589793" type1="ca" type2="ca" type3="ns" type4="hn"/>
    <Proper k1="10.46" periodicity1="2" phase1="3.141592653589793" type1="o" type2="c" type3="ns" type4="ca"/>
    <Proper k1="10.46" periodicity1="2" phase1="3.141592653589793" type1="c" type2="c" type3="ns" type4="ca"/>
    <Proper k1="10.46" k2="8.368" periodicity1="2" periodicity2="1" phase1="3.141592653589793" phase2="0.0" type1="o" type2="c" type3="ns" type4="hn"/>
    <Proper k1="0.41840000000000005" k2="0.7112800000000001" k3="4.26768" periodicity1="4" periodicity2="3" periodicity3="1" phase1="3.141592653589793" phase2="0.0" phase3="3.141592653589793" type1="c3" type2="c3" type3="ns" type4="c"/>
    <Proper k1="0.0" periodicity1="2" phase1="0.0" type1="ca" type2="c3" type3="ns" type4="c"/>
    <Proper k1="0.0" periodicity1="2" phase1="3.141592653589793" type1="h1" type2="c3" type3="ns" type4="c"/>
    <Proper k1="0.0" periodicity1="2" phase1="0.0" type1="c3" type2="c3" type3="ns" type4="hn"/>
    <Proper k1="2.8242000000000003" periodicity1="2" phase1="3.141592653589793" type1="n2" type2="c2" type3="nu" type4="c3"/>
    <Proper k1="2.8242000000000003" periodicity1="2" phase1="3.141592653589793" type1="nz" type2="c2" type3="nu" type4="c3"/>
    <Proper k1="0.0" periodicity1="2" phase1="0.0" type1="ca" type2="c3" type3="ns" type4="hn"/>
    <Proper k1="0.0" periodicity1="3" phase1="3.141592653589793" type1="nu" type2="c2" type3="nz" type4="hn"/>
    <Proper k1="1.6736000000000002" periodicity1="3" phase1="0.0" type1="h1" type2="c3" type3="nu" type4="c2"/>
    <Proper k1="2.8242000000000003" periodicity1="2" phase1="3.141592653589793" type1="n2" type2="c2" type3="nu" type4="hn"/>
    <Proper k1="0.0" periodicity1="3" phase1="3.141592653589793" type1="n2" type2="c2" type3="nz" type4="hn"/>
    <Proper k1="2.8242000000000003" periodicity1="2" phase1="3.141592653589793" type1="nz" type2="c2" type3="nu" type4="hn"/>
    <Proper k1="0.0" periodicity1="2" phase1="0.0" type1="h1" type2="c3" type3="ns" type4="hn"/>
    <Proper k1="0.0" periodicity1="2" phase1="0.0" type1="h1" type2="c3" type3="nu" type4="hn"/>
    <Improper k1="43.932" periodicity1="2" phase1="3.141592653589793" type1="c" type2="c" type3="ns" type4="o"/>
    <Improper k1="4.6024" periodicity1="2" phase1="3.141592653589793" type1="ca" type2="ca" type3="ca" type4="ha"/>
    <Improper k1="4.6024" periodicity1="2" phase1="3.141592653589793" type1="ca" type2="ca" type3="ca" type4="ns"/>
    <Improper k1="4.6024" periodicity1="2" phase1="3.141592653589793" type1="ns" type2="c" type3="ca" type4="hn"/>
    <Improper k1="4.6024" periodicity1="2" phase1="3.141592653589793" type1="ns" type2="c" type3="c3" type4="hn"/>
    <Improper k1="4.6024" periodicity1="2" phase1="3.141592653589793" type1="nu" type2="c2" type3="c3" type4="hn"/>
    <Improper k1="4.6024" periodicity1="2" phase1="3.141592653589793" type1="c2" type2="n2" type3="nu" type4="nz"/>
  </PeriodicTorsionForce>
</ForceField>
