<ForceField>
  <Info>
    <DateGenerated>2019-07-05</DateGenerated>
  </Info>
  <Residues>
    <Residue name="MC_0LK">
      <Atom charge="0.5951" name="C13" type="c"/>
      <Atom charge="0.0606" name="C15" type="ca"/>
      <Atom charge="-0.0216" name="C20" type="ca"/>
      <Atom charge="0.1609" name="C21" type="ca"/>
      <Atom charge="-0.187" name="C22" type="ca"/>
      <Atom charge="-0.114" name="C01" type="ca"/>
      <Atom charge="-0.081" name="C02" type="ca"/>
      <Atom charge="-0.1243" name="C03" type="ca"/>
      <Atom charge="-0.0993" name="C04" type="ca"/>
      <Atom charge="-0.105" name="C05" type="ca"/>
      <Atom charge="-0.103" name="C06" type="ca"/>
      <Atom charge="0.163" name="C07" type="c3"/>
      <Atom charge="0.2335" name="C08" type="c3"/>
      <Atom charge="-0.0461" name="C09" type="c3"/>
      <Atom charge="-0.8472" name="N10" type="nu"/>
      <Atom charge="-0.5629" name="N11" type="ns"/>
      <Atom charge="0.5941" name="C12" type="c"/>
      <Atom charge="-0.4421" name="N14" type="ns"/>
      <Atom charge="-0.5861" name="O16" type="o"/>
      <Atom charge="-0.5921" name="O17" type="o"/>
      <Atom charge="-0.135" name="C18" type="ca"/>
      <Atom charge="-0.082" name="C19" type="ca"/>
      <Atom charge="-0.0684" name="Cl" type="cl"/>
      <Atom charge="-0.1179" name="F24" type="f"/>
      <Atom charge="0.6921" name="C25" type="c2"/>
      <Atom charge="-0.8076" name="N26" type="nz"/>
      <Atom charge="-0.7821" name="N27" type="n2"/>
      <Atom charge="0.155" name="H1" type="ha"/>
      <Atom charge="0.139" name="H4" type="ha"/>
      <Atom charge="0.148" name="H5" type="ha"/>
      <Atom charge="0.0867" name="H6" type="h1"/>
      <Atom charge="0.1127" name="H7" type="h1"/>
      <Atom charge="0.0672" name="H8" type="hc"/>
      <Atom charge="0.0672" name="H9" type="hc"/>
      <Atom charge="0.4578" name="H10" type="hn"/>
      <Atom charge="0.3435" name="H11" type="hn"/>
      <Atom charge="0.3525" name="H12" type="hn"/>
      <Atom charge="0.17" name="H13" type="ha"/>
      <Atom charge="0.16" name="H14" type="ha"/>
      <Atom charge="0.4688" name="H15" type="hn"/>
      <Atom charge="0.4688" name="H16" type="hn"/>
      <Atom charge="0.4414" name="H17" type="hn"/>
      <Atom charge="0.149" name="H2" type="ha"/>
      <Atom charge="0.4688" name="H263" type="hn"/>
      <Atom charge="0.147" name="H3" type="ha"/>
      <Bond atomName1="C06" atomName2="C01"/>
      <Bond atomName1="C06" atomName2="C05"/>
      <Bond atomName1="C01" atomName2="C02"/>
      <Bond atomName1="C05" atomName2="C04"/>
      <Bond atomName1="C02" atomName2="C03"/>
      <Bond atomName1="C04" atomName2="C03"/>
      <Bond atomName1="C04" atomName2="C09"/>
      <Bond atomName1="C03" atomName2="C07"/>
      <Bond atomName1="N27" atomName2="C25"/>
      <Bond atomName1="C09" atomName2="C08"/>
      <Bond atomName1="N10" atomName2="C25"/>
      <Bond atomName1="N10" atomName2="C08"/>
      <Bond atomName1="C25" atomName2="N26"/>
      <Bond atomName1="C07" atomName2="C08"/>
      <Bond atomName1="C07" atomName2="N11"/>
      <Bond atomName1="N11" atomName2="C12"/>
      <Bond atomName1="C12" atomName2="O17"/>
      <Bond atomName1="C12" atomName2="C13"/>
      <Bond atomName1="O16" atomName2="C13"/>
      <Bond atomName1="C13" atomName2="N14"/>
      <Bond atomName1="N14" atomName2="C15"/>
      <Bond atomName1="C15" atomName2="C22"/>
      <Bond atomName1="C15" atomName2="C18"/>
      <Bond atomName1="C22" atomName2="C21"/>
      <Bond atomName1="C18" atomName2="C19"/>
      <Bond atomName1="C21" atomName2="F24"/>
      <Bond atomName1="C21" atomName2="C20"/>
      <Bond atomName1="C19" atomName2="C20"/>
      <Bond atomName1="C20" atomName2="Cl"/>
      <Bond atomName1="C22" atomName2="H1"/>
      <Bond atomName1="C01" atomName2="H2"/>
      <Bond atomName1="C02" atomName2="H3"/>
      <Bond atomName1="C05" atomName2="H4"/>
      <Bond atomName1="C06" atomName2="H5"/>
      <Bond atomName1="C07" atomName2="H6"/>
      <Bond atomName1="C08" atomName2="H7"/>
      <Bond atomName1="C09" atomName2="H8"/>
      <Bond atomName1="C09" atomName2="H9"/>
      <Bond atomName1="N10" atomName2="H10"/>
      <Bond atomName1="N11" atomName2="H11"/>
      <Bond atomName1="N14" atomName2="H12"/>
      <Bond atomName1="C18" atomName2="H13"/>
      <Bond atomName1="C19" atomName2="H14"/>
      <Bond atomName1="N26" atomName2="H15"/>
      <Bond atomName1="N26" atomName2="H16"/>
      <Bond atomName1="N27" atomName2="H17"/>
      <Bond atomName1="H263" atomName2="N26"/>
    </Residue>
  </Residues>
  <HarmonicBondForce>
    <Bond k="298068.1599999999" length="0.1379" type1="c" type2="ns"/>
    <Bond k="263759.3599999999" length="0.1412" type1="ca" type2="ns"/>
    <Bond k="220747.83999999997" length="0.1462" type1="c3" type2="ns"/>
    <Bond k="219074.23999999996" length="0.1464" type1="c3" type2="nu"/>
    <Bond k="289030.7199999999" length="0.13870000000000002" type1="c2" type2="nu"/>
    <Bond k="443085.5999999999" length="0.10120000000000001" type1="hn" type2="nu"/>
    <Bond k="441244.6399999999" length="0.1013" type1="hn" type2="ns"/>
    <Bond k="185267.51999999996" length="0.1512" type1="c2" type2="nz"/>
    <Bond k="404090.7199999999" length="0.10300000000000001" type1="hn" type2="nz"/>
  </HarmonicBondForce>
  <HarmonicAngleForce>
    <Angle angle="1.967684198698407" k="705.4224" type1="c" type2="c" type3="ns"/>
    <Angle angle="2.159146817642185" k="549.7776" type1="c" type2="ns" type3="ca"/>
    <Angle angle="2.051634535719334" k="407.52160000000003" type1="c" type2="ns" type3="hn"/>
    <Angle angle="2.0245819323134224" k="401.664" type1="ca" type2="ns" type3="hn"/>
    <Angle angle="2.0977112279719847" k="716.3008" type1="ca" type2="ca" type3="ns"/>
    <Angle angle="1.9614010133912274" k="698.7280000000001" type1="ca" type2="c3" type3="ns"/>
    <Angle angle="1.9278906917529364" k="698.7280000000001" type1="c3" type2="c3" type3="nu"/>
    <Angle angle="2.1064378742319563" k="546.4304" type1="c" type2="ns" type3="c3"/>
    <Angle angle="2.053903463746927" k="385.76480000000004" type1="c3" type2="ns" type3="hn"/>
    <Angle angle="1.9479619781508712" k="696.2176000000001" type1="c3" type2="c3" type3="ns"/>
    <Angle angle="2.159146817642185" k="537.2256000000001" type1="c2" type2="nu" type3="c3"/>
    <Angle angle="2.0244073993882226" k="388.2752" type1="c3" type2="nu" type3="hn"/>
    <Angle angle="1.9161969857645744" k="512.1216000000001" type1="h1" type2="c3" type3="nu"/>
    <Angle angle="1.978767039448571" k="892.380256" type1="nu" type2="c2" type3="nz"/>
    <Angle angle="2.1689206614533534" k="926.3376000000001" type1="n2" type2="c2" type3="nu"/>
    <Angle angle="1.900314489571426" k="514.6320000000001" type1="h1" type2="c3" type3="ns"/>
    <Angle angle="2.1476276445790226" k="952.2784" type1="ns" type2="c" type3="o"/>
    <Angle angle="2.008699436120274" k="410.03200000000004" type1="c2" type2="nu" type3="hn"/>
    <Angle angle="1.9263198954261416" k="385.76480000000004" type1="c2" type2="nz" type3="hn"/>
    <Angle angle="1.971698455977994" k="917.9696" type1="n2" type2="c2" type3="nz"/>
    <Angle angle="1.8901915799098588" k="334.72" type1="hn" type2="nz" type3="hn"/>
  </HarmonicAngleForce>
  <PeriodicTorsionForce>
    <Proper k1="10.46" periodicity1="2" phase1="3.141592653589793" type1="c" type2="c" type3="ns" type4="c3"/>
    <Proper k1="10.46" periodicity1="2" phase1="3.141592653589793" type1="c" type2="c" type3="ns" type4="hn"/>
    <Proper k1="3.9748" periodicity1="2" phase1="3.141592653589793" type1="ca" type2="ca" type3="ns" type4="c"/>
    <Proper k1="10.46" periodicity1="2" phase1="3.141592653589793" type1="c" type2="c" type3="ns" type4="ca"/>
    <Proper k1="10.46" periodicity1="2" phase1="3.141592653589793" type1="o" type2="c" type3="ns" type4="ca"/>
    <Proper k1="1.8828" periodicity1="2" phase1="3.141592653589793" type1="ca" type2="ca" type3="ns" type4="hn"/>
    <Proper k1="0.0" periodicity1="2" phase1="0.0" type1="ca" type2="c3" type3="ns" type4="c"/>
    <Proper k1="0.0" periodicity1="2" phase1="0.0" type1="ca" type2="c3" type3="ns" type4="hn"/>
    <Proper k1="0.0" periodicity1="2" phase1="0.0" type1="c3" type2="c3" type3="nu" type4="c2"/>
    <Proper k1="0.0" periodicity1="2" phase1="0.0" type1="c3" type2="c3" type3="nu" type4="hn"/>
    <Proper k1="10.46" periodicity1="2" phase1="3.141592653589793" type1="o" type2="c" type3="ns" type4="c3"/>
    <Proper k1="0.41840000000000005" k2="0.7112800000000001" k3="4.26768" periodicity1="4" periodicity2="3" periodicity3="1" phase1="3.141592653589793" phase2="0.0" phase3="3.141592653589793" type1="c3" type2="c3" type3="ns" type4="c"/>
    <Proper k1="0.0" periodicity1="2" phase1="0.0" type1="c3" type2="c3" type3="ns" type4="hn"/>
    <Proper k1="2.8242000000000003" periodicity1="2" phase1="3.141592653589793" type1="nz" type2="c2" type3="nu" type4="c3"/>
    <Proper k1="2.8242000000000003" periodicity1="2" phase1="3.141592653589793" type1="n2" type2="c2" type3="nu" type4="c3"/>
    <Proper k1="0.41840000000000005" periodicity1="3" phase1="0.0" type1="c3" type2="c3" type3="c3" type4="ns"/>
    <Proper k1="0.0" periodicity1="3" phase1="3.141592653589793" type1="nu" type2="c2" type3="nz" type4="hn"/>
    <Proper k1="0.0" periodicity1="2" phase1="3.141592653589793" type1="h1" type2="c3" type3="ns" type4="c"/>
    <Proper k1="10.46" k2="8.368" periodicity1="2" periodicity2="1" phase1="3.141592653589793" phase2="0.0" type1="o" type2="c" type3="ns" type4="hn"/>
    <Proper k1="1.6736000000000002" periodicity1="3" phase1="0.0" type1="h1" type2="c3" type3="nu" type4="c2"/>
    <Proper k1="2.8242000000000003" periodicity1="2" phase1="3.141592653589793" type1="nz" type2="c2" type3="nu" type4="hn"/>
    <Proper k1="2.8242000000000003" periodicity1="2" phase1="3.141592653589793" type1="n2" type2="c2" type3="nu" type4="hn"/>
    <Proper k1="0.0" periodicity1="3" phase1="3.141592653589793" type1="n2" type2="c2" type3="nz" type4="hn"/>
    <Proper k1="0.0" periodicity1="2" phase1="0.0" type1="h1" type2="c3" type3="ns" type4="hn"/>
    <Proper k1="0.0" periodicity1="2" phase1="0.0" type1="h1" type2="c3" type3="nu" type4="hn"/>
    <Improper k1="43.932" periodicity1="2" phase1="3.141592653589793" type1="c" type2="c" type3="ns" type4="o"/>
    <Improper k1="4.6024" periodicity1="2" phase1="3.141592653589793" type1="ca" type2="ca" type3="ca" type4="ns"/>
    <Improper k1="4.6024" periodicity1="2" phase1="3.141592653589793" type1="ca" type2="ca" type3="ca" type4="ha"/>
    <Improper k1="4.6024" periodicity1="2" phase1="3.141592653589793" type1="nu" type2="c2" type3="c3" type4="hn"/>
    <Improper k1="4.6024" periodicity1="2" phase1="3.141592653589793" type1="ns" type2="c" type3="c3" type4="hn"/>
    <Improper k1="4.6024" periodicity1="2" phase1="3.141592653589793" type1="ns" type2="c" type3="ca" type4="hn"/>
    <Improper k1="4.6024" periodicity1="2" phase1="3.141592653589793" type1="c2" type2="n2" type3="nu" type4="nz"/>
  </PeriodicTorsionForce>
</ForceField>
