<ForceField>
  <Info>
    <DateGenerated>2019-07-05</DateGenerated>
  </Info>
  <Residues>
    <Residue name="MC_0LM">
      <Atom charge="0.5951" name="C10" type="c"/>
      <Atom charge="0.1187" name="C13" type="c3"/>
      <Atom charge="0.2202" name="C15" type="c3"/>
      <Atom charge="0.2202" name="C17" type="c3"/>
      <Atom charge="-0.0901" name="C20" type="c3"/>
      <Atom charge="-0.0901" name="C21" type="c3"/>
      <Atom charge="-0.0901" name="C22" type="c3"/>
      <Atom charge="-0.081" name="C01" type="ca"/>
      <Atom charge="-0.0306" name="C02" type="ca"/>
      <Atom charge="0.1609" name="C03" type="ca"/>
      <Atom charge="-0.165" name="C04" type="ca"/>
      <Atom charge="0.0816" name="C05" type="ca"/>
      <Atom charge="-0.165" name="C06" type="ca"/>
      <Atom charge="-0.4531" name="N07" type="ns"/>
      <Atom charge="0.5931" name="C08" type="c"/>
      <Atom charge="-0.5841" name="O09" type="o"/>
      <Atom charge="-0.5509" name="N11" type="ns"/>
      <Atom charge="-0.6041" name="O12" type="o"/>
      <Atom charge="-0.1174" name="C14" type="c3"/>
      <Atom charge="-0.7746" name="N16" type="n3"/>
      <Atom charge="-0.1174" name="C18" type="c3"/>
      <Atom charge="-0.0901" name="C19" type="c3"/>
      <Atom charge="0.1641" name="C23" type="c3"/>
      <Atom charge="-0.1219" name="F25" type="f"/>
      <Atom charge="0.0877" name="H1" type="h1"/>
      <Atom charge="0.0412" name="H2" type="hc"/>
      <Atom charge="0.0412" name="H3" type="hc"/>
      <Atom charge="0.0412" name="H4" type="hc"/>
      <Atom charge="0.0412" name="H5" type="hc"/>
      <Atom charge="0.0412" name="H6" type="hc"/>
      <Atom charge="0.0412" name="H7" type="hc"/>
      <Atom charge="0.0412" name="H8" type="hc"/>
      <Atom charge="0.0412" name="H9" type="hc"/>
      <Atom charge="0.0412" name="H10" type="hc"/>
      <Atom charge="0.153" name="H11" type="ha"/>
      <Atom charge="0.177" name="H12" type="ha"/>
      <Atom charge="0.144" name="H13" type="ha"/>
      <Atom charge="0.3515" name="H14" type="hn"/>
      <Atom charge="0.3365" name="H15" type="hn"/>
      <Atom charge="0.05295" name="H16" type="hc"/>
      <Atom charge="0.05295" name="H17" type="hc"/>
      <Atom charge="0.05295" name="H19" type="hc"/>
      <Atom charge="0.05295" name="H20" type="hc"/>
      <Atom charge="0.0412" name="H21" type="hc"/>
      <Atom charge="0.0412" name="H22" type="hc"/>
      <Atom charge="0.0412" name="H23" type="hc"/>
      <Atom charge="0.0337" name="H24" type="h1"/>
      <Atom charge="0.0337" name="H25" type="h1"/>
      <Atom charge="0.0337" name="H26" type="h1"/>
      <Atom charge="-0.0854" name="Cl" type="cl"/>
      <Bond atomName1="C20" atomName2="C17"/>
      <Bond atomName1="C23" atomName2="N16"/>
      <Bond atomName1="C17" atomName2="N16"/>
      <Bond atomName1="C17" atomName2="C18"/>
      <Bond atomName1="C17" atomName2="C19"/>
      <Bond atomName1="N16" atomName2="C15"/>
      <Bond atomName1="C18" atomName2="C13"/>
      <Bond atomName1="C22" atomName2="C15"/>
      <Bond atomName1="C15" atomName2="C14"/>
      <Bond atomName1="C15" atomName2="C21"/>
      <Bond atomName1="C13" atomName2="C14"/>
      <Bond atomName1="C13" atomName2="N11"/>
      <Bond atomName1="O12" atomName2="C10"/>
      <Bond atomName1="N11" atomName2="C10"/>
      <Bond atomName1="C10" atomName2="C08"/>
      <Bond atomName1="C08" atomName2="N07"/>
      <Bond atomName1="C08" atomName2="O09"/>
      <Bond atomName1="N07" atomName2="C05"/>
      <Bond atomName1="C06" atomName2="C05"/>
      <Bond atomName1="C06" atomName2="C01"/>
      <Bond atomName1="C05" atomName2="C04"/>
      <Bond atomName1="C01" atomName2="C02"/>
      <Bond atomName1="C04" atomName2="C03"/>
      <Bond atomName1="C02" atomName2="C03"/>
      <Bond atomName1="C02" atomName2="Cl"/>
      <Bond atomName1="C03" atomName2="F25"/>
      <Bond atomName1="C13" atomName2="H1"/>
      <Bond atomName1="C20" atomName2="H2"/>
      <Bond atomName1="C20" atomName2="H3"/>
      <Bond atomName1="C20" atomName2="H4"/>
      <Bond atomName1="C21" atomName2="H5"/>
      <Bond atomName1="C21" atomName2="H6"/>
      <Bond atomName1="C21" atomName2="H7"/>
      <Bond atomName1="C22" atomName2="H8"/>
      <Bond atomName1="C22" atomName2="H9"/>
      <Bond atomName1="C22" atomName2="H10"/>
      <Bond atomName1="C01" atomName2="H11"/>
      <Bond atomName1="C04" atomName2="H12"/>
      <Bond atomName1="C06" atomName2="H13"/>
      <Bond atomName1="N07" atomName2="H14"/>
      <Bond atomName1="N11" atomName2="H15"/>
      <Bond atomName1="C14" atomName2="H16"/>
      <Bond atomName1="C14" atomName2="H17"/>
      <Bond atomName1="C18" atomName2="H19"/>
      <Bond atomName1="C18" atomName2="H20"/>
      <Bond atomName1="C19" atomName2="H21"/>
      <Bond atomName1="C19" atomName2="H22"/>
      <Bond atomName1="C19" atomName2="H23"/>
      <Bond atomName1="C23" atomName2="H24"/>
      <Bond atomName1="C23" atomName2="H25"/>
      <Bond atomName1="C23" atomName2="H26"/>
    </Residue>
  </Residues>
  <HarmonicBondForce>
    <Bond k="298068.1599999999" length="0.1379" type1="c" type2="ns"/>
    <Bond k="220747.83999999997" length="0.1462" type1="c3" type2="ns"/>
    <Bond k="263759.3599999999" length="0.1412" type1="ca" type2="ns"/>
    <Bond k="441244.6399999999" length="0.1013" type1="hn" type2="ns"/>
  </HarmonicBondForce>
  <HarmonicAngleForce>
    <Angle angle="1.967684198698407" k="705.4224" type1="c" type2="c" type3="ns"/>
    <Angle angle="2.1064378742319563" k="546.4304" type1="c" type2="ns" type3="c3"/>
    <Angle angle="2.051634535719334" k="407.52160000000003" type1="c" type2="ns" type3="hn"/>
    <Angle angle="2.053903463746927" k="385.76480000000004" type1="c3" type2="ns" type3="hn"/>
    <Angle angle="2.0977112279719847" k="716.3008" type1="ca" type2="ca" type3="ns"/>
    <Angle angle="2.159146817642185" k="549.7776" type1="c" type2="ns" type3="ca"/>
    <Angle angle="2.0245819323134224" k="401.664" type1="ca" type2="ns" type3="hn"/>
    <Angle angle="2.1476276445790226" k="952.2784" type1="ns" type2="c" type3="o"/>
    <Angle angle="1.9479619781508712" k="696.2176000000001" type1="c3" type2="c3" type3="ns"/>
    <Angle angle="1.900314489571426" k="514.6320000000001" type1="h1" type2="c3" type3="ns"/>
  </HarmonicAngleForce>
  <PeriodicTorsionForce>
    <Proper k1="10.46" periodicity1="2" phase1="3.141592653589793" type1="c" type2="c" type3="ns" type4="ca"/>
    <Proper k1="10.46" periodicity1="2" phase1="3.141592653589793" type1="c" type2="c" type3="ns" type4="hn"/>
    <Proper k1="0.41840000000000005" k2="0.7112800000000001" k3="4.26768" periodicity1="4" periodicity2="3" periodicity3="1" phase1="3.141592653589793" phase2="0.0" phase3="3.141592653589793" type1="c3" type2="c3" type3="ns" type4="c"/>
    <Proper k1="0.0" periodicity1="2" phase1="3.141592653589793" type1="h1" type2="c3" type3="ns" type4="c"/>
    <Proper k1="10.46" periodicity1="2" phase1="3.141592653589793" type1="c" type2="c" type3="ns" type4="c3"/>
    <Proper k1="10.46" periodicity1="2" phase1="3.141592653589793" type1="o" type2="c" type3="ns" type4="c3"/>
    <Proper k1="0.41840000000000005" periodicity1="3" phase1="0.0" type1="c3" type2="c3" type3="c3" type4="ns"/>
    <Proper k1="3.9748" periodicity1="2" phase1="3.141592653589793" type1="ca" type2="ca" type3="ns" type4="c"/>
    <Proper k1="1.8828" periodicity1="2" phase1="3.141592653589793" type1="ca" type2="ca" type3="ns" type4="hn"/>
    <Proper k1="10.46" periodicity1="2" phase1="3.141592653589793" type1="o" type2="c" type3="ns" type4="ca"/>
    <Proper k1="10.46" k2="8.368" periodicity1="2" periodicity2="1" phase1="3.141592653589793" phase2="0.0" type1="o" type2="c" type3="ns" type4="hn"/>
    <Proper k1="0.0" periodicity1="2" phase1="0.0" type1="c3" type2="c3" type3="ns" type4="hn"/>
    <Proper k1="0.0" periodicity1="2" phase1="0.0" type1="h1" type2="c3" type3="ns" type4="hn"/>
    <Improper k1="43.932" periodicity1="2" phase1="3.141592653589793" type1="c" type2="c" type3="ns" type4="o"/>
    <Improper k1="4.6024" periodicity1="2" phase1="3.141592653589793" type1="ca" type2="ca" type3="ca" type4="ha"/>
    <Improper k1="4.6024" periodicity1="2" phase1="3.141592653589793" type1="ca" type2="ca" type3="ca" type4="ns"/>
    <Improper k1="4.6024" periodicity1="2" phase1="3.141592653589793" type1="ns" type2="c" type3="ca" type4="hn"/>
    <Improper k1="4.6024" periodicity1="2" phase1="3.141592653589793" type1="ns" type2="c" type3="c3" type4="hn"/>
  </PeriodicTorsionForce>
</ForceField>
