<ForceField>
  <Info>
    <DateGenerated>2019-07-05</DateGenerated>
  </Info>
  <Residues>
    <Residue name="MC_0LP">
      <Atom charge="-0.1711" name="CAA" type="c3"/>
      <Atom charge="0.6441" name="CAT" type="c"/>
      <Atom charge="-0.5971" name="OAB" type="o"/>
      <Atom charge="-0.5729" name="NAR" type="ns"/>
      <Atom charge="0.0737" name="CBB" type="c3"/>
      <Atom charge="0.1983" name="CAZ" type="c3"/>
      <Atom charge="-0.5778" name="OAG" type="oh"/>
      <Atom charge="0.1361" name="CBC" type="c3"/>
      <Atom charge="0.1601" name="CBA" type="c3"/>
      <Atom charge="-0.6038" name="OAH" type="oh"/>
      <Atom charge="0.1321" name="CAY" type="c3"/>
      <Atom charge="-0.5948" name="OAF" type="oh"/>
      <Atom charge="0.1054" name="CAP" type="c3"/>
      <Atom charge="-0.6088" name="OAD" type="oh"/>
      <Atom charge="-0.3129" name="OAS" type="os"/>
      <Atom charge="0.1039" name="CAW" type="ce"/>
      <Atom charge="0.8968" name="CAU" type="c"/>
      <Atom charge="-0.8108" name="OAE" type="o"/>
      <Atom charge="-0.8108" name="OAC" type="o"/>
      <Atom charge="-0.2954" name="CAV" type="c2"/>
      <Atom charge="0.011" name="CAQ" type="c3"/>
      <Atom charge="-0.0892" name="CAI" type="c2"/>
      <Atom charge="-0.2012" name="CAJ" type="ce"/>
      <Atom charge="-0.0208" name="CAX" type="ca"/>
      <Atom charge="-0.1335" name="CAN" type="ca"/>
      <Atom charge="-0.13" name="CAL" type="ca"/>
      <Atom charge="-0.154" name="CAK" type="ca"/>
      <Atom charge="-0.13" name="CAM" type="ca"/>
      <Atom charge="-0.1335" name="CAO" type="ca"/>
      <Atom charge="0.050367" name="H1" type="hc"/>
      <Atom charge="0.050367" name="H2" type="hc"/>
      <Atom charge="0.050367" name="H3" type="hc"/>
      <Atom charge="0.3235" name="H4" type="hn"/>
      <Atom charge="0.1047" name="H5" type="h1"/>
      <Atom charge="0.0237" name="H6" type="h1"/>
      <Atom charge="0.385" name="H7" type="ho"/>
      <Atom charge="0.0727" name="H8" type="h1"/>
      <Atom charge="0.0537" name="H9" type="h1"/>
      <Atom charge="0.396" name="H10" type="ho"/>
      <Atom charge="0.0787" name="H11" type="h1"/>
      <Atom charge="0.413" name="H12" type="ho"/>
      <Atom charge="0.0237" name="H13" type="h1"/>
      <Atom charge="0.0237" name="H14" type="h1"/>
      <Atom charge="0.395" name="H15" type="ho"/>
      <Atom charge="0.0747" name="H17" type="hc"/>
      <Atom charge="0.0747" name="H18" type="hc"/>
      <Atom charge="0.146" name="H19" type="ha"/>
      <Atom charge="0.122" name="H20" type="ha"/>
      <Atom charge="0.1375" name="H21" type="ha"/>
      <Atom charge="0.118" name="H22" type="ha"/>
      <Atom charge="0.113" name="H23" type="ha"/>
      <Atom charge="0.118" name="H24" type="ha"/>
      <Atom charge="0.1375" name="H25" type="ha"/>
      <Bond atomName1="CAA" atomName2="CAT"/>
      <Bond atomName1="OAF" atomName2="CAY"/>
      <Bond atomName1="CAP" atomName2="OAD"/>
      <Bond atomName1="CAP" atomName2="CAY"/>
      <Bond atomName1="NAR" atomName2="CAT"/>
      <Bond atomName1="NAR" atomName2="CBB"/>
      <Bond atomName1="CAT" atomName2="OAB"/>
      <Bond atomName1="CAY" atomName2="CBA"/>
      <Bond atomName1="CBC" atomName2="CBB"/>
      <Bond atomName1="CBC" atomName2="CBA"/>
      <Bond atomName1="CBC" atomName2="OAS"/>
      <Bond atomName1="CBB" atomName2="CAZ"/>
      <Bond atomName1="CAZ" atomName2="OAG"/>
      <Bond atomName1="CAZ" atomName2="CAV"/>
      <Bond atomName1="CBA" atomName2="OAH"/>
      <Bond atomName1="OAS" atomName2="CAW"/>
      <Bond atomName1="CAV" atomName2="CAQ"/>
      <Bond atomName1="CAV" atomName2="CAW"/>
      <Bond atomName1="CAQ" atomName2="CAI"/>
      <Bond atomName1="CAW" atomName2="CAU"/>
      <Bond atomName1="OAC" atomName2="CAU"/>
      <Bond atomName1="CAU" atomName2="OAE"/>
      <Bond atomName1="CAJ" atomName2="CAI"/>
      <Bond atomName1="CAJ" atomName2="CAX"/>
      <Bond atomName1="CAX" atomName2="CAO"/>
      <Bond atomName1="CAX" atomName2="CAN"/>
      <Bond atomName1="CAO" atomName2="CAM"/>
      <Bond atomName1="CAN" atomName2="CAL"/>
      <Bond atomName1="CAM" atomName2="CAK"/>
      <Bond atomName1="CAL" atomName2="CAK"/>
      <Bond atomName1="CAA" atomName2="H1"/>
      <Bond atomName1="CAA" atomName2="H2"/>
      <Bond atomName1="CAA" atomName2="H3"/>
      <Bond atomName1="NAR" atomName2="H4"/>
      <Bond atomName1="CBB" atomName2="H5"/>
      <Bond atomName1="CAZ" atomName2="H6"/>
      <Bond atomName1="OAG" atomName2="H7"/>
      <Bond atomName1="CBC" atomName2="H8"/>
      <Bond atomName1="CBA" atomName2="H9"/>
      <Bond atomName1="OAH" atomName2="H10"/>
      <Bond atomName1="CAY" atomName2="H11"/>
      <Bond atomName1="OAF" atomName2="H12"/>
      <Bond atomName1="CAP" atomName2="H13"/>
      <Bond atomName1="CAP" atomName2="H14"/>
      <Bond atomName1="OAD" atomName2="H15"/>
      <Bond atomName1="CAQ" atomName2="H17"/>
      <Bond atomName1="CAQ" atomName2="H18"/>
      <Bond atomName1="CAI" atomName2="H19"/>
      <Bond atomName1="CAJ" atomName2="H20"/>
      <Bond atomName1="CAN" atomName2="H21"/>
      <Bond atomName1="CAL" atomName2="H22"/>
      <Bond atomName1="CAK" atomName2="H23"/>
      <Bond atomName1="CAM" atomName2="H24"/>
      <Bond atomName1="CAO" atomName2="H25"/>
    </Residue>
  </Residues>
  <HarmonicBondForce>
    <Bond k="298068.1599999999" length="0.1379" type1="c" type2="ns"/>
    <Bond k="220747.83999999997" length="0.1462" type1="c3" type2="ns"/>
    <Bond k="441244.6399999999" length="0.1013" type1="hn" type2="ns"/>
  </HarmonicBondForce>
  <HarmonicAngleForce>
    <Angle angle="2.010270232447069" k="705.4224" type1="c3" type2="c" type3="ns"/>
    <Angle angle="2.1064378742319563" k="546.4304" type1="c" type2="ns" type3="c3"/>
    <Angle angle="2.051634535719334" k="407.52160000000003" type1="c" type2="ns" type3="hn"/>
    <Angle angle="2.1476276445790226" k="952.2784" type1="ns" type2="c" type3="o"/>
    <Angle angle="1.9479619781508712" k="696.2176000000001" type1="c3" type2="c3" type3="ns"/>
    <Angle angle="1.900314489571426" k="514.6320000000001" type1="h1" type2="c3" type3="ns"/>
    <Angle angle="2.053903463746927" k="385.76480000000004" type1="c3" type2="ns" type3="hn"/>
    <Angle angle="2.158972284716986" k="736.384" type1="c2" type2="ce" type3="os"/>
  </HarmonicAngleForce>
  <PeriodicTorsionForce>
    <Proper k1="1.0878400000000001" k2="2.092" periodicity1="2" periodicity2="1" phase1="3.141592653589793" phase2="0.0" type1="c3" type2="c" type3="ns" type4="c3"/>
    <Proper k1="10.46" periodicity1="2" phase1="3.141592653589793" type1="c3" type2="c" type3="ns" type4="hn"/>
    <Proper k1="0.41840000000000005" k2="0.7112800000000001" k3="4.26768" periodicity1="4" periodicity2="3" periodicity3="1" phase1="3.141592653589793" phase2="0.0" phase3="3.141592653589793" type1="c3" type2="c3" type3="ns" type4="c"/>
    <Proper k1="0.0" periodicity1="2" phase1="3.141592653589793" type1="h1" type2="c3" type3="ns" type4="c"/>
    <Proper k1="10.46" periodicity1="2" phase1="3.141592653589793" type1="o" type2="c" type3="ns" type4="c3"/>
    <Proper k1="10.46" k2="8.368" periodicity1="2" periodicity2="1" phase1="3.141592653589793" phase2="0.0" type1="o" type2="c" type3="ns" type4="hn"/>
    <Proper k1="0.42258400000000007" periodicity1="3" phase1="0.0" type1="ns" type2="c3" type3="c3" type4="oh"/>
    <Proper k1="0.41840000000000005" periodicity1="3" phase1="0.0" type1="c3" type2="c3" type3="c3" type4="ns"/>
    <Proper k1="0.0" periodicity1="2" phase1="0.0" type1="c3" type2="c3" type3="ns" type4="hn"/>
    <Proper k1="10.54368" k2="8.368" periodicity1="2" periodicity2="1" phase1="3.141592653589793" phase2="3.141592653589793" type1="c" type2="ce" type3="os" type4="c3"/>
    <Proper k1="10.54368" k2="8.368" periodicity1="2" periodicity2="1" phase1="3.141592653589793" phase2="3.141592653589793" type1="c2" type2="ce" type3="os" type4="c3"/>
    <Proper k1="2.9288" periodicity1="2" phase1="3.141592653589793" type1="ca" type2="ca" type3="ce" type4="ha"/>
    <Proper k1="0.0" periodicity1="2" phase1="0.0" type1="h1" type2="c3" type3="ns" type4="hn"/>
    <Improper k1="43.932" periodicity1="2" phase1="3.141592653589793" type1="c" type2="c3" type3="ns" type4="o"/>
    <Improper k1="4.6024" periodicity1="2" phase1="3.141592653589793" type1="ns" type2="c" type3="c3" type4="hn"/>
    <Improper k1="4.6024" periodicity1="2" phase1="3.141592653589793" type1="ce" type2="c" type3="c2" type4="os"/>
    <Improper k1="4.6024" periodicity1="2" phase1="3.141592653589793" type1="c" type2="ce" type3="o" type4="o"/>
    <Improper k1="4.6024" periodicity1="2" phase1="3.141592653589793" type1="c2" type2="c3" type3="c3" type4="ce"/>
    <Improper k1="4.6024" periodicity1="2" phase1="3.141592653589793" type1="c2" type2="c3" type3="ce" type4="ha"/>
    <Improper k1="4.6024" periodicity1="2" phase1="3.141592653589793" type1="ce" type2="c2" type3="ca" type4="ha"/>
    <Improper k1="4.6024" periodicity1="2" phase1="3.141592653589793" type1="ca" type2="ca" type3="ca" type4="ce"/>
    <Improper k1="4.6024" periodicity1="2" phase1="3.141592653589793" type1="ca" type2="ca" type3="ca" type4="ha"/>
  </PeriodicTorsionForce>
</ForceField>
