<ForceField>
  <Info>
    <DateGenerated>2019-07-05</DateGenerated>
  </Info>
  <Residues>
    <Residue name="MC_0LQ">
      <Atom charge="0.0717" name="C1" type="c3"/>
      <Atom charge="-0.4918" name="N1" type="n"/>
      <Atom charge="0.6325" name="C2" type="c"/>
      <Atom charge="-0.5585" name="O1" type="o"/>
      <Atom charge="0.6325" name="C3" type="c"/>
      <Atom charge="-0.5585" name="O2" type="o"/>
      <Atom charge="-0.4918" name="N2" type="n"/>
      <Atom charge="0.2278" name="C4" type="c3"/>
      <Atom charge="-0.09005" name="C5" type="ca"/>
      <Atom charge="-0.11125" name="C6" type="ca"/>
      <Atom charge="-0.124375" name="C7" type="ca"/>
      <Atom charge="-0.122" name="C8" type="ca"/>
      <Atom charge="-0.124375" name="C9" type="ca"/>
      <Atom charge="-0.11125" name="C10" type="ca"/>
      <Atom charge="-0.09005" name="C11" type="ca"/>
      <Atom charge="-0.11125" name="C12" type="ca"/>
      <Atom charge="-0.124375" name="C13" type="ca"/>
      <Atom charge="-0.122" name="C14" type="ca"/>
      <Atom charge="-0.124375" name="C15" type="ca"/>
      <Atom charge="-0.11125" name="C16" type="ca"/>
      <Atom charge="0.0717" name="C17" type="c3"/>
      <Atom charge="0.1423" name="C18" type="c3"/>
      <Atom charge="-0.8022" name="N3" type="n7"/>
      <Atom charge="0.1423" name="C19" type="c3"/>
      <Atom charge="0.2278" name="C20" type="c3"/>
      <Atom charge="-0.09005" name="C21" type="ca"/>
      <Atom charge="-0.11125" name="C22" type="ca"/>
      <Atom charge="-0.124375" name="C23" type="ca"/>
      <Atom charge="-0.122" name="C24" type="ca"/>
      <Atom charge="-0.124375" name="C25" type="ca"/>
      <Atom charge="-0.11125" name="C26" type="ca"/>
      <Atom charge="-0.09005" name="C27" type="ca"/>
      <Atom charge="-0.11125" name="C28" type="ca"/>
      <Atom charge="-0.124375" name="C29" type="ca"/>
      <Atom charge="-0.122" name="C30" type="ca"/>
      <Atom charge="-0.124375" name="C31" type="ca"/>
      <Atom charge="-0.11125" name="C32" type="ca"/>
      <Atom charge="0.0697" name="H1" type="h1"/>
      <Atom charge="0.0622" name="H2" type="h1"/>
      <Atom charge="0.13075" name="H3" type="ha"/>
      <Atom charge="0.131" name="H4" type="ha"/>
      <Atom charge="0.13" name="H5" type="ha"/>
      <Atom charge="0.131" name="H6" type="ha"/>
      <Atom charge="0.13075" name="H7" type="ha"/>
      <Atom charge="0.13075" name="H8" type="ha"/>
      <Atom charge="0.131" name="H9" type="ha"/>
      <Atom charge="0.13" name="H10" type="ha"/>
      <Atom charge="0.131" name="H11" type="ha"/>
      <Atom charge="0.13075" name="H12" type="ha"/>
      <Atom charge="0.0697" name="H13" type="h1"/>
      <Atom charge="0.06345" name="H14" type="h1"/>
      <Atom charge="0.06345" name="H15" type="h1"/>
      <Atom charge="0.3548" name="H16" type="hn"/>
      <Atom charge="0.06345" name="H18" type="h1"/>
      <Atom charge="0.06345" name="H19" type="h1"/>
      <Atom charge="0.0622" name="H20" type="h1"/>
      <Atom charge="0.13075" name="H21" type="ha"/>
      <Atom charge="0.131" name="H22" type="ha"/>
      <Atom charge="0.13" name="H23" type="ha"/>
      <Atom charge="0.131" name="H24" type="ha"/>
      <Atom charge="0.13075" name="H25" type="ha"/>
      <Atom charge="0.13075" name="H26" type="ha"/>
      <Atom charge="0.131" name="H27" type="ha"/>
      <Atom charge="0.13" name="H28" type="ha"/>
      <Atom charge="0.131" name="H29" type="ha"/>
      <Atom charge="0.13075" name="H30" type="ha"/>
      <Bond atomName1="C30" atomName2="C29"/>
      <Bond atomName1="C30" atomName2="C31"/>
      <Bond atomName1="C29" atomName2="C28"/>
      <Bond atomName1="C31" atomName2="C32"/>
      <Bond atomName1="C13" atomName2="C14"/>
      <Bond atomName1="C13" atomName2="C12"/>
      <Bond atomName1="C28" atomName2="C27"/>
      <Bond atomName1="C14" atomName2="C15"/>
      <Bond atomName1="C32" atomName2="C27"/>
      <Bond atomName1="C12" atomName2="C11"/>
      <Bond atomName1="C27" atomName2="C20"/>
      <Bond atomName1="N3" atomName2="C19"/>
      <Bond atomName1="N3" atomName2="C18"/>
      <Bond atomName1="C19" atomName2="C1"/>
      <Bond atomName1="C15" atomName2="C16"/>
      <Bond atomName1="C18" atomName2="C17"/>
      <Bond atomName1="C1" atomName2="N1"/>
      <Bond atomName1="C1" atomName2="C17"/>
      <Bond atomName1="C11" atomName2="C16"/>
      <Bond atomName1="C11" atomName2="C4"/>
      <Bond atomName1="N1" atomName2="C20"/>
      <Bond atomName1="N1" atomName2="C2"/>
      <Bond atomName1="C20" atomName2="C21"/>
      <Bond atomName1="C17" atomName2="N2"/>
      <Bond atomName1="N2" atomName2="C3"/>
      <Bond atomName1="N2" atomName2="C4"/>
      <Bond atomName1="C3" atomName2="C2"/>
      <Bond atomName1="C3" atomName2="O2"/>
      <Bond atomName1="C4" atomName2="C5"/>
      <Bond atomName1="C2" atomName2="O1"/>
      <Bond atomName1="C21" atomName2="C22"/>
      <Bond atomName1="C21" atomName2="C26"/>
      <Bond atomName1="C22" atomName2="C23"/>
      <Bond atomName1="C26" atomName2="C25"/>
      <Bond atomName1="C5" atomName2="C6"/>
      <Bond atomName1="C5" atomName2="C10"/>
      <Bond atomName1="C23" atomName2="C24"/>
      <Bond atomName1="C6" atomName2="C7"/>
      <Bond atomName1="C10" atomName2="C9"/>
      <Bond atomName1="C25" atomName2="C24"/>
      <Bond atomName1="C7" atomName2="C8"/>
      <Bond atomName1="C9" atomName2="C8"/>
      <Bond atomName1="C1" atomName2="H1"/>
      <Bond atomName1="C4" atomName2="H2"/>
      <Bond atomName1="C6" atomName2="H3"/>
      <Bond atomName1="C7" atomName2="H4"/>
      <Bond atomName1="C8" atomName2="H5"/>
      <Bond atomName1="C9" atomName2="H6"/>
      <Bond atomName1="C10" atomName2="H7"/>
      <Bond atomName1="C12" atomName2="H8"/>
      <Bond atomName1="C13" atomName2="H9"/>
      <Bond atomName1="C14" atomName2="H10"/>
      <Bond atomName1="C15" atomName2="H11"/>
      <Bond atomName1="C16" atomName2="H12"/>
      <Bond atomName1="C17" atomName2="H13"/>
      <Bond atomName1="C18" atomName2="H14"/>
      <Bond atomName1="C18" atomName2="H15"/>
      <Bond atomName1="N3" atomName2="H16"/>
      <Bond atomName1="C19" atomName2="H18"/>
      <Bond atomName1="C19" atomName2="H19"/>
      <Bond atomName1="C20" atomName2="H20"/>
      <Bond atomName1="C22" atomName2="H21"/>
      <Bond atomName1="C23" atomName2="H22"/>
      <Bond atomName1="C24" atomName2="H23"/>
      <Bond atomName1="C25" atomName2="H24"/>
      <Bond atomName1="C26" atomName2="H25"/>
      <Bond atomName1="C28" atomName2="H26"/>
      <Bond atomName1="C29" atomName2="H27"/>
      <Bond atomName1="C30" atomName2="H28"/>
      <Bond atomName1="C31" atomName2="H29"/>
      <Bond atomName1="C32" atomName2="H30"/>
    </Residue>
  </Residues>
  <HarmonicBondForce>
    <Bond k="218572.15999999995" length="0.14650000000000002" type1="c3" type2="n7"/>
    <Bond k="427855.8399999999" length="0.10189999999999999" type1="hn" type2="n7"/>
  </HarmonicBondForce>
  <HarmonicAngleForce>
    <Angle angle="1.9380136014145037" k="697.0544" type1="c3" type2="c3" type3="n7"/>
    <Angle angle="1.9608774146156291" k="549.7776" type1="c3" type2="n7" type3="c3"/>
    <Angle angle="1.9074703395046029" k="399.99039999999997" type1="c3" type2="n7" type3="hn"/>
    <Angle angle="1.9177677820913692" k="512.1216000000001" type1="h1" type2="c3" type3="n7"/>
  </HarmonicAngleForce>
  <PeriodicTorsionForce>
    <Proper k1="0.87864" periodicity1="3" phase1="0.0" type1="c3" type2="c3" type3="c3" type4="n7"/>
    <Proper k1="0.9079280000000001" periodicity1="3" phase1="0.0" type1="c3" type2="c3" type3="n7" type4="hn"/>
    <Proper k1="0.9414" periodicity1="3" phase1="0.0" type1="h1" type2="c3" type3="n7" type4="c3"/>
    <Proper k1="1.2552" periodicity1="3" phase1="0.0" type1="h1" type2="c3" type3="n7" type4="hn"/>
    <Improper k1="4.6024" periodicity1="2" phase1="3.141592653589793" type1="n" type2="c" type3="c3" type4="c3"/>
    <Improper k1="43.932" periodicity1="2" phase1="3.141592653589793" type1="c" type2="c" type3="n" type4="o"/>
    <Improper k1="4.6024" periodicity1="2" phase1="3.141592653589793" type1="ca" type2="ca" type3="ca" type4="ha"/>
  </PeriodicTorsionForce>
</ForceField>
