<ForceField>
  <Info>
    <DateGenerated>2019-07-05</DateGenerated>
  </Info>
  <Residues>
    <Residue name="MC_0LS">
      <Atom charge="-0.7972" name="N1" type="n7"/>
      <Atom charge="0.1448" name="C2" type="c3"/>
      <Atom charge="-0.1067" name="C3" type="c3"/>
      <Atom charge="-0.0667" name="C4" type="c3"/>
      <Atom charge="0.1448" name="C5" type="c3"/>
      <Atom charge="-0.0301" name="C6" type="c3"/>
      <Atom charge="-0.0833" name="C7" type="ca"/>
      <Atom charge="0.2478" name="C8" type="c3"/>
      <Atom charge="-0.6094" name="N9" type="nh"/>
      <Atom charge="0.2036" name="C10" type="ca"/>
      <Atom charge="0.1476" name="C11" type="ca"/>
      <Atom charge="-0.1955" name="C12" type="ca"/>
      <Atom charge="-0.0785" name="C13" type="ca"/>
      <Atom charge="-0.0236" name="C14" type="ca"/>
      <Atom charge="-0.0785" name="C15" type="ca"/>
      <Atom charge="-0.1955" name="C16" type="ca"/>
      <Atom charge="-0.1405" name="C17" type="ca"/>
      <Atom charge="-0.1185" name="C18" type="ca"/>
      <Atom charge="-0.132" name="C19" type="ca"/>
      <Atom charge="-0.1185" name="C20" type="ca"/>
      <Atom charge="-0.1405" name="C21" type="ca"/>
      <Atom charge="-0.1255" name="C22" type="ca"/>
      <Atom charge="-0.1245" name="C23" type="ca"/>
      <Atom charge="-0.13" name="C24" type="ca"/>
      <Atom charge="-0.1245" name="C25" type="ca"/>
      <Atom charge="-0.1255" name="C26" type="ca"/>
      <Atom charge="-0.1194" name="Cl2" type="cl"/>
      <Atom charge="0.3478" name="H1" type="hn"/>
      <Atom charge="0.0457" name="H3" type="h1"/>
      <Atom charge="0.0457" name="H4" type="h1"/>
      <Atom charge="0.0647" name="H5" type="hc"/>
      <Atom charge="0.0717" name="H6" type="hc"/>
      <Atom charge="0.0437" name="H7" type="h1"/>
      <Atom charge="0.0437" name="H8" type="h1"/>
      <Atom charge="0.0502" name="H9" type="hc"/>
      <Atom charge="0.0502" name="H10" type="hc"/>
      <Atom charge="0.0592" name="H11" type="h1"/>
      <Atom charge="0.0592" name="H12" type="h1"/>
      <Atom charge="0.1435" name="H13" type="ha"/>
      <Atom charge="0.1425" name="H14" type="ha"/>
      <Atom charge="0.1425" name="H15" type="ha"/>
      <Atom charge="0.1435" name="H16" type="ha"/>
      <Atom charge="0.14" name="H17" type="ha"/>
      <Atom charge="0.1335" name="H18" type="ha"/>
      <Atom charge="0.132" name="H19" type="ha"/>
      <Atom charge="0.1335" name="H20" type="ha"/>
      <Atom charge="0.14" name="H21" type="ha"/>
      <Atom charge="0.129" name="H22" type="ha"/>
      <Atom charge="0.13" name="H23" type="ha"/>
      <Atom charge="0.129" name="H24" type="ha"/>
      <Atom charge="0.13" name="H25" type="ha"/>
      <Atom charge="0.129" name="H26" type="ha"/>
      <Bond atomName1="Cl2" atomName2="C14"/>
      <Bond atomName1="C13" atomName2="C14"/>
      <Bond atomName1="C13" atomName2="C12"/>
      <Bond atomName1="C14" atomName2="C15"/>
      <Bond atomName1="C25" atomName2="C26"/>
      <Bond atomName1="C25" atomName2="C24"/>
      <Bond atomName1="C26" atomName2="C7"/>
      <Bond atomName1="C12" atomName2="C10"/>
      <Bond atomName1="C24" atomName2="C23"/>
      <Bond atomName1="C7" atomName2="C6"/>
      <Bond atomName1="C7" atomName2="C22"/>
      <Bond atomName1="C6" atomName2="C4"/>
      <Bond atomName1="C15" atomName2="C16"/>
      <Bond atomName1="C23" atomName2="C22"/>
      <Bond atomName1="C10" atomName2="C16"/>
      <Bond atomName1="C10" atomName2="N9"/>
      <Bond atomName1="C4" atomName2="C3"/>
      <Bond atomName1="C4" atomName2="C5"/>
      <Bond atomName1="C3" atomName2="C8"/>
      <Bond atomName1="C3" atomName2="C2"/>
      <Bond atomName1="C8" atomName2="N9"/>
      <Bond atomName1="N9" atomName2="C11"/>
      <Bond atomName1="C2" atomName2="N1"/>
      <Bond atomName1="C5" atomName2="N1"/>
      <Bond atomName1="C11" atomName2="C17"/>
      <Bond atomName1="C11" atomName2="C21"/>
      <Bond atomName1="C17" atomName2="C18"/>
      <Bond atomName1="C21" atomName2="C20"/>
      <Bond atomName1="C18" atomName2="C19"/>
      <Bond atomName1="C20" atomName2="C19"/>
      <Bond atomName1="N1" atomName2="H1"/>
      <Bond atomName1="C2" atomName2="H3"/>
      <Bond atomName1="C2" atomName2="H4"/>
      <Bond atomName1="C3" atomName2="H5"/>
      <Bond atomName1="C4" atomName2="H6"/>
      <Bond atomName1="C5" atomName2="H7"/>
      <Bond atomName1="C5" atomName2="H8"/>
      <Bond atomName1="C6" atomName2="H9"/>
      <Bond atomName1="C6" atomName2="H10"/>
      <Bond atomName1="C8" atomName2="H11"/>
      <Bond atomName1="C8" atomName2="H12"/>
      <Bond atomName1="C12" atomName2="H13"/>
      <Bond atomName1="C13" atomName2="H14"/>
      <Bond atomName1="C15" atomName2="H15"/>
      <Bond atomName1="C16" atomName2="H16"/>
      <Bond atomName1="C17" atomName2="H17"/>
      <Bond atomName1="C18" atomName2="H18"/>
      <Bond atomName1="C19" atomName2="H19"/>
      <Bond atomName1="C20" atomName2="H20"/>
      <Bond atomName1="C21" atomName2="H21"/>
      <Bond atomName1="C22" atomName2="H22"/>
      <Bond atomName1="C23" atomName2="H23"/>
      <Bond atomName1="C24" atomName2="H24"/>
      <Bond atomName1="C25" atomName2="H25"/>
      <Bond atomName1="C26" atomName2="H26"/>
    </Residue>
  </Residues>
  <HarmonicBondForce>
    <Bond k="218572.15999999995" length="0.14650000000000002" type1="c3" type2="n7"/>
    <Bond k="427855.8399999999" length="0.10189999999999999" type1="hn" type2="n7"/>
  </HarmonicBondForce>
  <HarmonicAngleForce>
    <Angle angle="1.9380136014145037" k="697.0544" type1="c3" type2="c3" type3="n7"/>
    <Angle angle="1.9177677820913692" k="512.1216000000001" type1="h1" type2="c3" type3="n7"/>
    <Angle angle="1.9608774146156291" k="549.7776" type1="c3" type2="n7" type3="c3"/>
    <Angle angle="1.9074703395046029" k="399.99039999999997" type1="c3" type2="n7" type3="hn"/>
  </HarmonicAngleForce>
  <PeriodicTorsionForce>
    <Proper k1="0.87864" periodicity1="3" phase1="0.0" type1="c3" type2="c3" type3="c3" type4="n7"/>
    <Proper k1="0.41840000000000005" periodicity1="3" phase1="0.0" type1="hc" type2="c3" type3="c3" type4="n7"/>
    <Proper k1="0.9414" periodicity1="3" phase1="0.0" type1="h1" type2="c3" type3="n7" type4="c3"/>
    <Proper k1="0.9079280000000001" periodicity1="3" phase1="0.0" type1="c3" type2="c3" type3="n7" type4="hn"/>
    <Proper k1="1.2552" periodicity1="3" phase1="0.0" type1="h1" type2="c3" type3="n7" type4="hn"/>
    <Improper k1="4.6024" periodicity1="2" phase1="3.141592653589793" type1="nh" type2="c3" type3="ca" type4="ca"/>
    <Improper k1="4.6024" periodicity1="2" phase1="3.141592653589793" type1="ca" type2="ca" type3="ca" type4="nh"/>
    <Improper k1="4.6024" periodicity1="2" phase1="3.141592653589793" type1="ca" type2="ca" type3="ca" type4="ha"/>
  </PeriodicTorsionForce>
</ForceField>
