<ForceField>
  <Info>
    <DateGenerated>2019-07-05</DateGenerated>
  </Info>
  <Residues>
    <Residue name="MC_0LT">
      <Atom charge="0.6807" name="C1" type="c"/>
      <Atom charge="-0.4808" name="N2" type="n"/>
      <Atom charge="0.114" name="C3" type="c3"/>
      <Atom charge="-0.1436" name="C4" type="ca"/>
      <Atom charge="-0.0997" name="C5" type="c3"/>
      <Atom charge="-0.142" name="C6" type="ca"/>
      <Atom charge="0.1131" name="C7" type="ca"/>
      <Atom charge="-0.7972" name="N8" type="n7"/>
      <Atom charge="-0.0647" name="C9" type="c3"/>
      <Atom charge="-0.6121" name="O10" type="o"/>
      <Atom charge="0.1351" name="C11" type="ca"/>
      <Atom charge="-0.111" name="C12" type="ca"/>
      <Atom charge="-0.0271" name="C13" type="c3"/>
      <Atom charge="0.0867" name="C14" type="c3"/>
      <Atom charge="-0.202" name="C15" type="ca"/>
      <Atom charge="0.1328" name="C16" type="c3"/>
      <Atom charge="0.1368" name="C17" type="c3"/>
      <Atom charge="-0.3119" name="O18" type="os"/>
      <Atom charge="-0.0823" name="C19" type="ca"/>
      <Atom charge="-0.3079" name="O20" type="os"/>
      <Atom charge="-0.0814" name="C21" type="c3"/>
      <Atom charge="-0.4276" name="O22" type="os"/>
      <Atom charge="0.1364" name="C23" type="c3"/>
      <Atom charge="0.1404" name="C24" type="c3"/>
      <Atom charge="-0.1106" name="C25" type="c3"/>
      <Atom charge="-0.1106" name="C26" type="c3"/>
      <Atom charge="-0.1275" name="C27" type="ca"/>
      <Atom charge="-0.1275" name="C28" type="ca"/>
      <Atom charge="0.1267" name="C29" type="c3"/>
      <Atom charge="0.1307" name="C30" type="c3"/>
      <Atom charge="-0.126" name="C31" type="ca"/>
      <Atom charge="-0.126" name="C32" type="ca"/>
      <Atom charge="-0.132" name="C33" type="ca"/>
      <Atom charge="0.0612" name="H1" type="h1"/>
      <Atom charge="0.0612" name="H2" type="h1"/>
      <Atom charge="0.0677" name="H3" type="hc"/>
      <Atom charge="0.156" name="H4" type="ha"/>
      <Atom charge="0.3458" name="H5" type="hn"/>
      <Atom charge="0.0547" name="H7" type="hc"/>
      <Atom charge="0.142" name="H8" type="ha"/>
      <Atom charge="0.0547" name="H9" type="hc"/>
      <Atom charge="0.0547" name="H10" type="hc"/>
      <Atom charge="0.0847" name="H11" type="h1"/>
      <Atom charge="0.143" name="H12" type="ha"/>
      <Atom charge="0.0567" name="H13" type="h1"/>
      <Atom charge="0.0567" name="H14" type="h1"/>
      <Atom charge="0.0447" name="H15" type="h1"/>
      <Atom charge="0.0447" name="H16" type="h1"/>
      <Atom charge="0.0692" name="H17" type="hc"/>
      <Atom charge="0.0692" name="H18" type="hc"/>
      <Atom charge="0.0362" name="H19" type="h1"/>
      <Atom charge="0.0362" name="H20" type="h1"/>
      <Atom charge="0.0242" name="H21" type="h1"/>
      <Atom charge="0.0242" name="H22" type="h1"/>
      <Atom charge="0.043533" name="H23" type="hc"/>
      <Atom charge="0.043533" name="H24" type="hc"/>
      <Atom charge="0.043533" name="H25" type="hc"/>
      <Atom charge="0.043533" name="H26" type="hc"/>
      <Atom charge="0.043533" name="H27" type="hc"/>
      <Atom charge="0.043533" name="H28" type="hc"/>
      <Atom charge="0.132" name="H29" type="ha"/>
      <Atom charge="0.132" name="H30" type="ha"/>
      <Atom charge="0.042367" name="H31" type="h1"/>
      <Atom charge="0.042367" name="H32" type="h1"/>
      <Atom charge="0.042367" name="H33" type="h1"/>
      <Atom charge="0.031033" name="H34" type="h1"/>
      <Atom charge="0.031033" name="H35" type="h1"/>
      <Atom charge="0.031033" name="H36" type="h1"/>
      <Atom charge="0.1285" name="H37" type="ha"/>
      <Atom charge="0.1285" name="H38" type="ha"/>
      <Atom charge="0.128" name="H39" type="ha"/>
      <Bond atomName1="C30" atomName2="O22"/>
      <Bond atomName1="C31" atomName2="C27"/>
      <Bond atomName1="C31" atomName2="C33"/>
      <Bond atomName1="C27" atomName2="C19"/>
      <Bond atomName1="O22" atomName2="C24"/>
      <Bond atomName1="C33" atomName2="C32"/>
      <Bond atomName1="N8" atomName2="C16"/>
      <Bond atomName1="N8" atomName2="C17"/>
      <Bond atomName1="C19" atomName2="C13"/>
      <Bond atomName1="C19" atomName2="C28"/>
      <Bond atomName1="C24" atomName2="C21"/>
      <Bond atomName1="C16" atomName2="C5"/>
      <Bond atomName1="C13" atomName2="C9"/>
      <Bond atomName1="C32" atomName2="C28"/>
      <Bond atomName1="C17" atomName2="C9"/>
      <Bond atomName1="C9" atomName2="C5"/>
      <Bond atomName1="C23" atomName2="C21"/>
      <Bond atomName1="C23" atomName2="O18"/>
      <Bond atomName1="C5" atomName2="C3"/>
      <Bond atomName1="O18" atomName2="C7"/>
      <Bond atomName1="C3" atomName2="N2"/>
      <Bond atomName1="O10" atomName2="C1"/>
      <Bond atomName1="C6" atomName2="C7"/>
      <Bond atomName1="C6" atomName2="C4"/>
      <Bond atomName1="C25" atomName2="C14"/>
      <Bond atomName1="N2" atomName2="C1"/>
      <Bond atomName1="N2" atomName2="C14"/>
      <Bond atomName1="C7" atomName2="C11"/>
      <Bond atomName1="C1" atomName2="C4"/>
      <Bond atomName1="C4" atomName2="C12"/>
      <Bond atomName1="C14" atomName2="C26"/>
      <Bond atomName1="C11" atomName2="O20"/>
      <Bond atomName1="C11" atomName2="C15"/>
      <Bond atomName1="O20" atomName2="C29"/>
      <Bond atomName1="C12" atomName2="C15"/>
      <Bond atomName1="C3" atomName2="H1"/>
      <Bond atomName1="C3" atomName2="H2"/>
      <Bond atomName1="C5" atomName2="H3"/>
      <Bond atomName1="C6" atomName2="H4"/>
      <Bond atomName1="N8" atomName2="H5"/>
      <Bond atomName1="C9" atomName2="H7"/>
      <Bond atomName1="C12" atomName2="H8"/>
      <Bond atomName1="C13" atomName2="H9"/>
      <Bond atomName1="C13" atomName2="H10"/>
      <Bond atomName1="C14" atomName2="H11"/>
      <Bond atomName1="C15" atomName2="H12"/>
      <Bond atomName1="C16" atomName2="H13"/>
      <Bond atomName1="C16" atomName2="H14"/>
      <Bond atomName1="C17" atomName2="H15"/>
      <Bond atomName1="C17" atomName2="H16"/>
      <Bond atomName1="C21" atomName2="H17"/>
      <Bond atomName1="C21" atomName2="H18"/>
      <Bond atomName1="C23" atomName2="H19"/>
      <Bond atomName1="C23" atomName2="H20"/>
      <Bond atomName1="C24" atomName2="H21"/>
      <Bond atomName1="C24" atomName2="H22"/>
      <Bond atomName1="C25" atomName2="H23"/>
      <Bond atomName1="C25" atomName2="H24"/>
      <Bond atomName1="C25" atomName2="H25"/>
      <Bond atomName1="C26" atomName2="H26"/>
      <Bond atomName1="C26" atomName2="H27"/>
      <Bond atomName1="C26" atomName2="H28"/>
      <Bond atomName1="C27" atomName2="H29"/>
      <Bond atomName1="C28" atomName2="H30"/>
      <Bond atomName1="C29" atomName2="H31"/>
      <Bond atomName1="C29" atomName2="H32"/>
      <Bond atomName1="C29" atomName2="H33"/>
      <Bond atomName1="C30" atomName2="H34"/>
      <Bond atomName1="C30" atomName2="H35"/>
      <Bond atomName1="C30" atomName2="H36"/>
      <Bond atomName1="C31" atomName2="H37"/>
      <Bond atomName1="C32" atomName2="H38"/>
      <Bond atomName1="C33" atomName2="H39"/>
    </Residue>
  </Residues>
  <HarmonicBondForce>
    <Bond k="218572.15999999995" length="0.14650000000000002" type1="c3" type2="n7"/>
    <Bond k="427855.8399999999" length="0.10189999999999999" type1="hn" type2="n7"/>
  </HarmonicBondForce>
  <HarmonicAngleForce>
    <Angle angle="1.9380136014145037" k="697.0544" type1="c3" type2="c3" type3="n7"/>
    <Angle angle="1.9177677820913692" k="512.1216000000001" type1="h1" type2="c3" type3="n7"/>
    <Angle angle="1.9608774146156291" k="549.7776" type1="c3" type2="n7" type3="c3"/>
    <Angle angle="1.9074703395046029" k="399.99039999999997" type1="c3" type2="n7" type3="hn"/>
  </HarmonicAngleForce>
  <PeriodicTorsionForce>
    <Proper k1="0.87864" periodicity1="3" phase1="0.0" type1="c3" type2="c3" type3="c3" type4="n7"/>
    <Proper k1="0.9079280000000001" periodicity1="3" phase1="0.0" type1="c3" type2="c3" type3="n7" type4="hn"/>
    <Proper k1="0.41840000000000005" periodicity1="3" phase1="0.0" type1="hc" type2="c3" type3="c3" type4="n7"/>
    <Proper k1="0.9414" periodicity1="3" phase1="0.0" type1="h1" type2="c3" type3="n7" type4="c3"/>
    <Proper k1="1.2552" periodicity1="3" phase1="0.0" type1="h1" type2="c3" type3="n7" type4="hn"/>
    <Improper k1="43.932" periodicity1="2" phase1="3.141592653589793" type1="c" type2="ca" type3="n" type4="o"/>
    <Improper k1="4.6024" periodicity1="2" phase1="3.141592653589793" type1="n" type2="c" type3="c3" type4="c3"/>
    <Improper k1="4.6024" periodicity1="2" phase1="3.141592653589793" type1="ca" type2="c" type3="ca" type4="ca"/>
    <Improper k1="4.6024" periodicity1="2" phase1="3.141592653589793" type1="ca" type2="ca" type3="ca" type4="ha"/>
    <Improper k1="4.6024" periodicity1="2" phase1="3.141592653589793" type1="ca" type2="ca" type3="ca" type4="os"/>
  </PeriodicTorsionForce>
</ForceField>
