<ForceField>
  <Info>
    <DateGenerated>2019-07-05</DateGenerated>
  </Info>
  <Residues>
    <Residue name="MC_0LU">
      <Atom charge="-0.0718" name="C1" type="ca"/>
      <Atom charge="0.0289" name="C2" type="c3"/>
      <Atom charge="0.0254" name="C3" type="ca"/>
      <Atom charge="-0.088" name="C4" type="ca"/>
      <Atom charge="-0.0718" name="C5" type="ca"/>
      <Atom charge="-0.1064" name="C6" type="c3"/>
      <Atom charge="-0.1848" name="S7" type="ss"/>
      <Atom charge="-0.111" name="C8" type="ca"/>
      <Atom charge="-0.1295" name="C9" type="ca"/>
      <Atom charge="0.0254" name="C10" type="ca"/>
      <Atom charge="-0.088" name="C11" type="ca"/>
      <Atom charge="0.1421" name="C12" type="c3"/>
      <Atom charge="-0.1205" name="C13" type="ca"/>
      <Atom charge="-0.111" name="C14" type="ca"/>
      <Atom charge="-0.1295" name="C15" type="ca"/>
      <Atom charge="0.1228" name="C16" type="c3"/>
      <Atom charge="-0.5968" name="O17" type="oh"/>
      <Atom charge="-0.1205" name="C18" type="ca"/>
      <Atom charge="-0.7136" name="N19" type="n3"/>
      <Atom charge="0.1533" name="C20" type="c3"/>
      <Atom charge="0.1533" name="C21" type="c3"/>
      <Atom charge="-0.0994" name="C22" type="c3"/>
      <Atom charge="-0.0994" name="C23" type="c3"/>
      <Atom charge="0.0657" name="H1" type="hc"/>
      <Atom charge="0.131" name="H2" type="ha"/>
      <Atom charge="0.0562" name="H3" type="hc"/>
      <Atom charge="0.0562" name="H4" type="hc"/>
      <Atom charge="0.138" name="H5" type="ha"/>
      <Atom charge="0.1305" name="H6" type="ha"/>
      <Atom charge="0.131" name="H7" type="ha"/>
      <Atom charge="0.0877" name="H8" type="h1"/>
      <Atom charge="0.132" name="H9" type="ha"/>
      <Atom charge="0.138" name="H10" type="ha"/>
      <Atom charge="0.1305" name="H11" type="ha"/>
      <Atom charge="0.0387" name="H12" type="h1"/>
      <Atom charge="0.0387" name="H13" type="h1"/>
      <Atom charge="0.4" name="H14" type="ho"/>
      <Atom charge="0.132" name="H15" type="ha"/>
      <Atom charge="0.0462" name="H17" type="h1"/>
      <Atom charge="0.0462" name="H18" type="h1"/>
      <Atom charge="0.0462" name="H19" type="h1"/>
      <Atom charge="0.0462" name="H20" type="h1"/>
      <Atom charge="0.0502" name="H21" type="hc"/>
      <Atom charge="0.0502" name="H22" type="hc"/>
      <Atom charge="0.0502" name="H23" type="hc"/>
      <Atom charge="0.0502" name="H24" type="hc"/>
      <Bond atomName1="C23" atomName2="C22"/>
      <Bond atomName1="C23" atomName2="C21"/>
      <Bond atomName1="C22" atomName2="C20"/>
      <Bond atomName1="C21" atomName2="N19"/>
      <Bond atomName1="C20" atomName2="N19"/>
      <Bond atomName1="N19" atomName2="C16"/>
      <Bond atomName1="C16" atomName2="C12"/>
      <Bond atomName1="O17" atomName2="C12"/>
      <Bond atomName1="C12" atomName2="C6"/>
      <Bond atomName1="C6" atomName2="C2"/>
      <Bond atomName1="C2" atomName2="C5"/>
      <Bond atomName1="C2" atomName2="C1"/>
      <Bond atomName1="C11" atomName2="C15"/>
      <Bond atomName1="C11" atomName2="C5"/>
      <Bond atomName1="C15" atomName2="C18"/>
      <Bond atomName1="C5" atomName2="C10"/>
      <Bond atomName1="C10" atomName2="C14"/>
      <Bond atomName1="C10" atomName2="S7"/>
      <Bond atomName1="C18" atomName2="C14"/>
      <Bond atomName1="S7" atomName2="C3"/>
      <Bond atomName1="C1" atomName2="C3"/>
      <Bond atomName1="C1" atomName2="C4"/>
      <Bond atomName1="C3" atomName2="C8"/>
      <Bond atomName1="C4" atomName2="C9"/>
      <Bond atomName1="C8" atomName2="C13"/>
      <Bond atomName1="C9" atomName2="C13"/>
      <Bond atomName1="C2" atomName2="H1"/>
      <Bond atomName1="C4" atomName2="H2"/>
      <Bond atomName1="C6" atomName2="H3"/>
      <Bond atomName1="C6" atomName2="H4"/>
      <Bond atomName1="C8" atomName2="H5"/>
      <Bond atomName1="C9" atomName2="H6"/>
      <Bond atomName1="C11" atomName2="H7"/>
      <Bond atomName1="C12" atomName2="H8"/>
      <Bond atomName1="C13" atomName2="H9"/>
      <Bond atomName1="C14" atomName2="H10"/>
      <Bond atomName1="C15" atomName2="H11"/>
      <Bond atomName1="C16" atomName2="H12"/>
      <Bond atomName1="C16" atomName2="H13"/>
      <Bond atomName1="O17" atomName2="H14"/>
      <Bond atomName1="C18" atomName2="H15"/>
      <Bond atomName1="C20" atomName2="H17"/>
      <Bond atomName1="C20" atomName2="H18"/>
      <Bond atomName1="C21" atomName2="H19"/>
      <Bond atomName1="C21" atomName2="H20"/>
      <Bond atomName1="C22" atomName2="H21"/>
      <Bond atomName1="C22" atomName2="H22"/>
      <Bond atomName1="C23" atomName2="H23"/>
      <Bond atomName1="C23" atomName2="H24"/>
    </Residue>
  </Residues>
  <PeriodicTorsionForce>
    <Improper k1="4.6024" periodicity1="2" phase1="3.141592653589793" type1="ca" type2="ca" type3="ca" type4="ss"/>
    <Improper k1="4.6024" periodicity1="2" phase1="3.141592653589793" type1="ca" type2="ca" type3="ca" type4="ha"/>
  </PeriodicTorsionForce>
</ForceField>
