<ForceField>
  <Info>
    <DateGenerated>2019-07-05</DateGenerated>
  </Info>
  <Residues>
    <Residue name="MC_0LV">
      <Atom charge="-0.0531" name="CAH" type="c3"/>
      <Atom charge="0.1418" name="CAM" type="c3"/>
      <Atom charge="-0.0931" name="CAA" type="c3"/>
      <Atom charge="-0.0931" name="CAB" type="c3"/>
      <Atom charge="-0.3149" name="OAI" type="os"/>
      <Atom charge="0.1251" name="CAL" type="ca"/>
      <Atom charge="-0.1733" name="CAK" type="ca"/>
      <Atom charge="-0.081" name="CAF" type="ca"/>
      <Atom charge="-0.164" name="CAD" type="ca"/>
      <Atom charge="-0.072" name="CAE" type="ca"/>
      <Atom charge="-0.1063" name="CAJ" type="ca"/>
      <Atom charge="0.1937" name="CAG" type="c3"/>
      <Atom charge="-0.6168" name="OAC" type="oh"/>
      <Atom charge="0.0632" name="H1" type="hc"/>
      <Atom charge="0.0632" name="H2" type="hc"/>
      <Atom charge="0.047533" name="H3" type="hc"/>
      <Atom charge="0.047533" name="H4" type="hc"/>
      <Atom charge="0.047533" name="H5" type="hc"/>
      <Atom charge="0.047533" name="H6" type="hc"/>
      <Atom charge="0.047533" name="H7" type="hc"/>
      <Atom charge="0.047533" name="H8" type="hc"/>
      <Atom charge="0.129" name="H9" type="ha"/>
      <Atom charge="0.133" name="H10" type="ha"/>
      <Atom charge="0.157" name="H11" type="ha"/>
      <Atom charge="0.0347" name="H12" type="h1"/>
      <Atom charge="0.0347" name="H13" type="h1"/>
      <Atom charge="0.405" name="H14" type="ho"/>
      <Bond atomName1="CAD" atomName2="CAF"/>
      <Bond atomName1="CAD" atomName2="CAE"/>
      <Bond atomName1="CAF" atomName2="CAK"/>
      <Bond atomName1="CAE" atomName2="CAJ"/>
      <Bond atomName1="CAK" atomName2="CAH"/>
      <Bond atomName1="CAK" atomName2="CAL"/>
      <Bond atomName1="CAH" atomName2="CAM"/>
      <Bond atomName1="CAB" atomName2="CAM"/>
      <Bond atomName1="CAJ" atomName2="CAL"/>
      <Bond atomName1="CAJ" atomName2="CAG"/>
      <Bond atomName1="CAL" atomName2="OAI"/>
      <Bond atomName1="CAM" atomName2="OAI"/>
      <Bond atomName1="CAM" atomName2="CAA"/>
      <Bond atomName1="CAG" atomName2="OAC"/>
      <Bond atomName1="CAH" atomName2="H1"/>
      <Bond atomName1="CAH" atomName2="H2"/>
      <Bond atomName1="CAA" atomName2="H3"/>
      <Bond atomName1="CAA" atomName2="H4"/>
      <Bond atomName1="CAA" atomName2="H5"/>
      <Bond atomName1="CAB" atomName2="H6"/>
      <Bond atomName1="CAB" atomName2="H7"/>
      <Bond atomName1="CAB" atomName2="H8"/>
      <Bond atomName1="CAF" atomName2="H9"/>
      <Bond atomName1="CAD" atomName2="H10"/>
      <Bond atomName1="CAE" atomName2="H11"/>
      <Bond atomName1="CAG" atomName2="H12"/>
      <Bond atomName1="CAG" atomName2="H13"/>
      <Bond atomName1="OAC" atomName2="H14"/>
    </Residue>
  </Residues>
  <PeriodicTorsionForce>
    <Improper k1="4.6024" periodicity1="2" phase1="3.141592653589793" type1="ca" type2="ca" type3="ca" type4="os"/>
    <Improper k1="4.6024" periodicity1="2" phase1="3.141592653589793" type1="ca" type2="ca" type3="ca" type4="ha"/>
  </PeriodicTorsionForce>
</ForceField>
