<ForceField>
  <Info>
    <DateGenerated>2019-07-05</DateGenerated>
  </Info>
  <Residues>
    <Residue name="MC_0LY">
      <Atom charge="-0.0339" name="C2" type="ca"/>
      <Atom charge="-0.0855" name="C7" type="ca"/>
      <Atom charge="-0.141" name="C6" type="ca"/>
      <Atom charge="0.0636" name="C5" type="ca"/>
      <Atom charge="-0.4511" name="N8" type="ns"/>
      <Atom charge="0.5941" name="C9" type="c"/>
      <Atom charge="-0.5871" name="O23" type="o"/>
      <Atom charge="0.5941" name="C10" type="c"/>
      <Atom charge="-0.6061" name="O22" type="o"/>
      <Atom charge="-0.5509" name="N11" type="ns"/>
      <Atom charge="0.1117" name="C12" type="c3"/>
      <Atom charge="-0.0844" name="C17" type="c3"/>
      <Atom charge="0.1997" name="C16" type="c3"/>
      <Atom charge="-0.1046" name="C21" type="c3"/>
      <Atom charge="-0.1046" name="C20" type="c3"/>
      <Atom charge="-0.8412" name="N15" type="n7"/>
      <Atom charge="0.1997" name="C14" type="c3"/>
      <Atom charge="-0.1046" name="C19" type="c3"/>
      <Atom charge="-0.1046" name="C18" type="c3"/>
      <Atom charge="-0.0844" name="C13" type="c3"/>
      <Atom charge="-0.141" name="C4" type="ca"/>
      <Atom charge="-0.0855" name="C3" type="ca"/>
      <Atom charge="-0.0951" name="Br" type="br"/>
      <Atom charge="0.148" name="H1" type="ha"/>
      <Atom charge="0.1515" name="H2" type="ha"/>
      <Atom charge="0.3495" name="H3" type="hn"/>
      <Atom charge="0.3375" name="H4" type="hn"/>
      <Atom charge="0.0837" name="H5" type="h1"/>
      <Atom charge="0.0572" name="H6" type="hc"/>
      <Atom charge="0.0572" name="H7" type="hc"/>
      <Atom charge="0.039533" name="H8" type="hc"/>
      <Atom charge="0.039533" name="H9" type="hc"/>
      <Atom charge="0.039533" name="H10" type="hc"/>
      <Atom charge="0.039533" name="H11" type="hc"/>
      <Atom charge="0.039533" name="H12" type="hc"/>
      <Atom charge="0.039533" name="H13" type="hc"/>
      <Atom charge="0.3718" name="H14" type="hn"/>
      <Atom charge="0.039533" name="H16" type="hc"/>
      <Atom charge="0.039533" name="H17" type="hc"/>
      <Atom charge="0.039533" name="H18" type="hc"/>
      <Atom charge="0.039533" name="H19" type="hc"/>
      <Atom charge="0.039533" name="H20" type="hc"/>
      <Atom charge="0.039533" name="H21" type="hc"/>
      <Atom charge="0.0572" name="H22" type="hc"/>
      <Atom charge="0.0572" name="H23" type="hc"/>
      <Atom charge="0.1515" name="H24" type="ha"/>
      <Atom charge="0.148" name="H25" type="ha"/>
      <Bond atomName1="C19" atomName2="C14"/>
      <Bond atomName1="C14" atomName2="C18"/>
      <Bond atomName1="C14" atomName2="N15"/>
      <Bond atomName1="C14" atomName2="C13"/>
      <Bond atomName1="N15" atomName2="C16"/>
      <Bond atomName1="C13" atomName2="C12"/>
      <Bond atomName1="C16" atomName2="C20"/>
      <Bond atomName1="C16" atomName2="C21"/>
      <Bond atomName1="C16" atomName2="C17"/>
      <Bond atomName1="C12" atomName2="C17"/>
      <Bond atomName1="C12" atomName2="N11"/>
      <Bond atomName1="O22" atomName2="C10"/>
      <Bond atomName1="N11" atomName2="C10"/>
      <Bond atomName1="C10" atomName2="C9"/>
      <Bond atomName1="C9" atomName2="N8"/>
      <Bond atomName1="C9" atomName2="O23"/>
      <Bond atomName1="N8" atomName2="C5"/>
      <Bond atomName1="C4" atomName2="C5"/>
      <Bond atomName1="C4" atomName2="C3"/>
      <Bond atomName1="C5" atomName2="C6"/>
      <Bond atomName1="C3" atomName2="C2"/>
      <Bond atomName1="C6" atomName2="C7"/>
      <Bond atomName1="C2" atomName2="C7"/>
      <Bond atomName1="C2" atomName2="Br"/>
      <Bond atomName1="C7" atomName2="H1"/>
      <Bond atomName1="C6" atomName2="H2"/>
      <Bond atomName1="N8" atomName2="H3"/>
      <Bond atomName1="N11" atomName2="H4"/>
      <Bond atomName1="C12" atomName2="H5"/>
      <Bond atomName1="C17" atomName2="H6"/>
      <Bond atomName1="C17" atomName2="H7"/>
      <Bond atomName1="C21" atomName2="H8"/>
      <Bond atomName1="C21" atomName2="H9"/>
      <Bond atomName1="C21" atomName2="H10"/>
      <Bond atomName1="C20" atomName2="H11"/>
      <Bond atomName1="C20" atomName2="H12"/>
      <Bond atomName1="C20" atomName2="H13"/>
      <Bond atomName1="N15" atomName2="H14"/>
      <Bond atomName1="C19" atomName2="H16"/>
      <Bond atomName1="C19" atomName2="H17"/>
      <Bond atomName1="C19" atomName2="H18"/>
      <Bond atomName1="C18" atomName2="H19"/>
      <Bond atomName1="C18" atomName2="H20"/>
      <Bond atomName1="C18" atomName2="H21"/>
      <Bond atomName1="C13" atomName2="H22"/>
      <Bond atomName1="C13" atomName2="H23"/>
      <Bond atomName1="C4" atomName2="H24"/>
      <Bond atomName1="C3" atomName2="H25"/>
    </Residue>
  </Residues>
  <HarmonicBondForce>
    <Bond k="263759.3599999999" length="0.1412" type1="ca" type2="ns"/>
    <Bond k="298068.1599999999" length="0.1379" type1="c" type2="ns"/>
    <Bond k="441244.6399999999" length="0.1013" type1="hn" type2="ns"/>
    <Bond k="220747.83999999997" length="0.1462" type1="c3" type2="ns"/>
    <Bond k="218572.15999999995" length="0.14650000000000002" type1="c3" type2="n7"/>
    <Bond k="427855.8399999999" length="0.10189999999999999" type1="hn" type2="n7"/>
  </HarmonicBondForce>
  <HarmonicAngleForce>
    <Angle angle="2.0977112279719847" k="716.3008" type1="ca" type2="ca" type3="ns"/>
    <Angle angle="2.159146817642185" k="549.7776" type1="c" type2="ns" type3="ca"/>
    <Angle angle="2.0245819323134224" k="401.664" type1="ca" type2="ns" type3="hn"/>
    <Angle angle="2.1476276445790226" k="952.2784" type1="ns" type2="c" type3="o"/>
    <Angle angle="1.967684198698407" k="705.4224" type1="c" type2="c" type3="ns"/>
    <Angle angle="2.051634535719334" k="407.52160000000003" type1="c" type2="ns" type3="hn"/>
    <Angle angle="2.1064378742319563" k="546.4304" type1="c" type2="ns" type3="c3"/>
    <Angle angle="1.9479619781508712" k="696.2176000000001" type1="c3" type2="c3" type3="ns"/>
    <Angle angle="1.900314489571426" k="514.6320000000001" type1="h1" type2="c3" type3="ns"/>
    <Angle angle="2.053903463746927" k="385.76480000000004" type1="c3" type2="ns" type3="hn"/>
    <Angle angle="1.9380136014145037" k="697.0544" type1="c3" type2="c3" type3="n7"/>
    <Angle angle="1.9608774146156291" k="549.7776" type1="c3" type2="n7" type3="c3"/>
    <Angle angle="1.9074703395046029" k="399.99039999999997" type1="c3" type2="n7" type3="hn"/>
  </HarmonicAngleForce>
  <PeriodicTorsionForce>
    <Proper k1="3.9748" periodicity1="2" phase1="3.141592653589793" type1="ca" type2="ca" type3="ns" type4="c"/>
    <Proper k1="1.8828" periodicity1="2" phase1="3.141592653589793" type1="ca" type2="ca" type3="ns" type4="hn"/>
    <Proper k1="10.46" periodicity1="2" phase1="3.141592653589793" type1="o" type2="c" type3="ns" type4="ca"/>
    <Proper k1="10.46" periodicity1="2" phase1="3.141592653589793" type1="c" type2="c" type3="ns" type4="ca"/>
    <Proper k1="10.46" periodicity1="2" phase1="3.141592653589793" type1="c" type2="c" type3="ns" type4="c3"/>
    <Proper k1="10.46" periodicity1="2" phase1="3.141592653589793" type1="c" type2="c" type3="ns" type4="hn"/>
    <Proper k1="10.46" k2="8.368" periodicity1="2" periodicity2="1" phase1="3.141592653589793" phase2="0.0" type1="o" type2="c" type3="ns" type4="hn"/>
    <Proper k1="0.41840000000000005" k2="0.7112800000000001" k3="4.26768" periodicity1="4" periodicity2="3" periodicity3="1" phase1="3.141592653589793" phase2="0.0" phase3="3.141592653589793" type1="c3" type2="c3" type3="ns" type4="c"/>
    <Proper k1="0.0" periodicity1="2" phase1="3.141592653589793" type1="h1" type2="c3" type3="ns" type4="c"/>
    <Proper k1="10.46" periodicity1="2" phase1="3.141592653589793" type1="o" type2="c" type3="ns" type4="c3"/>
    <Proper k1="0.41840000000000005" periodicity1="3" phase1="0.0" type1="c3" type2="c3" type3="c3" type4="ns"/>
    <Proper k1="0.87864" periodicity1="3" phase1="0.0" type1="c3" type2="c3" type3="c3" type4="n7"/>
    <Proper k1="0.0" periodicity1="2" phase1="0.0" type1="c3" type2="c3" type3="ns" type4="hn"/>
    <Proper k1="0.9079280000000001" periodicity1="3" phase1="0.0" type1="c3" type2="c3" type3="n7" type4="hn"/>
    <Proper k1="0.41840000000000005" periodicity1="3" phase1="0.0" type1="hc" type2="c3" type3="c3" type4="n7"/>
    <Proper k1="0.0" periodicity1="2" phase1="0.0" type1="h1" type2="c3" type3="ns" type4="hn"/>
    <Improper k1="4.6024" periodicity1="2" phase1="3.141592653589793" type1="ca" type2="ca" type3="ca" type4="ha"/>
    <Improper k1="4.6024" periodicity1="2" phase1="3.141592653589793" type1="ca" type2="ca" type3="ca" type4="ns"/>
    <Improper k1="4.6024" periodicity1="2" phase1="3.141592653589793" type1="ns" type2="c" type3="ca" type4="hn"/>
    <Improper k1="43.932" periodicity1="2" phase1="3.141592653589793" type1="c" type2="c" type3="ns" type4="o"/>
    <Improper k1="4.6024" periodicity1="2" phase1="3.141592653589793" type1="ns" type2="c" type3="c3" type4="hn"/>
  </PeriodicTorsionForce>
</ForceField>
