<ForceField>
  <Info>
    <DateGenerated>2019-07-05</DateGenerated>
  </Info>
  <Residues>
    <Residue name="MC_0M2">
      <Atom charge="-0.1058" name="C1" type="cc"/>
      <Atom charge="-0.1058" name="C2" type="cd"/>
      <Atom charge="-0.0315" name="C3" type="ca"/>
      <Atom charge="0.1806" name="C4" type="c3"/>
      <Atom charge="-0.0315" name="C5" type="ca"/>
      <Atom charge="0.1806" name="C6" type="c3"/>
      <Atom charge="0.0148" name="C7" type="ca"/>
      <Atom charge="-0.0975" name="C8" type="ca"/>
      <Atom charge="-0.6906" name="N9" type="n3"/>
      <Atom charge="0.0148" name="C10" type="ca"/>
      <Atom charge="-0.0975" name="C11" type="ca"/>
      <Atom charge="-0.1853" name="N12" type="na"/>
      <Atom charge="-0.1785" name="C13" type="ca"/>
      <Atom charge="-0.15" name="C14" type="ca"/>
      <Atom charge="0.1488" name="C15" type="c3"/>
      <Atom charge="-0.1785" name="C16" type="ca"/>
      <Atom charge="-0.15" name="C17" type="ca"/>
      <Atom charge="-0.1035" name="C18" type="ca"/>
      <Atom charge="0.1471" name="C19" type="c3"/>
      <Atom charge="-0.1035" name="C20" type="ca"/>
      <Atom charge="-0.1241" name="C21" type="c3"/>
      <Atom charge="-0.6118" name="O22" type="oh"/>
      <Atom charge="0.0747" name="H1" type="h1"/>
      <Atom charge="0.0747" name="H2" type="h1"/>
      <Atom charge="0.0747" name="H3" type="h1"/>
      <Atom charge="0.0747" name="H4" type="h1"/>
      <Atom charge="0.139" name="H5" type="ha"/>
      <Atom charge="0.139" name="H7" type="ha"/>
      <Atom charge="0.2307" name="H8" type="hn"/>
      <Atom charge="0.1295" name="H9" type="ha"/>
      <Atom charge="0.131" name="H10" type="ha"/>
      <Atom charge="0.0467" name="H11" type="h1"/>
      <Atom charge="0.0467" name="H12" type="h1"/>
      <Atom charge="0.1295" name="H13" type="ha"/>
      <Atom charge="0.131" name="H14" type="ha"/>
      <Atom charge="0.1305" name="H15" type="ha"/>
      <Atom charge="0.0437" name="H16" type="h1"/>
      <Atom charge="0.1305" name="H17" type="ha"/>
      <Atom charge="0.042033" name="H18" type="hc"/>
      <Atom charge="0.042033" name="H19" type="hc"/>
      <Atom charge="0.042033" name="H20" type="hc"/>
      <Atom charge="0.403" name="H21" type="ho"/>
      <Bond atomName1="C6" atomName2="C2"/>
      <Bond atomName1="C6" atomName2="N9"/>
      <Bond atomName1="C5" atomName2="C11"/>
      <Bond atomName1="C5" atomName2="C10"/>
      <Bond atomName1="C5" atomName2="C2"/>
      <Bond atomName1="N12" atomName2="C10"/>
      <Bond atomName1="N12" atomName2="C7"/>
      <Bond atomName1="C20" atomName2="C16"/>
      <Bond atomName1="C20" atomName2="C17"/>
      <Bond atomName1="C16" atomName2="C10"/>
      <Bond atomName1="C11" atomName2="C17"/>
      <Bond atomName1="C15" atomName2="N9"/>
      <Bond atomName1="C15" atomName2="C19"/>
      <Bond atomName1="C2" atomName2="C1"/>
      <Bond atomName1="N9" atomName2="C4"/>
      <Bond atomName1="O22" atomName2="C19"/>
      <Bond atomName1="C1" atomName2="C4"/>
      <Bond atomName1="C1" atomName2="C3"/>
      <Bond atomName1="C7" atomName2="C3"/>
      <Bond atomName1="C7" atomName2="C13"/>
      <Bond atomName1="C19" atomName2="C21"/>
      <Bond atomName1="C3" atomName2="C8"/>
      <Bond atomName1="C13" atomName2="C18"/>
      <Bond atomName1="C8" atomName2="C14"/>
      <Bond atomName1="C18" atomName2="C14"/>
      <Bond atomName1="C4" atomName2="H1"/>
      <Bond atomName1="C4" atomName2="H2"/>
      <Bond atomName1="C6" atomName2="H3"/>
      <Bond atomName1="C6" atomName2="H4"/>
      <Bond atomName1="C8" atomName2="H5"/>
      <Bond atomName1="C11" atomName2="H7"/>
      <Bond atomName1="N12" atomName2="H8"/>
      <Bond atomName1="C13" atomName2="H9"/>
      <Bond atomName1="C14" atomName2="H10"/>
      <Bond atomName1="C15" atomName2="H11"/>
      <Bond atomName1="C15" atomName2="H12"/>
      <Bond atomName1="C16" atomName2="H13"/>
      <Bond atomName1="C17" atomName2="H14"/>
      <Bond atomName1="C18" atomName2="H15"/>
      <Bond atomName1="C19" atomName2="H16"/>
      <Bond atomName1="C20" atomName2="H17"/>
      <Bond atomName1="C21" atomName2="H18"/>
      <Bond atomName1="C21" atomName2="H19"/>
      <Bond atomName1="C21" atomName2="H20"/>
      <Bond atomName1="O22" atomName2="H21"/>
    </Residue>
  </Residues>
  <PeriodicTorsionForce>
    <Proper k1="2.11292" periodicity1="2" phase1="3.141592653589793" type1="ca" type2="ca" type3="cd" type4="cc"/>
    <Proper k1="2.11292" periodicity1="2" phase1="3.141592653589793" type1="ca" type2="ca" type3="cc" type4="cd"/>
    <Proper k1="2.25936" periodicity1="2" phase1="3.141592653589793" type1="ca" type2="ca" type3="cc" type4="c3"/>
    <Proper k1="2.25936" periodicity1="2" phase1="3.141592653589793" type1="ca" type2="ca" type3="cd" type4="c3"/>
    <Improper k1="4.6024" periodicity1="2" phase1="3.141592653589793" type1="cc" type2="c3" type3="ca" type4="cd"/>
    <Improper k1="4.6024" periodicity1="2" phase1="3.141592653589793" type1="cd" type2="c3" type3="ca" type4="cc"/>
    <Improper k1="4.6024" periodicity1="2" phase1="3.141592653589793" type1="ca" type2="ca" type3="ca" type4="cc"/>
    <Improper k1="4.6024" periodicity1="2" phase1="3.141592653589793" type1="ca" type2="ca" type3="ca" type4="cd"/>
    <Improper k1="4.6024" periodicity1="2" phase1="3.141592653589793" type1="ca" type2="ca" type3="ca" type4="na"/>
    <Improper k1="4.6024" periodicity1="2" phase1="3.141592653589793" type1="ca" type2="ca" type3="ca" type4="ha"/>
    <Improper k1="4.6024" periodicity1="2" phase1="3.141592653589793" type1="na" type2="ca" type3="ca" type4="hn"/>
  </PeriodicTorsionForce>
</ForceField>
