<ForceField>
  <Info>
    <DateGenerated>2019-07-05</DateGenerated>
  </Info>
  <Residues>
    <Residue name="MC_0M3">
      <Atom charge="-0.0578" name="C1" type="c3"/>
      <Atom charge="-0.0263" name="C2" type="ca"/>
      <Atom charge="-0.152" name="C3" type="ca"/>
      <Atom charge="-0.0245" name="C4" type="ca"/>
      <Atom charge="-0.3215" name="C5" type="ca"/>
      <Atom charge="-0.0245" name="C6" type="ca"/>
      <Atom charge="-0.152" name="C7" type="ca"/>
      <Atom charge="1.4222" name="S8" type="sy"/>
      <Atom charge="-0.6368" name="O9" type="o"/>
      <Atom charge="-0.6368" name="O10" type="o"/>
      <Atom charge="-0.9061" name="N11" type="n7"/>
      <Atom charge="0.2065" name="C12" type="c3"/>
      <Atom charge="0.1338" name="C13" type="c3"/>
      <Atom charge="-0.7992" name="N14" type="n7"/>
      <Atom charge="0.1588" name="C15" type="c3"/>
      <Atom charge="-0.1897" name="C16" type="c3"/>
      <Atom charge="-0.0704" name="C17" type="c3"/>
      <Atom charge="0.6641" name="C18" type="c"/>
      <Atom charge="-0.6061" name="O19" type="o"/>
      <Atom charge="-0.5849" name="N20" type="ns"/>
      <Atom charge="0.12" name="C21" type="c3"/>
      <Atom charge="0.0059" name="C22" type="c3"/>
      <Atom charge="-0.0803" name="C23" type="ca"/>
      <Atom charge="-0.1215" name="C24" type="ca"/>
      <Atom charge="-0.12425" name="C25" type="ca"/>
      <Atom charge="-0.126" name="C26" type="ca"/>
      <Atom charge="-0.12425" name="C27" type="ca"/>
      <Atom charge="-0.1215" name="C28" type="ca"/>
      <Atom charge="-0.0803" name="C29" type="ca"/>
      <Atom charge="-0.1215" name="C30" type="ca"/>
      <Atom charge="-0.12425" name="C31" type="ca"/>
      <Atom charge="-0.126" name="C32" type="ca"/>
      <Atom charge="-0.12425" name="C33" type="ca"/>
      <Atom charge="-0.1215" name="C34" type="ca"/>
      <Atom charge="0.0497" name="H1" type="hc"/>
      <Atom charge="0.0497" name="H2" type="hc"/>
      <Atom charge="0.0497" name="H3" type="hc"/>
      <Atom charge="0.1375" name="H4" type="ha"/>
      <Atom charge="0.1495" name="H5" type="ha"/>
      <Atom charge="0.1495" name="H6" type="ha"/>
      <Atom charge="0.1375" name="H7" type="ha"/>
      <Atom charge="0.4598" name="H8" type="hn"/>
      <Atom charge="0.0537" name="H9" type="h1"/>
      <Atom charge="0.0747" name="H10" type="h1"/>
      <Atom charge="0.0747" name="H11" type="h1"/>
      <Atom charge="0.3528" name="H12" type="hn"/>
      <Atom charge="0.0612" name="H14" type="h1"/>
      <Atom charge="0.0612" name="H15" type="h1"/>
      <Atom charge="0.0667" name="H16" type="hc"/>
      <Atom charge="0.0677" name="H17" type="hc"/>
      <Atom charge="0.0677" name="H18" type="hc"/>
      <Atom charge="0.3165" name="H19" type="hn"/>
      <Atom charge="0.0597" name="H20" type="h1"/>
      <Atom charge="0.0597" name="H21" type="h1"/>
      <Atom charge="0.0637" name="H22" type="hc"/>
      <Atom charge="0.13175" name="H23" type="ha"/>
      <Atom charge="0.1315" name="H24" type="ha"/>
      <Atom charge="0.131" name="H25" type="ha"/>
      <Atom charge="0.1315" name="H26" type="ha"/>
      <Atom charge="0.13175" name="H27" type="ha"/>
      <Atom charge="0.13175" name="H28" type="ha"/>
      <Atom charge="0.1315" name="H29" type="ha"/>
      <Atom charge="0.131" name="H30" type="ha"/>
      <Atom charge="0.1315" name="H31" type="ha"/>
      <Atom charge="0.13175" name="H32" type="ha"/>
      <Bond atomName1="O9" atomName2="S8"/>
      <Bond atomName1="O10" atomName2="S8"/>
      <Bond atomName1="S8" atomName2="N11"/>
      <Bond atomName1="S8" atomName2="C5"/>
      <Bond atomName1="N14" atomName2="C13"/>
      <Bond atomName1="N14" atomName2="C15"/>
      <Bond atomName1="C12" atomName2="C13"/>
      <Bond atomName1="C12" atomName2="N11"/>
      <Bond atomName1="C12" atomName2="C17"/>
      <Bond atomName1="C6" atomName2="C5"/>
      <Bond atomName1="C6" atomName2="C7"/>
      <Bond atomName1="C15" atomName2="C16"/>
      <Bond atomName1="C5" atomName2="C4"/>
      <Bond atomName1="C16" atomName2="C17"/>
      <Bond atomName1="C16" atomName2="C18"/>
      <Bond atomName1="C7" atomName2="C2"/>
      <Bond atomName1="N20" atomName2="C18"/>
      <Bond atomName1="N20" atomName2="C21"/>
      <Bond atomName1="C18" atomName2="O19"/>
      <Bond atomName1="C4" atomName2="C3"/>
      <Bond atomName1="C21" atomName2="C22"/>
      <Bond atomName1="C2" atomName2="C3"/>
      <Bond atomName1="C2" atomName2="C1"/>
      <Bond atomName1="C24" atomName2="C25"/>
      <Bond atomName1="C24" atomName2="C23"/>
      <Bond atomName1="C22" atomName2="C23"/>
      <Bond atomName1="C22" atomName2="C29"/>
      <Bond atomName1="C25" atomName2="C26"/>
      <Bond atomName1="C23" atomName2="C28"/>
      <Bond atomName1="C30" atomName2="C29"/>
      <Bond atomName1="C30" atomName2="C31"/>
      <Bond atomName1="C29" atomName2="C34"/>
      <Bond atomName1="C26" atomName2="C27"/>
      <Bond atomName1="C31" atomName2="C32"/>
      <Bond atomName1="C28" atomName2="C27"/>
      <Bond atomName1="C34" atomName2="C33"/>
      <Bond atomName1="C32" atomName2="C33"/>
      <Bond atomName1="C1" atomName2="H1"/>
      <Bond atomName1="C1" atomName2="H2"/>
      <Bond atomName1="C1" atomName2="H3"/>
      <Bond atomName1="C3" atomName2="H4"/>
      <Bond atomName1="C4" atomName2="H5"/>
      <Bond atomName1="C6" atomName2="H6"/>
      <Bond atomName1="C7" atomName2="H7"/>
      <Bond atomName1="N11" atomName2="H8"/>
      <Bond atomName1="C12" atomName2="H9"/>
      <Bond atomName1="C13" atomName2="H10"/>
      <Bond atomName1="C13" atomName2="H11"/>
      <Bond atomName1="N14" atomName2="H12"/>
      <Bond atomName1="C15" atomName2="H14"/>
      <Bond atomName1="C15" atomName2="H15"/>
      <Bond atomName1="C16" atomName2="H16"/>
      <Bond atomName1="C17" atomName2="H17"/>
      <Bond atomName1="C17" atomName2="H18"/>
      <Bond atomName1="N20" atomName2="H19"/>
      <Bond atomName1="C21" atomName2="H20"/>
      <Bond atomName1="C21" atomName2="H21"/>
      <Bond atomName1="C22" atomName2="H22"/>
      <Bond atomName1="C24" atomName2="H23"/>
      <Bond atomName1="C25" atomName2="H24"/>
      <Bond atomName1="C26" atomName2="H25"/>
      <Bond atomName1="C27" atomName2="H26"/>
      <Bond atomName1="C28" atomName2="H27"/>
      <Bond atomName1="C30" atomName2="H28"/>
      <Bond atomName1="C31" atomName2="H29"/>
      <Bond atomName1="C32" atomName2="H30"/>
      <Bond atomName1="C33" atomName2="H31"/>
      <Bond atomName1="C34" atomName2="H32"/>
    </Residue>
  </Residues>
  <HarmonicBondForce>
    <Bond k="253634.07999999996" length="0.1696" type1="n7" type2="sy"/>
    <Bond k="218572.15999999995" length="0.14650000000000002" type1="c3" type2="n7"/>
    <Bond k="427855.8399999999" length="0.10189999999999999" type1="hn" type2="n7"/>
    <Bond k="298068.1599999999" length="0.1379" type1="c" type2="ns"/>
    <Bond k="220747.83999999997" length="0.1462" type1="c3" type2="ns"/>
    <Bond k="441244.6399999999" length="0.1013" type1="hn" type2="ns"/>
  </HarmonicBondForce>
  <HarmonicAngleForce>
    <Angle angle="1.7879152857429912" k="771.5296000000001" type1="ca" type2="sy" type3="n7"/>
    <Angle angle="2.011491962923465" k="538.0624" type1="c3" type2="n7" type3="sy"/>
    <Angle angle="1.911135530933791" k="372.37600000000003" type1="hn" type2="n7" type3="sy"/>
    <Angle angle="1.8697712276615253" k="1032.6112" type1="n7" type2="sy" type3="o"/>
    <Angle angle="1.9380136014145037" k="697.0544" type1="c3" type2="c3" type3="n7"/>
    <Angle angle="1.9177677820913692" k="512.1216000000001" type1="h1" type2="c3" type3="n7"/>
    <Angle angle="1.9074703395046029" k="399.99039999999997" type1="c3" type2="n7" type3="hn"/>
    <Angle angle="1.9608774146156291" k="549.7776" type1="c3" type2="n7" type3="c3"/>
    <Angle angle="2.010270232447069" k="705.4224" type1="c3" type2="c" type3="ns"/>
    <Angle angle="2.1064378742319563" k="546.4304" type1="c" type2="ns" type3="c3"/>
    <Angle angle="2.051634535719334" k="407.52160000000003" type1="c" type2="ns" type3="hn"/>
    <Angle angle="2.1476276445790226" k="952.2784" type1="ns" type2="c" type3="o"/>
    <Angle angle="1.9479619781508712" k="696.2176000000001" type1="c3" type2="c3" type3="ns"/>
    <Angle angle="1.900314489571426" k="514.6320000000001" type1="h1" type2="c3" type3="ns"/>
    <Angle angle="2.053903463746927" k="385.76480000000004" type1="c3" type2="ns" type3="hn"/>
  </HarmonicAngleForce>
  <PeriodicTorsionForce>
    <Proper k1="13.109866666666667" periodicity1="2" phase1="0.0" type1="c3" type2="n7" type3="sy" type4="ca"/>
    <Proper k1="13.109866666666667" periodicity1="2" phase1="0.0" type1="hn" type2="n7" type3="sy" type4="ca"/>
    <Proper k1="1.2552" periodicity1="3" phase1="0.0" type1="c3" type2="c3" type3="n7" type4="sy"/>
    <Proper k1="1.2552" periodicity1="3" phase1="0.0" type1="h1" type2="c3" type3="n7" type4="sy"/>
    <Proper k1="13.109866666666667" periodicity1="2" phase1="0.0" type1="c3" type2="n7" type3="sy" type4="o"/>
    <Proper k1="13.109866666666667" periodicity1="2" phase1="0.0" type1="hn" type2="n7" type3="sy" type4="o"/>
    <Proper k1="0.87864" periodicity1="3" phase1="0.0" type1="c3" type2="c3" type3="c3" type4="n7"/>
    <Proper k1="0.41840000000000005" periodicity1="3" phase1="0.0" type1="hc" type2="c3" type3="c3" type4="n7"/>
    <Proper k1="0.9079280000000001" periodicity1="3" phase1="0.0" type1="c3" type2="c3" type3="n7" type4="hn"/>
    <Proper k1="0.9414" periodicity1="3" phase1="0.0" type1="h1" type2="c3" type3="n7" type4="c3"/>
    <Proper k1="0.0" k2="2.97064" periodicity1="4" periodicity2="2" phase1="3.141592653589793" phase2="3.141592653589793" type1="ns" type2="c" type3="c3" type4="c3"/>
    <Proper k1="1.0878400000000001" k2="2.092" periodicity1="2" periodicity2="1" phase1="3.141592653589793" phase2="0.0" type1="c3" type2="c" type3="ns" type4="c3"/>
    <Proper k1="10.46" periodicity1="2" phase1="3.141592653589793" type1="c3" type2="c" type3="ns" type4="hn"/>
    <Proper k1="0.41840000000000005" k2="0.7112800000000001" k3="4.26768" periodicity1="4" periodicity2="3" periodicity3="1" phase1="3.141592653589793" phase2="0.0" phase3="3.141592653589793" type1="c3" type2="c3" type3="ns" type4="c"/>
    <Proper k1="0.0" periodicity1="2" phase1="3.141592653589793" type1="h1" type2="c3" type3="ns" type4="c"/>
    <Proper k1="10.46" periodicity1="2" phase1="3.141592653589793" type1="o" type2="c" type3="ns" type4="c3"/>
    <Proper k1="10.46" k2="8.368" periodicity1="2" periodicity2="1" phase1="3.141592653589793" phase2="0.0" type1="o" type2="c" type3="ns" type4="hn"/>
    <Proper k1="0.87864" periodicity1="3" phase1="0.0" type1="ca" type2="c3" type3="c3" type4="ns"/>
    <Proper k1="0.0" periodicity1="2" phase1="0.0" type1="c3" type2="c3" type3="ns" type4="hn"/>
    <Proper k1="1.2552" periodicity1="3" phase1="0.0" type1="h1" type2="c3" type3="n7" type4="hn"/>
    <Proper k1="0.0" periodicity1="2" phase1="0.0" type1="h1" type2="c3" type3="ns" type4="hn"/>
    <Improper k1="4.6024" periodicity1="2" phase1="3.141592653589793" type1="ca" type2="ca" type3="ca" type4="ha"/>
    <Improper k1="4.6024" periodicity1="2" phase1="3.141592653589793" type1="ca" type2="ca" type3="ca" type4="sy"/>
    <Improper k1="43.932" periodicity1="2" phase1="3.141592653589793" type1="c" type2="c3" type3="ns" type4="o"/>
    <Improper k1="4.6024" periodicity1="2" phase1="3.141592653589793" type1="ns" type2="c" type3="c3" type4="hn"/>
  </PeriodicTorsionForce>
</ForceField>
