<ForceField>
  <Info>
    <DateGenerated>2019-07-05</DateGenerated>
  </Info>
  <Residues>
    <Residue name="MC_0M4">
      <Atom charge="-0.0306" name="C01" type="ca"/>
      <Atom charge="0.1609" name="C02" type="ca"/>
      <Atom charge="-0.165" name="C03" type="ca"/>
      <Atom charge="0.0816" name="C04" type="ca"/>
      <Atom charge="-0.165" name="C05" type="ca"/>
      <Atom charge="-0.081" name="C06" type="ca"/>
      <Atom charge="-0.0864" name="Cl1" type="cl"/>
      <Atom charge="-0.1229" name="F08" type="f"/>
      <Atom charge="-0.4511" name="N09" type="ns"/>
      <Atom charge="0.5951" name="C10" type="c"/>
      <Atom charge="0.5921" name="C11" type="c"/>
      <Atom charge="-0.5539" name="N12" type="ns"/>
      <Atom charge="-0.6031" name="O13" type="o"/>
      <Atom charge="-0.5871" name="O14" type="o"/>
      <Atom charge="0.131" name="C15" type="c3"/>
      <Atom charge="-0.085" name="C16" type="c3"/>
      <Atom charge="0.1398" name="C17" type="c3"/>
      <Atom charge="-0.7882" name="N18" type="n7"/>
      <Atom charge="0.1398" name="C19" type="c3"/>
      <Atom charge="-0.0627" name="C20" type="c3"/>
      <Atom charge="-0.0844" name="C21" type="c3"/>
      <Atom charge="-0.0834" name="C22" type="c3"/>
      <Atom charge="-0.0824" name="C23" type="c3"/>
      <Atom charge="0.178" name="H1" type="ha"/>
      <Atom charge="0.144" name="H2" type="ha"/>
      <Atom charge="0.153" name="H3" type="ha"/>
      <Atom charge="0.3525" name="H4" type="hn"/>
      <Atom charge="0.3375" name="H5" type="hn"/>
      <Atom charge="0.0652" name="H6" type="h1"/>
      <Atom charge="0.0652" name="H7" type="h1"/>
      <Atom charge="0.0442" name="H9" type="h1"/>
      <Atom charge="0.0442" name="H8" type="h1"/>
      <Atom charge="0.3488" name="H10" type="hn"/>
      <Atom charge="0.0432" name="H12" type="h1"/>
      <Atom charge="0.0432" name="H13" type="h1"/>
      <Atom charge="0.0727" name="H14" type="hc"/>
      <Atom charge="0.0507" name="H15" type="hc"/>
      <Atom charge="0.0507" name="H16" type="hc"/>
      <Atom charge="0.0487" name="H18" type="hc"/>
      <Atom charge="0.0487" name="H17" type="hc"/>
      <Atom charge="0.0497" name="H20" type="hc"/>
      <Atom charge="0.0497" name="H19" type="hc"/>
      <Bond atomName1="C22" atomName2="C23"/>
      <Bond atomName1="C22" atomName2="C20"/>
      <Bond atomName1="C23" atomName2="C21"/>
      <Bond atomName1="C20" atomName2="C19"/>
      <Bond atomName1="C20" atomName2="C16"/>
      <Bond atomName1="C19" atomName2="N18"/>
      <Bond atomName1="C21" atomName2="C16"/>
      <Bond atomName1="C16" atomName2="C15"/>
      <Bond atomName1="C16" atomName2="C17"/>
      <Bond atomName1="N18" atomName2="C17"/>
      <Bond atomName1="C15" atomName2="N12"/>
      <Bond atomName1="N12" atomName2="C11"/>
      <Bond atomName1="C11" atomName2="O13"/>
      <Bond atomName1="C11" atomName2="C10"/>
      <Bond atomName1="O14" atomName2="C10"/>
      <Bond atomName1="C10" atomName2="N09"/>
      <Bond atomName1="N09" atomName2="C04"/>
      <Bond atomName1="C03" atomName2="C04"/>
      <Bond atomName1="C03" atomName2="C02"/>
      <Bond atomName1="C04" atomName2="C05"/>
      <Bond atomName1="F08" atomName2="C02"/>
      <Bond atomName1="C02" atomName2="C01"/>
      <Bond atomName1="C05" atomName2="C06"/>
      <Bond atomName1="C01" atomName2="C06"/>
      <Bond atomName1="C01" atomName2="Cl1"/>
      <Bond atomName1="C03" atomName2="H1"/>
      <Bond atomName1="C05" atomName2="H2"/>
      <Bond atomName1="C06" atomName2="H3"/>
      <Bond atomName1="N09" atomName2="H4"/>
      <Bond atomName1="N12" atomName2="H5"/>
      <Bond atomName1="C15" atomName2="H6"/>
      <Bond atomName1="C15" atomName2="H7"/>
      <Bond atomName1="C17" atomName2="H9"/>
      <Bond atomName1="C17" atomName2="H8"/>
      <Bond atomName1="N18" atomName2="H10"/>
      <Bond atomName1="C19" atomName2="H12"/>
      <Bond atomName1="C19" atomName2="H13"/>
      <Bond atomName1="C20" atomName2="H14"/>
      <Bond atomName1="C21" atomName2="H15"/>
      <Bond atomName1="C21" atomName2="H16"/>
      <Bond atomName1="C22" atomName2="H18"/>
      <Bond atomName1="C22" atomName2="H17"/>
      <Bond atomName1="C23" atomName2="H20"/>
      <Bond atomName1="C23" atomName2="H19"/>
    </Residue>
  </Residues>
  <HarmonicBondForce>
    <Bond k="263759.3599999999" length="0.1412" type1="ca" type2="ns"/>
    <Bond k="298068.1599999999" length="0.1379" type1="c" type2="ns"/>
    <Bond k="441244.6399999999" length="0.1013" type1="hn" type2="ns"/>
    <Bond k="220747.83999999997" length="0.1462" type1="c3" type2="ns"/>
    <Bond k="218572.15999999995" length="0.14650000000000002" type1="c3" type2="n7"/>
    <Bond k="427855.8399999999" length="0.10189999999999999" type1="hn" type2="n7"/>
  </HarmonicBondForce>
  <HarmonicAngleForce>
    <Angle angle="2.0977112279719847" k="716.3008" type1="ca" type2="ca" type3="ns"/>
    <Angle angle="2.159146817642185" k="549.7776" type1="c" type2="ns" type3="ca"/>
    <Angle angle="2.0245819323134224" k="401.664" type1="ca" type2="ns" type3="hn"/>
    <Angle angle="1.967684198698407" k="705.4224" type1="c" type2="c" type3="ns"/>
    <Angle angle="2.1476276445790226" k="952.2784" type1="ns" type2="c" type3="o"/>
    <Angle angle="2.051634535719334" k="407.52160000000003" type1="c" type2="ns" type3="hn"/>
    <Angle angle="2.1064378742319563" k="546.4304" type1="c" type2="ns" type3="c3"/>
    <Angle angle="1.9479619781508712" k="696.2176000000001" type1="c3" type2="c3" type3="ns"/>
    <Angle angle="1.900314489571426" k="514.6320000000001" type1="h1" type2="c3" type3="ns"/>
    <Angle angle="2.053903463746927" k="385.76480000000004" type1="c3" type2="ns" type3="hn"/>
    <Angle angle="1.9380136014145037" k="697.0544" type1="c3" type2="c3" type3="n7"/>
    <Angle angle="1.9608774146156291" k="549.7776" type1="c3" type2="n7" type3="c3"/>
    <Angle angle="1.9074703395046029" k="399.99039999999997" type1="c3" type2="n7" type3="hn"/>
    <Angle angle="1.9177677820913692" k="512.1216000000001" type1="h1" type2="c3" type3="n7"/>
  </HarmonicAngleForce>
  <PeriodicTorsionForce>
    <Proper k1="3.9748" periodicity1="2" phase1="3.141592653589793" type1="ca" type2="ca" type3="ns" type4="c"/>
    <Proper k1="1.8828" periodicity1="2" phase1="3.141592653589793" type1="ca" type2="ca" type3="ns" type4="hn"/>
    <Proper k1="10.46" periodicity1="2" phase1="3.141592653589793" type1="c" type2="c" type3="ns" type4="ca"/>
    <Proper k1="10.46" periodicity1="2" phase1="3.141592653589793" type1="o" type2="c" type3="ns" type4="ca"/>
    <Proper k1="10.46" periodicity1="2" phase1="3.141592653589793" type1="c" type2="c" type3="ns" type4="c3"/>
    <Proper k1="10.46" periodicity1="2" phase1="3.141592653589793" type1="c" type2="c" type3="ns" type4="hn"/>
    <Proper k1="0.41840000000000005" k2="0.7112800000000001" k3="4.26768" periodicity1="4" periodicity2="3" periodicity3="1" phase1="3.141592653589793" phase2="0.0" phase3="3.141592653589793" type1="c3" type2="c3" type3="ns" type4="c"/>
    <Proper k1="0.0" periodicity1="2" phase1="3.141592653589793" type1="h1" type2="c3" type3="ns" type4="c"/>
    <Proper k1="0.41840000000000005" periodicity1="3" phase1="0.0" type1="c3" type2="c3" type3="c3" type4="ns"/>
    <Proper k1="10.46" periodicity1="2" phase1="3.141592653589793" type1="o" type2="c" type3="ns" type4="c3"/>
    <Proper k1="10.46" k2="8.368" periodicity1="2" periodicity2="1" phase1="3.141592653589793" phase2="0.0" type1="o" type2="c" type3="ns" type4="hn"/>
    <Proper k1="0.87864" periodicity1="3" phase1="0.0" type1="c3" type2="c3" type3="c3" type4="n7"/>
    <Proper k1="0.0" periodicity1="2" phase1="0.0" type1="c3" type2="c3" type3="ns" type4="hn"/>
    <Proper k1="0.9079280000000001" periodicity1="3" phase1="0.0" type1="c3" type2="c3" type3="n7" type4="hn"/>
    <Proper k1="0.9414" periodicity1="3" phase1="0.0" type1="h1" type2="c3" type3="n7" type4="c3"/>
    <Proper k1="0.41840000000000005" periodicity1="3" phase1="0.0" type1="hc" type2="c3" type3="c3" type4="n7"/>
    <Proper k1="0.0" periodicity1="2" phase1="0.0" type1="h1" type2="c3" type3="ns" type4="hn"/>
    <Proper k1="1.2552" periodicity1="3" phase1="0.0" type1="h1" type2="c3" type3="n7" type4="hn"/>
    <Improper k1="4.6024" periodicity1="2" phase1="3.141592653589793" type1="ca" type2="ca" type3="ca" type4="ha"/>
    <Improper k1="4.6024" periodicity1="2" phase1="3.141592653589793" type1="ca" type2="ca" type3="ca" type4="ns"/>
    <Improper k1="4.6024" periodicity1="2" phase1="3.141592653589793" type1="ns" type2="c" type3="ca" type4="hn"/>
    <Improper k1="43.932" periodicity1="2" phase1="3.141592653589793" type1="c" type2="c" type3="ns" type4="o"/>
    <Improper k1="4.6024" periodicity1="2" phase1="3.141592653589793" type1="ns" type2="c" type3="c3" type4="hn"/>
  </PeriodicTorsionForce>
</ForceField>
