<ForceField>
  <Info>
    <DateGenerated>2019-07-05</DateGenerated>
  </Info>
  <Residues>
    <Residue name="MC_0M5">
      <Atom charge="0.1609" name="C01" type="ca"/>
      <Atom charge="-0.0306" name="C02" type="ca"/>
      <Atom charge="-0.08" name="C03" type="ca"/>
      <Atom charge="-0.165" name="C04" type="ca"/>
      <Atom charge="0.0816" name="C05" type="ca"/>
      <Atom charge="-0.166" name="C06" type="ca"/>
      <Atom charge="-0.1047" name="C10" type="c3"/>
      <Atom charge="-0.0864" name="C11" type="c3"/>
      <Atom charge="-0.1279" name="C15" type="cx"/>
      <Atom charge="-0.0854" name="Cl" type="cl"/>
      <Atom charge="-0.1229" name="F" type="f"/>
      <Atom charge="-0.4521" name="N01" type="ns"/>
      <Atom charge="0.5951" name="C07" type="c"/>
      <Atom charge="-0.5851" name="O01" type="o"/>
      <Atom charge="0.5931" name="C08" type="c"/>
      <Atom charge="-0.5539" name="N02" type="ns"/>
      <Atom charge="-0.6021" name="O" type="o"/>
      <Atom charge="0.119" name="C09" type="c3"/>
      <Atom charge="0.1478" name="C12" type="c3"/>
      <Atom charge="-0.6716" name="N" type="n3"/>
      <Atom charge="0.1578" name="C13" type="c3"/>
      <Atom charge="0.0755" name="C14" type="cx"/>
      <Atom charge="-0.1279" name="C" type="cx"/>
      <Atom charge="0.153" name="H01" type="ha"/>
      <Atom charge="0.144" name="H02" type="ha"/>
      <Atom charge="0.178" name="H03" type="ha"/>
      <Atom charge="0.0587" name="H08" type="hc"/>
      <Atom charge="0.0567" name="H09" type="hc"/>
      <Atom charge="0.0567" name="H10" type="hc"/>
      <Atom charge="0.07845" name="H16" type="hc"/>
      <Atom charge="0.3525" name="H04" type="hn"/>
      <Atom charge="0.3375" name="H05" type="hn"/>
      <Atom charge="0.0617" name="H06" type="h1"/>
      <Atom charge="0.0617" name="H07" type="h1"/>
      <Atom charge="0.0467" name="H11" type="h1"/>
      <Atom charge="0.0467" name="H12" type="h1"/>
      <Atom charge="0.0487" name="H13" type="h1"/>
      <Atom charge="0.0487" name="H14" type="h1"/>
      <Atom charge="0.0677" name="H15" type="h1"/>
      <Atom charge="0.07845" name="H" type="hc"/>
      <Atom charge="0.07845" name="H18" type="hc"/>
      <Atom charge="0.07845" name="H17" type="hc"/>
      <Bond atomName1="C15" atomName2="C"/>
      <Bond atomName1="C15" atomName2="C14"/>
      <Bond atomName1="C" atomName2="C14"/>
      <Bond atomName1="C12" atomName2="N"/>
      <Bond atomName1="C12" atomName2="C11"/>
      <Bond atomName1="N" atomName2="C14"/>
      <Bond atomName1="N" atomName2="C13"/>
      <Bond atomName1="C13" atomName2="C10"/>
      <Bond atomName1="C11" atomName2="C10"/>
      <Bond atomName1="C10" atomName2="C09"/>
      <Bond atomName1="C09" atomName2="N02"/>
      <Bond atomName1="N02" atomName2="C08"/>
      <Bond atomName1="C08" atomName2="O"/>
      <Bond atomName1="C08" atomName2="C07"/>
      <Bond atomName1="O01" atomName2="C07"/>
      <Bond atomName1="C07" atomName2="N01"/>
      <Bond atomName1="N01" atomName2="C05"/>
      <Bond atomName1="C05" atomName2="C06"/>
      <Bond atomName1="C05" atomName2="C04"/>
      <Bond atomName1="C06" atomName2="C01"/>
      <Bond atomName1="F" atomName2="C01"/>
      <Bond atomName1="C01" atomName2="C02"/>
      <Bond atomName1="C04" atomName2="C03"/>
      <Bond atomName1="C02" atomName2="C03"/>
      <Bond atomName1="C02" atomName2="Cl"/>
      <Bond atomName1="C03" atomName2="H01"/>
      <Bond atomName1="C04" atomName2="H02"/>
      <Bond atomName1="C06" atomName2="H03"/>
      <Bond atomName1="C10" atomName2="H08"/>
      <Bond atomName1="C11" atomName2="H09"/>
      <Bond atomName1="C11" atomName2="H10"/>
      <Bond atomName1="C15" atomName2="H17"/>
      <Bond atomName1="C15" atomName2="H16"/>
      <Bond atomName1="N01" atomName2="H04"/>
      <Bond atomName1="N02" atomName2="H05"/>
      <Bond atomName1="C09" atomName2="H06"/>
      <Bond atomName1="C09" atomName2="H07"/>
      <Bond atomName1="C12" atomName2="H11"/>
      <Bond atomName1="C12" atomName2="H12"/>
      <Bond atomName1="C13" atomName2="H13"/>
      <Bond atomName1="C13" atomName2="H14"/>
      <Bond atomName1="C14" atomName2="H15"/>
      <Bond atomName1="C" atomName2="H"/>
      <Bond atomName1="C" atomName2="H18"/>
    </Residue>
  </Residues>
  <HarmonicBondForce>
    <Bond k="263759.3599999999" length="0.1412" type1="ca" type2="ns"/>
    <Bond k="298068.1599999999" length="0.1379" type1="c" type2="ns"/>
    <Bond k="441244.6399999999" length="0.1013" type1="hn" type2="ns"/>
    <Bond k="220747.83999999997" length="0.1462" type1="c3" type2="ns"/>
  </HarmonicBondForce>
  <HarmonicAngleForce>
    <Angle angle="2.0977112279719847" k="716.3008" type1="ca" type2="ca" type3="ns"/>
    <Angle angle="2.159146817642185" k="549.7776" type1="c" type2="ns" type3="ca"/>
    <Angle angle="2.0245819323134224" k="401.664" type1="ca" type2="ns" type3="hn"/>
    <Angle angle="1.9479619781508712" k="696.2176000000001" type1="c3" type2="c3" type3="ns"/>
    <Angle angle="2.1476276445790226" k="952.2784" type1="ns" type2="c" type3="o"/>
    <Angle angle="1.967684198698407" k="705.4224" type1="c" type2="c" type3="ns"/>
    <Angle angle="2.051634535719334" k="407.52160000000003" type1="c" type2="ns" type3="hn"/>
    <Angle angle="2.1064378742319563" k="546.4304" type1="c" type2="ns" type3="c3"/>
    <Angle angle="1.900314489571426" k="514.6320000000001" type1="h1" type2="c3" type3="ns"/>
    <Angle angle="2.053903463746927" k="385.76480000000004" type1="c3" type2="ns" type3="hn"/>
  </HarmonicAngleForce>
  <PeriodicTorsionForce>
    <Proper k1="3.9748" periodicity1="2" phase1="3.141592653589793" type1="ca" type2="ca" type3="ns" type4="c"/>
    <Proper k1="1.8828" periodicity1="2" phase1="3.141592653589793" type1="ca" type2="ca" type3="ns" type4="hn"/>
    <Proper k1="10.46" periodicity1="2" phase1="3.141592653589793" type1="o" type2="c" type3="ns" type4="ca"/>
    <Proper k1="10.46" periodicity1="2" phase1="3.141592653589793" type1="c" type2="c" type3="ns" type4="ca"/>
    <Proper k1="0.41840000000000005" k2="0.7112800000000001" k3="4.26768" periodicity1="4" periodicity2="3" periodicity3="1" phase1="3.141592653589793" phase2="0.0" phase3="3.141592653589793" type1="c3" type2="c3" type3="ns" type4="c"/>
    <Proper k1="0.0" periodicity1="2" phase1="0.0" type1="c3" type2="c3" type3="ns" type4="hn"/>
    <Proper k1="0.41840000000000005" periodicity1="3" phase1="0.0" type1="c3" type2="c3" type3="c3" type4="ns"/>
    <Proper k1="2.42672" k2="1.1715200000000001" periodicity1="3" periodicity2="2" phase1="0.0" phase2="3.141592653589793" type1="cx" type2="cx" type3="n3" type4="c3"/>
    <Proper k1="10.46" periodicity1="2" phase1="3.141592653589793" type1="c" type2="c" type3="ns" type4="c3"/>
    <Proper k1="10.46" periodicity1="2" phase1="3.141592653589793" type1="c" type2="c" type3="ns" type4="hn"/>
    <Proper k1="10.46" k2="8.368" periodicity1="2" periodicity2="1" phase1="3.141592653589793" phase2="0.0" type1="o" type2="c" type3="ns" type4="hn"/>
    <Proper k1="0.0" periodicity1="2" phase1="3.141592653589793" type1="h1" type2="c3" type3="ns" type4="c"/>
    <Proper k1="10.46" periodicity1="2" phase1="3.141592653589793" type1="o" type2="c" type3="ns" type4="c3"/>
    <Proper k1="0.9414" periodicity1="3" phase1="0.0" type1="h1" type2="cx" type3="n3" type4="c3"/>
    <Proper k1="0.0" periodicity1="2" phase1="0.0" type1="h1" type2="c3" type3="ns" type4="hn"/>
    <Improper k1="4.6024" periodicity1="2" phase1="3.141592653589793" type1="ca" type2="ca" type3="ca" type4="ha"/>
    <Improper k1="4.6024" periodicity1="2" phase1="3.141592653589793" type1="ca" type2="ca" type3="ca" type4="ns"/>
    <Improper k1="4.6024" periodicity1="2" phase1="3.141592653589793" type1="ns" type2="c" type3="ca" type4="hn"/>
    <Improper k1="43.932" periodicity1="2" phase1="3.141592653589793" type1="c" type2="c" type3="ns" type4="o"/>
    <Improper k1="4.6024" periodicity1="2" phase1="3.141592653589793" type1="ns" type2="c" type3="c3" type4="hn"/>
  </PeriodicTorsionForce>
</ForceField>
