<ForceField>
  <Info>
    <DateGenerated>2019-07-05</DateGenerated>
  </Info>
  <Residues>
    <Residue name="MC_0M6">
      <Atom charge="-0.1115" name="CAK" type="ca"/>
      <Atom charge="-0.1245" name="CAI" type="ca"/>
      <Atom charge="-0.125" name="CAH" type="ca"/>
      <Atom charge="-0.1245" name="CAJ" type="ca"/>
      <Atom charge="-0.1115" name="CAL" type="ca"/>
      <Atom charge="0.0366" name="CAV" type="ca"/>
      <Atom charge="-0.4181" name="NAP" type="ns"/>
      <Atom charge="0.6084" name="CAU" type="cs"/>
      <Atom charge="-0.7074" name="SAG" type="s"/>
      <Atom charge="-0.5069" name="N" type="ns"/>
      <Atom charge="0.0427" name="CA" type="c3"/>
      <Atom charge="-0.0894" name="CB" type="c3"/>
      <Atom charge="-0.0917" name="CG" type="c3"/>
      <Atom charge="-0.0886" name="CD2" type="c3"/>
      <Atom charge="-0.0886" name="CD1" type="c3"/>
      <Atom charge="0.6551" name="C" type="c"/>
      <Atom charge="-0.6301" name="O" type="o"/>
      <Atom charge="-0.5689" name="NAQ" type="ns"/>
      <Atom charge="0.1207" name="CAZ" type="c3"/>
      <Atom charge="0.1244" name="CAX" type="c3"/>
      <Atom charge="-0.6138" name="OAF" type="oh"/>
      <Atom charge="-0.0934" name="CAN" type="c3"/>
      <Atom charge="0.1384" name="CAM" type="c3"/>
      <Atom charge="-0.6098" name="OAE" type="oh"/>
      <Atom charge="0.1455" name="H1" type="ha"/>
      <Atom charge="0.134" name="H2" type="ha"/>
      <Atom charge="0.13" name="H3" type="ha"/>
      <Atom charge="0.134" name="H4" type="ha"/>
      <Atom charge="0.1455" name="H5" type="ha"/>
      <Atom charge="0.3215" name="H6" type="hn"/>
      <Atom charge="0.3335" name="H7" type="hn"/>
      <Atom charge="0.1177" name="H8" type="h1"/>
      <Atom charge="0.0677" name="H9" type="hc"/>
      <Atom charge="0.0677" name="H10" type="hc"/>
      <Atom charge="0.0617" name="H11" type="hc"/>
      <Atom charge="0.037867" name="H12" type="hc"/>
      <Atom charge="0.037867" name="H13" type="hc"/>
      <Atom charge="0.037867" name="H14" type="hc"/>
      <Atom charge="0.037867" name="H15" type="hc"/>
      <Atom charge="0.037867" name="H16" type="hc"/>
      <Atom charge="0.037867" name="H17" type="hc"/>
      <Atom charge="0.3345" name="H18" type="hn"/>
      <Atom charge="0.0807" name="H19" type="h1"/>
      <Atom charge="0.0377" name="H20" type="h1"/>
      <Atom charge="0.0377" name="H21" type="h1"/>
      <Atom charge="0.406" name="H22" type="ho"/>
      <Atom charge="0.0712" name="H23" type="hc"/>
      <Atom charge="0.0712" name="H24" type="hc"/>
      <Atom charge="0.0212" name="H25" type="h1"/>
      <Atom charge="0.0212" name="H26" type="h1"/>
      <Atom charge="0.405" name="H27" type="ho"/>
      <Bond atomName1="CD2" atomName2="CG"/>
      <Bond atomName1="CG" atomName2="CB"/>
      <Bond atomName1="CG" atomName2="CD1"/>
      <Bond atomName1="CB" atomName2="CA"/>
      <Bond atomName1="CAH" atomName2="CAJ"/>
      <Bond atomName1="CAH" atomName2="CAI"/>
      <Bond atomName1="CAJ" atomName2="CAL"/>
      <Bond atomName1="CAX" atomName2="OAF"/>
      <Bond atomName1="CAX" atomName2="CAZ"/>
      <Bond atomName1="O" atomName2="C"/>
      <Bond atomName1="CA" atomName2="C"/>
      <Bond atomName1="CA" atomName2="N"/>
      <Bond atomName1="CAI" atomName2="CAK"/>
      <Bond atomName1="CAL" atomName2="CAV"/>
      <Bond atomName1="C" atomName2="NAQ"/>
      <Bond atomName1="N" atomName2="CAU"/>
      <Bond atomName1="NAQ" atomName2="CAZ"/>
      <Bond atomName1="CAZ" atomName2="CAN"/>
      <Bond atomName1="CAK" atomName2="CAV"/>
      <Bond atomName1="CAV" atomName2="NAP"/>
      <Bond atomName1="CAU" atomName2="NAP"/>
      <Bond atomName1="CAU" atomName2="SAG"/>
      <Bond atomName1="CAN" atomName2="CAM"/>
      <Bond atomName1="CAM" atomName2="OAE"/>
      <Bond atomName1="CAK" atomName2="H1"/>
      <Bond atomName1="CAI" atomName2="H2"/>
      <Bond atomName1="CAH" atomName2="H3"/>
      <Bond atomName1="CAJ" atomName2="H4"/>
      <Bond atomName1="CAL" atomName2="H5"/>
      <Bond atomName1="NAP" atomName2="H6"/>
      <Bond atomName1="N" atomName2="H7"/>
      <Bond atomName1="CA" atomName2="H8"/>
      <Bond atomName1="CB" atomName2="H9"/>
      <Bond atomName1="CB" atomName2="H10"/>
      <Bond atomName1="CG" atomName2="H11"/>
      <Bond atomName1="CD2" atomName2="H12"/>
      <Bond atomName1="CD2" atomName2="H13"/>
      <Bond atomName1="CD2" atomName2="H14"/>
      <Bond atomName1="CD1" atomName2="H15"/>
      <Bond atomName1="CD1" atomName2="H16"/>
      <Bond atomName1="CD1" atomName2="H17"/>
      <Bond atomName1="NAQ" atomName2="H18"/>
      <Bond atomName1="CAZ" atomName2="H19"/>
      <Bond atomName1="CAX" atomName2="H20"/>
      <Bond atomName1="CAX" atomName2="H21"/>
      <Bond atomName1="OAF" atomName2="H22"/>
      <Bond atomName1="CAN" atomName2="H23"/>
      <Bond atomName1="CAN" atomName2="H24"/>
      <Bond atomName1="CAM" atomName2="H25"/>
      <Bond atomName1="CAM" atomName2="H26"/>
      <Bond atomName1="OAE" atomName2="H27"/>
    </Residue>
  </Residues>
  <HarmonicBondForce>
    <Bond k="263759.3599999999" length="0.1412" type1="ca" type2="ns"/>
    <Bond k="298068.1599999999" length="0.1379" type1="cs" type2="ns"/>
    <Bond k="441244.6399999999" length="0.1013" type1="hn" type2="ns"/>
    <Bond k="249701.11999999994" length="0.16720000000000002" type1="cs" type2="s"/>
    <Bond k="220747.83999999997" length="0.1462" type1="c3" type2="ns"/>
    <Bond k="298068.1599999999" length="0.1379" type1="c" type2="ns"/>
  </HarmonicBondForce>
  <HarmonicAngleForce>
    <Angle angle="2.0977112279719847" k="716.3008" type1="ca" type2="ca" type3="ns"/>
    <Angle angle="2.159146817642185" k="549.7776" type1="ca" type2="ns" type3="cs"/>
    <Angle angle="2.0245819323134224" k="401.664" type1="ca" type2="ns" type3="hn"/>
    <Angle angle="2.1650809370989657" k="689.5232000000001" type1="ns" type2="cs" type3="s"/>
    <Angle angle="1.9819958985647608" k="940.5632" type1="ns" type2="cs" type3="ns"/>
    <Angle angle="2.051634535719334" k="407.52160000000003" type1="cs" type2="ns" type3="hn"/>
    <Angle angle="2.1064378742319563" k="546.4304" type1="c3" type2="ns" type3="cs"/>
    <Angle angle="1.9479619781508712" k="696.2176000000001" type1="c3" type2="c3" type3="ns"/>
    <Angle angle="1.903456082225016" k="707.096" type1="c" type2="c3" type3="ns"/>
    <Angle angle="1.900314489571426" k="514.6320000000001" type1="h1" type2="c3" type3="ns"/>
    <Angle angle="2.053903463746927" k="385.76480000000004" type1="c3" type2="ns" type3="hn"/>
    <Angle angle="2.010270232447069" k="705.4224" type1="c3" type2="c" type3="ns"/>
    <Angle angle="2.1064378742319563" k="546.4304" type1="c" type2="ns" type3="c3"/>
    <Angle angle="2.051634535719334" k="407.52160000000003" type1="c" type2="ns" type3="hn"/>
    <Angle angle="2.1476276445790226" k="952.2784" type1="ns" type2="c" type3="o"/>
  </HarmonicAngleForce>
  <PeriodicTorsionForce>
    <Proper k1="3.9748" periodicity1="2" phase1="3.141592653589793" type1="ca" type2="ca" type3="ns" type4="cs"/>
    <Proper k1="1.8828" periodicity1="2" phase1="3.141592653589793" type1="ca" type2="ca" type3="ns" type4="hn"/>
    <Proper k1="10.46" periodicity1="2" phase1="3.141592653589793" type1="s" type2="cs" type3="ns" type4="ca"/>
    <Proper k1="10.46" periodicity1="2" phase1="3.141592653589793" type1="ns" type2="cs" type3="ns" type4="ca"/>
    <Proper k1="10.46" periodicity1="2" phase1="3.141592653589793" type1="ns" type2="cs" type3="ns" type4="c3"/>
    <Proper k1="10.46" periodicity1="2" phase1="3.141592653589793" type1="ns" type2="cs" type3="ns" type4="hn"/>
    <Proper k1="0.41840000000000005" k2="0.7112800000000001" k3="4.26768" periodicity1="4" periodicity2="3" periodicity3="1" phase1="3.141592653589793" phase2="0.0" phase3="3.141592653589793" type1="c3" type2="c3" type3="ns" type4="cs"/>
    <Proper k1="1.63176" k2="2.67776" periodicity1="2" periodicity2="1" phase1="3.141592653589793" phase2="0.0" type1="c" type2="c3" type3="ns" type4="cs"/>
    <Proper k1="0.0" periodicity1="2" phase1="3.141592653589793" type1="h1" type2="c3" type3="ns" type4="cs"/>
    <Proper k1="10.46" periodicity1="2" phase1="3.141592653589793" type1="s" type2="cs" type3="ns" type4="hn"/>
    <Proper k1="10.46" periodicity1="2" phase1="3.141592653589793" type1="s" type2="cs" type3="ns" type4="c3"/>
    <Proper k1="0.41840000000000005" periodicity1="3" phase1="0.0" type1="c3" type2="c3" type3="c3" type4="ns"/>
    <Proper k1="0.41840000000000005" k2="8.870080000000002" periodicity1="1" periodicity2="2" phase1="3.141592653589793" phase2="3.141592653589793" type1="ns" type2="c" type3="c3" type4="ns"/>
    <Proper k1="1.0878400000000001" k2="2.092" periodicity1="2" periodicity2="1" phase1="3.141592653589793" phase2="0.0" type1="c3" type2="c" type3="ns" type4="c3"/>
    <Proper k1="10.46" periodicity1="2" phase1="3.141592653589793" type1="c3" type2="c" type3="ns" type4="hn"/>
    <Proper k1="0.0" periodicity1="2" phase1="0.0" type1="c3" type2="c3" type3="ns" type4="hn"/>
    <Proper k1="0.0" k2="2.97064" periodicity1="4" periodicity2="2" phase1="3.141592653589793" phase2="3.141592653589793" type1="ns" type2="c" type3="c3" type4="c3"/>
    <Proper k1="0.0" periodicity1="2" phase1="0.0" type1="c" type2="c3" type3="ns" type4="hn"/>
    <Proper k1="0.41840000000000005" k2="0.7112800000000001" k3="4.26768" periodicity1="4" periodicity2="3" periodicity3="1" phase1="3.141592653589793" phase2="0.0" phase3="3.141592653589793" type1="c3" type2="c3" type3="ns" type4="c"/>
    <Proper k1="0.0" periodicity1="2" phase1="3.141592653589793" type1="h1" type2="c3" type3="ns" type4="c"/>
    <Proper k1="10.46" periodicity1="2" phase1="3.141592653589793" type1="o" type2="c" type3="ns" type4="c3"/>
    <Proper k1="10.46" k2="8.368" periodicity1="2" periodicity2="1" phase1="3.141592653589793" phase2="0.0" type1="o" type2="c" type3="ns" type4="hn"/>
    <Proper k1="0.42258400000000007" periodicity1="3" phase1="0.0" type1="ns" type2="c3" type3="c3" type4="oh"/>
    <Proper k1="0.0" periodicity1="2" phase1="0.0" type1="h1" type2="c3" type3="ns" type4="hn"/>
    <Improper k1="4.6024" periodicity1="2" phase1="3.141592653589793" type1="ca" type2="ca" type3="ca" type4="ha"/>
    <Improper k1="4.6024" periodicity1="2" phase1="3.141592653589793" type1="ca" type2="ca" type3="ca" type4="ns"/>
    <Improper k1="4.6024" periodicity1="2" phase1="3.141592653589793" type1="ns" type2="ca" type3="cs" type4="hn"/>
    <Improper k1="4.6024" periodicity1="2" phase1="3.141592653589793" type1="cs" type2="ns" type3="ns" type4="s"/>
    <Improper k1="4.6024" periodicity1="2" phase1="3.141592653589793" type1="ns" type2="c3" type3="cs" type4="hn"/>
    <Improper k1="43.932" periodicity1="2" phase1="3.141592653589793" type1="c" type2="c3" type3="ns" type4="o"/>
    <Improper k1="4.6024" periodicity1="2" phase1="3.141592653589793" type1="ns" type2="c" type3="c3" type4="hn"/>
  </PeriodicTorsionForce>
</ForceField>
