<ForceField>
  <Info>
    <DateGenerated>2019-07-05</DateGenerated>
  </Info>
  <Residues>
    <Residue name="MC_0M8">
      <Atom charge="-0.956" name="O1" type="o"/>
      <Atom charge="1.1402" name="P1" type="p5"/>
      <Atom charge="-0.956" name="O2" type="o"/>
      <Atom charge="-0.956" name="O3" type="o"/>
      <Atom charge="-0.4081" name="C9" type="c3"/>
      <Atom charge="1.1402" name="P2" type="p5"/>
      <Atom charge="-0.956" name="O5" type="o"/>
      <Atom charge="-0.956" name="O4" type="o"/>
      <Atom charge="-0.956" name="O6" type="o"/>
      <Atom charge="0.2438" name="C8" type="c3"/>
      <Atom charge="-0.7472" name="N1" type="n7"/>
      <Atom charge="0.1688" name="C7" type="c3"/>
      <Atom charge="-0.0774" name="C6" type="c3"/>
      <Atom charge="-0.0864" name="C5" type="c3"/>
      <Atom charge="-0.0824" name="C4" type="c3"/>
      <Atom charge="-0.0844" name="C3" type="c3"/>
      <Atom charge="-0.0864" name="C2" type="c3"/>
      <Atom charge="-0.0921" name="C1" type="c3"/>
      <Atom charge="0.0187" name="H3" type="hc"/>
      <Atom charge="-0.0448" name="H6" type="h1"/>
      <Atom charge="-0.0448" name="H7" type="h1"/>
      <Atom charge="0.4328" name="H8" type="hn"/>
      <Atom charge="-0.0353" name="H10" type="h1"/>
      <Atom charge="-0.0353" name="H11" type="h1"/>
      <Atom charge="0.0617" name="H12" type="hc"/>
      <Atom charge="0.0617" name="H13" type="hc"/>
      <Atom charge="0.0162" name="H14" type="hc"/>
      <Atom charge="0.0162" name="H15" type="hc"/>
      <Atom charge="0.0412" name="H16" type="hc"/>
      <Atom charge="0.0412" name="H17" type="hc"/>
      <Atom charge="0.0282" name="H18" type="hc"/>
      <Atom charge="0.0282" name="H19" type="hc"/>
      <Atom charge="0.0377" name="H20" type="hc"/>
      <Atom charge="0.0377" name="H21" type="hc"/>
      <Atom charge="0.016033" name="H22" type="hc"/>
      <Atom charge="0.016033" name="H23" type="hc"/>
      <Atom charge="0.016033" name="H24" type="hc"/>
      <Bond atomName1="C1" atomName2="C2"/>
      <Bond atomName1="C2" atomName2="C3"/>
      <Bond atomName1="C3" atomName2="C4"/>
      <Bond atomName1="C4" atomName2="C5"/>
      <Bond atomName1="C5" atomName2="C6"/>
      <Bond atomName1="C7" atomName2="C6"/>
      <Bond atomName1="C7" atomName2="N1"/>
      <Bond atomName1="O2" atomName2="P1"/>
      <Bond atomName1="O1" atomName2="P1"/>
      <Bond atomName1="N1" atomName2="C8"/>
      <Bond atomName1="C8" atomName2="C9"/>
      <Bond atomName1="C9" atomName2="P1"/>
      <Bond atomName1="C9" atomName2="P2"/>
      <Bond atomName1="P1" atomName2="O3"/>
      <Bond atomName1="O5" atomName2="P2"/>
      <Bond atomName1="P2" atomName2="O6"/>
      <Bond atomName1="P2" atomName2="O4"/>
      <Bond atomName1="C9" atomName2="H3"/>
      <Bond atomName1="C8" atomName2="H6"/>
      <Bond atomName1="C8" atomName2="H7"/>
      <Bond atomName1="N1" atomName2="H8"/>
      <Bond atomName1="C7" atomName2="H10"/>
      <Bond atomName1="C7" atomName2="H11"/>
      <Bond atomName1="C6" atomName2="H12"/>
      <Bond atomName1="C6" atomName2="H13"/>
      <Bond atomName1="C5" atomName2="H14"/>
      <Bond atomName1="C5" atomName2="H15"/>
      <Bond atomName1="C4" atomName2="H16"/>
      <Bond atomName1="C4" atomName2="H17"/>
      <Bond atomName1="C3" atomName2="H18"/>
      <Bond atomName1="C3" atomName2="H19"/>
      <Bond atomName1="C2" atomName2="H20"/>
      <Bond atomName1="C2" atomName2="H21"/>
      <Bond atomName1="C1" atomName2="H22"/>
      <Bond atomName1="C1" atomName2="H23"/>
      <Bond atomName1="C1" atomName2="H24"/>
    </Residue>
  </Residues>
  <HarmonicBondForce>
    <Bond k="218572.15999999995" length="0.14650000000000002" type1="c3" type2="n7"/>
    <Bond k="427855.8399999999" length="0.10189999999999999" type1="hn" type2="n7"/>
  </HarmonicBondForce>
  <HarmonicAngleForce>
    <Angle angle="1.9380136014145037" k="697.0544" type1="c3" type2="c3" type3="n7"/>
    <Angle angle="1.9608774146156291" k="549.7776" type1="c3" type2="n7" type3="c3"/>
    <Angle angle="1.9074703395046029" k="399.99039999999997" type1="c3" type2="n7" type3="hn"/>
    <Angle angle="1.9177677820913692" k="512.1216000000001" type1="h1" type2="c3" type3="n7"/>
  </HarmonicAngleForce>
  <PeriodicTorsionForce>
    <Proper k1="0.9079280000000001" periodicity1="3" phase1="0.0" type1="c3" type2="c3" type3="n7" type4="hn"/>
    <Proper k1="0.9414" periodicity1="3" phase1="0.0" type1="h1" type2="c3" type3="n7" type4="c3"/>
    <Proper k1="0.41840000000000005" periodicity1="3" phase1="0.0" type1="hc" type2="c3" type3="c3" type4="n7"/>
    <Proper k1="0.87864" periodicity1="3" phase1="0.0" type1="c3" type2="c3" type3="c3" type4="n7"/>
    <Proper k1="1.2552" periodicity1="3" phase1="0.0" type1="h1" type2="c3" type3="n7" type4="hn"/>
  </PeriodicTorsionForce>
</ForceField>
