<ForceField>
  <Info>
    <DateGenerated>2019-07-05</DateGenerated>
  </Info>
  <Residues>
    <Residue name="MC_0ME">
      <Atom charge="-0.1448" name="C1" type="ca"/>
      <Atom charge="0.1436" name="C2" type="ca"/>
      <Atom charge="-0.2312" name="O3" type="os"/>
      <Atom charge="0.0209" name="C4" type="c3"/>
      <Atom charge="-0.1515" name="C5" type="ca"/>
      <Atom charge="-0.098" name="C6" type="ca"/>
      <Atom charge="-0.142" name="C7" type="ca"/>
      <Atom charge="-0.094" name="C8" type="ca"/>
      <Atom charge="-0.1448" name="C9" type="ca"/>
      <Atom charge="0.1436" name="C10" type="ca"/>
      <Atom charge="-0.142" name="C11" type="ca"/>
      <Atom charge="-0.098" name="C12" type="ca"/>
      <Atom charge="-0.1515" name="C13" type="ca"/>
      <Atom charge="-0.094" name="C14" type="ca"/>
      <Atom charge="0.121" name="C15" type="c3"/>
      <Atom charge="-0.5919" name="N16" type="ns"/>
      <Atom charge="0.6591" name="C17" type="c"/>
      <Atom charge="-0.6041" name="O18" type="o"/>
      <Atom charge="-0.1447" name="C19" type="c3"/>
      <Atom charge="-0.0614" name="C20" type="c3"/>
      <Atom charge="-0.0814" name="C21" type="c3"/>
      <Atom charge="0.1558" name="C22" type="c3"/>
      <Atom charge="-0.8212" name="N23" type="n7"/>
      <Atom charge="0.1658" name="C24" type="c3"/>
      <Atom charge="0.0667" name="H1" type="hc"/>
      <Atom charge="0.134" name="H2" type="ha"/>
      <Atom charge="0.1375" name="H3" type="ha"/>
      <Atom charge="0.1465" name="H4" type="ha"/>
      <Atom charge="0.1295" name="H5" type="ha"/>
      <Atom charge="0.1465" name="H6" type="ha"/>
      <Atom charge="0.1375" name="H7" type="ha"/>
      <Atom charge="0.134" name="H8" type="ha"/>
      <Atom charge="0.1295" name="H9" type="ha"/>
      <Atom charge="0.0627" name="H10" type="h1"/>
      <Atom charge="0.0627" name="H11" type="h1"/>
      <Atom charge="0.3135" name="H12" type="hn"/>
      <Atom charge="0.0777" name="H13" type="hc"/>
      <Atom charge="0.0582" name="H14" type="hc"/>
      <Atom charge="0.0582" name="H15" type="hc"/>
      <Atom charge="0.0502" name="H16" type="hc"/>
      <Atom charge="0.0502" name="H17" type="hc"/>
      <Atom charge="0.0337" name="H18" type="h1"/>
      <Atom charge="0.0337" name="H19" type="h1"/>
      <Atom charge="0.3548" name="H20" type="hn"/>
      <Atom charge="0.0352" name="H22" type="h1"/>
      <Atom charge="0.0352" name="H23" type="h1"/>
      <Bond atomName1="C20" atomName2="C21"/>
      <Bond atomName1="C20" atomName2="C19"/>
      <Bond atomName1="O18" atomName2="C17"/>
      <Bond atomName1="C21" atomName2="C22"/>
      <Bond atomName1="C17" atomName2="C19"/>
      <Bond atomName1="C17" atomName2="N16"/>
      <Bond atomName1="C19" atomName2="C24"/>
      <Bond atomName1="N16" atomName2="C15"/>
      <Bond atomName1="C15" atomName2="C4"/>
      <Bond atomName1="C22" atomName2="N23"/>
      <Bond atomName1="C13" atomName2="C14"/>
      <Bond atomName1="C13" atomName2="C12"/>
      <Bond atomName1="C14" atomName2="C9"/>
      <Bond atomName1="C24" atomName2="N23"/>
      <Bond atomName1="C12" atomName2="C11"/>
      <Bond atomName1="C9" atomName2="C4"/>
      <Bond atomName1="C9" atomName2="C10"/>
      <Bond atomName1="C4" atomName2="C1"/>
      <Bond atomName1="C11" atomName2="C10"/>
      <Bond atomName1="C10" atomName2="O3"/>
      <Bond atomName1="O3" atomName2="C2"/>
      <Bond atomName1="C1" atomName2="C2"/>
      <Bond atomName1="C1" atomName2="C8"/>
      <Bond atomName1="C2" atomName2="C7"/>
      <Bond atomName1="C8" atomName2="C5"/>
      <Bond atomName1="C7" atomName2="C6"/>
      <Bond atomName1="C5" atomName2="C6"/>
      <Bond atomName1="C4" atomName2="H1"/>
      <Bond atomName1="C5" atomName2="H2"/>
      <Bond atomName1="C6" atomName2="H3"/>
      <Bond atomName1="C7" atomName2="H4"/>
      <Bond atomName1="C8" atomName2="H5"/>
      <Bond atomName1="C11" atomName2="H6"/>
      <Bond atomName1="C12" atomName2="H7"/>
      <Bond atomName1="C13" atomName2="H8"/>
      <Bond atomName1="C14" atomName2="H9"/>
      <Bond atomName1="C15" atomName2="H10"/>
      <Bond atomName1="C15" atomName2="H11"/>
      <Bond atomName1="N16" atomName2="H12"/>
      <Bond atomName1="C19" atomName2="H13"/>
      <Bond atomName1="C20" atomName2="H14"/>
      <Bond atomName1="C20" atomName2="H15"/>
      <Bond atomName1="C21" atomName2="H16"/>
      <Bond atomName1="C21" atomName2="H17"/>
      <Bond atomName1="C22" atomName2="H18"/>
      <Bond atomName1="C22" atomName2="H19"/>
      <Bond atomName1="N23" atomName2="H20"/>
      <Bond atomName1="C24" atomName2="H22"/>
      <Bond atomName1="C24" atomName2="H23"/>
    </Residue>
  </Residues>
  <HarmonicBondForce>
    <Bond k="220747.83999999997" length="0.1462" type1="c3" type2="ns"/>
    <Bond k="298068.1599999999" length="0.1379" type1="c" type2="ns"/>
    <Bond k="441244.6399999999" length="0.1013" type1="hn" type2="ns"/>
    <Bond k="218572.15999999995" length="0.14650000000000002" type1="c3" type2="n7"/>
    <Bond k="427855.8399999999" length="0.10189999999999999" type1="hn" type2="n7"/>
  </HarmonicBondForce>
  <HarmonicAngleForce>
    <Angle angle="1.9479619781508712" k="696.2176000000001" type1="c3" type2="c3" type3="ns"/>
    <Angle angle="2.1064378742319563" k="546.4304" type1="c" type2="ns" type3="c3"/>
    <Angle angle="2.053903463746927" k="385.76480000000004" type1="c3" type2="ns" type3="hn"/>
    <Angle angle="1.900314489571426" k="514.6320000000001" type1="h1" type2="c3" type3="ns"/>
    <Angle angle="2.1476276445790226" k="952.2784" type1="ns" type2="c" type3="o"/>
    <Angle angle="2.010270232447069" k="705.4224" type1="c3" type2="c" type3="ns"/>
    <Angle angle="2.051634535719334" k="407.52160000000003" type1="c" type2="ns" type3="hn"/>
    <Angle angle="1.9380136014145037" k="697.0544" type1="c3" type2="c3" type3="n7"/>
    <Angle angle="1.9608774146156291" k="549.7776" type1="c3" type2="n7" type3="c3"/>
    <Angle angle="1.9074703395046029" k="399.99039999999997" type1="c3" type2="n7" type3="hn"/>
    <Angle angle="1.9177677820913692" k="512.1216000000001" type1="h1" type2="c3" type3="n7"/>
  </HarmonicAngleForce>
  <PeriodicTorsionForce>
    <Proper k1="0.87864" periodicity1="3" phase1="0.0" type1="ca" type2="c3" type3="c3" type4="ns"/>
    <Proper k1="0.41840000000000005" k2="0.7112800000000001" k3="4.26768" periodicity1="4" periodicity2="3" periodicity3="1" phase1="3.141592653589793" phase2="0.0" phase3="3.141592653589793" type1="c3" type2="c3" type3="ns" type4="c"/>
    <Proper k1="0.0" periodicity1="2" phase1="0.0" type1="c3" type2="c3" type3="ns" type4="hn"/>
    <Proper k1="10.46" periodicity1="2" phase1="3.141592653589793" type1="o" type2="c" type3="ns" type4="c3"/>
    <Proper k1="1.0878400000000001" k2="2.092" periodicity1="2" periodicity2="1" phase1="3.141592653589793" phase2="0.0" type1="c3" type2="c" type3="ns" type4="c3"/>
    <Proper k1="0.0" k2="2.97064" periodicity1="4" periodicity2="2" phase1="3.141592653589793" phase2="3.141592653589793" type1="ns" type2="c" type3="c3" type4="c3"/>
    <Proper k1="0.0" periodicity1="2" phase1="3.141592653589793" type1="h1" type2="c3" type3="ns" type4="c"/>
    <Proper k1="10.46" k2="8.368" periodicity1="2" periodicity2="1" phase1="3.141592653589793" phase2="0.0" type1="o" type2="c" type3="ns" type4="hn"/>
    <Proper k1="10.46" periodicity1="2" phase1="3.141592653589793" type1="c3" type2="c" type3="ns" type4="hn"/>
    <Proper k1="0.9079280000000001" periodicity1="3" phase1="0.0" type1="c3" type2="c3" type3="n7" type4="hn"/>
    <Proper k1="0.87864" periodicity1="3" phase1="0.0" type1="c3" type2="c3" type3="c3" type4="n7"/>
    <Proper k1="0.9414" periodicity1="3" phase1="0.0" type1="h1" type2="c3" type3="n7" type4="c3"/>
    <Proper k1="0.41840000000000005" periodicity1="3" phase1="0.0" type1="hc" type2="c3" type3="c3" type4="n7"/>
    <Proper k1="0.0" periodicity1="2" phase1="0.0" type1="h1" type2="c3" type3="ns" type4="hn"/>
    <Proper k1="1.2552" periodicity1="3" phase1="0.0" type1="h1" type2="c3" type3="n7" type4="hn"/>
    <Improper k1="4.6024" periodicity1="2" phase1="3.141592653589793" type1="ca" type2="ca" type3="ca" type4="os"/>
    <Improper k1="4.6024" periodicity1="2" phase1="3.141592653589793" type1="ca" type2="ca" type3="ca" type4="ha"/>
    <Improper k1="4.6024" periodicity1="2" phase1="3.141592653589793" type1="ns" type2="c" type3="c3" type4="hn"/>
    <Improper k1="43.932" periodicity1="2" phase1="3.141592653589793" type1="c" type2="c3" type3="ns" type4="o"/>
  </PeriodicTorsionForce>
</ForceField>
