<ForceField>
  <Info>
    <DateGenerated>2019-07-05</DateGenerated>
  </Info>
  <Residues>
    <Residue name="MC_0MN">
      <Atom charge="-0.5521" name="O3" type="o"/>
      <Atom charge="0.6561" name="C8" type="c"/>
      <Atom charge="0.0674" name="C7" type="c3"/>
      <Atom charge="-0.2929" name="O2" type="os"/>
      <Atom charge="0.1731" name="C6" type="ca"/>
      <Atom charge="-0.264" name="C5" type="ca"/>
      <Atom charge="-0.052" name="C4" type="ca"/>
      <Atom charge="-0.256" name="C3" type="ca"/>
      <Atom charge="-0.184" name="C22" type="ca"/>
      <Atom charge="0.1771" name="C2" type="ca"/>
      <Atom charge="-0.3239" name="O1" type="os"/>
      <Atom charge="0.1297" name="C1" type="c3"/>
      <Atom charge="-0.4821" name="N1" type="ns"/>
      <Atom charge="0.0696" name="C9" type="ca"/>
      <Atom charge="-0.1495" name="C14" type="ca"/>
      <Atom charge="-0.0775" name="C13" type="ca"/>
      <Atom charge="-0.1289" name="C12" type="ca"/>
      <Atom charge="-0.0775" name="C11" type="ca"/>
      <Atom charge="-0.1495" name="C10" type="ca"/>
      <Atom charge="0.4878" name="C15" type="cc"/>
      <Atom charge="-0.1431" name="S" type="ss"/>
      <Atom charge="-0.0471" name="C21" type="ca"/>
      <Atom charge="0.1254" name="C16" type="ca"/>
      <Atom charge="-0.5801" name="N2" type="nd"/>
      <Atom charge="-0.088" name="C20" type="ca"/>
      <Atom charge="-0.119" name="C19" type="ca"/>
      <Atom charge="-0.128" name="C18" type="ca"/>
      <Atom charge="-0.074" name="C17" type="ca"/>
      <Atom charge="0.0562" name="H1" type="h1"/>
      <Atom charge="0.0562" name="H2" type="h1"/>
      <Atom charge="0.128" name="H3" type="ha"/>
      <Atom charge="0.131" name="H4" type="ha"/>
      <Atom charge="0.136" name="H5" type="ha"/>
      <Atom charge="0.163" name="H6" type="ha"/>
      <Atom charge="0.0427" name="H7" type="h1"/>
      <Atom charge="0.0427" name="H8" type="h1"/>
      <Atom charge="0.0427" name="H9" type="h1"/>
      <Atom charge="0.3235" name="H10" type="hn"/>
      <Atom charge="0.1525" name="H11" type="ha"/>
      <Atom charge="0.15" name="H12" type="ha"/>
      <Atom charge="0.15" name="H13" type="ha"/>
      <Atom charge="0.1525" name="H14" type="ha"/>
      <Atom charge="0.136" name="H15" type="ha"/>
      <Atom charge="0.136" name="H16" type="ha"/>
      <Atom charge="0.136" name="H17" type="ha"/>
      <Atom charge="0.146" name="H18" type="ha"/>
      <Bond atomName1="C1" atomName2="O1"/>
      <Bond atomName1="O1" atomName2="C2"/>
      <Bond atomName1="C2" atomName2="C22"/>
      <Bond atomName1="C2" atomName2="C3"/>
      <Bond atomName1="C22" atomName2="C6"/>
      <Bond atomName1="C3" atomName2="C4"/>
      <Bond atomName1="C6" atomName2="O2"/>
      <Bond atomName1="C6" atomName2="C5"/>
      <Bond atomName1="O3" atomName2="C8"/>
      <Bond atomName1="O2" atomName2="C7"/>
      <Bond atomName1="C4" atomName2="C5"/>
      <Bond atomName1="C8" atomName2="C7"/>
      <Bond atomName1="C8" atomName2="N1"/>
      <Bond atomName1="C14" atomName2="C13"/>
      <Bond atomName1="C14" atomName2="C9"/>
      <Bond atomName1="C13" atomName2="C12"/>
      <Bond atomName1="N1" atomName2="C9"/>
      <Bond atomName1="C17" atomName2="C16"/>
      <Bond atomName1="C17" atomName2="C18"/>
      <Bond atomName1="N2" atomName2="C16"/>
      <Bond atomName1="N2" atomName2="C15"/>
      <Bond atomName1="C9" atomName2="C10"/>
      <Bond atomName1="C16" atomName2="C21"/>
      <Bond atomName1="C12" atomName2="C15"/>
      <Bond atomName1="C12" atomName2="C11"/>
      <Bond atomName1="C18" atomName2="C19"/>
      <Bond atomName1="C15" atomName2="S"/>
      <Bond atomName1="C10" atomName2="C11"/>
      <Bond atomName1="C21" atomName2="S"/>
      <Bond atomName1="C21" atomName2="C20"/>
      <Bond atomName1="C19" atomName2="C20"/>
      <Bond atomName1="C7" atomName2="H1"/>
      <Bond atomName1="C7" atomName2="H2"/>
      <Bond atomName1="C5" atomName2="H3"/>
      <Bond atomName1="C4" atomName2="H4"/>
      <Bond atomName1="C3" atomName2="H5"/>
      <Bond atomName1="C22" atomName2="H6"/>
      <Bond atomName1="C1" atomName2="H7"/>
      <Bond atomName1="C1" atomName2="H8"/>
      <Bond atomName1="C1" atomName2="H9"/>
      <Bond atomName1="N1" atomName2="H10"/>
      <Bond atomName1="C14" atomName2="H11"/>
      <Bond atomName1="C13" atomName2="H12"/>
      <Bond atomName1="C11" atomName2="H13"/>
      <Bond atomName1="C10" atomName2="H14"/>
      <Bond atomName1="C20" atomName2="H15"/>
      <Bond atomName1="C19" atomName2="H16"/>
      <Bond atomName1="C18" atomName2="H17"/>
      <Bond atomName1="C17" atomName2="H18"/>
    </Residue>
  </Residues>
  <HarmonicBondForce>
    <Bond k="298068.1599999999" length="0.1379" type1="c" type2="ns"/>
    <Bond k="263759.3599999999" length="0.1412" type1="ca" type2="ns"/>
    <Bond k="441244.6399999999" length="0.1013" type1="hn" type2="ns"/>
  </HarmonicBondForce>
  <HarmonicAngleForce>
    <Angle angle="2.1476276445790226" k="952.2784" type1="ns" type2="c" type3="o"/>
    <Angle angle="2.159146817642185" k="549.7776" type1="c" type2="ns" type3="ca"/>
    <Angle angle="2.051634535719334" k="407.52160000000003" type1="c" type2="ns" type3="hn"/>
    <Angle angle="2.010270232447069" k="705.4224" type1="c3" type2="c" type3="ns"/>
    <Angle angle="2.0977112279719847" k="716.3008" type1="ca" type2="ca" type3="ns"/>
    <Angle angle="2.0245819323134224" k="401.664" type1="ca" type2="ns" type3="hn"/>
  </HarmonicAngleForce>
  <PeriodicTorsionForce>
    <Proper k1="10.46" periodicity1="2" phase1="3.141592653589793" type1="o" type2="c" type3="ns" type4="ca"/>
    <Proper k1="10.46" k2="8.368" periodicity1="2" periodicity2="1" phase1="3.141592653589793" phase2="0.0" type1="o" type2="c" type3="ns" type4="hn"/>
    <Proper k1="3.9748" periodicity1="2" phase1="3.141592653589793" type1="ca" type2="ca" type3="ns" type4="c"/>
    <Proper k1="3.138" k2="2.092" periodicity1="2" periodicity2="3" phase1="3.141592653589793" phase2="0.0" type1="c3" type2="c" type3="ns" type4="ca"/>
    <Proper k1="10.46" periodicity1="2" phase1="3.141592653589793" type1="c3" type2="c" type3="ns" type4="hn"/>
    <Proper k1="1.8828" periodicity1="2" phase1="3.141592653589793" type1="ca" type2="ca" type3="ns" type4="hn"/>
    <Proper k1="2.9288" periodicity1="2" phase1="3.141592653589793" type1="ca" type2="ca" type3="cc" type4="ss"/>
    <Proper k1="2.9288" periodicity1="2" phase1="3.141592653589793" type1="ca" type2="ca" type3="cc" type4="nd"/>
    <Proper k1="4.6024" periodicity1="2" phase1="3.141592653589793" type1="ca" type2="cc" type3="ss" type4="ca"/>
    <Proper k1="4.6024" periodicity1="2" phase1="3.141592653589793" type1="nd" type2="cc" type3="ss" type4="ca"/>
    <Improper k1="43.932" periodicity1="2" phase1="3.141592653589793" type1="c" type2="c3" type3="ns" type4="o"/>
    <Improper k1="4.6024" periodicity1="2" phase1="3.141592653589793" type1="ca" type2="ca" type3="ca" type4="os"/>
    <Improper k1="4.6024" periodicity1="2" phase1="3.141592653589793" type1="ca" type2="ca" type3="ca" type4="ha"/>
    <Improper k1="4.6024" periodicity1="2" phase1="3.141592653589793" type1="ns" type2="c" type3="ca" type4="hn"/>
    <Improper k1="4.6024" periodicity1="2" phase1="3.141592653589793" type1="ca" type2="ca" type3="ca" type4="ns"/>
    <Improper k1="4.6024" periodicity1="2" phase1="3.141592653589793" type1="ca" type2="ca" type3="ca" type4="cc"/>
    <Improper k1="4.6024" periodicity1="2" phase1="3.141592653589793" type1="cc" type2="ca" type3="nd" type4="ss"/>
    <Improper k1="4.6024" periodicity1="2" phase1="3.141592653589793" type1="ca" type2="ca" type3="ca" type4="ss"/>
    <Improper k1="4.6024" periodicity1="2" phase1="3.141592653589793" type1="ca" type2="ca" type3="ca" type4="nd"/>
  </PeriodicTorsionForce>
</ForceField>
