<ForceField>
  <Info>
    <DateGenerated>2019-07-05</DateGenerated>
  </Info>
  <Residues>
    <Residue name="MC_0MP">
      <Atom charge="-0.0949" name="C2" type="cy"/>
      <Atom charge="-0.1064" name="C3" type="cy"/>
      <Atom charge="-0.0949" name="C4" type="cy"/>
      <Atom charge="0.1338" name="C1" type="cy"/>
      <Atom charge="-0.1264" name="C13" type="c3"/>
      <Atom charge="-0.4171" name="O12" type="os"/>
      <Atom charge="0.6686" name="C5" type="ca"/>
      <Atom charge="-0.718" name="N10" type="nb"/>
      <Atom charge="0.4612" name="C9" type="ca"/>
      <Atom charge="-0.2506" name="C8" type="ca"/>
      <Atom charge="-0.0151" name="C14" type="c3"/>
      <Atom charge="-0.068" name="C15" type="c3"/>
      <Atom charge="-0.0831" name="C17" type="c3"/>
      <Atom charge="-0.0831" name="C18" type="c3"/>
      <Atom charge="-0.0831" name="C16" type="c3"/>
      <Atom charge="-0.034" name="C7" type="ca"/>
      <Atom charge="-0.2756" name="C6" type="ca"/>
      <Atom charge="0.2238" name="C11" type="c3"/>
      <Atom charge="-0.8132" name="N29" type="n7"/>
      <Atom charge="0.1518" name="C28" type="c3"/>
      <Atom charge="0.1231" name="C26" type="c3"/>
      <Atom charge="-0.6128" name="O30" type="oh"/>
      <Atom charge="0.1107" name="C25" type="c3"/>
      <Atom charge="-0.5839" name="N27" type="ns"/>
      <Atom charge="0.6571" name="C33" type="c"/>
      <Atom charge="-0.1691" name="C35" type="c3"/>
      <Atom charge="-0.6171" name="O34" type="o"/>
      <Atom charge="-0.0581" name="C31" type="c3"/>
      <Atom charge="-0.0963" name="C19" type="ca"/>
      <Atom charge="-0.101" name="C20" type="ca"/>
      <Atom charge="-0.1675" name="C21" type="ca"/>
      <Atom charge="0.1289" name="C22" type="ca"/>
      <Atom charge="-0.1419" name="F32" type="f"/>
      <Atom charge="-0.1675" name="C23" type="ca"/>
      <Atom charge="-0.101" name="C24" type="ca"/>
      <Atom charge="0.0672" name="H1" type="hc"/>
      <Atom charge="0.0672" name="H2" type="hc"/>
      <Atom charge="0.0577" name="H3" type="hc"/>
      <Atom charge="0.0577" name="H4" type="hc"/>
      <Atom charge="0.0672" name="H5" type="hc"/>
      <Atom charge="0.0672" name="H6" type="hc"/>
      <Atom charge="0.0632" name="H7" type="hc"/>
      <Atom charge="0.0632" name="H8" type="hc"/>
      <Atom charge="0.0271" name="H9" type="h4"/>
      <Atom charge="0.0477" name="H10" type="hc"/>
      <Atom charge="0.0477" name="H11" type="hc"/>
      <Atom charge="0.035811" name="H12" type="hc"/>
      <Atom charge="0.035811" name="H13" type="hc"/>
      <Atom charge="0.035811" name="H14" type="hc"/>
      <Atom charge="0.035811" name="H15" type="hc"/>
      <Atom charge="0.035811" name="H16" type="hc"/>
      <Atom charge="0.035811" name="H17" type="hc"/>
      <Atom charge="0.035811" name="H18" type="hc"/>
      <Atom charge="0.035811" name="H19" type="hc"/>
      <Atom charge="0.035811" name="H20" type="hc"/>
      <Atom charge="0.157" name="H21" type="ha"/>
      <Atom charge="0.0657" name="H22" type="h1"/>
      <Atom charge="0.3718" name="H23" type="hn"/>
      <Atom charge="0.0382" name="H25" type="h1"/>
      <Atom charge="0.0382" name="H26" type="h1"/>
      <Atom charge="0.0867" name="H27" type="h1"/>
      <Atom charge="0.412" name="H28" type="ho"/>
      <Atom charge="0.0707" name="H29" type="h1"/>
      <Atom charge="0.3195" name="H30" type="hn"/>
      <Atom charge="0.0617" name="H31" type="hc"/>
      <Atom charge="0.0617" name="H32" type="hc"/>
      <Atom charge="0.0617" name="H33" type="hc"/>
      <Atom charge="0.0752" name="H34" type="hc"/>
      <Atom charge="0.0752" name="H35" type="hc"/>
      <Atom charge="0.1395" name="H36" type="ha"/>
      <Atom charge="0.1445" name="H37" type="ha"/>
      <Atom charge="0.1445" name="H38" type="ha"/>
      <Atom charge="0.1395" name="H39" type="ha"/>
      <Bond atomName1="C20" atomName2="C21"/>
      <Bond atomName1="C20" atomName2="C19"/>
      <Bond atomName1="C21" atomName2="C22"/>
      <Bond atomName1="C31" atomName2="C19"/>
      <Bond atomName1="C31" atomName2="C25"/>
      <Bond atomName1="N27" atomName2="C25"/>
      <Bond atomName1="N27" atomName2="C33"/>
      <Bond atomName1="C26" atomName2="O30"/>
      <Bond atomName1="C26" atomName2="C25"/>
      <Bond atomName1="C26" atomName2="C28"/>
      <Bond atomName1="C19" atomName2="C24"/>
      <Bond atomName1="C35" atomName2="C33"/>
      <Bond atomName1="N29" atomName2="C28"/>
      <Bond atomName1="N29" atomName2="C11"/>
      <Bond atomName1="C22" atomName2="F32"/>
      <Bond atomName1="C22" atomName2="C23"/>
      <Bond atomName1="C33" atomName2="O34"/>
      <Bond atomName1="C13" atomName2="C11"/>
      <Bond atomName1="C13" atomName2="C1"/>
      <Bond atomName1="C11" atomName2="C6"/>
      <Bond atomName1="C24" atomName2="C23"/>
      <Bond atomName1="C3" atomName2="C4"/>
      <Bond atomName1="C3" atomName2="C2"/>
      <Bond atomName1="C4" atomName2="C1"/>
      <Bond atomName1="C1" atomName2="C2"/>
      <Bond atomName1="C1" atomName2="O12"/>
      <Bond atomName1="C6" atomName2="C7"/>
      <Bond atomName1="C6" atomName2="C5"/>
      <Bond atomName1="C7" atomName2="C8"/>
      <Bond atomName1="O12" atomName2="C5"/>
      <Bond atomName1="C5" atomName2="N10"/>
      <Bond atomName1="C18" atomName2="C15"/>
      <Bond atomName1="C8" atomName2="C14"/>
      <Bond atomName1="C8" atomName2="C9"/>
      <Bond atomName1="C14" atomName2="C15"/>
      <Bond atomName1="N10" atomName2="C9"/>
      <Bond atomName1="C15" atomName2="C16"/>
      <Bond atomName1="C15" atomName2="C17"/>
      <Bond atomName1="C2" atomName2="H1"/>
      <Bond atomName1="C2" atomName2="H2"/>
      <Bond atomName1="C3" atomName2="H3"/>
      <Bond atomName1="C3" atomName2="H4"/>
      <Bond atomName1="C4" atomName2="H5"/>
      <Bond atomName1="C4" atomName2="H6"/>
      <Bond atomName1="C13" atomName2="H7"/>
      <Bond atomName1="C13" atomName2="H8"/>
      <Bond atomName1="C9" atomName2="H9"/>
      <Bond atomName1="C14" atomName2="H10"/>
      <Bond atomName1="C14" atomName2="H11"/>
      <Bond atomName1="C17" atomName2="H12"/>
      <Bond atomName1="C17" atomName2="H13"/>
      <Bond atomName1="C17" atomName2="H14"/>
      <Bond atomName1="C18" atomName2="H15"/>
      <Bond atomName1="C18" atomName2="H16"/>
      <Bond atomName1="C18" atomName2="H17"/>
      <Bond atomName1="C16" atomName2="H18"/>
      <Bond atomName1="C16" atomName2="H19"/>
      <Bond atomName1="C16" atomName2="H20"/>
      <Bond atomName1="C7" atomName2="H21"/>
      <Bond atomName1="C11" atomName2="H22"/>
      <Bond atomName1="N29" atomName2="H23"/>
      <Bond atomName1="C28" atomName2="H25"/>
      <Bond atomName1="C28" atomName2="H26"/>
      <Bond atomName1="C26" atomName2="H27"/>
      <Bond atomName1="O30" atomName2="H28"/>
      <Bond atomName1="C25" atomName2="H29"/>
      <Bond atomName1="N27" atomName2="H30"/>
      <Bond atomName1="C35" atomName2="H31"/>
      <Bond atomName1="C35" atomName2="H32"/>
      <Bond atomName1="C35" atomName2="H33"/>
      <Bond atomName1="C31" atomName2="H34"/>
      <Bond atomName1="C31" atomName2="H35"/>
      <Bond atomName1="C20" atomName2="H36"/>
      <Bond atomName1="C21" atomName2="H37"/>
      <Bond atomName1="C23" atomName2="H38"/>
      <Bond atomName1="C24" atomName2="H39"/>
    </Residue>
  </Residues>
  <HarmonicBondForce>
    <Bond k="218572.15999999995" length="0.14650000000000002" type1="c3" type2="n7"/>
    <Bond k="427855.8399999999" length="0.10189999999999999" type1="hn" type2="n7"/>
    <Bond k="220747.83999999997" length="0.1462" type1="c3" type2="ns"/>
    <Bond k="298068.1599999999" length="0.1379" type1="c" type2="ns"/>
    <Bond k="441244.6399999999" length="0.1013" type1="hn" type2="ns"/>
  </HarmonicBondForce>
  <HarmonicAngleForce>
    <Angle angle="1.9380136014145037" k="697.0544" type1="c3" type2="c3" type3="n7"/>
    <Angle angle="1.95756128903684" k="698.7280000000001" type1="ca" type2="c3" type3="n7"/>
    <Angle angle="1.9608774146156291" k="549.7776" type1="c3" type2="n7" type3="c3"/>
    <Angle angle="1.9074703395046029" k="399.99039999999997" type1="c3" type2="n7" type3="hn"/>
    <Angle angle="1.9177677820913692" k="512.1216000000001" type1="h1" type2="c3" type3="n7"/>
    <Angle angle="1.9479619781508712" k="696.2176000000001" type1="c3" type2="c3" type3="ns"/>
    <Angle angle="2.1064378742319563" k="546.4304" type1="c" type2="ns" type3="c3"/>
    <Angle angle="2.053903463746927" k="385.76480000000004" type1="c3" type2="ns" type3="hn"/>
    <Angle angle="1.900314489571426" k="514.6320000000001" type1="h1" type2="c3" type3="ns"/>
    <Angle angle="2.010270232447069" k="705.4224" type1="c3" type2="c" type3="ns"/>
    <Angle angle="2.1476276445790226" k="952.2784" type1="ns" type2="c" type3="o"/>
    <Angle angle="2.051634535719334" k="407.52160000000003" type1="c" type2="ns" type3="hn"/>
  </HarmonicAngleForce>
  <PeriodicTorsionForce>
    <Proper k1="0.5439200000000001" k2="1.21336" k3="0.46024000000000004" periodicity1="3" periodicity2="2" periodicity3="1" phase1="0.0" phase2="3.141592653589793" phase3="0.0" type1="c3" type2="c3" type3="cy" type4="cy"/>
    <Proper k1="0.33472" periodicity1="3" phase1="0.0" type1="hc" type2="c3" type3="cy" type4="cy"/>
    <Proper k1="1.6038666666666666" periodicity1="3" phase1="0.0" type1="cy" type2="cy" type3="os" type4="ca"/>
    <Proper k1="1.6038666666666666" periodicity1="3" phase1="0.0" type1="c3" type2="cy" type3="os" type4="ca"/>
    <Proper k1="0.9079280000000001" periodicity1="3" phase1="0.0" type1="c3" type2="c3" type3="n7" type4="hn"/>
    <Proper k1="0.87864" periodicity1="3" phase1="0.0" type1="c3" type2="c3" type3="cy" type4="os"/>
    <Proper k1="0.0" k2="1.046" periodicity1="3" periodicity2="1" phase1="0.0" phase2="0.0" type1="hc" type2="c3" type3="cy" type4="os"/>
    <Proper k1="1.2552" periodicity1="3" phase1="0.0" type1="ca" type2="c3" type3="n7" type4="c3"/>
    <Proper k1="1.2552" periodicity1="3" phase1="0.0" type1="ca" type2="c3" type3="n7" type4="hn"/>
    <Proper k1="0.9414" periodicity1="3" phase1="0.0" type1="h1" type2="c3" type3="n7" type4="c3"/>
    <Proper k1="0.41840000000000005" periodicity1="3" phase1="0.0" type1="hc" type2="c3" type3="c3" type4="n7"/>
    <Proper k1="0.87864" periodicity1="3" phase1="0.0" type1="c3" type2="c3" type3="c3" type4="n7"/>
    <Proper k1="0.41840000000000005" periodicity1="3" phase1="0.0" type1="c3" type2="c3" type3="c3" type4="ns"/>
    <Proper k1="0.41840000000000005" k2="0.7112800000000001" k3="4.26768" periodicity1="4" periodicity2="3" periodicity3="1" phase1="3.141592653589793" phase2="0.0" phase3="3.141592653589793" type1="c3" type2="c3" type3="ns" type4="c"/>
    <Proper k1="0.0" periodicity1="2" phase1="0.0" type1="c3" type2="c3" type3="ns" type4="hn"/>
    <Proper k1="0.42258400000000007" periodicity1="3" phase1="0.0" type1="ns" type2="c3" type3="c3" type4="oh"/>
    <Proper k1="1.0878400000000001" k2="2.092" periodicity1="2" periodicity2="1" phase1="3.141592653589793" phase2="0.0" type1="c3" type2="c" type3="ns" type4="c3"/>
    <Proper k1="10.46" periodicity1="2" phase1="3.141592653589793" type1="o" type2="c" type3="ns" type4="c3"/>
    <Proper k1="0.87864" periodicity1="3" phase1="0.0" type1="ca" type2="c3" type3="c3" type4="ns"/>
    <Proper k1="0.0" periodicity1="2" phase1="3.141592653589793" type1="h1" type2="c3" type3="ns" type4="c"/>
    <Proper k1="10.46" periodicity1="2" phase1="3.141592653589793" type1="c3" type2="c" type3="ns" type4="hn"/>
    <Proper k1="10.46" k2="8.368" periodicity1="2" periodicity2="1" phase1="3.141592653589793" phase2="0.0" type1="o" type2="c" type3="ns" type4="hn"/>
    <Proper k1="1.2552" periodicity1="3" phase1="0.0" type1="h1" type2="c3" type3="n7" type4="hn"/>
    <Proper k1="0.0" periodicity1="2" phase1="0.0" type1="h1" type2="c3" type3="ns" type4="hn"/>
    <Improper k1="4.6024" periodicity1="2" phase1="3.141592653589793" type1="ca" type2="ca" type3="nb" type4="os"/>
    <Improper k1="4.6024" periodicity1="2" phase1="3.141592653589793" type1="ca" type2="ca" type3="h4" type4="nb"/>
    <Improper k1="4.6024" periodicity1="2" phase1="3.141592653589793" type1="ca" type2="ca" type3="ca" type4="ha"/>
    <Improper k1="4.6024" periodicity1="2" phase1="3.141592653589793" type1="ns" type2="c" type3="c3" type4="hn"/>
    <Improper k1="43.932" periodicity1="2" phase1="3.141592653589793" type1="c" type2="c3" type3="ns" type4="o"/>
  </PeriodicTorsionForce>
</ForceField>
