<ForceField>
  <Info>
    <DateGenerated>2019-07-05</DateGenerated>
  </Info>
  <Residues>
    <Residue name="MC_0MV">
      <Atom charge="-0.6265" name="O" type="o"/>
      <Atom charge="0.6875" name="C" type="c"/>
      <Atom charge="-0.4611" name="NAM" type="ns"/>
      <Atom charge="0.0806" name="CAS" type="ca"/>
      <Atom charge="-0.171" name="CAG" type="ca"/>
      <Atom charge="-0.086" name="CAC" type="ca"/>
      <Atom charge="-0.15" name="CAD" type="ca"/>
      <Atom charge="-0.061" name="CAH" type="ca"/>
      <Atom charge="-0.1616" name="CAT" type="ca"/>
      <Atom charge="0.7121" name="CAP" type="c"/>
      <Atom charge="-0.6445" name="OAA" type="o"/>
      <Atom charge="-0.5549" name="N" type="ns"/>
      <Atom charge="0.0457" name="CA" type="c3"/>
      <Atom charge="-0.0302" name="CB" type="c3"/>
      <Atom charge="-0.1634" name="CG" type="cc"/>
      <Atom charge="-0.0958" name="CD2" type="ca"/>
      <Atom charge="-0.086" name="CE3" type="ca"/>
      <Atom charge="-0.149" name="CZ3" type="ca"/>
      <Atom charge="-0.106" name="CH2" type="ca"/>
      <Atom charge="-0.145" name="CZ2" type="ca"/>
      <Atom charge="-0.0392" name="CE2" type="ca"/>
      <Atom charge="-0.1804" name="NE1" type="na"/>
      <Atom charge="-0.0931" name="CD1" type="cd"/>
      <Atom charge="0.3375" name="H1" type="hn"/>
      <Atom charge="0.139" name="H2" type="ha"/>
      <Atom charge="0.138" name="H3" type="ha"/>
      <Atom charge="0.141" name="H4" type="ha"/>
      <Atom charge="0.158" name="H5" type="ha"/>
      <Atom charge="0.3445" name="H6" type="hn"/>
      <Atom charge="0.1017" name="H7" type="h1"/>
      <Atom charge="0.0667" name="H8" type="hc"/>
      <Atom charge="0.0667" name="H9" type="hc"/>
      <Atom charge="0.138" name="H10" type="ha"/>
      <Atom charge="0.133" name="H11" type="ha"/>
      <Atom charge="0.13" name="H12" type="ha"/>
      <Atom charge="0.125" name="H13" type="ha"/>
      <Atom charge="0.2977" name="H14" type="hn"/>
      <Atom charge="0.166" name="H15" type="h4"/>
      <Bond atomName1="O" atomName2="C"/>
      <Bond atomName1="CZ3" atomName2="CE3"/>
      <Bond atomName1="CZ3" atomName2="CH2"/>
      <Bond atomName1="CE3" atomName2="CD2"/>
      <Bond atomName1="C" atomName2="NAM"/>
      <Bond atomName1="C" atomName2="CA"/>
      <Bond atomName1="NAM" atomName2="CAS"/>
      <Bond atomName1="CAG" atomName2="CAS"/>
      <Bond atomName1="CAG" atomName2="CAC"/>
      <Bond atomName1="CB" atomName2="CA"/>
      <Bond atomName1="CB" atomName2="CG"/>
      <Bond atomName1="CH2" atomName2="CZ2"/>
      <Bond atomName1="CA" atomName2="N"/>
      <Bond atomName1="CD2" atomName2="CG"/>
      <Bond atomName1="CD2" atomName2="CE2"/>
      <Bond atomName1="CAS" atomName2="CAT"/>
      <Bond atomName1="CAC" atomName2="CAD"/>
      <Bond atomName1="CG" atomName2="CD1"/>
      <Bond atomName1="CZ2" atomName2="CE2"/>
      <Bond atomName1="CE2" atomName2="NE1"/>
      <Bond atomName1="CD1" atomName2="NE1"/>
      <Bond atomName1="CAT" atomName2="CAH"/>
      <Bond atomName1="CAT" atomName2="CAP"/>
      <Bond atomName1="CAD" atomName2="CAH"/>
      <Bond atomName1="N" atomName2="CAP"/>
      <Bond atomName1="CAP" atomName2="OAA"/>
      <Bond atomName1="NAM" atomName2="H1"/>
      <Bond atomName1="CAG" atomName2="H2"/>
      <Bond atomName1="CAC" atomName2="H3"/>
      <Bond atomName1="CAD" atomName2="H4"/>
      <Bond atomName1="CAH" atomName2="H5"/>
      <Bond atomName1="N" atomName2="H6"/>
      <Bond atomName1="CA" atomName2="H7"/>
      <Bond atomName1="CB" atomName2="H8"/>
      <Bond atomName1="CB" atomName2="H9"/>
      <Bond atomName1="CE3" atomName2="H10"/>
      <Bond atomName1="CZ3" atomName2="H11"/>
      <Bond atomName1="CH2" atomName2="H12"/>
      <Bond atomName1="CZ2" atomName2="H13"/>
      <Bond atomName1="NE1" atomName2="H14"/>
      <Bond atomName1="CD1" atomName2="H15"/>
    </Residue>
  </Residues>
  <HarmonicBondForce>
    <Bond k="298068.1599999999" length="0.1379" type1="c" type2="ns"/>
    <Bond k="263759.3599999999" length="0.1412" type1="ca" type2="ns"/>
    <Bond k="441244.6399999999" length="0.1013" type1="hn" type2="ns"/>
    <Bond k="220747.83999999997" length="0.1462" type1="c3" type2="ns"/>
  </HarmonicBondForce>
  <HarmonicAngleForce>
    <Angle angle="2.1476276445790226" k="952.2784" type1="ns" type2="c" type3="o"/>
    <Angle angle="2.159146817642185" k="549.7776" type1="c" type2="ns" type3="ca"/>
    <Angle angle="2.051634535719334" k="407.52160000000003" type1="c" type2="ns" type3="hn"/>
    <Angle angle="1.903456082225016" k="707.096" type1="c" type2="c3" type3="ns"/>
    <Angle angle="2.010270232447069" k="705.4224" type1="c3" type2="c" type3="ns"/>
    <Angle angle="2.0977112279719847" k="716.3008" type1="ca" type2="ca" type3="ns"/>
    <Angle angle="2.0245819323134224" k="401.664" type1="ca" type2="ns" type3="hn"/>
    <Angle angle="2.011491962923465" k="714.6272000000001" type1="ca" type2="c" type3="ns"/>
    <Angle angle="2.1064378742319563" k="546.4304" type1="c" type2="ns" type3="c3"/>
    <Angle angle="1.9479619781508712" k="696.2176000000001" type1="c3" type2="c3" type3="ns"/>
    <Angle angle="1.900314489571426" k="514.6320000000001" type1="h1" type2="c3" type3="ns"/>
    <Angle angle="2.053903463746927" k="385.76480000000004" type1="c3" type2="ns" type3="hn"/>
  </HarmonicAngleForce>
  <PeriodicTorsionForce>
    <Proper k1="10.46" periodicity1="2" phase1="3.141592653589793" type1="o" type2="c" type3="ns" type4="ca"/>
    <Proper k1="10.46" k2="8.368" periodicity1="2" periodicity2="1" phase1="3.141592653589793" phase2="0.0" type1="o" type2="c" type3="ns" type4="hn"/>
    <Proper k1="3.9748" periodicity1="2" phase1="3.141592653589793" type1="ca" type2="ca" type3="ns" type4="c"/>
    <Proper k1="1.63176" k2="2.67776" periodicity1="2" periodicity2="1" phase1="3.141592653589793" phase2="0.0" type1="c" type2="c3" type3="ns" type4="c"/>
    <Proper k1="0.0" periodicity1="2" phase1="0.0" type1="c" type2="c3" type3="ns" type4="hn"/>
    <Proper k1="0.41840000000000005" k2="8.870080000000002" periodicity1="1" periodicity2="2" phase1="3.141592653589793" phase2="3.141592653589793" type1="ns" type2="c" type3="c3" type4="ns"/>
    <Proper k1="0.0" k2="2.97064" periodicity1="4" periodicity2="2" phase1="3.141592653589793" phase2="3.141592653589793" type1="ns" type2="c" type3="c3" type4="c3"/>
    <Proper k1="3.138" k2="2.092" periodicity1="2" periodicity2="3" phase1="3.141592653589793" phase2="0.0" type1="c3" type2="c" type3="ns" type4="ca"/>
    <Proper k1="1.8828" periodicity1="2" phase1="3.141592653589793" type1="ca" type2="ca" type3="ns" type4="hn"/>
    <Proper k1="10.46" periodicity1="2" phase1="3.141592653589793" type1="ca" type2="c" type3="ns" type4="c3"/>
    <Proper k1="10.46" periodicity1="2" phase1="3.141592653589793" type1="ca" type2="c" type3="ns" type4="hn"/>
    <Proper k1="0.41840000000000005" k2="0.7112800000000001" k3="4.26768" periodicity1="4" periodicity2="3" periodicity3="1" phase1="3.141592653589793" phase2="0.0" phase3="3.141592653589793" type1="c3" type2="c3" type3="ns" type4="c"/>
    <Proper k1="0.0" periodicity1="2" phase1="3.141592653589793" type1="h1" type2="c3" type3="ns" type4="c"/>
    <Proper k1="10.46" periodicity1="2" phase1="3.141592653589793" type1="o" type2="c" type3="ns" type4="c3"/>
    <Proper k1="10.46" periodicity1="2" phase1="3.141592653589793" type1="c3" type2="c" type3="ns" type4="hn"/>
    <Proper k1="0.0" periodicity1="2" phase1="0.0" type1="c3" type2="c3" type3="ns" type4="hn"/>
    <Proper k1="2.25936" periodicity1="2" phase1="3.141592653589793" type1="ca" type2="ca" type3="cc" type4="c3"/>
    <Proper k1="2.11292" periodicity1="2" phase1="3.141592653589793" type1="ca" type2="ca" type3="cc" type4="cd"/>
    <Proper k1="0.0" periodicity1="2" phase1="0.0" type1="h1" type2="c3" type3="ns" type4="hn"/>
    <Improper k1="43.932" periodicity1="2" phase1="3.141592653589793" type1="c" type2="c3" type3="ns" type4="o"/>
    <Improper k1="4.6024" periodicity1="2" phase1="3.141592653589793" type1="ns" type2="c" type3="ca" type4="hn"/>
    <Improper k1="4.6024" periodicity1="2" phase1="3.141592653589793" type1="ca" type2="ca" type3="ca" type4="ns"/>
    <Improper k1="4.6024" periodicity1="2" phase1="3.141592653589793" type1="ca" type2="ca" type3="ca" type4="ha"/>
    <Improper k1="4.6024" periodicity1="2" phase1="3.141592653589793" type1="ca" type2="c" type3="ca" type4="ca"/>
    <Improper k1="43.932" periodicity1="2" phase1="3.141592653589793" type1="c" type2="ca" type3="ns" type4="o"/>
    <Improper k1="4.6024" periodicity1="2" phase1="3.141592653589793" type1="ns" type2="c" type3="c3" type4="hn"/>
    <Improper k1="4.6024" periodicity1="2" phase1="3.141592653589793" type1="cc" type2="c3" type3="ca" type4="cd"/>
    <Improper k1="4.6024" periodicity1="2" phase1="3.141592653589793" type1="ca" type2="ca" type3="ca" type4="cc"/>
    <Improper k1="4.6024" periodicity1="2" phase1="3.141592653589793" type1="ca" type2="ca" type3="ca" type4="na"/>
    <Improper k1="4.6024" periodicity1="2" phase1="3.141592653589793" type1="na" type2="ca" type3="cd" type4="hn"/>
    <Improper k1="4.6024" periodicity1="2" phase1="3.141592653589793" type1="cd" type2="cc" type3="h4" type4="na"/>
  </PeriodicTorsionForce>
</ForceField>
