<ForceField>
  <Info>
    <DateGenerated>2019-07-05</DateGenerated>
  </Info>
  <Residues>
    <Residue name="MC_0MZ">
      <Atom charge="-0.223633" name="F28" type="f"/>
      <Atom charge="0.6752" name="C27" type="c3"/>
      <Atom charge="-0.223633" name="F30" type="f"/>
      <Atom charge="-0.223633" name="F29" type="f"/>
      <Atom charge="-0.1633" name="C25" type="ca"/>
      <Atom charge="-0.117" name="C26" type="ca"/>
      <Atom charge="-0.098" name="C24" type="ca"/>
      <Atom charge="-0.115" name="C23" type="ca"/>
      <Atom charge="-0.099" name="C22" type="ca"/>
      <Atom charge="0.0526" name="C21" type="ca"/>
      <Atom charge="-0.4751" name="N18" type="ns"/>
      <Atom charge="0.6601" name="C17" type="c"/>
      <Atom charge="-0.5841" name="O19" type="o"/>
      <Atom charge="-0.1354" name="C16" type="c3"/>
      <Atom charge="-0.0749" name="C13" type="c3"/>
      <Atom charge="0.6606" name="C14" type="c2"/>
      <Atom charge="-0.5596" name="O20" type="oh"/>
      <Atom charge="-0.744" name="N15" type="ne"/>
      <Atom charge="0.7322" name="C11" type="cf"/>
      <Atom charge="-0.2703" name="S12" type="ss"/>
      <Atom charge="-0.3977" name="N10" type="ne"/>
      <Atom charge="-0.4187" name="N9" type="ne"/>
      <Atom charge="0.5118" name="C8" type="cf"/>
      <Atom charge="-0.1779" name="C6" type="ca"/>
      <Atom charge="-0.072" name="C5" type="ca"/>
      <Atom charge="-0.168" name="C4" type="ca"/>
      <Atom charge="-0.076" name="C3" type="ca"/>
      <Atom charge="-0.222" name="C2" type="ca"/>
      <Atom charge="0.1731" name="C1" type="ca"/>
      <Atom charge="-0.4621" name="O1" type="oh"/>
      <Atom charge="0.146" name="H26" type="ha"/>
      <Atom charge="0.147" name="H24" type="ha"/>
      <Atom charge="0.144" name="H23" type="ha"/>
      <Atom charge="0.169" name="H22" type="ha"/>
      <Atom charge="0.3295" name="H1" type="hn"/>
      <Atom charge="0.0832" name="H161" type="hc"/>
      <Atom charge="0.0832" name="H162" type="hc"/>
      <Atom charge="0.1277" name="H13" type="h1"/>
      <Atom charge="0.454" name="HO20" type="ho"/>
      <Atom charge="-0.0062" name="H8" type="h4"/>
      <Atom charge="0.138" name="H5" type="ha"/>
      <Atom charge="0.135" name="H4" type="ha"/>
      <Atom charge="0.133" name="H3" type="ha"/>
      <Atom charge="0.136" name="H2" type="ha"/>
      <Atom charge="0.418" name="HO1" type="ho"/>
      <Bond atomName1="C23" atomName2="C24"/>
      <Bond atomName1="C23" atomName2="C22"/>
      <Bond atomName1="C24" atomName2="C25"/>
      <Bond atomName1="F29" atomName2="C27"/>
      <Bond atomName1="C22" atomName2="C21"/>
      <Bond atomName1="F30" atomName2="C27"/>
      <Bond atomName1="C25" atomName2="C27"/>
      <Bond atomName1="C25" atomName2="C26"/>
      <Bond atomName1="C27" atomName2="F28"/>
      <Bond atomName1="C21" atomName2="C26"/>
      <Bond atomName1="C21" atomName2="N18"/>
      <Bond atomName1="C4" atomName2="C3"/>
      <Bond atomName1="C4" atomName2="C5"/>
      <Bond atomName1="N18" atomName2="C17"/>
      <Bond atomName1="C3" atomName2="C2"/>
      <Bond atomName1="C5" atomName2="C6"/>
      <Bond atomName1="O19" atomName2="C17"/>
      <Bond atomName1="C17" atomName2="C16"/>
      <Bond atomName1="C2" atomName2="C1"/>
      <Bond atomName1="S12" atomName2="C13"/>
      <Bond atomName1="S12" atomName2="C11"/>
      <Bond atomName1="C13" atomName2="C16"/>
      <Bond atomName1="C13" atomName2="C14"/>
      <Bond atomName1="C6" atomName2="C1"/>
      <Bond atomName1="C6" atomName2="C8"/>
      <Bond atomName1="C1" atomName2="O1"/>
      <Bond atomName1="N9" atomName2="C8"/>
      <Bond atomName1="N9" atomName2="N10"/>
      <Bond atomName1="C11" atomName2="N10"/>
      <Bond atomName1="C11" atomName2="N15"/>
      <Bond atomName1="C14" atomName2="O20"/>
      <Bond atomName1="C14" atomName2="N15"/>
      <Bond atomName1="C26" atomName2="H26"/>
      <Bond atomName1="C24" atomName2="H24"/>
      <Bond atomName1="C23" atomName2="H23"/>
      <Bond atomName1="C22" atomName2="H22"/>
      <Bond atomName1="N18" atomName2="H1"/>
      <Bond atomName1="C16" atomName2="H161"/>
      <Bond atomName1="C16" atomName2="H162"/>
      <Bond atomName1="C13" atomName2="H13"/>
      <Bond atomName1="O20" atomName2="HO20"/>
      <Bond atomName1="C8" atomName2="H8"/>
      <Bond atomName1="C5" atomName2="H5"/>
      <Bond atomName1="C4" atomName2="H4"/>
      <Bond atomName1="C3" atomName2="H3"/>
      <Bond atomName1="C2" atomName2="H2"/>
      <Bond atomName1="O1" atomName2="HO1"/>
    </Residue>
  </Residues>
  <HarmonicBondForce>
    <Bond k="263759.3599999999" length="0.1412" type1="ca" type2="ns"/>
    <Bond k="298068.1599999999" length="0.1379" type1="c" type2="ns"/>
    <Bond k="441244.6399999999" length="0.1013" type1="hn" type2="ns"/>
  </HarmonicBondForce>
  <HarmonicAngleForce>
    <Angle angle="2.0977112279719847" k="716.3008" type1="ca" type2="ca" type3="ns"/>
    <Angle angle="2.159146817642185" k="549.7776" type1="c" type2="ns" type3="ca"/>
    <Angle angle="2.0245819323134224" k="401.664" type1="ca" type2="ns" type3="hn"/>
    <Angle angle="2.1476276445790226" k="952.2784" type1="ns" type2="c" type3="o"/>
    <Angle angle="2.010270232447069" k="705.4224" type1="c3" type2="c" type3="ns"/>
    <Angle angle="2.051634535719334" k="407.52160000000003" type1="c" type2="ns" type3="hn"/>
    <Angle angle="2.024756465238622" k="588.2704" type1="c2" type2="ne" type3="cf"/>
    <Angle angle="2.072753019668466" k="955.6256000000001" type1="ne" type2="c2" type3="oh"/>
    <Angle angle="2.0460494821129527" k="681.9920000000001" type1="ne" type2="cf" type3="ss"/>
    <Angle angle="2.233323310851944" k="906.2544" type1="ne" type2="cf" type3="ne"/>
  </HarmonicAngleForce>
  <PeriodicTorsionForce>
    <Proper k1="3.9748" periodicity1="2" phase1="3.141592653589793" type1="ca" type2="ca" type3="ns" type4="c"/>
    <Proper k1="1.8828" periodicity1="2" phase1="3.141592653589793" type1="ca" type2="ca" type3="ns" type4="hn"/>
    <Proper k1="10.46" periodicity1="2" phase1="3.141592653589793" type1="o" type2="c" type3="ns" type4="ca"/>
    <Proper k1="3.138" k2="2.092" periodicity1="2" periodicity2="3" phase1="3.141592653589793" phase2="0.0" type1="c3" type2="c" type3="ns" type4="ca"/>
    <Proper k1="0.0" k2="2.97064" periodicity1="4" periodicity2="2" phase1="3.141592653589793" phase2="3.141592653589793" type1="ns" type2="c" type3="c3" type4="c3"/>
    <Proper k1="10.46" k2="8.368" periodicity1="2" periodicity2="1" phase1="3.141592653589793" phase2="0.0" type1="o" type2="c" type3="ns" type4="hn"/>
    <Proper k1="10.46" periodicity1="2" phase1="3.141592653589793" type1="c3" type2="c" type3="ns" type4="hn"/>
    <Proper k1="4.6024" periodicity1="2" phase1="3.141592653589793" type1="ne" type2="cf" type3="ss" type4="c3"/>
    <Proper k1="3.3472000000000004" periodicity1="2" phase1="3.141592653589793" type1="ss" type2="cf" type3="ne" type4="c2"/>
    <Proper k1="3.3472000000000004" periodicity1="2" phase1="3.141592653589793" type1="ne" type2="cf" type3="ne" type4="c2"/>
    <Proper k1="3.3472000000000004" periodicity1="2" phase1="3.141592653589793" type1="ne" type2="cf" type3="ne" type4="ne"/>
    <Proper k1="3.3472000000000004" periodicity1="2" phase1="3.141592653589793" type1="ss" type2="cf" type3="ne" type4="ne"/>
    <Proper k1="3.3472000000000004" periodicity1="2" phase1="3.141592653589793" type1="ca" type2="cf" type3="ne" type4="ne"/>
    <Proper k1="3.3472000000000004" periodicity1="2" phase1="3.141592653589793" type1="h4" type2="cf" type3="ne" type4="ne"/>
    <Proper k1="2.9288" periodicity1="2" phase1="3.141592653589793" type1="ca" type2="ca" type3="cf" type4="ne"/>
    <Proper k1="2.9288" periodicity1="2" phase1="3.141592653589793" type1="ca" type2="ca" type3="cf" type4="h4"/>
    <Improper k1="4.6024" periodicity1="2" phase1="3.141592653589793" type1="ca" type2="ca" type3="ca" type4="ha"/>
    <Improper k1="4.6024" periodicity1="2" phase1="3.141592653589793" type1="ca" type2="ca" type3="ca" type4="ns"/>
    <Improper k1="4.6024" periodicity1="2" phase1="3.141592653589793" type1="ns" type2="c" type3="ca" type4="hn"/>
    <Improper k1="43.932" periodicity1="2" phase1="3.141592653589793" type1="c" type2="c3" type3="ns" type4="o"/>
    <Improper k1="4.6024" periodicity1="2" phase1="3.141592653589793" type1="c2" type2="c3" type3="ne" type4="oh"/>
    <Improper k1="43.932" periodicity1="2" phase1="3.141592653589793" type1="cf" type2="ne" type3="ne" type4="ss"/>
    <Improper k1="4.6024" periodicity1="2" phase1="3.141592653589793" type1="cf" type2="ca" type3="h4" type4="ne"/>
    <Improper k1="4.6024" periodicity1="2" phase1="3.141592653589793" type1="ca" type2="ca" type3="ca" type4="cf"/>
    <Improper k1="4.6024" periodicity1="2" phase1="3.141592653589793" type1="ca" type2="ca" type3="ca" type4="oh"/>
  </PeriodicTorsionForce>
</ForceField>
