<ForceField>
  <Info>
    <DateGenerated>2019-07-05</DateGenerated>
  </Info>
  <Residues>
    <Residue name="MC_0N0">
      <Atom charge="0.1368" name="C1" type="c3"/>
      <Atom charge="0.2475" name="C2" type="c3"/>
      <Atom charge="-0.0714" name="C3" type="c3"/>
      <Atom charge="-0.1427" name="C4" type="c3"/>
      <Atom charge="0.1608" name="C5" type="c3"/>
      <Atom charge="-0.8182" name="N6" type="n7"/>
      <Atom charge="-0.9101" name="N7" type="n7"/>
      <Atom charge="0.6601" name="C8" type="c"/>
      <Atom charge="1.4242" name="S9" type="sy"/>
      <Atom charge="-0.3215" name="C10" type="ca"/>
      <Atom charge="-0.6378" name="O11" type="o"/>
      <Atom charge="-0.6378" name="O12" type="o"/>
      <Atom charge="-0.024" name="C13" type="ca"/>
      <Atom charge="-0.153" name="C14" type="ca"/>
      <Atom charge="-0.0273" name="C15" type="ca"/>
      <Atom charge="-0.153" name="C16" type="ca"/>
      <Atom charge="-0.024" name="C17" type="ca"/>
      <Atom charge="-0.0568" name="C18" type="c3"/>
      <Atom charge="-0.6141" name="O19" type="o"/>
      <Atom charge="-0.5799" name="N20" type="ns"/>
      <Atom charge="0.12" name="C21" type="c3"/>
      <Atom charge="0.0316" name="C22" type="c3"/>
      <Atom charge="-0.2312" name="O23" type="os"/>
      <Atom charge="-0.1508" name="C24" type="ca"/>
      <Atom charge="0.1381" name="C25" type="ca"/>
      <Atom charge="-0.1455" name="C26" type="ca"/>
      <Atom charge="-0.0975" name="C27" type="ca"/>
      <Atom charge="-0.154" name="C28" type="ca"/>
      <Atom charge="-0.091" name="C29" type="ca"/>
      <Atom charge="0.1381" name="C30" type="ca"/>
      <Atom charge="-0.1508" name="C31" type="ca"/>
      <Atom charge="-0.091" name="C32" type="ca"/>
      <Atom charge="-0.154" name="C33" type="ca"/>
      <Atom charge="-0.0975" name="C34" type="ca"/>
      <Atom charge="-0.1455" name="C35" type="ca"/>
      <Atom charge="-0.0604" name="C36" type="c3"/>
      <Atom charge="-0.0964" name="C37" type="c3"/>
      <Atom charge="-0.0794" name="C38" type="c3"/>
      <Atom charge="0.1374" name="C39" type="c3"/>
      <Atom charge="-0.4316" name="O40" type="os"/>
      <Atom charge="0.1307" name="C41" type="c3"/>
      <Atom charge="0.0507" name="H1" type="h1"/>
      <Atom charge="0.0507" name="H2" type="h1"/>
      <Atom charge="0.0697" name="H3" type="h1"/>
      <Atom charge="0.0637" name="H4" type="hc"/>
      <Atom charge="0.0637" name="H5" type="hc"/>
      <Atom charge="0.0817" name="H6" type="hc"/>
      <Atom charge="0.0387" name="H7" type="h1"/>
      <Atom charge="0.0387" name="H8" type="h1"/>
      <Atom charge="0.3648" name="H9" type="hn"/>
      <Atom charge="0.4568" name="H11" type="hn"/>
      <Atom charge="0.151" name="H12" type="ha"/>
      <Atom charge="0.137" name="H13" type="ha"/>
      <Atom charge="0.137" name="H14" type="ha"/>
      <Atom charge="0.151" name="H15" type="ha"/>
      <Atom charge="0.049367" name="H16" type="hc"/>
      <Atom charge="0.049367" name="H17" type="hc"/>
      <Atom charge="0.049367" name="H18" type="hc"/>
      <Atom charge="0.3235" name="H19" type="hn"/>
      <Atom charge="0.0582" name="H20" type="h1"/>
      <Atom charge="0.0582" name="H21" type="h1"/>
      <Atom charge="0.147" name="H22" type="ha"/>
      <Atom charge="0.138" name="H23" type="ha"/>
      <Atom charge="0.1355" name="H24" type="ha"/>
      <Atom charge="0.142" name="H25" type="ha"/>
      <Atom charge="0.142" name="H26" type="ha"/>
      <Atom charge="0.1355" name="H27" type="ha"/>
      <Atom charge="0.138" name="H28" type="ha"/>
      <Atom charge="0.147" name="H29" type="ha"/>
      <Atom charge="0.0572" name="H30" type="hc"/>
      <Atom charge="0.0572" name="H31" type="hc"/>
      <Atom charge="0.0497" name="H32" type="hc"/>
      <Atom charge="0.0497" name="H33" type="hc"/>
      <Atom charge="0.0547" name="H34" type="hc"/>
      <Atom charge="0.0547" name="H35" type="hc"/>
      <Atom charge="0.0227" name="H36" type="h1"/>
      <Atom charge="0.0227" name="H37" type="h1"/>
      <Atom charge="0.029367" name="H38" type="h1"/>
      <Atom charge="0.029367" name="H39" type="h1"/>
      <Atom charge="0.029367" name="H40" type="h1"/>
      <Bond atomName1="C41" atomName2="O40"/>
      <Bond atomName1="O12" atomName2="S9"/>
      <Bond atomName1="O40" atomName2="C39"/>
      <Bond atomName1="O11" atomName2="S9"/>
      <Bond atomName1="S9" atomName2="N7"/>
      <Bond atomName1="S9" atomName2="C10"/>
      <Bond atomName1="N6" atomName2="C1"/>
      <Bond atomName1="N6" atomName2="C5"/>
      <Bond atomName1="C39" atomName2="C38"/>
      <Bond atomName1="C2" atomName2="C1"/>
      <Bond atomName1="C2" atomName2="N7"/>
      <Bond atomName1="C2" atomName2="C3"/>
      <Bond atomName1="C17" atomName2="C10"/>
      <Bond atomName1="C17" atomName2="C16"/>
      <Bond atomName1="C5" atomName2="C4"/>
      <Bond atomName1="C10" atomName2="C13"/>
      <Bond atomName1="C4" atomName2="C3"/>
      <Bond atomName1="C4" atomName2="C8"/>
      <Bond atomName1="C38" atomName2="C37"/>
      <Bond atomName1="C16" atomName2="C15"/>
      <Bond atomName1="N20" atomName2="C8"/>
      <Bond atomName1="N20" atomName2="C21"/>
      <Bond atomName1="C8" atomName2="O19"/>
      <Bond atomName1="C13" atomName2="C14"/>
      <Bond atomName1="C36" atomName2="C37"/>
      <Bond atomName1="C36" atomName2="C22"/>
      <Bond atomName1="C21" atomName2="C22"/>
      <Bond atomName1="C15" atomName2="C14"/>
      <Bond atomName1="C15" atomName2="C18"/>
      <Bond atomName1="C29" atomName2="C28"/>
      <Bond atomName1="C29" atomName2="C24"/>
      <Bond atomName1="C22" atomName2="C24"/>
      <Bond atomName1="C22" atomName2="C31"/>
      <Bond atomName1="C28" atomName2="C27"/>
      <Bond atomName1="C24" atomName2="C25"/>
      <Bond atomName1="C32" atomName2="C31"/>
      <Bond atomName1="C32" atomName2="C33"/>
      <Bond atomName1="C31" atomName2="C30"/>
      <Bond atomName1="C27" atomName2="C26"/>
      <Bond atomName1="C25" atomName2="C26"/>
      <Bond atomName1="C25" atomName2="O23"/>
      <Bond atomName1="C33" atomName2="C34"/>
      <Bond atomName1="C30" atomName2="O23"/>
      <Bond atomName1="C30" atomName2="C35"/>
      <Bond atomName1="C34" atomName2="C35"/>
      <Bond atomName1="C1" atomName2="H1"/>
      <Bond atomName1="C1" atomName2="H2"/>
      <Bond atomName1="C2" atomName2="H3"/>
      <Bond atomName1="C3" atomName2="H4"/>
      <Bond atomName1="C3" atomName2="H5"/>
      <Bond atomName1="C4" atomName2="H6"/>
      <Bond atomName1="C5" atomName2="H7"/>
      <Bond atomName1="C5" atomName2="H8"/>
      <Bond atomName1="N6" atomName2="H9"/>
      <Bond atomName1="N7" atomName2="H11"/>
      <Bond atomName1="C13" atomName2="H12"/>
      <Bond atomName1="C14" atomName2="H13"/>
      <Bond atomName1="C16" atomName2="H14"/>
      <Bond atomName1="C17" atomName2="H15"/>
      <Bond atomName1="C18" atomName2="H16"/>
      <Bond atomName1="C18" atomName2="H17"/>
      <Bond atomName1="C18" atomName2="H18"/>
      <Bond atomName1="N20" atomName2="H19"/>
      <Bond atomName1="C21" atomName2="H20"/>
      <Bond atomName1="C21" atomName2="H21"/>
      <Bond atomName1="C26" atomName2="H22"/>
      <Bond atomName1="C27" atomName2="H23"/>
      <Bond atomName1="C28" atomName2="H24"/>
      <Bond atomName1="C29" atomName2="H25"/>
      <Bond atomName1="C32" atomName2="H26"/>
      <Bond atomName1="C33" atomName2="H27"/>
      <Bond atomName1="C34" atomName2="H28"/>
      <Bond atomName1="C35" atomName2="H29"/>
      <Bond atomName1="C36" atomName2="H30"/>
      <Bond atomName1="C36" atomName2="H31"/>
      <Bond atomName1="C37" atomName2="H32"/>
      <Bond atomName1="C37" atomName2="H33"/>
      <Bond atomName1="C38" atomName2="H34"/>
      <Bond atomName1="C38" atomName2="H35"/>
      <Bond atomName1="C39" atomName2="H36"/>
      <Bond atomName1="C39" atomName2="H37"/>
      <Bond atomName1="C41" atomName2="H38"/>
      <Bond atomName1="C41" atomName2="H39"/>
      <Bond atomName1="C41" atomName2="H40"/>
    </Residue>
  </Residues>
  <HarmonicBondForce>
    <Bond k="218572.15999999995" length="0.14650000000000002" type1="c3" type2="n7"/>
    <Bond k="427855.8399999999" length="0.10189999999999999" type1="hn" type2="n7"/>
    <Bond k="253634.07999999996" length="0.1696" type1="n7" type2="sy"/>
    <Bond k="298068.1599999999" length="0.1379" type1="c" type2="ns"/>
    <Bond k="220747.83999999997" length="0.1462" type1="c3" type2="ns"/>
    <Bond k="441244.6399999999" length="0.1013" type1="hn" type2="ns"/>
  </HarmonicBondForce>
  <HarmonicAngleForce>
    <Angle angle="1.9380136014145037" k="697.0544" type1="c3" type2="c3" type3="n7"/>
    <Angle angle="1.9608774146156291" k="549.7776" type1="c3" type2="n7" type3="c3"/>
    <Angle angle="1.9074703395046029" k="399.99039999999997" type1="c3" type2="n7" type3="hn"/>
    <Angle angle="2.011491962923465" k="538.0624" type1="c3" type2="n7" type3="sy"/>
    <Angle angle="2.010270232447069" k="705.4224" type1="c3" type2="c" type3="ns"/>
    <Angle angle="1.9177677820913692" k="512.1216000000001" type1="h1" type2="c3" type3="n7"/>
    <Angle angle="1.7879152857429912" k="771.5296000000001" type1="ca" type2="sy" type3="n7"/>
    <Angle angle="1.8697712276615253" k="1032.6112" type1="n7" type2="sy" type3="o"/>
    <Angle angle="2.1064378742319563" k="546.4304" type1="c" type2="ns" type3="c3"/>
    <Angle angle="2.051634535719334" k="407.52160000000003" type1="c" type2="ns" type3="hn"/>
    <Angle angle="1.911135530933791" k="372.37600000000003" type1="hn" type2="n7" type3="sy"/>
    <Angle angle="2.1476276445790226" k="952.2784" type1="ns" type2="c" type3="o"/>
    <Angle angle="1.9479619781508712" k="696.2176000000001" type1="c3" type2="c3" type3="ns"/>
    <Angle angle="1.900314489571426" k="514.6320000000001" type1="h1" type2="c3" type3="ns"/>
    <Angle angle="2.053903463746927" k="385.76480000000004" type1="c3" type2="ns" type3="hn"/>
  </HarmonicAngleForce>
  <PeriodicTorsionForce>
    <Proper k1="1.2552" periodicity1="3" phase1="0.0" type1="c3" type2="c3" type3="n7" type4="sy"/>
    <Proper k1="0.9079280000000001" periodicity1="3" phase1="0.0" type1="c3" type2="c3" type3="n7" type4="hn"/>
    <Proper k1="0.9414" periodicity1="3" phase1="0.0" type1="h1" type2="c3" type3="n7" type4="c3"/>
    <Proper k1="13.109866666666667" periodicity1="2" phase1="0.0" type1="c3" type2="n7" type3="sy" type4="ca"/>
    <Proper k1="13.109866666666667" periodicity1="2" phase1="0.0" type1="c3" type2="n7" type3="sy" type4="o"/>
    <Proper k1="0.87864" periodicity1="3" phase1="0.0" type1="c3" type2="c3" type3="c3" type4="n7"/>
    <Proper k1="0.0" k2="2.97064" periodicity1="4" periodicity2="2" phase1="3.141592653589793" phase2="3.141592653589793" type1="ns" type2="c" type3="c3" type4="c3"/>
    <Proper k1="1.0878400000000001" k2="2.092" periodicity1="2" periodicity2="1" phase1="3.141592653589793" phase2="0.0" type1="c3" type2="c" type3="ns" type4="c3"/>
    <Proper k1="10.46" periodicity1="2" phase1="3.141592653589793" type1="c3" type2="c" type3="ns" type4="hn"/>
    <Proper k1="0.41840000000000005" periodicity1="3" phase1="0.0" type1="hc" type2="c3" type3="c3" type4="n7"/>
    <Proper k1="0.41840000000000005" k2="0.7112800000000001" k3="4.26768" periodicity1="4" periodicity2="3" periodicity3="1" phase1="3.141592653589793" phase2="0.0" phase3="3.141592653589793" type1="c3" type2="c3" type3="ns" type4="c"/>
    <Proper k1="0.0" periodicity1="2" phase1="3.141592653589793" type1="h1" type2="c3" type3="ns" type4="c"/>
    <Proper k1="1.2552" periodicity1="3" phase1="0.0" type1="h1" type2="c3" type3="n7" type4="sy"/>
    <Proper k1="13.109866666666667" periodicity1="2" phase1="0.0" type1="hn" type2="n7" type3="sy" type4="ca"/>
    <Proper k1="13.109866666666667" periodicity1="2" phase1="0.0" type1="hn" type2="n7" type3="sy" type4="o"/>
    <Proper k1="10.46" periodicity1="2" phase1="3.141592653589793" type1="o" type2="c" type3="ns" type4="c3"/>
    <Proper k1="10.46" k2="8.368" periodicity1="2" periodicity2="1" phase1="3.141592653589793" phase2="0.0" type1="o" type2="c" type3="ns" type4="hn"/>
    <Proper k1="0.87864" periodicity1="3" phase1="0.0" type1="ca" type2="c3" type3="c3" type4="ns"/>
    <Proper k1="0.41840000000000005" periodicity1="3" phase1="0.0" type1="c3" type2="c3" type3="c3" type4="ns"/>
    <Proper k1="0.0" periodicity1="2" phase1="0.0" type1="c3" type2="c3" type3="ns" type4="hn"/>
    <Proper k1="1.2552" periodicity1="3" phase1="0.0" type1="h1" type2="c3" type3="n7" type4="hn"/>
    <Proper k1="0.0" periodicity1="2" phase1="0.0" type1="h1" type2="c3" type3="ns" type4="hn"/>
    <Improper k1="43.932" periodicity1="2" phase1="3.141592653589793" type1="c" type2="c3" type3="ns" type4="o"/>
    <Improper k1="4.6024" periodicity1="2" phase1="3.141592653589793" type1="ca" type2="ca" type3="ca" type4="sy"/>
    <Improper k1="4.6024" periodicity1="2" phase1="3.141592653589793" type1="ca" type2="ca" type3="ca" type4="ha"/>
    <Improper k1="4.6024" periodicity1="2" phase1="3.141592653589793" type1="ns" type2="c" type3="c3" type4="hn"/>
    <Improper k1="4.6024" periodicity1="2" phase1="3.141592653589793" type1="ca" type2="ca" type3="ca" type4="os"/>
  </PeriodicTorsionForce>
</ForceField>
