<ForceField>
  <Info>
    <DateGenerated>2019-07-05</DateGenerated>
  </Info>
  <Residues>
    <Residue name="MC_0N2">
      <Atom charge="-0.6465" name="O41" type="o"/>
      <Atom charge="0.7157" name="C41" type="c"/>
      <Atom charge="-0.3024" name="C51" type="cc"/>
      <Atom charge="-0.0069" name="C5A" type="c3"/>
      <Atom charge="0.0516" name="C61" type="cd"/>
      <Atom charge="-0.5615" name="N31" type="ns"/>
      <Atom charge="0.8065" name="C21" type="c"/>
      <Atom charge="-0.6155" name="O21" type="o"/>
      <Atom charge="-0.359" name="N11" type="n"/>
      <Atom charge="0.3115" name="C1X" type="c3"/>
      <Atom charge="-0.3626" name="O4X" type="os"/>
      <Atom charge="-0.1544" name="C2X" type="c3"/>
      <Atom charge="0.1131" name="C3X" type="c3"/>
      <Atom charge="-0.6008" name="O3X" type="oh"/>
      <Atom charge="0.1371" name="C4X" type="c3"/>
      <Atom charge="0.2404" name="C5X" type="c3"/>
      <Atom charge="-0.6072" name="O5X" type="os"/>
      <Atom charge="1.4378" name="P" type="p5"/>
      <Atom charge="-0.831" name="O1P" type="o"/>
      <Atom charge="-0.831" name="O2P" type="o"/>
      <Atom charge="-0.7138" name="OPP" type="os"/>
      <Atom charge="1.4028" name="P2" type="p5"/>
      <Atom charge="-0.8075" name="O3P" type="o"/>
      <Atom charge="-0.8075" name="O4P" type="o"/>
      <Atom charge="-0.5512" name="O1" type="os"/>
      <Atom charge="0.4419" name="C1" type="c3"/>
      <Atom charge="-0.1454" name="C2" type="c3"/>
      <Atom charge="0.0865" name="C3" type="c3"/>
      <Atom charge="-0.8096" name="N3" type="nz"/>
      <Atom charge="0.0841" name="C4" type="c3"/>
      <Atom charge="-0.6228" name="O4" type="oh"/>
      <Atom charge="0.1511" name="C5" type="c3"/>
      <Atom charge="-0.3856" name="O5" type="os"/>
      <Atom charge="-0.1271" name="C6" type="c3"/>
      <Atom charge="0.040033" name="H1" type="hc"/>
      <Atom charge="0.040033" name="H2" type="hc"/>
      <Atom charge="0.040033" name="H3" type="hc"/>
      <Atom charge="0.157" name="H4" type="h4"/>
      <Atom charge="0.3615" name="H5" type="hn"/>
      <Atom charge="0.0597" name="H6" type="h2"/>
      <Atom charge="0.0567" name="H7" type="hc"/>
      <Atom charge="0.0567" name="H8" type="hc"/>
      <Atom charge="0.0787" name="H9" type="h1"/>
      <Atom charge="0.398" name="H10" type="ho"/>
      <Atom charge="0.0617" name="H11" type="h1"/>
      <Atom charge="0.0482" name="H12" type="h1"/>
      <Atom charge="0.0482" name="H13" type="h1"/>
      <Atom charge="0.0697" name="H16" type="h2"/>
      <Atom charge="0.0767" name="H17" type="hc"/>
      <Atom charge="0.0767" name="H18" type="hc"/>
      <Atom charge="0.1327" name="H19" type="hx"/>
      <Atom charge="0.444133" name="H20" type="hn"/>
      <Atom charge="0.444133" name="H21" type="hn"/>
      <Atom charge="0.0497" name="H23" type="h1"/>
      <Atom charge="0.418" name="H24" type="ho"/>
      <Atom charge="0.0967" name="H25" type="h1"/>
      <Atom charge="0.0567" name="H26" type="hc"/>
      <Atom charge="0.0567" name="H27" type="hc"/>
      <Atom charge="0.0567" name="H28" type="hc"/>
      <Atom charge="0.444133" name="H33" type="hn"/>
      <Bond atomName1="O41" atomName2="C41"/>
      <Bond atomName1="C41" atomName2="N31"/>
      <Bond atomName1="C41" atomName2="C51"/>
      <Bond atomName1="C5A" atomName2="C51"/>
      <Bond atomName1="N31" atomName2="C21"/>
      <Bond atomName1="C51" atomName2="C61"/>
      <Bond atomName1="C21" atomName2="O21"/>
      <Bond atomName1="C21" atomName2="N11"/>
      <Bond atomName1="C61" atomName2="N11"/>
      <Bond atomName1="N11" atomName2="C1X"/>
      <Bond atomName1="O2P" atomName2="P"/>
      <Bond atomName1="O4X" atomName2="C1X"/>
      <Bond atomName1="O4X" atomName2="C4X"/>
      <Bond atomName1="C1X" atomName2="C2X"/>
      <Bond atomName1="C5X" atomName2="C4X"/>
      <Bond atomName1="C5X" atomName2="O5X"/>
      <Bond atomName1="P" atomName2="O1P"/>
      <Bond atomName1="P" atomName2="O5X"/>
      <Bond atomName1="P" atomName2="OPP"/>
      <Bond atomName1="C4X" atomName2="C3X"/>
      <Bond atomName1="C2X" atomName2="C3X"/>
      <Bond atomName1="O3P" atomName2="P2"/>
      <Bond atomName1="OPP" atomName2="P2"/>
      <Bond atomName1="C3X" atomName2="O3X"/>
      <Bond atomName1="P2" atomName2="O4P"/>
      <Bond atomName1="P2" atomName2="O1"/>
      <Bond atomName1="C5" atomName2="C6"/>
      <Bond atomName1="C5" atomName2="O5"/>
      <Bond atomName1="C5" atomName2="C4"/>
      <Bond atomName1="O1" atomName2="C1"/>
      <Bond atomName1="O5" atomName2="C1"/>
      <Bond atomName1="O4" atomName2="C4"/>
      <Bond atomName1="C4" atomName2="C3"/>
      <Bond atomName1="C1" atomName2="C2"/>
      <Bond atomName1="C3" atomName2="C2"/>
      <Bond atomName1="C3" atomName2="N3"/>
      <Bond atomName1="C5A" atomName2="H1"/>
      <Bond atomName1="C5A" atomName2="H2"/>
      <Bond atomName1="C5A" atomName2="H3"/>
      <Bond atomName1="C61" atomName2="H4"/>
      <Bond atomName1="N31" atomName2="H5"/>
      <Bond atomName1="C1X" atomName2="H6"/>
      <Bond atomName1="C2X" atomName2="H7"/>
      <Bond atomName1="C2X" atomName2="H8"/>
      <Bond atomName1="C3X" atomName2="H9"/>
      <Bond atomName1="O3X" atomName2="H10"/>
      <Bond atomName1="C4X" atomName2="H11"/>
      <Bond atomName1="C5X" atomName2="H12"/>
      <Bond atomName1="C5X" atomName2="H13"/>
      <Bond atomName1="C1" atomName2="H16"/>
      <Bond atomName1="C2" atomName2="H17"/>
      <Bond atomName1="C2" atomName2="H18"/>
      <Bond atomName1="C3" atomName2="H19"/>
      <Bond atomName1="N3" atomName2="H20"/>
      <Bond atomName1="N3" atomName2="H21"/>
      <Bond atomName1="C4" atomName2="H23"/>
      <Bond atomName1="O4" atomName2="H24"/>
      <Bond atomName1="C5" atomName2="H25"/>
      <Bond atomName1="C6" atomName2="H26"/>
      <Bond atomName1="C6" atomName2="H27"/>
      <Bond atomName1="C6" atomName2="H28"/>
      <Bond atomName1="H33" atomName2="N3"/>
    </Residue>
  </Residues>
  <HarmonicBondForce>
    <Bond k="298068.1599999999" length="0.1379" type1="c" type2="ns"/>
    <Bond k="441244.6399999999" length="0.1013" type1="hn" type2="ns"/>
    <Bond k="186271.67999999996" length="0.1511" type1="c3" type2="nz"/>
    <Bond k="404090.7199999999" length="0.10300000000000001" type1="hn" type2="nz"/>
  </HarmonicBondForce>
  <HarmonicAngleForce>
    <Angle angle="2.1476276445790226" k="952.2784" type1="ns" type2="c" type3="o"/>
    <Angle angle="2.217964413434394" k="548.9408" type1="c" type2="ns" type3="c"/>
    <Angle angle="2.051634535719334" k="407.52160000000003" type1="c" type2="ns" type3="hn"/>
    <Angle angle="1.9669860669976094" k="728.8528" type1="cc" type2="c" type3="ns"/>
    <Angle angle="1.9819958985647608" k="940.5632" type1="n" type2="c" type3="ns"/>
    <Angle angle="1.9933405387027237" k="677.808" type1="c3" type2="c3" type3="nz"/>
    <Angle angle="1.9217820393709562" k="386.6016" type1="c3" type2="nz" type3="hn"/>
    <Angle angle="1.8851301250790755" k="502.9168" type1="hx" type2="c3" type3="nz"/>
    <Angle angle="1.8901915799098588" k="334.72" type1="hn" type2="nz" type3="hn"/>
  </HarmonicAngleForce>
  <PeriodicTorsionForce>
    <Proper k1="10.46" periodicity1="2" phase1="3.141592653589793" type1="o" type2="c" type3="ns" type4="c"/>
    <Proper k1="10.46" k2="8.368" periodicity1="2" periodicity2="1" phase1="3.141592653589793" phase2="0.0" type1="o" type2="c" type3="ns" type4="hn"/>
    <Proper k1="10.46" periodicity1="2" phase1="3.141592653589793" type1="n" type2="c" type3="ns" type4="c"/>
    <Proper k1="10.46" periodicity1="2" phase1="3.141592653589793" type1="cc" type2="c" type3="ns" type4="c"/>
    <Proper k1="10.46" periodicity1="2" phase1="3.141592653589793" type1="cc" type2="c" type3="ns" type4="hn"/>
    <Proper k1="10.46" periodicity1="2" phase1="3.141592653589793" type1="n" type2="c" type3="ns" type4="hn"/>
    <Proper k1="0.87864" periodicity1="3" phase1="0.0" type1="c3" type2="c3" type3="c3" type4="nz"/>
    <Proper k1="0.6508444444444444" periodicity1="3" phase1="0.0" type1="c3" type2="c3" type3="nz" type4="hn"/>
    <Proper k1="0.602496" k2="5.4392000000000005" periodicity1="3" periodicity2="2" phase1="0.0" phase2="0.0" type1="nz" type2="c3" type3="c3" type4="oh"/>
    <Proper k1="0.456056" periodicity1="3" phase1="0.0" type1="hx" type2="c3" type3="nz" type4="hn"/>
    <Improper k1="43.932" periodicity1="2" phase1="3.141592653589793" type1="c" type2="cc" type3="ns" type4="o"/>
    <Improper k1="4.6024" periodicity1="2" phase1="3.141592653589793" type1="cc" type2="c" type3="c3" type4="cd"/>
    <Improper k1="4.6024" periodicity1="2" phase1="3.141592653589793" type1="cd" type2="cc" type3="h4" type4="n"/>
    <Improper k1="4.6024" periodicity1="2" phase1="3.141592653589793" type1="ns" type2="c" type3="c" type4="hn"/>
    <Improper k1="43.932" periodicity1="2" phase1="3.141592653589793" type1="c" type2="n" type3="ns" type4="o"/>
    <Improper k1="4.6024" periodicity1="2" phase1="3.141592653589793" type1="n" type2="c" type3="c3" type4="cd"/>
  </PeriodicTorsionForce>
</ForceField>
