<ForceField>
  <Info>
    <DateGenerated>2019-07-05</DateGenerated>
  </Info>
  <Residues>
    <Residue name="MC_0N5">
      <Atom charge="0.1257" name="C1" type="c3"/>
      <Atom charge="-0.3119" name="O1" type="os"/>
      <Atom charge="0.1181" name="C2" type="ca"/>
      <Atom charge="-0.193" name="C3" type="ca"/>
      <Atom charge="-0.2926" name="C4" type="ca"/>
      <Atom charge="0.4606" name="C5" type="ca"/>
      <Atom charge="-0.1943" name="C6" type="ca"/>
      <Atom charge="0.1271" name="C7" type="ca"/>
      <Atom charge="-0.5021" name="O2" type="oh"/>
      <Atom charge="-0.764" name="N1" type="nb"/>
      <Atom charge="0.7159" name="C8" type="ca"/>
      <Atom charge="-0.817" name="N2" type="nb"/>
      <Atom charge="0.7362" name="C9" type="ca"/>
      <Atom charge="-0.7533" name="N3" type="nu"/>
      <Atom charge="0.1326" name="C10" type="ca"/>
      <Atom charge="-0.128" name="C11" type="ca"/>
      <Atom charge="-0.125" name="C12" type="ca"/>
      <Atom charge="0.0366" name="C13" type="ca"/>
      <Atom charge="-0.125" name="C14" type="ca"/>
      <Atom charge="-0.128" name="C15" type="ca"/>
      <Atom charge="-0.4741" name="N4" type="ns"/>
      <Atom charge="0.6767" name="C16" type="c"/>
      <Atom charge="-0.6001" name="O3" type="o"/>
      <Atom charge="-0.1506" name="C17" type="ca"/>
      <Atom charge="-0.0845" name="C18" type="ca"/>
      <Atom charge="-0.137" name="C19" type="ca"/>
      <Atom charge="-0.103" name="C20" type="ca"/>
      <Atom charge="-0.137" name="C21" type="ca"/>
      <Atom charge="-0.0845" name="C22" type="ca"/>
      <Atom charge="0.043033" name="H1" type="h1"/>
      <Atom charge="0.043033" name="H2" type="h1"/>
      <Atom charge="0.043033" name="H3" type="h1"/>
      <Atom charge="0.135" name="H4" type="ha"/>
      <Atom charge="0.167" name="H5" type="ha"/>
      <Atom charge="0.424" name="H6" type="ho"/>
      <Atom charge="0.0571" name="H7" type="h5"/>
      <Atom charge="0.4578" name="H8" type="hn"/>
      <Atom charge="0.1475" name="H9" type="ha"/>
      <Atom charge="0.1505" name="H10" type="ha"/>
      <Atom charge="0.1505" name="H11" type="ha"/>
      <Atom charge="0.1475" name="H12" type="ha"/>
      <Atom charge="0.3255" name="H13" type="hn"/>
      <Atom charge="0.141" name="H14" type="ha"/>
      <Atom charge="0.136" name="H15" type="ha"/>
      <Atom charge="0.133" name="H16" type="ha"/>
      <Atom charge="0.136" name="H17" type="ha"/>
      <Atom charge="0.141" name="H18" type="ha"/>
      <Bond atomName1="C1" atomName2="O1"/>
      <Bond atomName1="O1" atomName2="C2"/>
      <Bond atomName1="O2" atomName2="C7"/>
      <Bond atomName1="C2" atomName2="C7"/>
      <Bond atomName1="C2" atomName2="C3"/>
      <Bond atomName1="C7" atomName2="C6"/>
      <Bond atomName1="C3" atomName2="C4"/>
      <Bond atomName1="C6" atomName2="C5"/>
      <Bond atomName1="C4" atomName2="C5"/>
      <Bond atomName1="C4" atomName2="C9"/>
      <Bond atomName1="N3" atomName2="C9"/>
      <Bond atomName1="N3" atomName2="C10"/>
      <Bond atomName1="C5" atomName2="N1"/>
      <Bond atomName1="C9" atomName2="N2"/>
      <Bond atomName1="C15" atomName2="C10"/>
      <Bond atomName1="C15" atomName2="C14"/>
      <Bond atomName1="C10" atomName2="C11"/>
      <Bond atomName1="C14" atomName2="C13"/>
      <Bond atomName1="N1" atomName2="C8"/>
      <Bond atomName1="N2" atomName2="C8"/>
      <Bond atomName1="C11" atomName2="C12"/>
      <Bond atomName1="C13" atomName2="C12"/>
      <Bond atomName1="C13" atomName2="N4"/>
      <Bond atomName1="N4" atomName2="C16"/>
      <Bond atomName1="C16" atomName2="O3"/>
      <Bond atomName1="C16" atomName2="C17"/>
      <Bond atomName1="C18" atomName2="C17"/>
      <Bond atomName1="C18" atomName2="C19"/>
      <Bond atomName1="C17" atomName2="C22"/>
      <Bond atomName1="C19" atomName2="C20"/>
      <Bond atomName1="C22" atomName2="C21"/>
      <Bond atomName1="C20" atomName2="C21"/>
      <Bond atomName1="C1" atomName2="H1"/>
      <Bond atomName1="C1" atomName2="H2"/>
      <Bond atomName1="C1" atomName2="H3"/>
      <Bond atomName1="C3" atomName2="H4"/>
      <Bond atomName1="C6" atomName2="H5"/>
      <Bond atomName1="O2" atomName2="H6"/>
      <Bond atomName1="C8" atomName2="H7"/>
      <Bond atomName1="N3" atomName2="H8"/>
      <Bond atomName1="C11" atomName2="H9"/>
      <Bond atomName1="C12" atomName2="H10"/>
      <Bond atomName1="C14" atomName2="H11"/>
      <Bond atomName1="C15" atomName2="H12"/>
      <Bond atomName1="N4" atomName2="H13"/>
      <Bond atomName1="C18" atomName2="H14"/>
      <Bond atomName1="C19" atomName2="H15"/>
      <Bond atomName1="C20" atomName2="H16"/>
      <Bond atomName1="C21" atomName2="H17"/>
      <Bond atomName1="C22" atomName2="H18"/>
    </Residue>
  </Residues>
  <HarmonicBondForce>
    <Bond k="290453.27999999997" length="0.1386" type1="ca" type2="nu"/>
    <Bond k="443085.5999999999" length="0.10120000000000001" type1="hn" type2="nu"/>
    <Bond k="263759.3599999999" length="0.1412" type1="ca" type2="ns"/>
    <Bond k="298068.1599999999" length="0.1379" type1="c" type2="ns"/>
    <Bond k="441244.6399999999" length="0.1013" type1="hn" type2="ns"/>
  </HarmonicBondForce>
  <HarmonicAngleForce>
    <Angle angle="2.1109757302871417" k="721.3216000000001" type1="ca" type2="ca" type3="nu"/>
    <Angle angle="2.040988027282169" k="938.0527999999999" type1="nb" type2="ca" type3="nu"/>
    <Angle angle="2.224596664591972" k="545.5936" type1="ca" type2="nu" type3="ca"/>
    <Angle angle="2.0258036627898184" k="408.3584" type1="ca" type2="nu" type3="hn"/>
    <Angle angle="2.0977112279719847" k="716.3008" type1="ca" type2="ca" type3="ns"/>
    <Angle angle="2.159146817642185" k="549.7776" type1="c" type2="ns" type3="ca"/>
    <Angle angle="2.0245819323134224" k="401.664" type1="ca" type2="ns" type3="hn"/>
    <Angle angle="2.1476276445790226" k="952.2784" type1="ns" type2="c" type3="o"/>
    <Angle angle="2.011491962923465" k="714.6272000000001" type1="ca" type2="c" type3="ns"/>
    <Angle angle="2.051634535719334" k="407.52160000000003" type1="c" type2="ns" type3="hn"/>
  </HarmonicAngleForce>
  <PeriodicTorsionForce>
    <Proper k1="4.3932" periodicity1="2" phase1="3.141592653589793" type1="ca" type2="ca" type3="nu" type4="ca"/>
    <Proper k1="4.3932" periodicity1="2" phase1="3.141592653589793" type1="ca" type2="ca" type3="nu" type4="hn"/>
    <Proper k1="4.3932" periodicity1="2" phase1="3.141592653589793" type1="nb" type2="ca" type3="nu" type4="ca"/>
    <Proper k1="4.3932" periodicity1="2" phase1="3.141592653589793" type1="nb" type2="ca" type3="nu" type4="hn"/>
    <Proper k1="3.9748" periodicity1="2" phase1="3.141592653589793" type1="ca" type2="ca" type3="ns" type4="c"/>
    <Proper k1="1.8828" periodicity1="2" phase1="3.141592653589793" type1="ca" type2="ca" type3="ns" type4="hn"/>
    <Proper k1="10.46" periodicity1="2" phase1="3.141592653589793" type1="o" type2="c" type3="ns" type4="ca"/>
    <Proper k1="10.46" periodicity1="2" phase1="3.141592653589793" type1="ca" type2="c" type3="ns" type4="ca"/>
    <Proper k1="10.46" k2="8.368" periodicity1="2" periodicity2="1" phase1="3.141592653589793" phase2="0.0" type1="o" type2="c" type3="ns" type4="hn"/>
    <Proper k1="10.46" periodicity1="2" phase1="3.141592653589793" type1="ca" type2="c" type3="ns" type4="hn"/>
    <Improper k1="4.6024" periodicity1="2" phase1="3.141592653589793" type1="ca" type2="ca" type3="ca" type4="os"/>
    <Improper k1="4.6024" periodicity1="2" phase1="3.141592653589793" type1="ca" type2="ca" type3="ca" type4="ha"/>
    <Improper k1="4.6024" periodicity1="2" phase1="3.141592653589793" type1="ca" type2="ca" type3="ca" type4="ca"/>
    <Improper k1="4.6024" periodicity1="2" phase1="3.141592653589793" type1="ca" type2="ca" type3="ca" type4="nb"/>
    <Improper k1="4.6024" periodicity1="2" phase1="3.141592653589793" type1="ca" type2="ca" type3="ca" type4="oh"/>
    <Improper k1="4.6024" periodicity1="2" phase1="3.141592653589793" type1="ca" type2="h5" type3="nb" type4="nb"/>
    <Improper k1="4.6024" periodicity1="2" phase1="3.141592653589793" type1="ca" type2="ca" type3="nb" type4="nu"/>
    <Improper k1="4.6024" periodicity1="2" phase1="3.141592653589793" type1="nu" type2="ca" type3="ca" type4="hn"/>
    <Improper k1="4.6024" periodicity1="2" phase1="3.141592653589793" type1="ca" type2="ca" type3="ca" type4="nu"/>
    <Improper k1="4.6024" periodicity1="2" phase1="3.141592653589793" type1="ca" type2="ca" type3="ca" type4="ns"/>
    <Improper k1="4.6024" periodicity1="2" phase1="3.141592653589793" type1="ns" type2="c" type3="ca" type4="hn"/>
    <Improper k1="43.932" periodicity1="2" phase1="3.141592653589793" type1="c" type2="ca" type3="ns" type4="o"/>
    <Improper k1="4.6024" periodicity1="2" phase1="3.141592653589793" type1="ca" type2="c" type3="ca" type4="ca"/>
  </PeriodicTorsionForce>
</ForceField>
