<ForceField>
  <Info>
    <DateGenerated>2019-07-05</DateGenerated>
  </Info>
  <Residues>
    <Residue name="MC_0N7">
      <Atom charge="-0.5895" name="O13" type="o"/>
      <Atom charge="0.7141" name="C10" type="c"/>
      <Atom charge="-0.3559" name="N9" type="n"/>
      <Atom charge="-0.3421" name="O12" type="oh"/>
      <Atom charge="0.7095" name="C8" type="c"/>
      <Atom charge="-0.5795" name="O11" type="o"/>
      <Atom charge="-0.1141" name="C7" type="c3"/>
      <Atom charge="-0.0563" name="C2" type="ca"/>
      <Atom charge="-0.1516" name="C3" type="ca"/>
      <Atom charge="-0.052" name="C4" type="ca"/>
      <Atom charge="-0.141" name="C5" type="ca"/>
      <Atom charge="-0.09" name="C6" type="ca"/>
      <Atom charge="-0.134" name="C1" type="ca"/>
      <Atom charge="0.41" name="H1" type="ho"/>
      <Atom charge="0.0957" name="H2" type="hc"/>
      <Atom charge="0.0957" name="H3" type="hc"/>
      <Atom charge="0.161" name="H4" type="ha"/>
      <Atom charge="0.142" name="H5" type="ha"/>
      <Atom charge="0.139" name="H6" type="ha"/>
      <Atom charge="0.14" name="H7" type="ha"/>
      <Bond atomName1="C5" atomName2="C6"/>
      <Bond atomName1="C5" atomName2="C4"/>
      <Bond atomName1="C6" atomName2="C1"/>
      <Bond atomName1="C4" atomName2="C3"/>
      <Bond atomName1="C1" atomName2="C2"/>
      <Bond atomName1="C3" atomName2="C2"/>
      <Bond atomName1="C3" atomName2="C10"/>
      <Bond atomName1="C2" atomName2="C7"/>
      <Bond atomName1="O13" atomName2="C10"/>
      <Bond atomName1="C10" atomName2="N9"/>
      <Bond atomName1="C7" atomName2="C8"/>
      <Bond atomName1="N9" atomName2="C8"/>
      <Bond atomName1="N9" atomName2="O12"/>
      <Bond atomName1="C8" atomName2="O11"/>
      <Bond atomName1="O12" atomName2="H1"/>
      <Bond atomName1="C7" atomName2="H2"/>
      <Bond atomName1="C7" atomName2="H3"/>
      <Bond atomName1="C4" atomName2="H4"/>
      <Bond atomName1="C5" atomName2="H5"/>
      <Bond atomName1="C6" atomName2="H6"/>
      <Bond atomName1="C1" atomName2="H7"/>
    </Residue>
  </Residues>
  <PeriodicTorsionForce>
    <Improper k1="43.932" periodicity1="2" phase1="3.141592653589793" type1="c" type2="ca" type3="n" type4="o"/>
    <Improper k1="4.6024" periodicity1="2" phase1="3.141592653589793" type1="n" type2="c" type3="c" type4="oh"/>
    <Improper k1="43.932" periodicity1="2" phase1="3.141592653589793" type1="c" type2="c3" type3="n" type4="o"/>
    <Improper k1="4.6024" periodicity1="2" phase1="3.141592653589793" type1="ca" type2="c" type3="ca" type4="ca"/>
    <Improper k1="4.6024" periodicity1="2" phase1="3.141592653589793" type1="ca" type2="ca" type3="ca" type4="ha"/>
  </PeriodicTorsionForce>
</ForceField>
