<ForceField>
  <Info>
    <DateGenerated>2019-07-05</DateGenerated>
  </Info>
  <Residues>
    <Residue name="MC_0N8">
      <Atom charge="-0.1424" name="Cl2" type="cl"/>
      <Atom charge="0.0204" name="C19" type="ca"/>
      <Atom charge="-0.1255" name="C18" type="ca"/>
      <Atom charge="-0.11" name="C17" type="ca"/>
      <Atom charge="-0.1255" name="C20" type="ca"/>
      <Atom charge="-0.11" name="C21" type="ca"/>
      <Atom charge="-0.0683" name="C16" type="ca"/>
      <Atom charge="-0.0131" name="C15" type="c3"/>
      <Atom charge="-0.134" name="C11" type="c3"/>
      <Atom charge="-0.0654" name="C10" type="c3"/>
      <Atom charge="0.1553" name="C9" type="c3"/>
      <Atom charge="0.5743" name="C14" type="c"/>
      <Atom charge="-0.6381" name="O27" type="o"/>
      <Atom charge="-0.6092" name="C22" type="ce"/>
      <Atom charge="0.3079" name="C23" type="cf"/>
      <Atom charge="-0.4901" name="O28" type="oh"/>
      <Atom charge="0.8258" name="C24" type="c"/>
      <Atom charge="-0.7758" name="O26" type="o"/>
      <Atom charge="-0.7758" name="O25" type="o"/>
      <Atom charge="-0.0654" name="C12" type="c3"/>
      <Atom charge="0.1553" name="C13" type="c3"/>
      <Atom charge="-0.7336" name="N8" type="n3"/>
      <Atom charge="0.2071" name="C7" type="c3"/>
      <Atom charge="-0.0683" name="C2" type="ca"/>
      <Atom charge="-0.116" name="C3" type="ca"/>
      <Atom charge="-0.1345" name="C4" type="ca"/>
      <Atom charge="-0.137" name="C5" type="ca"/>
      <Atom charge="-0.1345" name="C6" type="ca"/>
      <Atom charge="-0.116" name="C1" type="ca"/>
      <Atom charge="0.1355" name="H1" type="ha"/>
      <Atom charge="0.149" name="H2" type="ha"/>
      <Atom charge="0.1355" name="H3" type="ha"/>
      <Atom charge="0.149" name="H4" type="ha"/>
      <Atom charge="0.0622" name="H5" type="hc"/>
      <Atom charge="0.0622" name="H6" type="hc"/>
      <Atom charge="0.05845" name="H7" type="hc"/>
      <Atom charge="0.05845" name="H8" type="hc"/>
      <Atom charge="0.03945" name="H9" type="h1"/>
      <Atom charge="0.03945" name="H10" type="h1"/>
      <Atom charge="0.209" name="H11" type="ha"/>
      <Atom charge="0.442" name="H14" type="ho"/>
      <Atom charge="0.05845" name="H16" type="hc"/>
      <Atom charge="0.05845" name="H17" type="hc"/>
      <Atom charge="0.03945" name="H18" type="h1"/>
      <Atom charge="0.03945" name="H19" type="h1"/>
      <Atom charge="0.0362" name="H21" type="h1"/>
      <Atom charge="0.0362" name="H22" type="h1"/>
      <Atom charge="0.1345" name="H23" type="ha"/>
      <Atom charge="0.1225" name="H24" type="ha"/>
      <Atom charge="0.119" name="H25" type="ha"/>
      <Atom charge="0.1225" name="H26" type="ha"/>
      <Atom charge="0.1345" name="H27" type="ha"/>
      <Bond atomName1="C6" atomName2="C1"/>
      <Bond atomName1="C6" atomName2="C5"/>
      <Bond atomName1="C1" atomName2="C2"/>
      <Bond atomName1="O27" atomName2="C14"/>
      <Bond atomName1="C12" atomName2="C13"/>
      <Bond atomName1="C12" atomName2="C11"/>
      <Bond atomName1="C5" atomName2="C4"/>
      <Bond atomName1="C13" atomName2="N8"/>
      <Bond atomName1="C2" atomName2="C7"/>
      <Bond atomName1="C2" atomName2="C3"/>
      <Bond atomName1="O28" atomName2="C23"/>
      <Bond atomName1="C7" atomName2="N8"/>
      <Bond atomName1="C15" atomName2="C11"/>
      <Bond atomName1="C15" atomName2="C16"/>
      <Bond atomName1="C14" atomName2="C11"/>
      <Bond atomName1="C14" atomName2="C22"/>
      <Bond atomName1="C11" atomName2="C10"/>
      <Bond atomName1="N8" atomName2="C9"/>
      <Bond atomName1="C4" atomName2="C3"/>
      <Bond atomName1="C16" atomName2="C21"/>
      <Bond atomName1="C16" atomName2="C17"/>
      <Bond atomName1="C23" atomName2="C22"/>
      <Bond atomName1="C23" atomName2="C24"/>
      <Bond atomName1="C21" atomName2="C20"/>
      <Bond atomName1="C17" atomName2="C18"/>
      <Bond atomName1="O25" atomName2="C24"/>
      <Bond atomName1="C10" atomName2="C9"/>
      <Bond atomName1="C24" atomName2="O26"/>
      <Bond atomName1="C20" atomName2="C19"/>
      <Bond atomName1="C18" atomName2="C19"/>
      <Bond atomName1="C19" atomName2="Cl2"/>
      <Bond atomName1="C18" atomName2="H1"/>
      <Bond atomName1="C17" atomName2="H2"/>
      <Bond atomName1="C20" atomName2="H3"/>
      <Bond atomName1="C21" atomName2="H4"/>
      <Bond atomName1="C15" atomName2="H5"/>
      <Bond atomName1="C15" atomName2="H6"/>
      <Bond atomName1="C10" atomName2="H7"/>
      <Bond atomName1="C10" atomName2="H8"/>
      <Bond atomName1="C9" atomName2="H9"/>
      <Bond atomName1="C9" atomName2="H10"/>
      <Bond atomName1="C22" atomName2="H11"/>
      <Bond atomName1="O28" atomName2="H14"/>
      <Bond atomName1="C12" atomName2="H16"/>
      <Bond atomName1="C12" atomName2="H17"/>
      <Bond atomName1="C13" atomName2="H18"/>
      <Bond atomName1="C13" atomName2="H19"/>
      <Bond atomName1="C7" atomName2="H21"/>
      <Bond atomName1="C7" atomName2="H22"/>
      <Bond atomName1="C3" atomName2="H23"/>
      <Bond atomName1="C4" atomName2="H24"/>
      <Bond atomName1="C5" atomName2="H25"/>
      <Bond atomName1="C6" atomName2="H26"/>
      <Bond atomName1="C1" atomName2="H27"/>
    </Residue>
  </Residues>
  <PeriodicTorsionForce>
    <Proper k1="4.6860800000000005" periodicity1="2" phase1="3.141592653589793" type1="ce" type2="cf" type3="oh" type4="ho"/>
    <Proper k1="4.6860800000000005" periodicity1="2" phase1="3.141592653589793" type1="c" type2="cf" type3="oh" type4="ho"/>
    <Improper k1="4.6024" periodicity1="2" phase1="3.141592653589793" type1="ca" type2="ca" type3="ca" type4="ha"/>
    <Improper k1="43.932" periodicity1="2" phase1="3.141592653589793" type1="c" type2="c3" type3="ce" type4="o"/>
    <Improper k1="4.6024" periodicity1="2" phase1="3.141592653589793" type1="ce" type2="c" type3="cf" type4="ha"/>
    <Improper k1="4.6024" periodicity1="2" phase1="3.141592653589793" type1="cf" type2="c" type3="ce" type4="oh"/>
    <Improper k1="4.6024" periodicity1="2" phase1="3.141592653589793" type1="c" type2="cf" type3="o" type4="o"/>
  </PeriodicTorsionForce>
</ForceField>
