<ForceField>
  <Info>
    <DateGenerated>2019-07-05</DateGenerated>
  </Info>
  <Residues>
    <Residue name="MC_0N9">
      <Atom charge="-0.8058" name="O16" type="o"/>
      <Atom charge="0.8888" name="C14" type="c"/>
      <Atom charge="-0.8058" name="O15" type="o"/>
      <Atom charge="0.1404" name="C3" type="cc"/>
      <Atom charge="-0.0731" name="C2" type="cd"/>
      <Atom charge="-0.4401" name="O13" type="oh"/>
      <Atom charge="-0.5853" name="N4" type="nc"/>
      <Atom charge="0.4129" name="C5" type="cd"/>
      <Atom charge="-0.4364" name="N6" type="ns"/>
      <Atom charge="0.6487" name="C1" type="c"/>
      <Atom charge="-0.6965" name="O12" type="o"/>
      <Atom charge="0.272" name="C7" type="cd"/>
      <Atom charge="-0.698" name="N11" type="nd"/>
      <Atom charge="0.3804" name="C10" type="cc"/>
      <Atom charge="-0.1999" name="N9" type="na"/>
      <Atom charge="0.0346" name="C17" type="c3"/>
      <Atom charge="-0.1896" name="C8" type="cc"/>
      <Atom charge="0.399" name="H3" type="ho"/>
      <Atom charge="0.0561" name="H4" type="h5"/>
      <Atom charge="0.0507" name="H5" type="h1"/>
      <Atom charge="0.0507" name="H6" type="h1"/>
      <Atom charge="0.0507" name="H7" type="h1"/>
      <Atom charge="0.215" name="H8" type="h4"/>
      <Atom charge="0.3325" name="H2" type="hn"/>
      <Bond atomName1="C17" atomName2="N9"/>
      <Bond atomName1="C10" atomName2="N9"/>
      <Bond atomName1="C10" atomName2="N11"/>
      <Bond atomName1="N9" atomName2="C8"/>
      <Bond atomName1="N11" atomName2="C7"/>
      <Bond atomName1="C8" atomName2="C7"/>
      <Bond atomName1="C7" atomName2="C5"/>
      <Bond atomName1="C5" atomName2="N6"/>
      <Bond atomName1="C5" atomName2="N4"/>
      <Bond atomName1="N6" atomName2="C1"/>
      <Bond atomName1="N4" atomName2="C3"/>
      <Bond atomName1="C1" atomName2="O12"/>
      <Bond atomName1="C1" atomName2="C2"/>
      <Bond atomName1="C3" atomName2="C2"/>
      <Bond atomName1="C3" atomName2="C14"/>
      <Bond atomName1="C2" atomName2="O13"/>
      <Bond atomName1="O15" atomName2="C14"/>
      <Bond atomName1="C14" atomName2="O16"/>
      <Bond atomName1="O13" atomName2="H3"/>
      <Bond atomName1="C10" atomName2="H4"/>
      <Bond atomName1="C17" atomName2="H5"/>
      <Bond atomName1="C17" atomName2="H6"/>
      <Bond atomName1="C17" atomName2="H7"/>
      <Bond atomName1="C8" atomName2="H8"/>
      <Bond atomName1="N6" atomName2="H2"/>
    </Residue>
  </Residues>
  <HarmonicBondForce>
    <Bond k="296059.83999999997" length="0.1381" type1="cd" type2="ns"/>
    <Bond k="298068.1599999999" length="0.1379" type1="c" type2="ns"/>
    <Bond k="441244.6399999999" length="0.1013" type1="hn" type2="ns"/>
  </HarmonicBondForce>
  <HarmonicAngleForce>
    <Angle angle="1.9669860669976094" k="728.8528" type1="cd" type2="c" type3="ns"/>
    <Angle angle="2.1467549799530254" k="922.9904" type1="nc" type2="cd" type3="ns"/>
    <Angle angle="2.15146736893341" k="557.3088" type1="c" type2="ns" type3="cd"/>
    <Angle angle="2.0814796659284376" k="404.1744" type1="cd" type2="ns" type3="hn"/>
    <Angle angle="2.0924752402160016" k="717.9744000000001" type1="cd" type2="cd" type3="ns"/>
    <Angle angle="2.1476276445790226" k="952.2784" type1="ns" type2="c" type3="o"/>
    <Angle angle="2.051634535719334" k="407.52160000000003" type1="c" type2="ns" type3="hn"/>
  </HarmonicAngleForce>
  <PeriodicTorsionForce>
    <Proper k1="4.6860800000000005" periodicity1="2" phase1="3.141592653589793" type1="cc" type2="cd" type3="oh" type4="ho"/>
    <Proper k1="10.46" periodicity1="2" phase1="3.141592653589793" type1="cd" type2="c" type3="ns" type4="cd"/>
    <Proper k1="10.46" periodicity1="2" phase1="3.141592653589793" type1="cd" type2="c" type3="ns" type4="hn"/>
    <Proper k1="6.9036" periodicity1="2" phase1="3.141592653589793" type1="nc" type2="cd" type3="ns" type4="c"/>
    <Proper k1="6.9036" periodicity1="2" phase1="3.141592653589793" type1="nc" type2="cd" type3="ns" type4="hn"/>
    <Proper k1="10.46" periodicity1="2" phase1="3.141592653589793" type1="o" type2="c" type3="ns" type4="cd"/>
    <Proper k1="4.6860800000000005" periodicity1="2" phase1="3.141592653589793" type1="c" type2="cd" type3="oh" type4="ho"/>
    <Proper k1="6.9036" periodicity1="2" phase1="3.141592653589793" type1="cd" type2="cd" type3="ns" type4="c"/>
    <Proper k1="10.46" k2="8.368" periodicity1="2" periodicity2="1" phase1="3.141592653589793" phase2="0.0" type1="o" type2="c" type3="ns" type4="hn"/>
    <Proper k1="6.9036" periodicity1="2" phase1="3.141592653589793" type1="cd" type2="cd" type3="ns" type4="hn"/>
    <Improper k1="4.6024" periodicity1="2" phase1="3.141592653589793" type1="c" type2="cc" type3="o" type4="o"/>
    <Improper k1="4.6024" periodicity1="2" phase1="3.141592653589793" type1="cc" type2="c" type3="cd" type4="nc"/>
    <Improper k1="4.6024" periodicity1="2" phase1="3.141592653589793" type1="cd" type2="c" type3="cc" type4="oh"/>
    <Improper k1="4.6024" periodicity1="2" phase1="3.141592653589793" type1="cd" type2="cd" type3="nc" type4="ns"/>
    <Improper k1="4.6024" periodicity1="2" phase1="3.141592653589793" type1="ns" type2="c" type3="cd" type4="hn"/>
    <Improper k1="43.932" periodicity1="2" phase1="3.141592653589793" type1="c" type2="cd" type3="ns" type4="o"/>
    <Improper k1="4.6024" periodicity1="2" phase1="3.141592653589793" type1="cd" type2="cc" type3="cd" type4="nd"/>
    <Improper k1="4.6024" periodicity1="2" phase1="3.141592653589793" type1="cc" type2="h5" type3="na" type4="nd"/>
    <Improper k1="4.6024" periodicity1="2" phase1="3.141592653589793" type1="na" type2="c3" type3="cc" type4="cc"/>
    <Improper k1="4.6024" periodicity1="2" phase1="3.141592653589793" type1="cc" type2="cd" type3="h4" type4="na"/>
  </PeriodicTorsionForce>
</ForceField>
