<ForceField>
  <Info>
    <DateGenerated>2019-07-05</DateGenerated>
  </Info>
  <Residues>
    <Residue name="MC_0NJ">
      <Atom charge="-0.1299" name="F16" type="f"/>
      <Atom charge="0.1429" name="C11" type="ca"/>
      <Atom charge="-0.168" name="C12" type="ca"/>
      <Atom charge="-0.092" name="C13" type="ca"/>
      <Atom charge="-0.149" name="C14" type="ca"/>
      <Atom charge="-0.061" name="C15" type="ca"/>
      <Atom charge="-0.1389" name="C10" type="ca"/>
      <Atom charge="0.4548" name="C8" type="cc"/>
      <Atom charge="-0.0801" name="S7" type="ss"/>
      <Atom charge="-0.0261" name="C2" type="ca"/>
      <Atom charge="-0.5701" name="N9" type="nd"/>
      <Atom charge="0.0834" name="C3" type="ca"/>
      <Atom charge="-0.034" name="C4" type="ca"/>
      <Atom charge="-0.212" name="C5" type="ca"/>
      <Atom charge="0.1511" name="C6" type="ca"/>
      <Atom charge="-0.13" name="C1" type="ca"/>
      <Atom charge="-0.3249" name="O17" type="os"/>
      <Atom charge="0.1287" name="C18" type="c3"/>
      <Atom charge="0.149" name="H1" type="ha"/>
      <Atom charge="0.139" name="H2" type="ha"/>
      <Atom charge="0.139" name="H3" type="ha"/>
      <Atom charge="0.162" name="H4" type="ha"/>
      <Atom charge="0.145" name="H5" type="ha"/>
      <Atom charge="0.141" name="H6" type="ha"/>
      <Atom charge="0.152" name="H7" type="ha"/>
      <Atom charge="0.043033" name="H8" type="h1"/>
      <Atom charge="0.043033" name="H9" type="h1"/>
      <Atom charge="0.043033" name="H10" type="h1"/>
      <Bond atomName1="C14" atomName2="C15"/>
      <Bond atomName1="C14" atomName2="C13"/>
      <Bond atomName1="C15" atomName2="C10"/>
      <Bond atomName1="C13" atomName2="C12"/>
      <Bond atomName1="C4" atomName2="C3"/>
      <Bond atomName1="C4" atomName2="C5"/>
      <Bond atomName1="N9" atomName2="C3"/>
      <Bond atomName1="N9" atomName2="C8"/>
      <Bond atomName1="C10" atomName2="C8"/>
      <Bond atomName1="C10" atomName2="C11"/>
      <Bond atomName1="C12" atomName2="C11"/>
      <Bond atomName1="C3" atomName2="C2"/>
      <Bond atomName1="C5" atomName2="C6"/>
      <Bond atomName1="C8" atomName2="S7"/>
      <Bond atomName1="C11" atomName2="F16"/>
      <Bond atomName1="C2" atomName2="S7"/>
      <Bond atomName1="C2" atomName2="C1"/>
      <Bond atomName1="C6" atomName2="C1"/>
      <Bond atomName1="C6" atomName2="O17"/>
      <Bond atomName1="O17" atomName2="C18"/>
      <Bond atomName1="C12" atomName2="H1"/>
      <Bond atomName1="C13" atomName2="H2"/>
      <Bond atomName1="C14" atomName2="H3"/>
      <Bond atomName1="C15" atomName2="H4"/>
      <Bond atomName1="C4" atomName2="H5"/>
      <Bond atomName1="C5" atomName2="H6"/>
      <Bond atomName1="C1" atomName2="H7"/>
      <Bond atomName1="C18" atomName2="H8"/>
      <Bond atomName1="C18" atomName2="H9"/>
      <Bond atomName1="C18" atomName2="H10"/>
    </Residue>
  </Residues>
  <PeriodicTorsionForce>
    <Proper k1="2.9288" periodicity1="2" phase1="3.141592653589793" type1="ca" type2="ca" type3="cc" type4="ss"/>
    <Proper k1="2.9288" periodicity1="2" phase1="3.141592653589793" type1="ca" type2="ca" type3="cc" type4="nd"/>
    <Proper k1="4.6024" periodicity1="2" phase1="3.141592653589793" type1="ca" type2="cc" type3="ss" type4="ca"/>
    <Proper k1="4.6024" periodicity1="2" phase1="3.141592653589793" type1="nd" type2="cc" type3="ss" type4="ca"/>
    <Improper k1="4.6024" periodicity1="2" phase1="3.141592653589793" type1="ca" type2="ca" type3="ca" type4="ha"/>
    <Improper k1="4.6024" periodicity1="2" phase1="3.141592653589793" type1="ca" type2="ca" type3="ca" type4="cc"/>
    <Improper k1="4.6024" periodicity1="2" phase1="3.141592653589793" type1="cc" type2="ca" type3="nd" type4="ss"/>
    <Improper k1="4.6024" periodicity1="2" phase1="3.141592653589793" type1="ca" type2="ca" type3="ca" type4="ss"/>
    <Improper k1="4.6024" periodicity1="2" phase1="3.141592653589793" type1="ca" type2="ca" type3="ca" type4="nd"/>
    <Improper k1="4.6024" periodicity1="2" phase1="3.141592653589793" type1="ca" type2="ca" type3="ca" type4="os"/>
  </PeriodicTorsionForce>
</ForceField>
