<ForceField>
  <Info>
    <DateGenerated>2019-07-05</DateGenerated>
  </Info>
  <Residues>
    <Residue name="MC_0NK">
      <Atom charge="-0.8919" name="N1" type="nu"/>
      <Atom charge="0.4356" name="C1" type="ca"/>
      <Atom charge="-0.2886" name="C2" type="ca"/>
      <Atom charge="0.0678" name="C3" type="ca"/>
      <Atom charge="-0.755" name="N2" type="nb"/>
      <Atom charge="-0.202" name="C4" type="ca"/>
      <Atom charge="0.7422" name="C5" type="ca"/>
      <Atom charge="0.1011" name="C6" type="ca"/>
      <Atom charge="0.7139" name="C7" type="ca"/>
      <Atom charge="0.1201" name="C8" type="ca"/>
      <Atom charge="-0.828" name="N3" type="nb"/>
      <Atom charge="-0.3369" name="O2" type="os"/>
      <Atom charge="0.1417" name="C9" type="c3"/>
      <Atom charge="-0.3139" name="O3" type="os"/>
      <Atom charge="0.1417" name="C10" type="c3"/>
      <Atom charge="0.1267" name="C11" type="c3"/>
      <Atom charge="0.2405" name="C12" type="c3"/>
      <Atom charge="-0.0994" name="C13" type="c3"/>
      <Atom charge="-0.0994" name="C14" type="c3"/>
      <Atom charge="-0.0906" name="C15" type="c3"/>
      <Atom charge="-0.0906" name="C16" type="c3"/>
      <Atom charge="0.4458" name="H1" type="hn"/>
      <Atom charge="0.133" name="H2" type="ha"/>
      <Atom charge="0.0561" name="H3" type="h5"/>
      <Atom charge="0.039367" name="H4" type="h1"/>
      <Atom charge="0.039367" name="H5" type="h1"/>
      <Atom charge="0.039367" name="H6" type="h1"/>
      <Atom charge="0.0387" name="H7" type="h1"/>
      <Atom charge="0.0387" name="H8" type="h1"/>
      <Atom charge="0.0387" name="H9" type="h1"/>
      <Atom charge="0.0417" name="H10" type="h1"/>
      <Atom charge="0.0417" name="H11" type="h1"/>
      <Atom charge="0.0417" name="H12" type="h1"/>
      <Atom charge="0.0857" name="H13" type="h1"/>
      <Atom charge="0.0452" name="H14" type="hc"/>
      <Atom charge="0.0452" name="H15" type="hc"/>
      <Atom charge="0.0452" name="H16" type="hc"/>
      <Atom charge="0.0452" name="H17" type="hc"/>
      <Atom charge="0.038533" name="H18" type="hc"/>
      <Atom charge="0.038533" name="H19" type="hc"/>
      <Atom charge="0.038533" name="H20" type="hc"/>
      <Atom charge="0.038533" name="H21" type="hc"/>
      <Atom charge="0.038533" name="H22" type="hc"/>
      <Atom charge="0.038533" name="H23" type="hc"/>
      <Atom charge="-0.3279" name="O1" type="os"/>
      <Bond atomName1="C9" atomName2="O1"/>
      <Bond atomName1="O1" atomName2="C3"/>
      <Bond atomName1="C10" atomName2="O2"/>
      <Bond atomName1="O2" atomName2="C6"/>
      <Bond atomName1="C3" atomName2="C6"/>
      <Bond atomName1="C3" atomName2="C1"/>
      <Bond atomName1="C6" atomName2="C8"/>
      <Bond atomName1="N2" atomName2="C1"/>
      <Bond atomName1="N2" atomName2="C7"/>
      <Bond atomName1="C1" atomName2="C2"/>
      <Bond atomName1="C8" atomName2="O3"/>
      <Bond atomName1="C8" atomName2="C4"/>
      <Bond atomName1="O3" atomName2="C11"/>
      <Bond atomName1="C7" atomName2="N3"/>
      <Bond atomName1="C2" atomName2="C4"/>
      <Bond atomName1="C2" atomName2="C5"/>
      <Bond atomName1="N3" atomName2="C5"/>
      <Bond atomName1="C5" atomName2="N1"/>
      <Bond atomName1="C15" atomName2="C13"/>
      <Bond atomName1="N1" atomName2="C12"/>
      <Bond atomName1="C13" atomName2="C12"/>
      <Bond atomName1="C12" atomName2="C14"/>
      <Bond atomName1="C14" atomName2="C16"/>
      <Bond atomName1="N1" atomName2="H1"/>
      <Bond atomName1="C4" atomName2="H2"/>
      <Bond atomName1="C7" atomName2="H3"/>
      <Bond atomName1="C9" atomName2="H4"/>
      <Bond atomName1="C9" atomName2="H5"/>
      <Bond atomName1="C9" atomName2="H6"/>
      <Bond atomName1="C10" atomName2="H7"/>
      <Bond atomName1="C10" atomName2="H8"/>
      <Bond atomName1="C10" atomName2="H9"/>
      <Bond atomName1="C11" atomName2="H10"/>
      <Bond atomName1="C11" atomName2="H11"/>
      <Bond atomName1="C11" atomName2="H12"/>
      <Bond atomName1="C12" atomName2="H13"/>
      <Bond atomName1="C13" atomName2="H14"/>
      <Bond atomName1="C13" atomName2="H15"/>
      <Bond atomName1="C14" atomName2="H16"/>
      <Bond atomName1="C14" atomName2="H17"/>
      <Bond atomName1="C15" atomName2="H18"/>
      <Bond atomName1="C15" atomName2="H19"/>
      <Bond atomName1="C15" atomName2="H20"/>
      <Bond atomName1="C16" atomName2="H21"/>
      <Bond atomName1="C16" atomName2="H22"/>
      <Bond atomName1="C16" atomName2="H23"/>
    </Residue>
  </Residues>
  <HarmonicBondForce>
    <Bond k="290453.27999999997" length="0.1386" type1="ca" type2="nu"/>
    <Bond k="219074.23999999996" length="0.1464" type1="c3" type2="nu"/>
    <Bond k="443085.5999999999" length="0.10120000000000001" type1="hn" type2="nu"/>
  </HarmonicBondForce>
  <HarmonicAngleForce>
    <Angle angle="2.1109757302871417" k="721.3216000000001" type1="ca" type2="ca" type3="nu"/>
    <Angle angle="2.040988027282169" k="938.0527999999999" type1="nb" type2="ca" type3="nu"/>
    <Angle angle="1.9278906917529364" k="698.7280000000001" type1="c3" type2="c3" type3="nu"/>
    <Angle angle="1.9161969857645744" k="512.1216000000001" type1="h1" type2="c3" type3="nu"/>
    <Angle angle="2.094046036542797" k="545.5936" type1="c3" type2="nu" type3="ca"/>
    <Angle angle="2.0258036627898184" k="408.3584" type1="ca" type2="nu" type3="hn"/>
    <Angle angle="2.0244073993882226" k="388.2752" type1="c3" type2="nu" type3="hn"/>
  </HarmonicAngleForce>
  <PeriodicTorsionForce>
    <Proper k1="0.87864" periodicity1="3" phase1="0.0" type1="c3" type2="c3" type3="c3" type4="nu"/>
    <Proper k1="4.3932" periodicity1="2" phase1="3.141592653589793" type1="ca" type2="ca" type3="nu" type4="hn"/>
    <Proper k1="0.0" periodicity1="2" phase1="0.0" type1="c3" type2="c3" type3="nu" type4="ca"/>
    <Proper k1="1.389088" periodicity1="2" phase1="0.0" type1="h1" type2="c3" type3="nu" type4="ca"/>
    <Proper k1="4.3932" periodicity1="2" phase1="3.141592653589793" type1="nb" type2="ca" type3="nu" type4="c3"/>
    <Proper k1="4.3932" periodicity1="2" phase1="3.141592653589793" type1="nb" type2="ca" type3="nu" type4="hn"/>
    <Proper k1="0.0" periodicity1="2" phase1="0.0" type1="c3" type2="c3" type3="nu" type4="hn"/>
    <Proper k1="0.0" periodicity1="2" phase1="0.0" type1="h1" type2="c3" type3="nu" type4="hn"/>
    <Improper k1="4.6024" periodicity1="2" phase1="3.141592653589793" type1="nu" type2="c3" type3="ca" type4="hn"/>
    <Improper k1="4.6024" periodicity1="2" phase1="3.141592653589793" type1="ca" type2="ca" type3="ca" type4="nb"/>
    <Improper k1="4.6024" periodicity1="2" phase1="3.141592653589793" type1="ca" type2="ca" type3="ca" type4="ca"/>
    <Improper k1="4.6024" periodicity1="2" phase1="3.141592653589793" type1="ca" type2="ca" type3="ca" type4="os"/>
    <Improper k1="4.6024" periodicity1="2" phase1="3.141592653589793" type1="ca" type2="ca" type3="ca" type4="ha"/>
    <Improper k1="4.6024" periodicity1="2" phase1="3.141592653589793" type1="ca" type2="ca" type3="nb" type4="nu"/>
    <Improper k1="4.6024" periodicity1="2" phase1="3.141592653589793" type1="ca" type2="h5" type3="nb" type4="nb"/>
  </PeriodicTorsionForce>
</ForceField>
