<ForceField>
  <Info>
    <DateGenerated>2019-07-05</DateGenerated>
  </Info>
  <Residues>
    <Residue name="MC_0NL">
      <Atom charge="-0.105433" name="C1" type="c3"/>
      <Atom charge="0.1778" name="C2" type="c3"/>
      <Atom charge="-0.105433" name="C3" type="c3"/>
      <Atom charge="-0.105433" name="C4" type="c3"/>
      <Atom charge="-0.4389" name="O5" type="os"/>
      <Atom charge="0.7541" name="C6" type="c"/>
      <Atom charge="-0.615" name="O7" type="o"/>
      <Atom charge="-0.5749" name="N8" type="ns"/>
      <Atom charge="0.1327" name="C9" type="c3"/>
      <Atom charge="-0.1004" name="C11" type="c3"/>
      <Atom charge="-0.0994" name="C12" type="c3"/>
      <Atom charge="0.046" name="C13" type="c3"/>
      <Atom charge="-0.1114" name="C15" type="c3"/>
      <Atom charge="-0.1343" name="N16" type="na"/>
      <Atom charge="0.4057" name="C17" type="cc"/>
      <Atom charge="-0.5781" name="N18" type="nd"/>
      <Atom charge="-0.0689" name="C19" type="ca"/>
      <Atom charge="-0.0272" name="C20" type="ca"/>
      <Atom charge="-0.2181" name="C21" type="ca"/>
      <Atom charge="-0.1972" name="C22" type="cc"/>
      <Atom charge="-0.1041" name="C23" type="cd"/>
      <Atom charge="-0.2661" name="N24" type="na"/>
      <Atom charge="0.4668" name="C26" type="ca"/>
      <Atom charge="-0.718" name="N27" type="nb"/>
      <Atom charge="0.5162" name="C28" type="ca"/>
      <Atom charge="0.049811" name="H1" type="hc"/>
      <Atom charge="0.049811" name="H1A" type="hc"/>
      <Atom charge="0.049811" name="H1B" type="hc"/>
      <Atom charge="0.049811" name="H3" type="hc"/>
      <Atom charge="0.049811" name="H3A" type="hc"/>
      <Atom charge="0.049811" name="H3B" type="hc"/>
      <Atom charge="0.049811" name="H4" type="hc"/>
      <Atom charge="0.049811" name="H4A" type="hc"/>
      <Atom charge="0.049811" name="H4B" type="hc"/>
      <Atom charge="0.3225" name="HN8" type="hn"/>
      <Atom charge="0.0887" name="H9" type="h1"/>
      <Atom charge="0.0642" name="H11" type="hc"/>
      <Atom charge="0.0642" name="H11A" type="hc"/>
      <Atom charge="0.0602" name="H12" type="hc"/>
      <Atom charge="0.0602" name="H12A" type="hc"/>
      <Atom charge="0.0867" name="H13" type="h1"/>
      <Atom charge="0.0677" name="H15" type="hc"/>
      <Atom charge="0.0677" name="H15A" type="hc"/>
      <Atom charge="0.0748" name="H17" type="h5"/>
      <Atom charge="0.146" name="H22" type="ha"/>
      <Atom charge="0.169" name="H23" type="h4"/>
      <Atom charge="0.3067" name="HN24" type="hn"/>
      <Atom charge="0.0381" name="H28" type="h4"/>
      <Bond atomName1="C1" atomName2="C2"/>
      <Bond atomName1="C2" atomName2="C3"/>
      <Bond atomName1="C2" atomName2="C4"/>
      <Bond atomName1="C2" atomName2="O5"/>
      <Bond atomName1="O5" atomName2="C6"/>
      <Bond atomName1="C6" atomName2="O7"/>
      <Bond atomName1="C6" atomName2="N8"/>
      <Bond atomName1="N8" atomName2="C9"/>
      <Bond atomName1="C9" atomName2="C11"/>
      <Bond atomName1="C9" atomName2="C15"/>
      <Bond atomName1="C11" atomName2="C12"/>
      <Bond atomName1="C12" atomName2="C13"/>
      <Bond atomName1="C13" atomName2="C15"/>
      <Bond atomName1="C13" atomName2="N16"/>
      <Bond atomName1="N16" atomName2="C17"/>
      <Bond atomName1="N16" atomName2="C20"/>
      <Bond atomName1="C17" atomName2="N18"/>
      <Bond atomName1="N18" atomName2="C19"/>
      <Bond atomName1="C19" atomName2="C20"/>
      <Bond atomName1="C19" atomName2="C28"/>
      <Bond atomName1="C20" atomName2="C21"/>
      <Bond atomName1="C21" atomName2="C22"/>
      <Bond atomName1="C21" atomName2="C26"/>
      <Bond atomName1="C22" atomName2="C23"/>
      <Bond atomName1="C23" atomName2="N24"/>
      <Bond atomName1="N24" atomName2="C26"/>
      <Bond atomName1="C26" atomName2="N27"/>
      <Bond atomName1="N27" atomName2="C28"/>
      <Bond atomName1="C1" atomName2="H1"/>
      <Bond atomName1="C1" atomName2="H1A"/>
      <Bond atomName1="C1" atomName2="H1B"/>
      <Bond atomName1="C3" atomName2="H3"/>
      <Bond atomName1="C3" atomName2="H3A"/>
      <Bond atomName1="C3" atomName2="H3B"/>
      <Bond atomName1="C4" atomName2="H4"/>
      <Bond atomName1="C4" atomName2="H4A"/>
      <Bond atomName1="C4" atomName2="H4B"/>
      <Bond atomName1="N8" atomName2="HN8"/>
      <Bond atomName1="C9" atomName2="H9"/>
      <Bond atomName1="C11" atomName2="H11"/>
      <Bond atomName1="C11" atomName2="H11A"/>
      <Bond atomName1="C12" atomName2="H12"/>
      <Bond atomName1="C12" atomName2="H12A"/>
      <Bond atomName1="C13" atomName2="H13"/>
      <Bond atomName1="C15" atomName2="H15"/>
      <Bond atomName1="C15" atomName2="H15A"/>
      <Bond atomName1="C17" atomName2="H17"/>
      <Bond atomName1="C22" atomName2="H22"/>
      <Bond atomName1="C23" atomName2="H23"/>
      <Bond atomName1="N24" atomName2="HN24"/>
      <Bond atomName1="C28" atomName2="H28"/>
    </Residue>
  </Residues>
  <HarmonicBondForce>
    <Bond k="298068.1599999999" length="0.1379" type1="c" type2="ns"/>
    <Bond k="220747.83999999997" length="0.1462" type1="c3" type2="ns"/>
    <Bond k="441244.6399999999" length="0.1013" type1="hn" type2="ns"/>
  </HarmonicBondForce>
  <HarmonicAngleForce>
    <Angle angle="1.9062486090282067" k="966.504" type1="ns" type2="c" type3="os"/>
    <Angle angle="2.1064378742319563" k="546.4304" type1="c" type2="ns" type3="c3"/>
    <Angle angle="2.051634535719334" k="407.52160000000003" type1="c" type2="ns" type3="hn"/>
    <Angle angle="2.1476276445790226" k="952.2784" type1="ns" type2="c" type3="o"/>
    <Angle angle="1.9479619781508712" k="696.2176000000001" type1="c3" type2="c3" type3="ns"/>
    <Angle angle="1.900314489571426" k="514.6320000000001" type1="h1" type2="c3" type3="ns"/>
    <Angle angle="2.053903463746927" k="385.76480000000004" type1="c3" type2="ns" type3="hn"/>
  </HarmonicAngleForce>
  <PeriodicTorsionForce>
    <Proper k1="10.46" periodicity1="2" phase1="3.141592653589793" type1="os" type2="c" type3="ns" type4="c3"/>
    <Proper k1="10.46" periodicity1="2" phase1="3.141592653589793" type1="os" type2="c" type3="ns" type4="hn"/>
    <Proper k1="0.41840000000000005" k2="0.7112800000000001" k3="4.26768" periodicity1="4" periodicity2="3" periodicity3="1" phase1="3.141592653589793" phase2="0.0" phase3="3.141592653589793" type1="c3" type2="c3" type3="ns" type4="c"/>
    <Proper k1="0.0" periodicity1="2" phase1="3.141592653589793" type1="h1" type2="c3" type3="ns" type4="c"/>
    <Proper k1="10.46" periodicity1="2" phase1="3.141592653589793" type1="o" type2="c" type3="ns" type4="c3"/>
    <Proper k1="10.46" k2="8.368" periodicity1="2" periodicity2="1" phase1="3.141592653589793" phase2="0.0" type1="o" type2="c" type3="ns" type4="hn"/>
    <Proper k1="0.41840000000000005" periodicity1="3" phase1="0.0" type1="c3" type2="c3" type3="c3" type4="ns"/>
    <Proper k1="0.0" periodicity1="2" phase1="0.0" type1="c3" type2="c3" type3="ns" type4="hn"/>
    <Proper k1="2.11292" periodicity1="2" phase1="3.141592653589793" type1="ca" type2="ca" type3="cc" type4="cd"/>
    <Proper k1="2.9288" periodicity1="2" phase1="3.141592653589793" type1="ca" type2="ca" type3="cc" type4="ha"/>
    <Proper k1="0.0" periodicity1="2" phase1="0.0" type1="h1" type2="c3" type3="ns" type4="hn"/>
    <Improper k1="4.6024" periodicity1="2" phase1="3.141592653589793" type1="c" type2="ns" type3="o" type4="os"/>
    <Improper k1="4.6024" periodicity1="2" phase1="3.141592653589793" type1="ns" type2="c" type3="c3" type4="hn"/>
    <Improper k1="4.6024" periodicity1="2" phase1="3.141592653589793" type1="na" type2="c3" type3="ca" type4="cc"/>
    <Improper k1="4.6024" periodicity1="2" phase1="3.141592653589793" type1="cc" type2="h5" type3="na" type4="nd"/>
    <Improper k1="4.6024" periodicity1="2" phase1="3.141592653589793" type1="ca" type2="ca" type3="ca" type4="nd"/>
    <Improper k1="4.6024" periodicity1="2" phase1="3.141592653589793" type1="ca" type2="ca" type3="ca" type4="na"/>
    <Improper k1="4.6024" periodicity1="2" phase1="3.141592653589793" type1="ca" type2="ca" type3="ca" type4="cc"/>
    <Improper k1="4.6024" periodicity1="2" phase1="3.141592653589793" type1="cc" type2="ca" type3="cd" type4="ha"/>
    <Improper k1="4.6024" periodicity1="2" phase1="3.141592653589793" type1="cd" type2="cc" type3="h4" type4="na"/>
    <Improper k1="4.6024" periodicity1="2" phase1="3.141592653589793" type1="na" type2="ca" type3="cd" type4="hn"/>
    <Improper k1="4.6024" periodicity1="2" phase1="3.141592653589793" type1="ca" type2="ca" type3="na" type4="nb"/>
    <Improper k1="4.6024" periodicity1="2" phase1="3.141592653589793" type1="ca" type2="ca" type3="h4" type4="nb"/>
  </PeriodicTorsionForce>
</ForceField>
