<ForceField>
  <Info>
    <DateGenerated>2019-07-05</DateGenerated>
  </Info>
  <Residues>
    <Residue name="MC_0NN">
      <Atom charge="-0.123" name="C4" type="ca"/>
      <Atom charge="-0.125" name="C3" type="ca"/>
      <Atom charge="-0.099" name="C2" type="ca"/>
      <Atom charge="-0.1143" name="C1" type="ca"/>
      <Atom charge="-0.3976" name="O1" type="os"/>
      <Atom charge="-0.7356" name="N1" type="n3"/>
      <Atom charge="0.1638" name="C10" type="c3"/>
      <Atom charge="-0.0734" name="C11" type="c3"/>
      <Atom charge="0.1638" name="C12" type="c3"/>
      <Atom charge="-0.1034" name="C14" type="c3"/>
      <Atom charge="0.107" name="C15" type="c3"/>
      <Atom charge="0.6431" name="C16" type="c"/>
      <Atom charge="0.0905" name="C17" type="c3"/>
      <Atom charge="-0.0914" name="C18" type="c3"/>
      <Atom charge="-0.0904" name="C19" type="c3"/>
      <Atom charge="-0.5819" name="N2" type="ns"/>
      <Atom charge="0.1518" name="C20" type="c3"/>
      <Atom charge="-0.0763" name="C22" type="ca"/>
      <Atom charge="-0.1165" name="C23" type="ca"/>
      <Atom charge="-0.1305" name="C24" type="ca"/>
      <Atom charge="-0.13" name="C25" type="ca"/>
      <Atom charge="-0.1305" name="C26" type="ca"/>
      <Atom charge="-0.1165" name="C27" type="ca"/>
      <Atom charge="-0.6936" name="N3" type="n3"/>
      <Atom charge="-0.104" name="C5" type="ca"/>
      <Atom charge="-0.1303" name="C6" type="ca"/>
      <Atom charge="0.1737" name="C7" type="c3"/>
      <Atom charge="0.1871" name="C8" type="c3"/>
      <Atom charge="-0.0734" name="C9" type="c3"/>
      <Atom charge="0.133" name="H1" type="ha"/>
      <Atom charge="0.133" name="H2" type="ha"/>
      <Atom charge="0.133" name="H3" type="ha"/>
      <Atom charge="0.0417" name="H5" type="h1"/>
      <Atom charge="0.0417" name="H6" type="h1"/>
      <Atom charge="0.0577" name="H7" type="hc"/>
      <Atom charge="0.0577" name="H8" type="hc"/>
      <Atom charge="0.0417" name="H9" type="h1"/>
      <Atom charge="0.0417" name="H10" type="h1"/>
      <Atom charge="0.0382" name="H11" type="h1"/>
      <Atom charge="0.0382" name="H12" type="h1"/>
      <Atom charge="0.0532" name="H13" type="hc"/>
      <Atom charge="0.0532" name="H14" type="hc"/>
      <Atom charge="0.0537" name="H15" type="h1"/>
      <Atom charge="0.0537" name="H16" type="h1"/>
      <Atom charge="0.0687" name="H17" type="h1"/>
      <Atom charge="0.0582" name="H18" type="hc"/>
      <Atom charge="0.0582" name="H19" type="hc"/>
      <Atom charge="0.0542" name="H20" type="hc"/>
      <Atom charge="0.0542" name="H21" type="hc"/>
      <Atom charge="0.3155" name="H22" type="hn"/>
      <Atom charge="0.0512" name="H23" type="h1"/>
      <Atom charge="0.0512" name="H24" type="h1"/>
      <Atom charge="0.0642" name="H25" type="h1"/>
      <Atom charge="0.0642" name="H26" type="h1"/>
      <Atom charge="0.1295" name="H27" type="ha"/>
      <Atom charge="0.127" name="H28" type="ha"/>
      <Atom charge="0.126" name="H29" type="ha"/>
      <Atom charge="0.127" name="H30" type="ha"/>
      <Atom charge="0.1295" name="H31" type="ha"/>
      <Atom charge="0.131" name="H33" type="ha"/>
      <Atom charge="0.0622" name="H34" type="h1"/>
      <Atom charge="0.0622" name="H35" type="h1"/>
      <Atom charge="0.0577" name="H36" type="hc"/>
      <Atom charge="0.0577" name="H37" type="hc"/>
      <Atom charge="0.1688" name="C13" type="c3"/>
      <Atom charge="0.1891" name="C21" type="c3"/>
      <Atom charge="-0.6181" name="O2" type="o"/>
      <Bond atomName1="C4" atomName2="C5"/>
      <Bond atomName1="C4" atomName2="C3"/>
      <Bond atomName1="C5" atomName2="C6"/>
      <Bond atomName1="C3" atomName2="C2"/>
      <Bond atomName1="C6" atomName2="C7"/>
      <Bond atomName1="C6" atomName2="C1"/>
      <Bond atomName1="C7" atomName2="O1"/>
      <Bond atomName1="C2" atomName2="C1"/>
      <Bond atomName1="C1" atomName2="C8"/>
      <Bond atomName1="O1" atomName2="C8"/>
      <Bond atomName1="C8" atomName2="C9"/>
      <Bond atomName1="C8" atomName2="C11"/>
      <Bond atomName1="C9" atomName2="C10"/>
      <Bond atomName1="C11" atomName2="C12"/>
      <Bond atomName1="C10" atomName2="N1"/>
      <Bond atomName1="C12" atomName2="N1"/>
      <Bond atomName1="N1" atomName2="C13"/>
      <Bond atomName1="C25" atomName2="C24"/>
      <Bond atomName1="C25" atomName2="C26"/>
      <Bond atomName1="C24" atomName2="C23"/>
      <Bond atomName1="C13" atomName2="C14"/>
      <Bond atomName1="C26" atomName2="C27"/>
      <Bond atomName1="C14" atomName2="C15"/>
      <Bond atomName1="C23" atomName2="C22"/>
      <Bond atomName1="O2" atomName2="C16"/>
      <Bond atomName1="C27" atomName2="C22"/>
      <Bond atomName1="C22" atomName2="C21"/>
      <Bond atomName1="C15" atomName2="N2"/>
      <Bond atomName1="C16" atomName2="N2"/>
      <Bond atomName1="C16" atomName2="C17"/>
      <Bond atomName1="C21" atomName2="N3"/>
      <Bond atomName1="C17" atomName2="N3"/>
      <Bond atomName1="C17" atomName2="C18"/>
      <Bond atomName1="N3" atomName2="C20"/>
      <Bond atomName1="C18" atomName2="C19"/>
      <Bond atomName1="C20" atomName2="C19"/>
      <Bond atomName1="C4" atomName2="H1"/>
      <Bond atomName1="C3" atomName2="H2"/>
      <Bond atomName1="C2" atomName2="H3"/>
      <Bond atomName1="C10" atomName2="H5"/>
      <Bond atomName1="C10" atomName2="H6"/>
      <Bond atomName1="C11" atomName2="H7"/>
      <Bond atomName1="C11" atomName2="H8"/>
      <Bond atomName1="C12" atomName2="H9"/>
      <Bond atomName1="C12" atomName2="H10"/>
      <Bond atomName1="C13" atomName2="H11"/>
      <Bond atomName1="C13" atomName2="H12"/>
      <Bond atomName1="C14" atomName2="H13"/>
      <Bond atomName1="C14" atomName2="H14"/>
      <Bond atomName1="C15" atomName2="H15"/>
      <Bond atomName1="C15" atomName2="H16"/>
      <Bond atomName1="C17" atomName2="H17"/>
      <Bond atomName1="C18" atomName2="H18"/>
      <Bond atomName1="C18" atomName2="H19"/>
      <Bond atomName1="C19" atomName2="H20"/>
      <Bond atomName1="C19" atomName2="H21"/>
      <Bond atomName1="N2" atomName2="H22"/>
      <Bond atomName1="C20" atomName2="H23"/>
      <Bond atomName1="C20" atomName2="H24"/>
      <Bond atomName1="C21" atomName2="H25"/>
      <Bond atomName1="C21" atomName2="H26"/>
      <Bond atomName1="C23" atomName2="H27"/>
      <Bond atomName1="C24" atomName2="H28"/>
      <Bond atomName1="C25" atomName2="H29"/>
      <Bond atomName1="C26" atomName2="H30"/>
      <Bond atomName1="C27" atomName2="H31"/>
      <Bond atomName1="C5" atomName2="H33"/>
      <Bond atomName1="C7" atomName2="H34"/>
      <Bond atomName1="C7" atomName2="H35"/>
      <Bond atomName1="C9" atomName2="H36"/>
      <Bond atomName1="C9" atomName2="H37"/>
    </Residue>
  </Residues>
  <HarmonicBondForce>
    <Bond k="220747.83999999997" length="0.1462" type1="c3" type2="ns"/>
    <Bond k="298068.1599999999" length="0.1379" type1="c" type2="ns"/>
    <Bond k="441244.6399999999" length="0.1013" type1="hn" type2="ns"/>
  </HarmonicBondForce>
  <HarmonicAngleForce>
    <Angle angle="1.9479619781508712" k="696.2176000000001" type1="c3" type2="c3" type3="ns"/>
    <Angle angle="2.1064378742319563" k="546.4304" type1="c" type2="ns" type3="c3"/>
    <Angle angle="2.053903463746927" k="385.76480000000004" type1="c3" type2="ns" type3="hn"/>
    <Angle angle="2.051634535719334" k="407.52160000000003" type1="c" type2="ns" type3="hn"/>
    <Angle angle="2.010270232447069" k="705.4224" type1="c3" type2="c" type3="ns"/>
    <Angle angle="1.900314489571426" k="514.6320000000001" type1="h1" type2="c3" type3="ns"/>
    <Angle angle="2.1476276445790226" k="952.2784" type1="ns" type2="c" type3="o"/>
  </HarmonicAngleForce>
  <PeriodicTorsionForce>
    <Proper k1="0.41840000000000005" k2="0.7112800000000001" k3="4.26768" periodicity1="4" periodicity2="3" periodicity3="1" phase1="3.141592653589793" phase2="0.0" phase3="3.141592653589793" type1="c3" type2="c3" type3="ns" type4="c"/>
    <Proper k1="0.0" periodicity1="2" phase1="0.0" type1="c3" type2="c3" type3="ns" type4="hn"/>
    <Proper k1="1.0878400000000001" k2="2.092" periodicity1="2" periodicity2="1" phase1="3.141592653589793" phase2="0.0" type1="c3" type2="c" type3="ns" type4="c3"/>
    <Proper k1="10.46" periodicity1="2" phase1="3.141592653589793" type1="o" type2="c" type3="ns" type4="c3"/>
    <Proper k1="0.0" periodicity1="2" phase1="3.141592653589793" type1="h1" type2="c3" type3="ns" type4="c"/>
    <Proper k1="10.46" periodicity1="2" phase1="3.141592653589793" type1="c3" type2="c" type3="ns" type4="hn"/>
    <Proper k1="0.0" k2="2.97064" periodicity1="4" periodicity2="2" phase1="3.141592653589793" phase2="3.141592653589793" type1="ns" type2="c" type3="c3" type4="c3"/>
    <Proper k1="0.41840000000000005" periodicity1="3" phase1="0.0" type1="c3" type2="c3" type3="c3" type4="ns"/>
    <Proper k1="0.0" periodicity1="2" phase1="0.0" type1="h1" type2="c3" type3="ns" type4="hn"/>
    <Proper k1="10.46" k2="8.368" periodicity1="2" periodicity2="1" phase1="3.141592653589793" phase2="0.0" type1="o" type2="c" type3="ns" type4="hn"/>
    <Improper k1="4.6024" periodicity1="2" phase1="3.141592653589793" type1="ca" type2="ca" type3="ca" type4="ha"/>
    <Improper k1="43.932" periodicity1="2" phase1="3.141592653589793" type1="c" type2="c3" type3="ns" type4="o"/>
    <Improper k1="4.6024" periodicity1="2" phase1="3.141592653589793" type1="ns" type2="c" type3="c3" type4="hn"/>
  </PeriodicTorsionForce>
</ForceField>
