<ForceField>
  <Info>
    <DateGenerated>2019-07-05</DateGenerated>
  </Info>
  <Residues>
    <Residue name="MC_0NP">
      <Atom charge="0.8195" name="C2" type="c"/>
      <Atom charge="-0.6745" name="O2" type="o"/>
      <Atom charge="0.0076" name="C6" type="cc"/>
      <Atom charge="-0.4074" name="N19" type="n2"/>
      <Atom charge="0.469" name="N18" type="n1"/>
      <Atom charge="0.1465" name="C3'" type="c3"/>
      <Atom charge="0.1521" name="C4'" type="c3"/>
      <Atom charge="0.1494" name="C5'" type="c3"/>
      <Atom charge="-0.5808" name="O5'" type="oh"/>
      <Atom charge="-0.3286" name="O4'" type="os"/>
      <Atom charge="0.0826" name="C2'" type="c3"/>
      <Atom charge="-0.2303" name="F2'" type="f"/>
      <Atom charge="0.3115" name="C1'" type="c3"/>
      <Atom charge="-0.37" name="N1" type="n"/>
      <Atom charge="-0.5515" name="N3" type="ns"/>
      <Atom charge="-0.2672" name="C5" type="cd"/>
      <Atom charge="0.6917" name="C4" type="c"/>
      <Atom charge="-0.5695" name="O4" type="o"/>
      <Atom charge="0.174" name="H1" type="h4"/>
      <Atom charge="0.6424" name="H2" type="hn"/>
      <Atom charge="0.1327" name="H3" type="h1"/>
      <Atom charge="0.1037" name="H4" type="h1"/>
      <Atom charge="0.0447" name="H5" type="h1"/>
      <Atom charge="0.0447" name="H6" type="h1"/>
      <Atom charge="0.432" name="H7" type="ho"/>
      <Atom charge="0.1377" name="H8" type="h1"/>
      <Atom charge="0.1077" name="H9" type="h2"/>
      <Atom charge="0.3775" name="H10" type="hn"/>
      <Atom charge="0.198" name="H11" type="ha"/>
      <Atom charge="-0.2442" name="N3'" type="n2"/>
      <Bond atomName1="C5'" atomName2="C4'"/>
      <Bond atomName1="C5'" atomName2="O5'"/>
      <Bond atomName1="C4'" atomName2="O4'"/>
      <Bond atomName1="C4'" atomName2="C3'"/>
      <Bond atomName1="O4'" atomName2="C1'"/>
      <Bond atomName1="N3'" atomName2="C3'"/>
      <Bond atomName1="N3'" atomName2="N18"/>
      <Bond atomName1="C3'" atomName2="C2'"/>
      <Bond atomName1="C1'" atomName2="N1"/>
      <Bond atomName1="C1'" atomName2="C2'"/>
      <Bond atomName1="N18" atomName2="N19"/>
      <Bond atomName1="N1" atomName2="C6"/>
      <Bond atomName1="N1" atomName2="C2"/>
      <Bond atomName1="O2" atomName2="C2"/>
      <Bond atomName1="C6" atomName2="C5"/>
      <Bond atomName1="C2'" atomName2="F2'"/>
      <Bond atomName1="C2" atomName2="N3"/>
      <Bond atomName1="C5" atomName2="C4"/>
      <Bond atomName1="N3" atomName2="C4"/>
      <Bond atomName1="C4" atomName2="O4"/>
      <Bond atomName1="C6" atomName2="H1"/>
      <Bond atomName1="N19" atomName2="H2"/>
      <Bond atomName1="C3'" atomName2="H3"/>
      <Bond atomName1="C4'" atomName2="H4"/>
      <Bond atomName1="C5'" atomName2="H5"/>
      <Bond atomName1="C5'" atomName2="H6"/>
      <Bond atomName1="O5'" atomName2="H7"/>
      <Bond atomName1="C2'" atomName2="H8"/>
      <Bond atomName1="C1'" atomName2="H9"/>
      <Bond atomName1="N3" atomName2="H10"/>
      <Bond atomName1="C5" atomName2="H11"/>
    </Residue>
  </Residues>
  <HarmonicBondForce>
    <Bond k="298068.1599999999" length="0.1379" type1="c" type2="ns"/>
    <Bond k="441244.6399999999" length="0.1013" type1="hn" type2="ns"/>
  </HarmonicBondForce>
  <HarmonicAngleForce>
    <Angle angle="2.217964413434394" k="548.9408" type1="c" type2="ns" type3="c"/>
    <Angle angle="2.051634535719334" k="407.52160000000003" type1="c" type2="ns" type3="hn"/>
    <Angle angle="2.1476276445790226" k="952.2784" type1="ns" type2="c" type3="o"/>
    <Angle angle="0.0" k="0.0" type1="n2" type2="n1" type3="n2"/>
    <Angle angle="1.9819958985647608" k="940.5632" type1="n" type2="c" type3="ns"/>
    <Angle angle="1.9669860669976094" k="728.8528" type1="cd" type2="c" type3="ns"/>
  </HarmonicAngleForce>
  <PeriodicTorsionForce>
    <Proper k1="10.46" periodicity1="2" phase1="3.141592653589793" type1="cd" type2="c" type3="ns" type4="c"/>
    <Proper k1="10.46" periodicity1="2" phase1="3.141592653589793" type1="o" type2="c" type3="ns" type4="c"/>
    <Proper k1="10.46" k2="8.368" periodicity1="2" periodicity2="1" phase1="3.141592653589793" phase2="0.0" type1="o" type2="c" type3="ns" type4="hn"/>
    <Proper k1="10.46" periodicity1="2" phase1="3.141592653589793" type1="n" type2="c" type3="ns" type4="c"/>
    <Proper k1="10.46" periodicity1="2" phase1="3.141592653589793" type1="n" type2="c" type3="ns" type4="hn"/>
    <Proper k1="10.46" periodicity1="2" phase1="3.141592653589793" type1="cd" type2="c" type3="ns" type4="hn"/>
    <Improper k1="43.932" periodicity1="2" phase1="3.141592653589793" type1="c" type2="n" type3="ns" type4="o"/>
    <Improper k1="4.6024" periodicity1="2" phase1="3.141592653589793" type1="cc" type2="cd" type3="h4" type4="n"/>
    <Improper k1="4.6024" periodicity1="2" phase1="3.141592653589793" type1="n" type2="c" type3="c3" type4="cc"/>
    <Improper k1="4.6024" periodicity1="2" phase1="3.141592653589793" type1="ns" type2="c" type3="c" type4="hn"/>
    <Improper k1="4.6024" periodicity1="2" phase1="3.141592653589793" type1="cd" type2="c" type3="cc" type4="ha"/>
    <Improper k1="43.932" periodicity1="2" phase1="3.141592653589793" type1="c" type2="cd" type3="ns" type4="o"/>
  </PeriodicTorsionForce>
</ForceField>
