<ForceField>
  <Info>
    <DateGenerated>2019-07-05</DateGenerated>
  </Info>
  <Residues>
    <Residue name="MC_0NQ">
      <Atom charge="-0.6535" name="O26" type="o"/>
      <Atom charge="0.7157" name="C24" type="c"/>
      <Atom charge="-0.4768" name="N23" type="n"/>
      <Atom charge="0.104" name="C31" type="c3"/>
      <Atom charge="-0.0944" name="C32" type="c3"/>
      <Atom charge="-0.07" name="C33" type="c3"/>
      <Atom charge="-0.084433" name="C36" type="c3"/>
      <Atom charge="-0.084433" name="C35" type="c3"/>
      <Atom charge="-0.084433" name="C34" type="c3"/>
      <Atom charge="0.1009" name="C22" type="c3"/>
      <Atom charge="-0.068" name="C27" type="c3"/>
      <Atom charge="-0.0901" name="C30" type="c3"/>
      <Atom charge="-0.0901" name="C29" type="c3"/>
      <Atom charge="-0.0901" name="C28" type="c3"/>
      <Atom charge="0.1969" name="C21" type="c2"/>
      <Atom charge="-0.4611" name="O25" type="oh"/>
      <Atom charge="-0.3328" name="C1" type="ce"/>
      <Atom charge="0.8295" name="C2" type="cf"/>
      <Atom charge="-0.9339" name="N5" type="ne"/>
      <Atom charge="1.5814" name="P4" type="py"/>
      <Atom charge="-0.8023" name="O6" type="o"/>
      <Atom charge="-0.5882" name="O7" type="os"/>
      <Atom charge="0.2014" name="C19" type="c3"/>
      <Atom charge="-0.0951" name="C20" type="c3"/>
      <Atom charge="-0.3605" name="C8" type="ca"/>
      <Atom charge="-0.053" name="C13" type="ca"/>
      <Atom charge="0.0946" name="C12" type="ca"/>
      <Atom charge="-0.7675" name="N14" type="nu"/>
      <Atom charge="1.3249" name="S15" type="s6"/>
      <Atom charge="-0.2433" name="C18" type="c3"/>
      <Atom charge="-0.6268" name="O17" type="o"/>
      <Atom charge="-0.6268" name="O16" type="o"/>
      <Atom charge="-0.106" name="C11" type="ca"/>
      <Atom charge="-0.152" name="C10" type="ca"/>
      <Atom charge="0.1996" name="C9" type="ca"/>
      <Atom charge="-0.7526" name="N3" type="nu"/>
      <Atom charge="0.0747" name="H1" type="h1"/>
      <Atom charge="0.0747" name="H2" type="h1"/>
      <Atom charge="0.0527" name="H3" type="hc"/>
      <Atom charge="0.0527" name="H4" type="hc"/>
      <Atom charge="0.036367" name="H5" type="hc"/>
      <Atom charge="0.036367" name="H6" type="hc"/>
      <Atom charge="0.036367" name="H7" type="hc"/>
      <Atom charge="0.036367" name="H8" type="hc"/>
      <Atom charge="0.036367" name="H9" type="hc"/>
      <Atom charge="0.036367" name="H10" type="hc"/>
      <Atom charge="0.036367" name="H11" type="hc"/>
      <Atom charge="0.036367" name="H12" type="hc"/>
      <Atom charge="0.036367" name="H13" type="hc"/>
      <Atom charge="0.0787" name="H14" type="h1"/>
      <Atom charge="0.044589" name="H15" type="hc"/>
      <Atom charge="0.044589" name="H16" type="hc"/>
      <Atom charge="0.044589" name="H17" type="hc"/>
      <Atom charge="0.044589" name="H18" type="hc"/>
      <Atom charge="0.044589" name="H19" type="hc"/>
      <Atom charge="0.044589" name="H20" type="hc"/>
      <Atom charge="0.044589" name="H21" type="hc"/>
      <Atom charge="0.044589" name="H22" type="hc"/>
      <Atom charge="0.044589" name="H23" type="hc"/>
      <Atom charge="0.448" name="H24" type="ho"/>
      <Atom charge="0.0307" name="H25" type="h1"/>
      <Atom charge="0.0307" name="H26" type="h1"/>
      <Atom charge="0.046033" name="H27" type="hc"/>
      <Atom charge="0.046033" name="H28" type="hc"/>
      <Atom charge="0.046033" name="H29" type="hc"/>
      <Atom charge="0.139" name="H30" type="ha"/>
      <Atom charge="0.4678" name="H31" type="hn"/>
      <Atom charge="0.100367" name="H32" type="h1"/>
      <Atom charge="0.100367" name="H33" type="h1"/>
      <Atom charge="0.100367" name="H34" type="h1"/>
      <Atom charge="0.187" name="H35" type="ha"/>
      <Atom charge="0.149" name="H36" type="ha"/>
      <Atom charge="0.4868" name="H37" type="hn"/>
      <Bond atomName1="O16" atomName2="S15"/>
      <Bond atomName1="C18" atomName2="S15"/>
      <Bond atomName1="O17" atomName2="S15"/>
      <Bond atomName1="S15" atomName2="N14"/>
      <Bond atomName1="N14" atomName2="C12"/>
      <Bond atomName1="C13" atomName2="C12"/>
      <Bond atomName1="C13" atomName2="C8"/>
      <Bond atomName1="C12" atomName2="C11"/>
      <Bond atomName1="C20" atomName2="C19"/>
      <Bond atomName1="O7" atomName2="C19"/>
      <Bond atomName1="O7" atomName2="P4"/>
      <Bond atomName1="O6" atomName2="P4"/>
      <Bond atomName1="C8" atomName2="P4"/>
      <Bond atomName1="C8" atomName2="C9"/>
      <Bond atomName1="P4" atomName2="N5"/>
      <Bond atomName1="C11" atomName2="C10"/>
      <Bond atomName1="C9" atomName2="C10"/>
      <Bond atomName1="C9" atomName2="N3"/>
      <Bond atomName1="N5" atomName2="C2"/>
      <Bond atomName1="N3" atomName2="C2"/>
      <Bond atomName1="C2" atomName2="C1"/>
      <Bond atomName1="O25" atomName2="C21"/>
      <Bond atomName1="C1" atomName2="C21"/>
      <Bond atomName1="C1" atomName2="C24"/>
      <Bond atomName1="C21" atomName2="C22"/>
      <Bond atomName1="C30" atomName2="C27"/>
      <Bond atomName1="O26" atomName2="C24"/>
      <Bond atomName1="C24" atomName2="N23"/>
      <Bond atomName1="C22" atomName2="C27"/>
      <Bond atomName1="C22" atomName2="N23"/>
      <Bond atomName1="C28" atomName2="C27"/>
      <Bond atomName1="C27" atomName2="C29"/>
      <Bond atomName1="N23" atomName2="C31"/>
      <Bond atomName1="C31" atomName2="C32"/>
      <Bond atomName1="C32" atomName2="C33"/>
      <Bond atomName1="C35" atomName2="C33"/>
      <Bond atomName1="C33" atomName2="C36"/>
      <Bond atomName1="C33" atomName2="C34"/>
      <Bond atomName1="C31" atomName2="H1"/>
      <Bond atomName1="C31" atomName2="H2"/>
      <Bond atomName1="C32" atomName2="H3"/>
      <Bond atomName1="C32" atomName2="H4"/>
      <Bond atomName1="C36" atomName2="H5"/>
      <Bond atomName1="C36" atomName2="H6"/>
      <Bond atomName1="C36" atomName2="H7"/>
      <Bond atomName1="C35" atomName2="H8"/>
      <Bond atomName1="C35" atomName2="H9"/>
      <Bond atomName1="C35" atomName2="H10"/>
      <Bond atomName1="C34" atomName2="H11"/>
      <Bond atomName1="C34" atomName2="H12"/>
      <Bond atomName1="C34" atomName2="H13"/>
      <Bond atomName1="C22" atomName2="H14"/>
      <Bond atomName1="C30" atomName2="H15"/>
      <Bond atomName1="C30" atomName2="H16"/>
      <Bond atomName1="C30" atomName2="H17"/>
      <Bond atomName1="C29" atomName2="H18"/>
      <Bond atomName1="C29" atomName2="H19"/>
      <Bond atomName1="C29" atomName2="H20"/>
      <Bond atomName1="C28" atomName2="H21"/>
      <Bond atomName1="C28" atomName2="H22"/>
      <Bond atomName1="C28" atomName2="H23"/>
      <Bond atomName1="O25" atomName2="H24"/>
      <Bond atomName1="C19" atomName2="H25"/>
      <Bond atomName1="C19" atomName2="H26"/>
      <Bond atomName1="C20" atomName2="H27"/>
      <Bond atomName1="C20" atomName2="H28"/>
      <Bond atomName1="C20" atomName2="H29"/>
      <Bond atomName1="C13" atomName2="H30"/>
      <Bond atomName1="N14" atomName2="H31"/>
      <Bond atomName1="C18" atomName2="H32"/>
      <Bond atomName1="C18" atomName2="H33"/>
      <Bond atomName1="C18" atomName2="H34"/>
      <Bond atomName1="C11" atomName2="H35"/>
      <Bond atomName1="C10" atomName2="H36"/>
      <Bond atomName1="N3" atomName2="H37"/>
    </Residue>
  </Residues>
  <HarmonicBondForce>
    <Bond k="285934.55999999994" length="0.13899999999999998" type1="cf" type2="nu"/>
    <Bond k="290453.27999999997" length="0.1386" type1="ca" type2="nu"/>
    <Bond k="252629.91999999993" length="0.1698" type1="nu" type2="s6"/>
    <Bond k="443085.5999999999" length="0.10120000000000001" type1="hn" type2="nu"/>
  </HarmonicBondForce>
  <HarmonicAngleForce>
    <Angle angle="2.151292836008211" k="564.84" type1="c2" type2="ce" type3="cf"/>
    <Angle angle="2.108183203483951" k="724.6688" type1="ce" type2="cf" type3="ne"/>
    <Angle angle="2.1184806460707173" k="730.5264" type1="ce" type2="cf" type3="nu"/>
    <Angle angle="2.042733356534163" k="738.0576000000001" type1="cf" type2="ne" type3="py"/>
    <Angle angle="2.2294835864975564" k="543.9200000000001" type1="ca" type2="nu" type3="cf"/>
    <Angle angle="2.0189968787070405" k="407.52160000000003" type1="cf" type2="nu" type3="hn"/>
    <Angle angle="2.0816541988536366" k="939.7264" type1="ne" type2="cf" type3="nu"/>
    <Angle angle="1.9699531267259998" k="499.201408" type1="ca" type2="py" type3="ne"/>
    <Angle angle="2.1109757302871417" k="721.3216000000001" type1="ca" type2="ca" type3="nu"/>
    <Angle angle="2.1441369860750337" k="528.8576" type1="ca" type2="nu" type3="s6"/>
    <Angle angle="2.0258036627898184" k="408.3584" type1="ca" type2="nu" type3="hn"/>
    <Angle angle="1.8207274756804845" k="760.6512000000001" type1="c3" type2="s6" type3="nu"/>
    <Angle angle="1.8711674910631206" k="1035.1216000000002" type1="nu" type2="s6" type3="o"/>
    <Angle angle="1.9184659137921671" k="370.7024" type1="hn" type2="nu" type3="s6"/>
  </HarmonicAngleForce>
  <PeriodicTorsionForce>
    <Proper k1="3.3472000000000004" periodicity1="2" phase1="3.141592653589793" type1="ce" type2="cf" type3="ne" type4="py"/>
    <Proper k1="8.03328" periodicity1="1" phase1="3.141592653589793" type1="ce" type2="cf" type3="nu" type4="ca"/>
    <Proper k1="4.3932" periodicity1="2" phase1="3.141592653589793" type1="ce" type2="cf" type3="nu" type4="hn"/>
    <Proper k1="3.7656" k2="10.29264" periodicity1="3" periodicity2="1" phase1="3.141592653589793" phase2="0.0" type1="cf" type2="ne" type3="py" type4="o"/>
    <Proper k1="3.7656" k2="10.29264" periodicity1="3" periodicity2="1" phase1="3.141592653589793" phase2="0.0" type1="cf" type2="ne" type3="py" type4="os"/>
    <Proper k1="4.184" periodicity1="3" phase1="3.141592653589793" type1="cf" type2="ne" type3="py" type4="ca"/>
    <Proper k1="4.3932" periodicity1="2" phase1="3.141592653589793" type1="ca" type2="ca" type3="nu" type4="cf"/>
    <Proper k1="4.3932" periodicity1="2" phase1="3.141592653589793" type1="ne" type2="cf" type3="nu" type4="ca"/>
    <Proper k1="4.3932" periodicity1="2" phase1="3.141592653589793" type1="ne" type2="cf" type3="nu" type4="hn"/>
    <Proper k1="3.3472000000000004" periodicity1="2" phase1="3.141592653589793" type1="nu" type2="cf" type3="ne" type4="py"/>
    <Proper k1="4.3932" periodicity1="2" phase1="3.141592653589793" type1="ca" type2="ca" type3="nu" type4="hn"/>
    <Proper k1="4.3932" periodicity1="2" phase1="3.141592653589793" type1="ca" type2="ca" type3="nu" type4="s6"/>
    <Proper k1="8.07512" periodicity1="3" phase1="0.0" type1="ca" type2="nu" type3="s6" type4="c3"/>
    <Proper k1="0.4184" periodicity1="2" phase1="3.141592653589793" type1="ca" type2="nu" type3="s6" type4="o"/>
    <Proper k1="0.4184" periodicity1="2" phase1="3.141592653589793" type1="hn" type2="nu" type3="s6" type4="c3"/>
    <Proper k1="0.4184" periodicity1="2" phase1="3.141592653589793" type1="hn" type2="nu" type3="s6" type4="o"/>
    <Improper k1="43.932" periodicity1="2" phase1="3.141592653589793" type1="c" type2="ce" type3="n" type4="o"/>
    <Improper k1="4.6024" periodicity1="2" phase1="3.141592653589793" type1="n" type2="c" type3="c3" type4="c3"/>
    <Improper k1="4.6024" periodicity1="2" phase1="3.141592653589793" type1="c2" type2="c3" type3="ce" type4="oh"/>
    <Improper k1="4.6024" periodicity1="2" phase1="3.141592653589793" type1="ce" type2="c" type3="c2" type4="cf"/>
    <Improper k1="4.6024" periodicity1="2" phase1="3.141592653589793" type1="cf" type2="ce" type3="ne" type4="nu"/>
    <Improper k1="4.6024" periodicity1="2" phase1="3.141592653589793" type1="ca" type2="ca" type3="ca" type4="py"/>
    <Improper k1="4.6024" periodicity1="2" phase1="3.141592653589793" type1="ca" type2="ca" type3="ca" type4="ha"/>
    <Improper k1="4.6024" periodicity1="2" phase1="3.141592653589793" type1="ca" type2="ca" type3="ca" type4="nu"/>
    <Improper k1="4.6024" periodicity1="2" phase1="3.141592653589793" type1="nu" type2="ca" type3="hn" type4="s6"/>
    <Improper k1="4.6024" periodicity1="2" phase1="3.141592653589793" type1="nu" type2="ca" type3="cf" type4="hn"/>
  </PeriodicTorsionForce>
</ForceField>
