<ForceField>
  <Info>
    <DateGenerated>2019-07-05</DateGenerated>
  </Info>
  <Residues>
    <Residue name="MC_0NS">
      <Atom charge="0.1327" name="CAX" type="c3"/>
      <Atom charge="-0.3269" name="OAW" type="os"/>
      <Atom charge="0.2341" name="CAE" type="ca"/>
      <Atom charge="-0.241" name="CAF" type="ca"/>
      <Atom charge="-0.035" name="CAA" type="ca"/>
      <Atom charge="-0.187" name="CAB" type="ca"/>
      <Atom charge="0.007" name="CAC" type="ca"/>
      <Atom charge="-0.3375" name="CAD" type="ca"/>
      <Atom charge="1.4372" name="SAT" type="sy"/>
      <Atom charge="-0.6338" name="OAU" type="o"/>
      <Atom charge="-0.6338" name="OAV" type="o"/>
      <Atom charge="-0.7645" name="NAG" type="nu"/>
      <Atom charge="0.1086" name="CAH" type="ca"/>
      <Atom charge="-0.1" name="CAM" type="ca"/>
      <Atom charge="-0.1353" name="CAL" type="ca"/>
      <Atom charge="0.1563" name="CAQ" type="c3"/>
      <Atom charge="-0.4998" name="NAP" type="n"/>
      <Atom charge="0.1323" name="CAS" type="c3"/>
      <Atom charge="0.8225" name="CAO" type="c"/>
      <Atom charge="-0.6865" name="OAR" type="o"/>
      <Atom charge="-0.4661" name="NAN" type="ns"/>
      <Atom charge="0.0746" name="CAK" type="ca"/>
      <Atom charge="-0.159" name="CAJ" type="ca"/>
      <Atom charge="-0.12" name="CAI" type="ca"/>
      <Atom charge="0.0467" name="H1" type="h1"/>
      <Atom charge="0.0467" name="H2" type="h1"/>
      <Atom charge="0.0467" name="H3" type="h1"/>
      <Atom charge="0.14" name="H4" type="ha"/>
      <Atom charge="0.135" name="H5" type="ha"/>
      <Atom charge="0.139" name="H6" type="ha"/>
      <Atom charge="0.16" name="H7" type="ha"/>
      <Atom charge="0.4658" name="H8" type="hn"/>
      <Atom charge="0.139" name="H9" type="ha"/>
      <Atom charge="0.0447" name="H10" type="h1"/>
      <Atom charge="0.0447" name="H11" type="h1"/>
      <Atom charge="0.045033" name="H12" type="h1"/>
      <Atom charge="0.045033" name="H13" type="h1"/>
      <Atom charge="0.045033" name="H14" type="h1"/>
      <Atom charge="0.3515" name="H15" type="hn"/>
      <Atom charge="0.142" name="H16" type="ha"/>
      <Atom charge="0.184" name="H17" type="ha"/>
      <Bond atomName1="CAX" atomName2="OAW"/>
      <Bond atomName1="CAF" atomName2="CAA"/>
      <Bond atomName1="CAF" atomName2="CAE"/>
      <Bond atomName1="CAA" atomName2="CAB"/>
      <Bond atomName1="OAW" atomName2="CAE"/>
      <Bond atomName1="CAE" atomName2="CAD"/>
      <Bond atomName1="CAB" atomName2="CAC"/>
      <Bond atomName1="CAD" atomName2="CAC"/>
      <Bond atomName1="CAD" atomName2="SAT"/>
      <Bond atomName1="OAU" atomName2="SAT"/>
      <Bond atomName1="CAI" atomName2="CAJ"/>
      <Bond atomName1="CAI" atomName2="CAH"/>
      <Bond atomName1="SAT" atomName2="NAG"/>
      <Bond atomName1="SAT" atomName2="OAV"/>
      <Bond atomName1="CAJ" atomName2="CAK"/>
      <Bond atomName1="NAG" atomName2="CAH"/>
      <Bond atomName1="CAH" atomName2="CAM"/>
      <Bond atomName1="CAK" atomName2="NAN"/>
      <Bond atomName1="CAK" atomName2="CAL"/>
      <Bond atomName1="NAN" atomName2="CAO"/>
      <Bond atomName1="CAM" atomName2="CAL"/>
      <Bond atomName1="CAL" atomName2="CAQ"/>
      <Bond atomName1="CAO" atomName2="OAR"/>
      <Bond atomName1="CAO" atomName2="NAP"/>
      <Bond atomName1="CAQ" atomName2="NAP"/>
      <Bond atomName1="NAP" atomName2="CAS"/>
      <Bond atomName1="CAX" atomName2="H1"/>
      <Bond atomName1="CAX" atomName2="H2"/>
      <Bond atomName1="CAX" atomName2="H3"/>
      <Bond atomName1="CAF" atomName2="H4"/>
      <Bond atomName1="CAA" atomName2="H5"/>
      <Bond atomName1="CAB" atomName2="H6"/>
      <Bond atomName1="CAC" atomName2="H7"/>
      <Bond atomName1="NAG" atomName2="H8"/>
      <Bond atomName1="CAM" atomName2="H9"/>
      <Bond atomName1="CAQ" atomName2="H10"/>
      <Bond atomName1="CAQ" atomName2="H11"/>
      <Bond atomName1="CAS" atomName2="H12"/>
      <Bond atomName1="CAS" atomName2="H13"/>
      <Bond atomName1="CAS" atomName2="H14"/>
      <Bond atomName1="NAN" atomName2="H15"/>
      <Bond atomName1="CAJ" atomName2="H16"/>
      <Bond atomName1="CAI" atomName2="H17"/>
    </Residue>
  </Residues>
  <HarmonicBondForce>
    <Bond k="240328.95999999993" length="0.1714" type1="nu" type2="sy"/>
    <Bond k="290453.27999999997" length="0.1386" type1="ca" type2="nu"/>
    <Bond k="443085.5999999999" length="0.10120000000000001" type1="hn" type2="nu"/>
    <Bond k="298068.1599999999" length="0.1379" type1="c" type2="ns"/>
    <Bond k="263759.3599999999" length="0.1412" type1="ca" type2="ns"/>
    <Bond k="441244.6399999999" length="0.1013" type1="hn" type2="ns"/>
  </HarmonicBondForce>
  <HarmonicAngleForce>
    <Angle angle="1.8413223608540177" k="757.304" type1="ca" type2="sy" type3="nu"/>
    <Angle angle="2.185675822272499" k="520.4896" type1="ca" type2="nu" type3="sy"/>
    <Angle angle="1.9357446733869108" k="364.8448" type1="hn" type2="nu" type3="sy"/>
    <Angle angle="1.8540632643935764" k="1030.1008" type1="nu" type2="sy" type3="o"/>
    <Angle angle="2.1109757302871417" k="721.3216000000001" type1="ca" type2="ca" type3="nu"/>
    <Angle angle="2.0258036627898184" k="408.3584" type1="ca" type2="nu" type3="hn"/>
    <Angle angle="2.0977112279719847" k="716.3008" type1="ca" type2="ca" type3="ns"/>
    <Angle angle="1.9819958985647608" k="940.5632" type1="n" type2="c" type3="ns"/>
    <Angle angle="2.159146817642185" k="549.7776" type1="c" type2="ns" type3="ca"/>
    <Angle angle="2.051634535719334" k="407.52160000000003" type1="c" type2="ns" type3="hn"/>
    <Angle angle="2.1476276445790226" k="952.2784" type1="ns" type2="c" type3="o"/>
    <Angle angle="2.0245819323134224" k="401.664" type1="ca" type2="ns" type3="hn"/>
  </HarmonicAngleForce>
  <PeriodicTorsionForce>
    <Proper k1="0.41840000000000005" k2="4.1421600000000005" periodicity1="2" periodicity2="3" phase1="3.141592653589793" phase2="0.0" type1="ca" type2="nu" type3="sy" type4="ca"/>
    <Proper k1="0.4184" periodicity1="2" phase1="3.141592653589793" type1="hn" type2="nu" type3="sy" type4="ca"/>
    <Proper k1="4.3932" periodicity1="2" phase1="3.141592653589793" type1="ca" type2="ca" type3="nu" type4="sy"/>
    <Proper k1="0.4184" periodicity1="2" phase1="3.141592653589793" type1="ca" type2="nu" type3="sy" type4="o"/>
    <Proper k1="0.4184" periodicity1="2" phase1="3.141592653589793" type1="hn" type2="nu" type3="sy" type4="o"/>
    <Proper k1="4.3932" periodicity1="2" phase1="3.141592653589793" type1="ca" type2="ca" type3="nu" type4="hn"/>
    <Proper k1="3.9748" periodicity1="2" phase1="3.141592653589793" type1="ca" type2="ca" type3="ns" type4="c"/>
    <Proper k1="1.8828" periodicity1="2" phase1="3.141592653589793" type1="ca" type2="ca" type3="ns" type4="hn"/>
    <Proper k1="10.46" periodicity1="2" phase1="3.141592653589793" type1="n" type2="c" type3="ns" type4="ca"/>
    <Proper k1="10.46" periodicity1="2" phase1="3.141592653589793" type1="n" type2="c" type3="ns" type4="hn"/>
    <Proper k1="10.46" periodicity1="2" phase1="3.141592653589793" type1="o" type2="c" type3="ns" type4="ca"/>
    <Proper k1="10.46" k2="8.368" periodicity1="2" periodicity2="1" phase1="3.141592653589793" phase2="0.0" type1="o" type2="c" type3="ns" type4="hn"/>
    <Improper k1="4.6024" periodicity1="2" phase1="3.141592653589793" type1="ca" type2="ca" type3="ca" type4="os"/>
    <Improper k1="4.6024" periodicity1="2" phase1="3.141592653589793" type1="ca" type2="ca" type3="ca" type4="ha"/>
    <Improper k1="4.6024" periodicity1="2" phase1="3.141592653589793" type1="ca" type2="ca" type3="ca" type4="sy"/>
    <Improper k1="4.6024" periodicity1="2" phase1="3.141592653589793" type1="nu" type2="ca" type3="hn" type4="sy"/>
    <Improper k1="4.6024" periodicity1="2" phase1="3.141592653589793" type1="ca" type2="ca" type3="ca" type4="nu"/>
    <Improper k1="4.6024" periodicity1="2" phase1="3.141592653589793" type1="n" type2="c" type3="c3" type4="c3"/>
    <Improper k1="43.932" periodicity1="2" phase1="3.141592653589793" type1="c" type2="n" type3="ns" type4="o"/>
    <Improper k1="4.6024" periodicity1="2" phase1="3.141592653589793" type1="ns" type2="c" type3="ca" type4="hn"/>
    <Improper k1="4.6024" periodicity1="2" phase1="3.141592653589793" type1="ca" type2="ca" type3="ca" type4="ns"/>
  </PeriodicTorsionForce>
</ForceField>
