<ForceField>
  <Info>
    <DateGenerated>2019-07-05</DateGenerated>
  </Info>
  <Residues>
    <Residue name="MC_0NT">
      <Atom charge="-0.0894" name="C7" type="c3"/>
      <Atom charge="0.1615" name="C2" type="c3"/>
      <Atom charge="0.6711" name="C10" type="c"/>
      <Atom charge="-0.0834" name="C6" type="c3"/>
      <Atom charge="-0.0906" name="C1" type="c3"/>
      <Atom charge="-0.0906" name="C3" type="c3"/>
      <Atom charge="-0.6736" name="N4" type="n3"/>
      <Atom charge="0.1468" name="C5" type="c3"/>
      <Atom charge="0.0835" name="C8" type="c3"/>
      <Atom charge="-0.5761" name="O11" type="o"/>
      <Atom charge="-0.5058" name="N12" type="n"/>
      <Atom charge="0.106" name="C13" type="c3"/>
      <Atom charge="-0.1144" name="C14" type="c3"/>
      <Atom charge="0.055" name="C15" type="c3"/>
      <Atom charge="-0.1144" name="C16" type="c3"/>
      <Atom charge="0.106" name="C17" type="c3"/>
      <Atom charge="-0.1373" name="N18" type="na"/>
      <Atom charge="0.4057" name="C19" type="cc"/>
      <Atom charge="-0.5791" name="N20" type="nd"/>
      <Atom charge="-0.0679" name="C21" type="ca"/>
      <Atom charge="-0.0292" name="C22" type="ca"/>
      <Atom charge="-0.2181" name="C23" type="ca"/>
      <Atom charge="-0.1982" name="C24" type="cc"/>
      <Atom charge="-0.1041" name="C25" type="cd"/>
      <Atom charge="-0.2651" name="N26" type="na"/>
      <Atom charge="0.4658" name="C28" type="ca"/>
      <Atom charge="-0.718" name="N29" type="nb"/>
      <Atom charge="0.5142" name="C30" type="ca"/>
      <Atom charge="0.0507" name="H1" type="hc"/>
      <Atom charge="0.0507" name="H2" type="hc"/>
      <Atom charge="0.0157" name="H3" type="h1"/>
      <Atom charge="0.0557" name="H4" type="hc"/>
      <Atom charge="0.0557" name="H5" type="hc"/>
      <Atom charge="0.043033" name="H6" type="hc"/>
      <Atom charge="0.043033" name="H7" type="hc"/>
      <Atom charge="0.043033" name="H8" type="hc"/>
      <Atom charge="0.043033" name="H10" type="hc"/>
      <Atom charge="0.043033" name="H11" type="hc"/>
      <Atom charge="0.043033" name="H12" type="hc"/>
      <Atom charge="0.0457" name="H14" type="h1"/>
      <Atom charge="0.0457" name="H15" type="h1"/>
      <Atom charge="0.0477" name="H9" type="h1"/>
      <Atom charge="0.06195" name="H16" type="h1"/>
      <Atom charge="0.06195" name="H17" type="h1"/>
      <Atom charge="0.0627" name="H18" type="hc"/>
      <Atom charge="0.0627" name="H19" type="hc"/>
      <Atom charge="0.0807" name="H20" type="h1"/>
      <Atom charge="0.0627" name="H21" type="hc"/>
      <Atom charge="0.0627" name="H22" type="hc"/>
      <Atom charge="0.06195" name="H23" type="h1"/>
      <Atom charge="0.06195" name="H24" type="h1"/>
      <Atom charge="0.0748" name="H25" type="h5"/>
      <Atom charge="0.147" name="H26" type="ha"/>
      <Atom charge="0.169" name="H28" type="h4"/>
      <Atom charge="0.3067" name="H27" type="hn"/>
      <Atom charge="0.0381" name="H29" type="h4"/>
      <Bond atomName1="N20" atomName2="C21"/>
      <Bond atomName1="N20" atomName2="C19"/>
      <Bond atomName1="C30" atomName2="C21"/>
      <Bond atomName1="C30" atomName2="N29"/>
      <Bond atomName1="C21" atomName2="C22"/>
      <Bond atomName1="C19" atomName2="N18"/>
      <Bond atomName1="N29" atomName2="C28"/>
      <Bond atomName1="C14" atomName2="C15"/>
      <Bond atomName1="C14" atomName2="C13"/>
      <Bond atomName1="C22" atomName2="N18"/>
      <Bond atomName1="C22" atomName2="C23"/>
      <Bond atomName1="N18" atomName2="C15"/>
      <Bond atomName1="C28" atomName2="C23"/>
      <Bond atomName1="C28" atomName2="N26"/>
      <Bond atomName1="C23" atomName2="C24"/>
      <Bond atomName1="C6" atomName2="C7"/>
      <Bond atomName1="C6" atomName2="C5"/>
      <Bond atomName1="O11" atomName2="C10"/>
      <Bond atomName1="N26" atomName2="C25"/>
      <Bond atomName1="C15" atomName2="C16"/>
      <Bond atomName1="C13" atomName2="N12"/>
      <Bond atomName1="C7" atomName2="C8"/>
      <Bond atomName1="C24" atomName2="C25"/>
      <Bond atomName1="C10" atomName2="N12"/>
      <Bond atomName1="C10" atomName2="C8"/>
      <Bond atomName1="N12" atomName2="C17"/>
      <Bond atomName1="C16" atomName2="C17"/>
      <Bond atomName1="C5" atomName2="N4"/>
      <Bond atomName1="C8" atomName2="N4"/>
      <Bond atomName1="N4" atomName2="C2"/>
      <Bond atomName1="C1" atomName2="C2"/>
      <Bond atomName1="C2" atomName2="C3"/>
      <Bond atomName1="C7" atomName2="H1"/>
      <Bond atomName1="C7" atomName2="H2"/>
      <Bond atomName1="C2" atomName2="H3"/>
      <Bond atomName1="C6" atomName2="H4"/>
      <Bond atomName1="C6" atomName2="H5"/>
      <Bond atomName1="C1" atomName2="H6"/>
      <Bond atomName1="C1" atomName2="H7"/>
      <Bond atomName1="C1" atomName2="H8"/>
      <Bond atomName1="C3" atomName2="H10"/>
      <Bond atomName1="C3" atomName2="H11"/>
      <Bond atomName1="C3" atomName2="H12"/>
      <Bond atomName1="C5" atomName2="H14"/>
      <Bond atomName1="C5" atomName2="H15"/>
      <Bond atomName1="C8" atomName2="H9"/>
      <Bond atomName1="C13" atomName2="H16"/>
      <Bond atomName1="C13" atomName2="H17"/>
      <Bond atomName1="C14" atomName2="H18"/>
      <Bond atomName1="C14" atomName2="H19"/>
      <Bond atomName1="C15" atomName2="H20"/>
      <Bond atomName1="C16" atomName2="H21"/>
      <Bond atomName1="C16" atomName2="H22"/>
      <Bond atomName1="C17" atomName2="H23"/>
      <Bond atomName1="C17" atomName2="H24"/>
      <Bond atomName1="C19" atomName2="H25"/>
      <Bond atomName1="C24" atomName2="H26"/>
      <Bond atomName1="C25" atomName2="H28"/>
      <Bond atomName1="N26" atomName2="H27"/>
      <Bond atomName1="C30" atomName2="H29"/>
    </Residue>
  </Residues>
  <PeriodicTorsionForce>
    <Proper k1="2.11292" periodicity1="2" phase1="3.141592653589793" type1="ca" type2="ca" type3="cc" type4="cd"/>
    <Proper k1="2.9288" periodicity1="2" phase1="3.141592653589793" type1="ca" type2="ca" type3="cc" type4="ha"/>
    <Improper k1="43.932" periodicity1="2" phase1="3.141592653589793" type1="c" type2="c3" type3="n" type4="o"/>
    <Improper k1="4.6024" periodicity1="2" phase1="3.141592653589793" type1="n" type2="c" type3="c3" type4="c3"/>
    <Improper k1="4.6024" periodicity1="2" phase1="3.141592653589793" type1="na" type2="c3" type3="ca" type4="cc"/>
    <Improper k1="4.6024" periodicity1="2" phase1="3.141592653589793" type1="cc" type2="h5" type3="na" type4="nd"/>
    <Improper k1="4.6024" periodicity1="2" phase1="3.141592653589793" type1="ca" type2="ca" type3="ca" type4="nd"/>
    <Improper k1="4.6024" periodicity1="2" phase1="3.141592653589793" type1="ca" type2="ca" type3="ca" type4="na"/>
    <Improper k1="4.6024" periodicity1="2" phase1="3.141592653589793" type1="ca" type2="ca" type3="ca" type4="cc"/>
    <Improper k1="4.6024" periodicity1="2" phase1="3.141592653589793" type1="cc" type2="ca" type3="cd" type4="ha"/>
    <Improper k1="4.6024" periodicity1="2" phase1="3.141592653589793" type1="cd" type2="cc" type3="h4" type4="na"/>
    <Improper k1="4.6024" periodicity1="2" phase1="3.141592653589793" type1="na" type2="ca" type3="cd" type4="hn"/>
    <Improper k1="4.6024" periodicity1="2" phase1="3.141592653589793" type1="ca" type2="ca" type3="na" type4="nb"/>
    <Improper k1="4.6024" periodicity1="2" phase1="3.141592653589793" type1="ca" type2="ca" type3="h4" type4="nb"/>
  </PeriodicTorsionForce>
</ForceField>
