<ForceField>
  <Info>
    <DateGenerated>2019-07-05</DateGenerated>
  </Info>
  <Residues>
    <Residue name="MC_0NU">
      <Atom charge="-0.3388" name="N5" type="n1"/>
      <Atom charge="0.2207" name="C15" type="c1"/>
      <Atom charge="-0.0853" name="C14" type="c3"/>
      <Atom charge="0.6631" name="C13" type="c"/>
      <Atom charge="-0.5781" name="O" type="o"/>
      <Atom charge="-0.4948" name="N4" type="n"/>
      <Atom charge="0.094" name="C11" type="c3"/>
      <Atom charge="-0.0974" name="C10" type="c3"/>
      <Atom charge="-0.0964" name="C9" type="c3"/>
      <Atom charge="0.098" name="C12" type="c3"/>
      <Atom charge="0.037" name="C8" type="c3"/>
      <Atom charge="-0.1403" name="N3" type="na"/>
      <Atom charge="-0.0232" name="C4" type="ca"/>
      <Atom charge="-0.2181" name="C3" type="ca"/>
      <Atom charge="-0.1952" name="C" type="cc"/>
      <Atom charge="0.4017" name="C7" type="cd"/>
      <Atom charge="-0.5751" name="N2" type="nc"/>
      <Atom charge="-0.0679" name="C5" type="ca"/>
      <Atom charge="0.5152" name="C6" type="ca"/>
      <Atom charge="-0.716" name="N1" type="nb"/>
      <Atom charge="0.4668" name="C2" type="ca"/>
      <Atom charge="-0.2641" name="N" type="na"/>
      <Atom charge="-0.1031" name="C1" type="cd"/>
      <Atom charge="0.0877" name="H14" type="hc"/>
      <Atom charge="0.0877" name="H15" type="hc"/>
      <Atom charge="0.0532" name="H11" type="h1"/>
      <Atom charge="0.0532" name="H10" type="h1"/>
      <Atom charge="0.0577" name="H8" type="hc"/>
      <Atom charge="0.0577" name="H9" type="hc"/>
      <Atom charge="0.0592" name="H6" type="hc"/>
      <Atom charge="0.0592" name="H7" type="hc"/>
      <Atom charge="0.0772" name="H13" type="h1"/>
      <Atom charge="0.0772" name="H12" type="h1"/>
      <Atom charge="0.0907" name="H1" type="h1"/>
      <Atom charge="0.148" name="H2" type="ha"/>
      <Atom charge="0.0728" name="H5" type="h5"/>
      <Atom charge="0.0391" name="H4" type="h4"/>
      <Atom charge="0.3067" name="H" type="hn"/>
      <Atom charge="0.17" name="H3" type="h4"/>
      <Bond atomName1="N2" atomName2="C5"/>
      <Bond atomName1="N2" atomName2="C7"/>
      <Bond atomName1="C6" atomName2="C5"/>
      <Bond atomName1="C6" atomName2="N1"/>
      <Bond atomName1="C5" atomName2="C4"/>
      <Bond atomName1="C7" atomName2="N3"/>
      <Bond atomName1="N1" atomName2="C2"/>
      <Bond atomName1="C4" atomName2="N3"/>
      <Bond atomName1="C4" atomName2="C3"/>
      <Bond atomName1="N3" atomName2="C8"/>
      <Bond atomName1="C2" atomName2="C3"/>
      <Bond atomName1="C2" atomName2="N"/>
      <Bond atomName1="C3" atomName2="C"/>
      <Bond atomName1="C12" atomName2="C8"/>
      <Bond atomName1="C12" atomName2="N4"/>
      <Bond atomName1="N" atomName2="C1"/>
      <Bond atomName1="C8" atomName2="C9"/>
      <Bond atomName1="O" atomName2="C13"/>
      <Bond atomName1="C" atomName2="C1"/>
      <Bond atomName1="N4" atomName2="C13"/>
      <Bond atomName1="N4" atomName2="C11"/>
      <Bond atomName1="C9" atomName2="C10"/>
      <Bond atomName1="C13" atomName2="C14"/>
      <Bond atomName1="C11" atomName2="C10"/>
      <Bond atomName1="C14" atomName2="C15"/>
      <Bond atomName1="C15" atomName2="N5"/>
      <Bond atomName1="C14" atomName2="H14"/>
      <Bond atomName1="C14" atomName2="H15"/>
      <Bond atomName1="C11" atomName2="H11"/>
      <Bond atomName1="C11" atomName2="H10"/>
      <Bond atomName1="C10" atomName2="H8"/>
      <Bond atomName1="C10" atomName2="H9"/>
      <Bond atomName1="C9" atomName2="H6"/>
      <Bond atomName1="C9" atomName2="H7"/>
      <Bond atomName1="C12" atomName2="H13"/>
      <Bond atomName1="C12" atomName2="H12"/>
      <Bond atomName1="C8" atomName2="H1"/>
      <Bond atomName1="C" atomName2="H2"/>
      <Bond atomName1="C7" atomName2="H5"/>
      <Bond atomName1="C6" atomName2="H4"/>
      <Bond atomName1="N" atomName2="H"/>
      <Bond atomName1="C1" atomName2="H3"/>
    </Residue>
  </Residues>
  <PeriodicTorsionForce>
    <Proper k1="2.11292" periodicity1="2" phase1="3.141592653589793" type1="ca" type2="ca" type3="cc" type4="cd"/>
    <Proper k1="2.9288" periodicity1="2" phase1="3.141592653589793" type1="ca" type2="ca" type3="cc" type4="ha"/>
    <Improper k1="43.932" periodicity1="2" phase1="3.141592653589793" type1="c" type2="c3" type3="n" type4="o"/>
    <Improper k1="4.6024" periodicity1="2" phase1="3.141592653589793" type1="n" type2="c" type3="c3" type4="c3"/>
    <Improper k1="4.6024" periodicity1="2" phase1="3.141592653589793" type1="na" type2="c3" type3="ca" type4="cd"/>
    <Improper k1="4.6024" periodicity1="2" phase1="3.141592653589793" type1="ca" type2="ca" type3="ca" type4="na"/>
    <Improper k1="4.6024" periodicity1="2" phase1="3.141592653589793" type1="ca" type2="ca" type3="ca" type4="cc"/>
    <Improper k1="4.6024" periodicity1="2" phase1="3.141592653589793" type1="cc" type2="ca" type3="cd" type4="ha"/>
    <Improper k1="4.6024" periodicity1="2" phase1="3.141592653589793" type1="cd" type2="h5" type3="na" type4="nc"/>
    <Improper k1="4.6024" periodicity1="2" phase1="3.141592653589793" type1="ca" type2="ca" type3="ca" type4="nc"/>
    <Improper k1="4.6024" periodicity1="2" phase1="3.141592653589793" type1="ca" type2="ca" type3="h4" type4="nb"/>
    <Improper k1="4.6024" periodicity1="2" phase1="3.141592653589793" type1="ca" type2="ca" type3="na" type4="nb"/>
    <Improper k1="4.6024" periodicity1="2" phase1="3.141592653589793" type1="na" type2="ca" type3="cd" type4="hn"/>
    <Improper k1="4.6024" periodicity1="2" phase1="3.141592653589793" type1="cd" type2="cc" type3="h4" type4="na"/>
  </PeriodicTorsionForce>
</ForceField>
