<ForceField>
  <Info>
    <DateGenerated>2019-07-05</DateGenerated>
  </Info>
  <Residues>
    <Residue name="MC_0O4">
      <Atom charge="-0.6051" name="O1" type="o"/>
      <Atom charge="0.6737" name="C2" type="c"/>
      <Atom charge="-0.5869" name="N3" type="ns"/>
      <Atom charge="0.111" name="C4" type="c3"/>
      <Atom charge="0.1448" name="C5" type="c3"/>
      <Atom charge="-0.7236" name="N6" type="n3"/>
      <Atom charge="0.1213" name="C11" type="c3"/>
      <Atom charge="0.1399" name="C10" type="c3"/>
      <Atom charge="-0.4246" name="O9" type="os"/>
      <Atom charge="0.1399" name="C8" type="c3"/>
      <Atom charge="0.1213" name="C7" type="c3"/>
      <Atom charge="-0.1396" name="C12" type="ca"/>
      <Atom charge="-0.093" name="C13" type="ca"/>
      <Atom charge="-0.093" name="C17" type="ca"/>
      <Atom charge="-0.1145" name="C16" type="ca"/>
      <Atom charge="-0.1195" name="C15" type="cp"/>
      <Atom charge="-0.1145" name="C14" type="ca"/>
      <Atom charge="0.4958" name="C18" type="cp"/>
      <Atom charge="-0.688" name="N19" type="nb"/>
      <Atom charge="0.4142" name="C20" type="ca"/>
      <Atom charge="-0.1503" name="C27" type="ca"/>
      <Atom charge="-0.111" name="C26" type="ca"/>
      <Atom charge="-0.129" name="C25" type="ca"/>
      <Atom charge="-0.011" name="C22" type="ca"/>
      <Atom charge="-0.2373" name="C21" type="ca"/>
      <Atom charge="-0.123" name="C23" type="ca"/>
      <Atom charge="-0.109" name="C24" type="ca"/>
      <Atom charge="0.3135" name="H1" type="hn"/>
      <Atom charge="0.0622" name="H2" type="h1"/>
      <Atom charge="0.0622" name="H3" type="h1"/>
      <Atom charge="0.0372" name="H4" type="h1"/>
      <Atom charge="0.0372" name="H5" type="h1"/>
      <Atom charge="0.0447" name="H7" type="h1"/>
      <Atom charge="0.0447" name="H8" type="h1"/>
      <Atom charge="0.0552" name="H9" type="h1"/>
      <Atom charge="0.0552" name="H10" type="h1"/>
      <Atom charge="0.0552" name="H11" type="h1"/>
      <Atom charge="0.0552" name="H12" type="h1"/>
      <Atom charge="0.0447" name="H13" type="h1"/>
      <Atom charge="0.0447" name="H14" type="h1"/>
      <Atom charge="0.143" name="H15" type="ha"/>
      <Atom charge="0.143" name="H16" type="ha"/>
      <Atom charge="0.1475" name="H17" type="ha"/>
      <Atom charge="0.1475" name="H18" type="ha"/>
      <Atom charge="0.0221" name="H19" type="h4"/>
      <Atom charge="0.149" name="H20" type="ha"/>
      <Atom charge="0.133" name="H21" type="ha"/>
      <Atom charge="0.141" name="H22" type="ha"/>
      <Atom charge="0.137" name="H23" type="ha"/>
      <Atom charge="0.132" name="H24" type="ha"/>
      <Bond atomName1="C25" atomName2="C24"/>
      <Bond atomName1="C25" atomName2="C26"/>
      <Bond atomName1="C24" atomName2="C23"/>
      <Bond atomName1="C26" atomName2="C27"/>
      <Bond atomName1="C23" atomName2="C22"/>
      <Bond atomName1="C27" atomName2="C22"/>
      <Bond atomName1="C27" atomName2="C18"/>
      <Bond atomName1="C22" atomName2="C21"/>
      <Bond atomName1="C13" atomName2="C14"/>
      <Bond atomName1="C13" atomName2="C12"/>
      <Bond atomName1="C14" atomName2="C15"/>
      <Bond atomName1="C4" atomName2="N3"/>
      <Bond atomName1="C4" atomName2="C5"/>
      <Bond atomName1="C15" atomName2="C18"/>
      <Bond atomName1="C15" atomName2="C16"/>
      <Bond atomName1="N3" atomName2="C2"/>
      <Bond atomName1="C2" atomName2="O1"/>
      <Bond atomName1="C2" atomName2="C12"/>
      <Bond atomName1="C12" atomName2="C17"/>
      <Bond atomName1="C18" atomName2="N19"/>
      <Bond atomName1="C17" atomName2="C16"/>
      <Bond atomName1="C21" atomName2="C20"/>
      <Bond atomName1="C7" atomName2="C8"/>
      <Bond atomName1="C7" atomName2="N6"/>
      <Bond atomName1="N19" atomName2="C20"/>
      <Bond atomName1="C5" atomName2="N6"/>
      <Bond atomName1="C8" atomName2="O9"/>
      <Bond atomName1="N6" atomName2="C11"/>
      <Bond atomName1="O9" atomName2="C10"/>
      <Bond atomName1="C11" atomName2="C10"/>
      <Bond atomName1="N3" atomName2="H1"/>
      <Bond atomName1="C4" atomName2="H2"/>
      <Bond atomName1="C4" atomName2="H3"/>
      <Bond atomName1="C5" atomName2="H4"/>
      <Bond atomName1="C5" atomName2="H5"/>
      <Bond atomName1="C11" atomName2="H7"/>
      <Bond atomName1="C11" atomName2="H8"/>
      <Bond atomName1="C10" atomName2="H9"/>
      <Bond atomName1="C10" atomName2="H10"/>
      <Bond atomName1="C8" atomName2="H11"/>
      <Bond atomName1="C8" atomName2="H12"/>
      <Bond atomName1="C7" atomName2="H13"/>
      <Bond atomName1="C7" atomName2="H14"/>
      <Bond atomName1="C13" atomName2="H15"/>
      <Bond atomName1="C17" atomName2="H16"/>
      <Bond atomName1="C16" atomName2="H17"/>
      <Bond atomName1="C14" atomName2="H18"/>
      <Bond atomName1="C20" atomName2="H19"/>
      <Bond atomName1="C26" atomName2="H20"/>
      <Bond atomName1="C25" atomName2="H21"/>
      <Bond atomName1="C21" atomName2="H22"/>
      <Bond atomName1="C23" atomName2="H23"/>
      <Bond atomName1="C24" atomName2="H24"/>
    </Residue>
  </Residues>
  <HarmonicBondForce>
    <Bond k="298068.1599999999" length="0.1379" type1="c" type2="ns"/>
    <Bond k="220747.83999999997" length="0.1462" type1="c3" type2="ns"/>
    <Bond k="441244.6399999999" length="0.1013" type1="hn" type2="ns"/>
  </HarmonicBondForce>
  <HarmonicAngleForce>
    <Angle angle="2.1476276445790226" k="952.2784" type1="ns" type2="c" type3="o"/>
    <Angle angle="2.1064378742319563" k="546.4304" type1="c" type2="ns" type3="c3"/>
    <Angle angle="2.051634535719334" k="407.52160000000003" type1="c" type2="ns" type3="hn"/>
    <Angle angle="2.011491962923465" k="714.6272000000001" type1="ca" type2="c" type3="ns"/>
    <Angle angle="1.9479619781508712" k="696.2176000000001" type1="c3" type2="c3" type3="ns"/>
    <Angle angle="1.900314489571426" k="514.6320000000001" type1="h1" type2="c3" type3="ns"/>
    <Angle angle="2.053903463746927" k="385.76480000000004" type1="c3" type2="ns" type3="hn"/>
  </HarmonicAngleForce>
  <PeriodicTorsionForce>
    <Proper k1="10.46" periodicity1="2" phase1="3.141592653589793" type1="o" type2="c" type3="ns" type4="c3"/>
    <Proper k1="10.46" k2="8.368" periodicity1="2" periodicity2="1" phase1="3.141592653589793" phase2="0.0" type1="o" type2="c" type3="ns" type4="hn"/>
    <Proper k1="0.41840000000000005" k2="0.7112800000000001" k3="4.26768" periodicity1="4" periodicity2="3" periodicity3="1" phase1="3.141592653589793" phase2="0.0" phase3="3.141592653589793" type1="c3" type2="c3" type3="ns" type4="c"/>
    <Proper k1="0.0" periodicity1="2" phase1="3.141592653589793" type1="h1" type2="c3" type3="ns" type4="c"/>
    <Proper k1="10.46" periodicity1="2" phase1="3.141592653589793" type1="ca" type2="c" type3="ns" type4="c3"/>
    <Proper k1="0.0" periodicity1="2" phase1="0.0" type1="c3" type2="c3" type3="ns" type4="hn"/>
    <Proper k1="10.46" periodicity1="2" phase1="3.141592653589793" type1="ca" type2="c" type3="ns" type4="hn"/>
    <Proper k1="2.0710800000000003" periodicity1="3" phase1="0.0" type1="cp" type2="cp" type3="nb" type4="ca"/>
    <Proper k1="2.0710800000000003" periodicity1="3" phase1="0.0" type1="ca" type2="cp" type3="nb" type4="ca"/>
    <Proper k1="0.0" periodicity1="2" phase1="0.0" type1="h1" type2="c3" type3="ns" type4="hn"/>
    <Improper k1="43.932" periodicity1="2" phase1="3.141592653589793" type1="c" type2="ca" type3="ns" type4="o"/>
    <Improper k1="4.6024" periodicity1="2" phase1="3.141592653589793" type1="ns" type2="c" type3="c3" type4="hn"/>
    <Improper k1="4.6024" periodicity1="2" phase1="3.141592653589793" type1="ca" type2="c" type3="ca" type4="ca"/>
    <Improper k1="4.6024" periodicity1="2" phase1="3.141592653589793" type1="ca" type2="ca" type3="ca" type4="ha"/>
    <Improper k1="4.6024" periodicity1="2" phase1="3.141592653589793" type1="ca" type2="ca" type3="cp" type4="ha"/>
    <Improper k1="4.6024" periodicity1="2" phase1="3.141592653589793" type1="cp" type2="ca" type3="ca" type4="cp"/>
    <Improper k1="4.6024" periodicity1="2" phase1="3.141592653589793" type1="cp" type2="ca" type3="cp" type4="nb"/>
    <Improper k1="4.6024" periodicity1="2" phase1="3.141592653589793" type1="ca" type2="ca" type3="h4" type4="nb"/>
    <Improper k1="4.6024" periodicity1="2" phase1="3.141592653589793" type1="ca" type2="ca" type3="ca" type4="cp"/>
    <Improper k1="4.6024" periodicity1="2" phase1="3.141592653589793" type1="ca" type2="ca" type3="ca" type4="ca"/>
  </PeriodicTorsionForce>
</ForceField>
