<ForceField>
  <Info>
    <DateGenerated>2019-07-05</DateGenerated>
  </Info>
  <Residues>
    <Residue name="MC_0OA">
      <Atom charge="-0.82" name="O15" type="o"/>
      <Atom charge="1.3578" name="P12" type="p5"/>
      <Atom charge="-0.82" name="O14" type="o"/>
      <Atom charge="-0.5952" name="O13" type="os"/>
      <Atom charge="0.2364" name="C16" type="c3"/>
      <Atom charge="0.1391" name="C17" type="c3"/>
      <Atom charge="-0.4016" name="O22" type="os"/>
      <Atom charge="0.1387" name="C23" type="c3"/>
      <Atom charge="0.1074" name="C18" type="c3"/>
      <Atom charge="-0.4356" name="O19" type="os"/>
      <Atom charge="0.1404" name="C20" type="c3"/>
      <Atom charge="-0.0824" name="C21" type="c3"/>
      <Atom charge="-0.5802" name="O11" type="os"/>
      <Atom charge="0.2491" name="C4" type="c3"/>
      <Atom charge="0.1281" name="C3" type="c3"/>
      <Atom charge="-0.5638" name="O7" type="oh"/>
      <Atom charge="0.1231" name="C2" type="c3"/>
      <Atom charge="-0.6138" name="O8" type="oh"/>
      <Atom charge="0.1261" name="C5" type="c3"/>
      <Atom charge="-0.1234" name="C6" type="c3"/>
      <Atom charge="0.1341" name="C1" type="c3"/>
      <Atom charge="-0.6158" name="O9" type="oh"/>
      <Atom charge="-0.4156" name="O10" type="os"/>
      <Atom charge="0.0397" name="H2" type="h1"/>
      <Atom charge="0.0397" name="H3" type="h1"/>
      <Atom charge="0.0497" name="H4" type="h1"/>
      <Atom charge="0.021367" name="H5" type="h1"/>
      <Atom charge="0.021367" name="H6" type="h1"/>
      <Atom charge="0.021367" name="H7" type="h1"/>
      <Atom charge="0.0317" name="H8" type="h1"/>
      <Atom charge="0.0317" name="H9" type="h1"/>
      <Atom charge="0.0197" name="H10" type="h1"/>
      <Atom charge="0.0197" name="H11" type="h1"/>
      <Atom charge="0.0512" name="H12" type="hc"/>
      <Atom charge="0.0512" name="H13" type="hc"/>
      <Atom charge="0.0717" name="H15" type="h1"/>
      <Atom charge="0.0557" name="H16" type="h1"/>
      <Atom charge="0.397" name="H17" type="ho"/>
      <Atom charge="0.0557" name="H18" type="h1"/>
      <Atom charge="0.403" name="H19" type="ho"/>
      <Atom charge="0.0647" name="H20" type="h1"/>
      <Atom charge="0.0512" name="H21" type="hc"/>
      <Atom charge="0.0512" name="H22" type="hc"/>
      <Atom charge="0.0537" name="H23" type="h1"/>
      <Atom charge="0.394" name="H24" type="ho"/>
      <Atom charge="0.1414" name="C7" type="c3"/>
      <Atom charge="-0.0814" name="C13" type="c3"/>
      <Atom charge="-0.0804" name="C14" type="c3"/>
      <Atom charge="-0.0824" name="C15" type="c3"/>
      <Atom charge="-0.0824" name="C19" type="c3"/>
      <Atom charge="-0.0824" name="C22" type="c3"/>
      <Atom charge="-0.0824" name="C24" type="c3"/>
      <Atom charge="-0.0824" name="C25" type="c3"/>
      <Atom charge="-0.0824" name="C26" type="c3"/>
      <Atom charge="-0.0824" name="C27" type="c3"/>
      <Atom charge="-0.0824" name="C28" type="c3"/>
      <Atom charge="-0.0824" name="C29" type="c3"/>
      <Atom charge="-0.0824" name="C30" type="c3"/>
      <Atom charge="-0.0824" name="C31" type="c3"/>
      <Atom charge="-0.0814" name="C32" type="c3"/>
      <Atom charge="-0.0844" name="C33" type="c3"/>
      <Atom charge="-0.0921" name="C34" type="c3"/>
      <Atom charge="0.0402" name="H35" type="hc"/>
      <Atom charge="0.0402" name="H36" type="hc"/>
      <Atom charge="0.0422" name="H37" type="hc"/>
      <Atom charge="0.0422" name="H38" type="hc"/>
      <Atom charge="0.0407" name="H39" type="hc"/>
      <Atom charge="0.0407" name="H40" type="hc"/>
      <Atom charge="0.0407" name="H41" type="hc"/>
      <Atom charge="0.0407" name="H42" type="hc"/>
      <Atom charge="0.0407" name="H43" type="hc"/>
      <Atom charge="0.0407" name="H44" type="hc"/>
      <Atom charge="0.0407" name="H45" type="hc"/>
      <Atom charge="0.0407" name="H46" type="hc"/>
      <Atom charge="0.0407" name="H47" type="hc"/>
      <Atom charge="0.0407" name="H48" type="hc"/>
      <Atom charge="0.0407" name="H49" type="hc"/>
      <Atom charge="0.0407" name="H50" type="hc"/>
      <Atom charge="0.0407" name="H51" type="hc"/>
      <Atom charge="0.0407" name="H52" type="hc"/>
      <Atom charge="0.0407" name="H53" type="hc"/>
      <Atom charge="0.0407" name="H54" type="hc"/>
      <Atom charge="0.0407" name="H55" type="hc"/>
      <Atom charge="0.0407" name="H56" type="hc"/>
      <Atom charge="0.0407" name="H57" type="hc"/>
      <Atom charge="0.0407" name="H58" type="hc"/>
      <Atom charge="0.0407" name="H59" type="hc"/>
      <Atom charge="0.0407" name="H60" type="hc"/>
      <Atom charge="0.0407" name="H61" type="hc"/>
      <Atom charge="0.0407" name="H62" type="hc"/>
      <Atom charge="-0.0677" name="C8" type="c3"/>
      <Atom charge="-0.0734" name="C9" type="c3"/>
      <Atom charge="-0.0789" name="C10" type="c3"/>
      <Atom charge="-0.0804" name="C11" type="c3"/>
      <Atom charge="-0.0789" name="C12" type="c3"/>
      <Atom charge="-0.0734" name="C35" type="c3"/>
      <Atom charge="0.0212" name="H14" type="h1"/>
      <Atom charge="0.0212" name="H25" type="h1"/>
      <Atom charge="0.0397" name="H541" type="hc"/>
      <Atom charge="0.0397" name="H551" type="hc"/>
      <Atom charge="0.032033" name="H561" type="hc"/>
      <Atom charge="0.032033" name="H571" type="hc"/>
      <Atom charge="0.032033" name="H581" type="hc"/>
      <Atom charge="0.0537" name="H591" type="hc"/>
      <Atom charge="0.0497" name="H601" type="hc"/>
      <Atom charge="0.0497" name="H611" type="hc"/>
      <Atom charge="0.03545" name="H621" type="hc"/>
      <Atom charge="0.03545" name="H63" type="hc"/>
      <Atom charge="0.0347" name="H64" type="hc"/>
      <Atom charge="0.0347" name="H65" type="hc"/>
      <Atom charge="0.03545" name="H66" type="hc"/>
      <Atom charge="0.03545" name="H67" type="hc"/>
      <Atom charge="0.0497" name="H68" type="hc"/>
      <Atom charge="0.0497" name="H69" type="hc"/>
      <Bond atomName1="P12" atomName2="O15"/>
      <Bond atomName1="O14" atomName2="P12"/>
      <Bond atomName1="O13" atomName2="P12"/>
      <Bond atomName1="O13" atomName2="C16"/>
      <Bond atomName1="C16" atomName2="C17"/>
      <Bond atomName1="C16" atomName2="H2"/>
      <Bond atomName1="C16" atomName2="H3"/>
      <Bond atomName1="C17" atomName2="O22"/>
      <Bond atomName1="C17" atomName2="C18"/>
      <Bond atomName1="C17" atomName2="H4"/>
      <Bond atomName1="O22" atomName2="C23"/>
      <Bond atomName1="C23" atomName2="H5"/>
      <Bond atomName1="C23" atomName2="H6"/>
      <Bond atomName1="C23" atomName2="H7"/>
      <Bond atomName1="C18" atomName2="O19"/>
      <Bond atomName1="C18" atomName2="H8"/>
      <Bond atomName1="C18" atomName2="H9"/>
      <Bond atomName1="O19" atomName2="C20"/>
      <Bond atomName1="C20" atomName2="C21"/>
      <Bond atomName1="C20" atomName2="H10"/>
      <Bond atomName1="C20" atomName2="H11"/>
      <Bond atomName1="C21" atomName2="H12"/>
      <Bond atomName1="C21" atomName2="H13"/>
      <Bond atomName1="C21" atomName2="C13"/>
      <Bond atomName1="O11" atomName2="C4"/>
      <Bond atomName1="O11" atomName2="P12"/>
      <Bond atomName1="C4" atomName2="H15"/>
      <Bond atomName1="C3" atomName2="O7"/>
      <Bond atomName1="C3" atomName2="C4"/>
      <Bond atomName1="C3" atomName2="H16"/>
      <Bond atomName1="O7" atomName2="H17"/>
      <Bond atomName1="C2" atomName2="C3"/>
      <Bond atomName1="C2" atomName2="H18"/>
      <Bond atomName1="O8" atomName2="C2"/>
      <Bond atomName1="O8" atomName2="H19"/>
      <Bond atomName1="C5" atomName2="C4"/>
      <Bond atomName1="C5" atomName2="H20"/>
      <Bond atomName1="C6" atomName2="C5"/>
      <Bond atomName1="C6" atomName2="H21"/>
      <Bond atomName1="C6" atomName2="H22"/>
      <Bond atomName1="C1" atomName2="C2"/>
      <Bond atomName1="C1" atomName2="C6"/>
      <Bond atomName1="C1" atomName2="H23"/>
      <Bond atomName1="O9" atomName2="C1"/>
      <Bond atomName1="O9" atomName2="H24"/>
      <Bond atomName1="O10" atomName2="C5"/>
      <Bond atomName1="O10" atomName2="C7"/>
      <Bond atomName1="C7" atomName2="C8"/>
      <Bond atomName1="C7" atomName2="H14"/>
      <Bond atomName1="C7" atomName2="H25"/>
      <Bond atomName1="C13" atomName2="C14"/>
      <Bond atomName1="C13" atomName2="H35"/>
      <Bond atomName1="C13" atomName2="H36"/>
      <Bond atomName1="C14" atomName2="C15"/>
      <Bond atomName1="C14" atomName2="H37"/>
      <Bond atomName1="C14" atomName2="H38"/>
      <Bond atomName1="C15" atomName2="C19"/>
      <Bond atomName1="C15" atomName2="H39"/>
      <Bond atomName1="C15" atomName2="H40"/>
      <Bond atomName1="C19" atomName2="C22"/>
      <Bond atomName1="C19" atomName2="H41"/>
      <Bond atomName1="C19" atomName2="H42"/>
      <Bond atomName1="C22" atomName2="C24"/>
      <Bond atomName1="C22" atomName2="H43"/>
      <Bond atomName1="C22" atomName2="H44"/>
      <Bond atomName1="C24" atomName2="C25"/>
      <Bond atomName1="C24" atomName2="H45"/>
      <Bond atomName1="C24" atomName2="H46"/>
      <Bond atomName1="C25" atomName2="C26"/>
      <Bond atomName1="C25" atomName2="H47"/>
      <Bond atomName1="C25" atomName2="H48"/>
      <Bond atomName1="C26" atomName2="C27"/>
      <Bond atomName1="C26" atomName2="H49"/>
      <Bond atomName1="C26" atomName2="H50"/>
      <Bond atomName1="C27" atomName2="C28"/>
      <Bond atomName1="C27" atomName2="H51"/>
      <Bond atomName1="C27" atomName2="H52"/>
      <Bond atomName1="C28" atomName2="C29"/>
      <Bond atomName1="C28" atomName2="H53"/>
      <Bond atomName1="C28" atomName2="H54"/>
      <Bond atomName1="C29" atomName2="C30"/>
      <Bond atomName1="C29" atomName2="H55"/>
      <Bond atomName1="C29" atomName2="H56"/>
      <Bond atomName1="C30" atomName2="C31"/>
      <Bond atomName1="C30" atomName2="H57"/>
      <Bond atomName1="C30" atomName2="H58"/>
      <Bond atomName1="C31" atomName2="C32"/>
      <Bond atomName1="C31" atomName2="H59"/>
      <Bond atomName1="C31" atomName2="H60"/>
      <Bond atomName1="C32" atomName2="C33"/>
      <Bond atomName1="C32" atomName2="H61"/>
      <Bond atomName1="C32" atomName2="H62"/>
      <Bond atomName1="C33" atomName2="C34"/>
      <Bond atomName1="C8" atomName2="C9"/>
      <Bond atomName1="C9" atomName2="C10"/>
      <Bond atomName1="C10" atomName2="C11"/>
      <Bond atomName1="C11" atomName2="C12"/>
      <Bond atomName1="C12" atomName2="C35"/>
      <Bond atomName1="C35" atomName2="C8"/>
      <Bond atomName1="C33" atomName2="H541"/>
      <Bond atomName1="C33" atomName2="H551"/>
      <Bond atomName1="C34" atomName2="H561"/>
      <Bond atomName1="C34" atomName2="H571"/>
      <Bond atomName1="C34" atomName2="H581"/>
      <Bond atomName1="C8" atomName2="H591"/>
      <Bond atomName1="C9" atomName2="H601"/>
      <Bond atomName1="C9" atomName2="H611"/>
      <Bond atomName1="C10" atomName2="H621"/>
      <Bond atomName1="C10" atomName2="H63"/>
      <Bond atomName1="C11" atomName2="H64"/>
      <Bond atomName1="C11" atomName2="H65"/>
      <Bond atomName1="C12" atomName2="H66"/>
      <Bond atomName1="C12" atomName2="H67"/>
      <Bond atomName1="C35" atomName2="H68"/>
      <Bond atomName1="C35" atomName2="H69"/>
    </Residue>
  </Residues>
</ForceField>
