<ForceField>
  <Info>
    <DateGenerated>2019-07-05</DateGenerated>
  </Info>
  <Residues>
    <Residue name="MC_0OH">
      <Atom charge="-0.8455" name="OAF" type="o"/>
      <Atom charge="1.3369" name="PBC" type="p5"/>
      <Atom charge="-0.8455" name="OAG" type="o"/>
      <Atom charge="-0.8455" name="OAB" type="o"/>
      <Atom charge="-0.7358" name="OAS" type="os"/>
      <Atom charge="1.5088" name="PBE" type="p5"/>
      <Atom charge="-0.8695" name="OAI" type="o"/>
      <Atom charge="-0.8695" name="OAD" type="o"/>
      <Atom charge="-0.7228" name="OAT" type="os"/>
      <Atom charge="1.4388" name="PBD" type="p5"/>
      <Atom charge="-0.8545" name="OAH" type="o"/>
      <Atom charge="-0.8545" name="OAC" type="o"/>
      <Atom charge="-0.5832" name="OAR" type="os"/>
      <Atom charge="0.2704" name="CAL" type="c3"/>
      <Atom charge="-0.086" name="CBB" type="cx"/>
      <Atom charge="-0.2187" name="CAZ" type="cx"/>
      <Atom charge="-0.0804" name="CAN" type="cx"/>
      <Atom charge="0.1881" name="CAX" type="c3"/>
      <Atom charge="-0.5428" name="OAE" type="oh"/>
      <Atom charge="-0.1574" name="CAM" type="c3"/>
      <Atom charge="0.096" name="CAY" type="c3"/>
      <Atom charge="-0.245" name="N9" type="na"/>
      <Atom charge="0.3917" name="C8" type="cc"/>
      <Atom charge="-0.6011" name="N7" type="nd"/>
      <Atom charge="-0.2052" name="C5" type="ca"/>
      <Atom charge="0.4578" name="C4" type="ca"/>
      <Atom charge="-0.818" name="N3" type="nb"/>
      <Atom charge="0.6089" name="C2" type="ca"/>
      <Atom charge="-0.824" name="N1" type="nb"/>
      <Atom charge="0.6772" name="C6" type="ca"/>
      <Atom charge="-1.0255" name="N6" type="nv"/>
      <Atom charge="0.0232" name="H5" type="h1"/>
      <Atom charge="0.0232" name="H6" type="h1"/>
      <Atom charge="0.0957" name="H7" type="hc"/>
      <Atom charge="0.0722" name="H8" type="hc"/>
      <Atom charge="0.0722" name="H9" type="hc"/>
      <Atom charge="0.0557" name="H10" type="h1"/>
      <Atom charge="0.38" name="H11" type="ho"/>
      <Atom charge="0.0492" name="H12" type="hc"/>
      <Atom charge="0.0492" name="H13" type="hc"/>
      <Atom charge="0.0677" name="H14" type="h1"/>
      <Atom charge="0.1098" name="H15" type="h5"/>
      <Atom charge="0.0161" name="H16" type="h5"/>
      <Atom charge="0.4208" name="H17" type="hn"/>
      <Atom charge="0.4208" name="H18" type="hn"/>
      <Bond atomName1="OAG" atomName2="PBC"/>
      <Bond atomName1="OAB" atomName2="PBC"/>
      <Bond atomName1="OAF" atomName2="PBC"/>
      <Bond atomName1="PBC" atomName2="OAS"/>
      <Bond atomName1="OAC" atomName2="PBD"/>
      <Bond atomName1="OAH" atomName2="PBD"/>
      <Bond atomName1="OAT" atomName2="PBD"/>
      <Bond atomName1="OAT" atomName2="PBE"/>
      <Bond atomName1="PBD" atomName2="OAR"/>
      <Bond atomName1="OAS" atomName2="PBE"/>
      <Bond atomName1="PBE" atomName2="OAD"/>
      <Bond atomName1="PBE" atomName2="OAI"/>
      <Bond atomName1="OAR" atomName2="CAL"/>
      <Bond atomName1="CAL" atomName2="CBB"/>
      <Bond atomName1="N7" atomName2="C8"/>
      <Bond atomName1="N7" atomName2="C5"/>
      <Bond atomName1="C8" atomName2="N9"/>
      <Bond atomName1="N6" atomName2="C6"/>
      <Bond atomName1="CBB" atomName2="CAZ"/>
      <Bond atomName1="CBB" atomName2="CAX"/>
      <Bond atomName1="CBB" atomName2="CAN"/>
      <Bond atomName1="C5" atomName2="C6"/>
      <Bond atomName1="C5" atomName2="C4"/>
      <Bond atomName1="CAZ" atomName2="CAN"/>
      <Bond atomName1="CAZ" atomName2="CAY"/>
      <Bond atomName1="C6" atomName2="N1"/>
      <Bond atomName1="CAX" atomName2="OAE"/>
      <Bond atomName1="CAX" atomName2="CAM"/>
      <Bond atomName1="N9" atomName2="C4"/>
      <Bond atomName1="N9" atomName2="CAY"/>
      <Bond atomName1="C4" atomName2="N3"/>
      <Bond atomName1="CAY" atomName2="CAM"/>
      <Bond atomName1="N1" atomName2="C2"/>
      <Bond atomName1="N3" atomName2="C2"/>
      <Bond atomName1="CAL" atomName2="H5"/>
      <Bond atomName1="CAL" atomName2="H6"/>
      <Bond atomName1="CAZ" atomName2="H7"/>
      <Bond atomName1="CAN" atomName2="H8"/>
      <Bond atomName1="CAN" atomName2="H9"/>
      <Bond atomName1="CAX" atomName2="H10"/>
      <Bond atomName1="OAE" atomName2="H11"/>
      <Bond atomName1="CAM" atomName2="H12"/>
      <Bond atomName1="CAM" atomName2="H13"/>
      <Bond atomName1="CAY" atomName2="H14"/>
      <Bond atomName1="C8" atomName2="H15"/>
      <Bond atomName1="C2" atomName2="H16"/>
      <Bond atomName1="N6" atomName2="H17"/>
      <Bond atomName1="N6" atomName2="H18"/>
    </Residue>
  </Residues>
  <HarmonicBondForce>
    <Bond k="290453.27999999997" length="0.1386" type1="ca" type2="nv"/>
    <Bond k="443085.5999999999" length="0.10120000000000001" type1="hn" type2="nv"/>
  </HarmonicBondForce>
  <HarmonicAngleForce>
    <Angle angle="2.1109757302871417" k="721.3216000000001" type1="ca" type2="ca" type3="nv"/>
    <Angle angle="2.040988027282169" k="938.0527999999999" type1="nb" type2="ca" type3="nv"/>
    <Angle angle="2.0258036627898184" k="408.3584" type1="ca" type2="nv" type3="hn"/>
    <Angle angle="2.0092230348958724" k="330.536" type1="hn" type2="nv" type3="hn"/>
  </HarmonicAngleForce>
  <PeriodicTorsionForce>
    <Proper k1="0.87864" periodicity1="3" phase1="0.0" type1="os" type2="c3" type3="cx" type4="cx"/>
    <Proper k1="0.87864" periodicity1="3" phase1="0.0" type1="os" type2="c3" type3="cx" type4="c3"/>
    <Proper k1="0.87864" periodicity1="3" phase1="0.0" type1="oh" type2="c3" type3="cx" type4="c3"/>
    <Proper k1="0.5439200000000001" k2="1.21336" k3="0.46024000000000004" periodicity1="3" periodicity2="2" periodicity3="1" phase1="0.0" phase2="3.141592653589793" phase3="0.0" type1="c3" type2="c3" type3="cx" type4="c3"/>
    <Proper k1="0.33472" periodicity1="3" phase1="0.0" type1="h1" type2="c3" type3="cx" type4="c3"/>
    <Proper k1="0.5439200000000001" k2="1.21336" k3="0.46024000000000004" periodicity1="3" periodicity2="2" periodicity3="1" phase1="0.0" phase2="3.141592653589793" phase3="0.0" type1="c3" type2="c3" type3="cx" type4="cx"/>
    <Proper k1="0.87864" periodicity1="3" phase1="0.0" type1="na" type2="c3" type3="cx" type4="cx"/>
    <Proper k1="0.33472" periodicity1="3" phase1="0.0" type1="h1" type2="c3" type3="cx" type4="cx"/>
    <Proper k1="0.87864" periodicity1="3" phase1="0.0" type1="oh" type2="c3" type3="cx" type4="cx"/>
    <Proper k1="0.33472" periodicity1="3" phase1="0.0" type1="c3" type2="c3" type3="cx" type4="hc"/>
    <Proper k1="0.41840000000000005" periodicity1="3" phase1="0.0" type1="na" type2="c3" type3="cx" type4="hc"/>
    <Proper k1="4.3932" periodicity1="2" phase1="3.141592653589793" type1="ca" type2="ca" type3="nv" type4="hn"/>
    <Proper k1="4.3932" periodicity1="2" phase1="3.141592653589793" type1="nb" type2="ca" type3="nv" type4="hn"/>
    <Proper k1="0.50208" periodicity1="3" phase1="0.0" type1="h1" type2="c3" type3="cx" type4="hc"/>
    <Improper k1="4.6024" periodicity1="2" phase1="3.141592653589793" type1="na" type2="c3" type3="ca" type4="cc"/>
    <Improper k1="4.6024" periodicity1="2" phase1="3.141592653589793" type1="cc" type2="h5" type3="na" type4="nd"/>
    <Improper k1="4.6024" periodicity1="2" phase1="3.141592653589793" type1="ca" type2="ca" type3="ca" type4="nd"/>
    <Improper k1="4.6024" periodicity1="2" phase1="3.141592653589793" type1="ca" type2="ca" type3="na" type4="nb"/>
    <Improper k1="4.6024" periodicity1="2" phase1="3.141592653589793" type1="ca" type2="h5" type3="nb" type4="nb"/>
    <Improper k1="4.6024" periodicity1="2" phase1="3.141592653589793" type1="ca" type2="ca" type3="nb" type4="nv"/>
    <Improper k1="4.6024" periodicity1="2" phase1="3.141592653589793" type1="nv" type2="ca" type3="hn" type4="hn"/>
  </PeriodicTorsionForce>
</ForceField>
