<ForceField>
  <Info>
    <DateGenerated>2019-07-05</DateGenerated>
  </Info>
  <Residues>
    <Residue name="MC_0OL">
      <Atom charge="0.0995" name="CAJ" type="c3"/>
      <Atom charge="-0.0994" name="CAH" type="c3"/>
      <Atom charge="-0.0814" name="CAG" type="c3"/>
      <Atom charge="-0.0994" name="CAI" type="c3"/>
      <Atom charge="0.0995" name="CAK" type="c3"/>
      <Atom charge="-0.4858" name="NAN" type="n"/>
      <Atom charge="0.6767" name="CAL" type="c"/>
      <Atom charge="-0.6041" name="OAA" type="o"/>
      <Atom charge="-0.1366" name="CAM" type="ca"/>
      <Atom charge="-0.095" name="CAE" type="ca"/>
      <Atom charge="-0.136" name="CAC" type="ca"/>
      <Atom charge="-0.112" name="CAB" type="ca"/>
      <Atom charge="-0.136" name="CAD" type="ca"/>
      <Atom charge="-0.095" name="CAF" type="ca"/>
      <Atom charge="0.05895" name="H1" type="h1"/>
      <Atom charge="0.05895" name="H2" type="h1"/>
      <Atom charge="0.0502" name="H3" type="hc"/>
      <Atom charge="0.0502" name="H4" type="hc"/>
      <Atom charge="0.0427" name="H5" type="hc"/>
      <Atom charge="0.0427" name="H6" type="hc"/>
      <Atom charge="0.0502" name="H7" type="hc"/>
      <Atom charge="0.0502" name="H8" type="hc"/>
      <Atom charge="0.05895" name="H9" type="h1"/>
      <Atom charge="0.05895" name="H10" type="h1"/>
      <Atom charge="0.1415" name="H11" type="ha"/>
      <Atom charge="0.1335" name="H12" type="ha"/>
      <Atom charge="0.132" name="H13" type="ha"/>
      <Atom charge="0.1335" name="H14" type="ha"/>
      <Atom charge="0.1415" name="H15" type="ha"/>
      <Bond atomName1="CAC" atomName2="CAB"/>
      <Bond atomName1="CAC" atomName2="CAE"/>
      <Bond atomName1="CAB" atomName2="CAD"/>
      <Bond atomName1="CAE" atomName2="CAM"/>
      <Bond atomName1="CAD" atomName2="CAF"/>
      <Bond atomName1="CAM" atomName2="CAF"/>
      <Bond atomName1="CAM" atomName2="CAL"/>
      <Bond atomName1="CAL" atomName2="OAA"/>
      <Bond atomName1="CAL" atomName2="NAN"/>
      <Bond atomName1="CAK" atomName2="NAN"/>
      <Bond atomName1="CAK" atomName2="CAI"/>
      <Bond atomName1="NAN" atomName2="CAJ"/>
      <Bond atomName1="CAI" atomName2="CAG"/>
      <Bond atomName1="CAJ" atomName2="CAH"/>
      <Bond atomName1="CAH" atomName2="CAG"/>
      <Bond atomName1="CAJ" atomName2="H1"/>
      <Bond atomName1="CAJ" atomName2="H2"/>
      <Bond atomName1="CAH" atomName2="H3"/>
      <Bond atomName1="CAH" atomName2="H4"/>
      <Bond atomName1="CAG" atomName2="H5"/>
      <Bond atomName1="CAG" atomName2="H6"/>
      <Bond atomName1="CAI" atomName2="H7"/>
      <Bond atomName1="CAI" atomName2="H8"/>
      <Bond atomName1="CAK" atomName2="H9"/>
      <Bond atomName1="CAK" atomName2="H10"/>
      <Bond atomName1="CAE" atomName2="H11"/>
      <Bond atomName1="CAC" atomName2="H12"/>
      <Bond atomName1="CAB" atomName2="H13"/>
      <Bond atomName1="CAD" atomName2="H14"/>
      <Bond atomName1="CAF" atomName2="H15"/>
    </Residue>
  </Residues>
  <PeriodicTorsionForce>
    <Improper k1="4.6024" periodicity1="2" phase1="3.141592653589793" type1="n" type2="c" type3="c3" type4="c3"/>
    <Improper k1="43.932" periodicity1="2" phase1="3.141592653589793" type1="c" type2="ca" type3="n" type4="o"/>
    <Improper k1="4.6024" periodicity1="2" phase1="3.141592653589793" type1="ca" type2="c" type3="ca" type4="ca"/>
    <Improper k1="4.6024" periodicity1="2" phase1="3.141592653589793" type1="ca" type2="ca" type3="ca" type4="ha"/>
  </PeriodicTorsionForce>
</ForceField>
