<ForceField>
  <Info>
    <DateGenerated>2019-07-05</DateGenerated>
  </Info>
  <Residues>
    <Residue name="MC_0OM">
      <Atom charge="-0.103" name="CAG" type="ca"/>
      <Atom charge="-0.132" name="CAC" type="ca"/>
      <Atom charge="-0.116" name="CAB" type="ca"/>
      <Atom charge="-0.132" name="CAD" type="ca"/>
      <Atom charge="-0.103" name="CAH" type="ca"/>
      <Atom charge="-0.1023" name="CAO" type="ca"/>
      <Atom charge="0.1997" name="CAK" type="c3"/>
      <Atom charge="-0.4239" name="OAM" type="os"/>
      <Atom charge="0.6527" name="CAN" type="c"/>
      <Atom charge="-0.551" name="OAA" type="o"/>
      <Atom charge="-0.2609" name="CAP" type="ca"/>
      <Atom charge="-0.032" name="CAI" type="ca"/>
      <Atom charge="-0.2713" name="CAE" type="ca"/>
      <Atom charge="0.4472" name="CAF" type="ca"/>
      <Atom charge="-0.7" name="NAL" type="nb"/>
      <Atom charge="0.4692" name="CAJ" type="ca"/>
      <Atom charge="0.134" name="H1" type="ha"/>
      <Atom charge="0.133" name="H2" type="ha"/>
      <Atom charge="0.131" name="H3" type="ha"/>
      <Atom charge="0.133" name="H4" type="ha"/>
      <Atom charge="0.134" name="H5" type="ha"/>
      <Atom charge="0.0577" name="H6" type="h1"/>
      <Atom charge="0.0577" name="H7" type="h1"/>
      <Atom charge="0.162" name="H8" type="ha"/>
      <Atom charge="0.146" name="H9" type="ha"/>
      <Atom charge="0.0271" name="H10" type="h4"/>
      <Atom charge="0.0441" name="H11" type="h4"/>
      <Bond atomName1="NAL" atomName2="CAJ"/>
      <Bond atomName1="NAL" atomName2="CAF"/>
      <Bond atomName1="CAJ" atomName2="CAP"/>
      <Bond atomName1="OAA" atomName2="CAN"/>
      <Bond atomName1="CAF" atomName2="CAE"/>
      <Bond atomName1="CAP" atomName2="CAN"/>
      <Bond atomName1="CAP" atomName2="CAI"/>
      <Bond atomName1="CAN" atomName2="OAM"/>
      <Bond atomName1="CAE" atomName2="CAI"/>
      <Bond atomName1="OAM" atomName2="CAK"/>
      <Bond atomName1="CAK" atomName2="CAO"/>
      <Bond atomName1="CAO" atomName2="CAH"/>
      <Bond atomName1="CAO" atomName2="CAG"/>
      <Bond atomName1="CAH" atomName2="CAD"/>
      <Bond atomName1="CAG" atomName2="CAC"/>
      <Bond atomName1="CAD" atomName2="CAB"/>
      <Bond atomName1="CAC" atomName2="CAB"/>
      <Bond atomName1="CAG" atomName2="H1"/>
      <Bond atomName1="CAC" atomName2="H2"/>
      <Bond atomName1="CAB" atomName2="H3"/>
      <Bond atomName1="CAD" atomName2="H4"/>
      <Bond atomName1="CAH" atomName2="H5"/>
      <Bond atomName1="CAK" atomName2="H6"/>
      <Bond atomName1="CAK" atomName2="H7"/>
      <Bond atomName1="CAI" atomName2="H8"/>
      <Bond atomName1="CAE" atomName2="H9"/>
      <Bond atomName1="CAF" atomName2="H10"/>
      <Bond atomName1="CAJ" atomName2="H11"/>
    </Residue>
  </Residues>
  <PeriodicTorsionForce>
    <Improper k1="4.6024" periodicity1="2" phase1="3.141592653589793" type1="ca" type2="ca" type3="ca" type4="ha"/>
    <Improper k1="43.932" periodicity1="2" phase1="3.141592653589793" type1="c" type2="ca" type3="o" type4="os"/>
    <Improper k1="4.6024" periodicity1="2" phase1="3.141592653589793" type1="ca" type2="c" type3="ca" type4="ca"/>
    <Improper k1="4.6024" periodicity1="2" phase1="3.141592653589793" type1="ca" type2="ca" type3="h4" type4="nb"/>
  </PeriodicTorsionForce>
</ForceField>
