<ForceField>
  <Info>
    <DateGenerated>2019-07-05</DateGenerated>
  </Info>
  <Residues>
    <Residue name="MC_0OO">
      <Atom charge="-0.142" name="CAG" type="ca"/>
      <Atom charge="-0.117" name="CAC" type="ca"/>
      <Atom charge="-0.133" name="CAB" type="ca"/>
      <Atom charge="-0.117" name="CAD" type="ca"/>
      <Atom charge="-0.142" name="CAH" type="ca"/>
      <Atom charge="0.1041" name="CAN" type="ca"/>
      <Atom charge="-0.2482" name="OAL" type="os"/>
      <Atom charge="0.1321" name="CAO" type="ca"/>
      <Atom charge="-0.188" name="CAJ" type="ca"/>
      <Atom charge="-0.147" name="CAI" type="ca"/>
      <Atom charge="-0.1" name="CAE" type="ca"/>
      <Atom charge="-0.141" name="CAF" type="ca"/>
      <Atom charge="-0.0523" name="CAM" type="ca"/>
      <Atom charge="0.1877" name="CAK" type="c3"/>
      <Atom charge="-0.6018" name="OAA" type="oh"/>
      <Atom charge="0.145" name="H1" type="ha"/>
      <Atom charge="0.135" name="H2" type="ha"/>
      <Atom charge="0.132" name="H3" type="ha"/>
      <Atom charge="0.135" name="H4" type="ha"/>
      <Atom charge="0.145" name="H5" type="ha"/>
      <Atom charge="0.148" name="H6" type="ha"/>
      <Atom charge="0.144" name="H7" type="ha"/>
      <Atom charge="0.136" name="H8" type="ha"/>
      <Atom charge="0.133" name="H9" type="ha"/>
      <Atom charge="0.0257" name="H10" type="h1"/>
      <Atom charge="0.0257" name="H11" type="h1"/>
      <Atom charge="0.401" name="H12" type="ho"/>
      <Bond atomName1="CAB" atomName2="CAD"/>
      <Bond atomName1="CAB" atomName2="CAC"/>
      <Bond atomName1="CAD" atomName2="CAH"/>
      <Bond atomName1="CAC" atomName2="CAG"/>
      <Bond atomName1="CAH" atomName2="CAN"/>
      <Bond atomName1="CAG" atomName2="CAN"/>
      <Bond atomName1="CAN" atomName2="OAL"/>
      <Bond atomName1="CAI" atomName2="CAE"/>
      <Bond atomName1="CAI" atomName2="CAO"/>
      <Bond atomName1="OAL" atomName2="CAO"/>
      <Bond atomName1="CAE" atomName2="CAF"/>
      <Bond atomName1="CAO" atomName2="CAJ"/>
      <Bond atomName1="CAF" atomName2="CAM"/>
      <Bond atomName1="CAJ" atomName2="CAM"/>
      <Bond atomName1="CAM" atomName2="CAK"/>
      <Bond atomName1="CAK" atomName2="OAA"/>
      <Bond atomName1="CAG" atomName2="H1"/>
      <Bond atomName1="CAC" atomName2="H2"/>
      <Bond atomName1="CAB" atomName2="H3"/>
      <Bond atomName1="CAD" atomName2="H4"/>
      <Bond atomName1="CAH" atomName2="H5"/>
      <Bond atomName1="CAJ" atomName2="H6"/>
      <Bond atomName1="CAI" atomName2="H7"/>
      <Bond atomName1="CAE" atomName2="H8"/>
      <Bond atomName1="CAF" atomName2="H9"/>
      <Bond atomName1="CAK" atomName2="H10"/>
      <Bond atomName1="CAK" atomName2="H11"/>
      <Bond atomName1="OAA" atomName2="H12"/>
    </Residue>
  </Residues>
  <PeriodicTorsionForce>
    <Improper k1="4.6024" periodicity1="2" phase1="3.141592653589793" type1="ca" type2="ca" type3="ca" type4="ha"/>
    <Improper k1="4.6024" periodicity1="2" phase1="3.141592653589793" type1="ca" type2="ca" type3="ca" type4="os"/>
  </PeriodicTorsionForce>
</ForceField>
