<ForceField>
  <Info>
    <DateGenerated>2019-07-05</DateGenerated>
  </Info>
  <Residues>
    <Residue name="MC_0OQ">
      <Atom charge="-0.6635" name="OAB" type="o"/>
      <Atom charge="0.6827" name="CAU" type="c"/>
      <Atom charge="-0.2732" name="CAL" type="cc"/>
      <Atom charge="-0.035" name="CAF" type="cd"/>
      <Atom charge="-0.25" name="CAG" type="cd"/>
      <Atom charge="0.0724" name="CAT" type="cc"/>
      <Atom charge="-0.304" name="NAY" type="n"/>
      <Atom charge="0.098" name="CAP" type="c3"/>
      <Atom charge="-0.1047" name="CAV" type="c3"/>
      <Atom charge="0.094" name="CAN" type="c3"/>
      <Atom charge="-0.0784" name="CAM" type="c3"/>
      <Atom charge="-0.0525" name="CAW" type="c3"/>
      <Atom charge="0.115" name="CAO" type="c3"/>
      <Atom charge="-0.4878" name="NAX" type="n"/>
      <Atom charge="0.6787" name="CAQ" type="c"/>
      <Atom charge="-0.5911" name="OAA" type="o"/>
      <Atom charge="-0.1126" name="CAR" type="ca"/>
      <Atom charge="-0.0985" name="CAH" type="ca"/>
      <Atom charge="-0.086" name="CAJ" type="ca"/>
      <Atom charge="-0.1643" name="CAS" type="ca"/>
      <Atom charge="0.6722" name="CAZ" type="c3"/>
      <Atom charge="-0.221633" name="FAD" type="f"/>
      <Atom charge="-0.221633" name="FAE" type="f"/>
      <Atom charge="-0.221633" name="FAC" type="f"/>
      <Atom charge="-0.086" name="CAK" type="ca"/>
      <Atom charge="-0.0985" name="CAI" type="ca"/>
      <Atom charge="0.164" name="H1" type="ha"/>
      <Atom charge="0.137" name="H2" type="ha"/>
      <Atom charge="0.144" name="H3" type="ha"/>
      <Atom charge="0.0742" name="H4" type="h1"/>
      <Atom charge="0.0742" name="H5" type="h1"/>
      <Atom charge="0.0697" name="H6" type="hc"/>
      <Atom charge="0.0617" name="H7" type="h1"/>
      <Atom charge="0.0617" name="H8" type="h1"/>
      <Atom charge="0.0562" name="H9" type="hc"/>
      <Atom charge="0.0562" name="H10" type="hc"/>
      <Atom charge="0.0837" name="H11" type="hc"/>
      <Atom charge="0.0727" name="H12" type="h1"/>
      <Atom charge="0.0727" name="H13" type="h1"/>
      <Atom charge="0.1515" name="H14" type="ha"/>
      <Atom charge="0.1525" name="H15" type="ha"/>
      <Atom charge="0.1525" name="H16" type="ha"/>
      <Atom charge="0.1515" name="H17" type="ha"/>
      <Bond atomName1="FAD" atomName2="CAZ"/>
      <Bond atomName1="OAA" atomName2="CAQ"/>
      <Bond atomName1="OAB" atomName2="CAU"/>
      <Bond atomName1="FAC" atomName2="CAZ"/>
      <Bond atomName1="CAZ" atomName2="CAS"/>
      <Bond atomName1="CAZ" atomName2="FAE"/>
      <Bond atomName1="CAK" atomName2="CAI"/>
      <Bond atomName1="CAK" atomName2="CAS"/>
      <Bond atomName1="CAI" atomName2="CAR"/>
      <Bond atomName1="CAS" atomName2="CAJ"/>
      <Bond atomName1="CAJ" atomName2="CAH"/>
      <Bond atomName1="CAH" atomName2="CAR"/>
      <Bond atomName1="CAQ" atomName2="CAR"/>
      <Bond atomName1="CAQ" atomName2="NAX"/>
      <Bond atomName1="CAU" atomName2="CAL"/>
      <Bond atomName1="CAU" atomName2="NAY"/>
      <Bond atomName1="CAL" atomName2="CAF"/>
      <Bond atomName1="CAP" atomName2="NAY"/>
      <Bond atomName1="CAP" atomName2="CAV"/>
      <Bond atomName1="CAN" atomName2="NAX"/>
      <Bond atomName1="CAN" atomName2="CAV"/>
      <Bond atomName1="NAX" atomName2="CAO"/>
      <Bond atomName1="NAY" atomName2="CAT"/>
      <Bond atomName1="CAF" atomName2="CAG"/>
      <Bond atomName1="CAV" atomName2="CAM"/>
      <Bond atomName1="CAT" atomName2="CAG"/>
      <Bond atomName1="CAT" atomName2="CAW"/>
      <Bond atomName1="CAO" atomName2="CAW"/>
      <Bond atomName1="CAW" atomName2="CAM"/>
      <Bond atomName1="CAL" atomName2="H1"/>
      <Bond atomName1="CAF" atomName2="H2"/>
      <Bond atomName1="CAG" atomName2="H3"/>
      <Bond atomName1="CAP" atomName2="H4"/>
      <Bond atomName1="CAP" atomName2="H5"/>
      <Bond atomName1="CAV" atomName2="H6"/>
      <Bond atomName1="CAN" atomName2="H7"/>
      <Bond atomName1="CAN" atomName2="H8"/>
      <Bond atomName1="CAM" atomName2="H9"/>
      <Bond atomName1="CAM" atomName2="H10"/>
      <Bond atomName1="CAW" atomName2="H11"/>
      <Bond atomName1="CAO" atomName2="H12"/>
      <Bond atomName1="CAO" atomName2="H13"/>
      <Bond atomName1="CAH" atomName2="H14"/>
      <Bond atomName1="CAJ" atomName2="H15"/>
      <Bond atomName1="CAK" atomName2="H16"/>
      <Bond atomName1="CAI" atomName2="H17"/>
    </Residue>
  </Residues>
  <PeriodicTorsionForce>
    <Improper k1="43.932" periodicity1="2" phase1="3.141592653589793" type1="c" type2="cc" type3="n" type4="o"/>
    <Improper k1="4.6024" periodicity1="2" phase1="3.141592653589793" type1="cc" type2="c" type3="cd" type4="ha"/>
    <Improper k1="4.6024" periodicity1="2" phase1="3.141592653589793" type1="cd" type2="cc" type3="cd" type4="ha"/>
    <Improper k1="4.6024" periodicity1="2" phase1="3.141592653589793" type1="cc" type2="c3" type3="cd" type4="n"/>
    <Improper k1="4.6024" periodicity1="2" phase1="3.141592653589793" type1="n" type2="c" type3="c3" type4="cc"/>
    <Improper k1="4.6024" periodicity1="2" phase1="3.141592653589793" type1="n" type2="c" type3="c3" type4="c3"/>
    <Improper k1="43.932" periodicity1="2" phase1="3.141592653589793" type1="c" type2="ca" type3="n" type4="o"/>
    <Improper k1="4.6024" periodicity1="2" phase1="3.141592653589793" type1="ca" type2="c" type3="ca" type4="ca"/>
    <Improper k1="4.6024" periodicity1="2" phase1="3.141592653589793" type1="ca" type2="ca" type3="ca" type4="ha"/>
  </PeriodicTorsionForce>
</ForceField>
