<ForceField>
  <Info>
    <DateGenerated>2019-07-05</DateGenerated>
  </Info>
  <Residues>
    <Residue name="MC_0OS">
      <Atom charge="0.1171" name="CBM" type="ca"/>
      <Atom charge="-0.185" name="CAQ" type="ca"/>
      <Atom charge="0.1021" name="CBL" type="ca"/>
      <Atom charge="-0.189" name="CAN" type="ca"/>
      <Atom charge="-0.127" name="CAM" type="ca"/>
      <Atom charge="-0.0713" name="CBI" type="ca"/>
      <Atom charge="-0.0351" name="CAV" type="c3"/>
      <Atom charge="-0.0664" name="CAY" type="c3"/>
      <Atom charge="0.2094" name="CBO" type="c3"/>
      <Atom charge="-0.0893" name="CBK" type="ca"/>
      <Atom charge="-0.157" name="CAP" type="ca"/>
      <Atom charge="-0.184" name="CAL" type="ca"/>
      <Atom charge="-0.1" name="CAJ" type="ca"/>
      <Atom charge="-0.226" name="CAK" type="ca"/>
      <Atom charge="0.1671" name="CBJ" type="ca"/>
      <Atom charge="-0.4079" name="OBD" type="os"/>
      <Atom charge="0.6401" name="C" type="c"/>
      <Atom charge="-0.546" name="O" type="o"/>
      <Atom charge="0.2025" name="CA" type="c3"/>
      <Atom charge="-0.0864" name="CB" type="c3"/>
      <Atom charge="-0.0764" name="CAT" type="c3"/>
      <Atom charge="-0.1024" name="CAU" type="c3"/>
      <Atom charge="0.2428" name="CAZ" type="c3"/>
      <Atom charge="-0.8065" name="N" type="n3"/>
      <Atom charge="1.4312" name="S1" type="sy"/>
      <Atom charge="-0.6273" name="OAE" type="o"/>
      <Atom charge="-0.6273" name="OAF" type="o"/>
      <Atom charge="-0.2915" name="CBN" type="ca"/>
      <Atom charge="-0.0055" name="CAR" type="ca"/>
      <Atom charge="-0.0026" name="CBG" type="ca"/>
      <Atom charge="-0.0849" name="Cl2" type="cl"/>
      <Atom charge="-0.079" name="CAO" type="ca"/>
      <Atom charge="-0.0026" name="CBH" type="ca"/>
      <Atom charge="-0.0849" name="Cl1" type="cl"/>
      <Atom charge="-0.0055" name="CAS" type="ca"/>
      <Atom charge="0.144" name="H2" type="ha"/>
      <Atom charge="0.133" name="H5" type="ha"/>
      <Atom charge="0.0597" name="H6" type="hc"/>
      <Atom charge="0.0597" name="H7" type="hc"/>
      <Atom charge="0.0602" name="H8" type="hc"/>
      <Atom charge="0.0602" name="H9" type="hc"/>
      <Atom charge="0.0857" name="H10" type="h1"/>
      <Atom charge="0.145" name="H11" type="ha"/>
      <Atom charge="0.12" name="H12" type="ha"/>
      <Atom charge="0.115" name="H13" type="ha"/>
      <Atom charge="0.145" name="H14" type="ha"/>
      <Atom charge="0.0737" name="H16" type="h1"/>
      <Atom charge="0.0697" name="H17" type="hc"/>
      <Atom charge="0.0697" name="H18" type="hc"/>
      <Atom charge="0.0452" name="H19" type="hc"/>
      <Atom charge="0.0452" name="H20" type="hc"/>
      <Atom charge="0.0497" name="H21" type="hc"/>
      <Atom charge="0.0497" name="H22" type="hc"/>
      <Atom charge="0.0557" name="H23" type="h1"/>
      <Atom charge="0.0557" name="H24" type="h1"/>
      <Atom charge="0.1725" name="H27" type="ha"/>
      <Atom charge="0.156" name="H28" type="ha"/>
      <Atom charge="0.1725" name="H29" type="ha"/>
      <Atom charge="-0.2859" name="O1" type="os"/>
      <Atom charge="0.0184" name="C2" type="c3"/>
      <Atom charge="0.0267" name="H26" type="h1"/>
      <Atom charge="0.0267" name="H30" type="h1"/>
      <Atom charge="0.8956" name="C3" type="c"/>
      <Atom charge="-0.8273" name="O2" type="o"/>
      <Atom charge="-0.8273" name="O3" type="o"/>
      <Atom charge="-0.3179" name="O4" type="os"/>
      <Atom charge="0.1297" name="C4" type="c3"/>
      <Atom charge="0.036033" name="H3" type="h1"/>
      <Atom charge="0.036033" name="H4" type="h1"/>
      <Atom charge="0.036033" name="H15" type="h1"/>
      <Atom charge="-0.3199" name="O5" type="os"/>
      <Atom charge="0.1267" name="C5" type="c3"/>
      <Atom charge="0.133" name="H1" type="ha"/>
      <Atom charge="0.0407" name="H25" type="h1"/>
      <Atom charge="0.0407" name="H31" type="h1"/>
      <Atom charge="0.0407" name="H32" type="h1"/>
      <Bond atomName1="CAK" atomName2="CAJ"/>
      <Bond atomName1="CAK" atomName2="CBJ"/>
      <Bond atomName1="CAJ" atomName2="CAL"/>
      <Bond atomName1="Cl2" atomName2="CBG"/>
      <Bond atomName1="CAO" atomName2="CBG"/>
      <Bond atomName1="CAO" atomName2="CBH"/>
      <Bond atomName1="CBJ" atomName2="CAP"/>
      <Bond atomName1="CAL" atomName2="CBK"/>
      <Bond atomName1="Cl1" atomName2="CBH"/>
      <Bond atomName1="CBG" atomName2="CAR"/>
      <Bond atomName1="CBH" atomName2="CAS"/>
      <Bond atomName1="CAP" atomName2="CBK"/>
      <Bond atomName1="CBK" atomName2="CBO"/>
      <Bond atomName1="CAR" atomName2="CBN"/>
      <Bond atomName1="CAS" atomName2="CBN"/>
      <Bond atomName1="CAV" atomName2="CBI"/>
      <Bond atomName1="CAV" atomName2="CAY"/>
      <Bond atomName1="CAQ" atomName2="CBI"/>
      <Bond atomName1="CAQ" atomName2="CBM"/>
      <Bond atomName1="CBO" atomName2="CAY"/>
      <Bond atomName1="CBO" atomName2="OBD"/>
      <Bond atomName1="CBI" atomName2="CAM"/>
      <Bond atomName1="CBM" atomName2="CBL"/>
      <Bond atomName1="OBD" atomName2="C"/>
      <Bond atomName1="CAM" atomName2="CAN"/>
      <Bond atomName1="CBL" atomName2="CAN"/>
      <Bond atomName1="S1" atomName2="OAE"/>
      <Bond atomName1="S1" atomName2="N"/>
      <Bond atomName1="S1" atomName2="OAF"/>
      <Bond atomName1="C" atomName2="O"/>
      <Bond atomName1="C" atomName2="CA"/>
      <Bond atomName1="N" atomName2="CAZ"/>
      <Bond atomName1="N" atomName2="CA"/>
      <Bond atomName1="CAZ" atomName2="CAU"/>
      <Bond atomName1="CA" atomName2="CB"/>
      <Bond atomName1="CAU" atomName2="CAT"/>
      <Bond atomName1="CB" atomName2="CAT"/>
      <Bond atomName1="S1" atomName2="CBN"/>
      <Bond atomName1="CAQ" atomName2="H2"/>
      <Bond atomName1="CAM" atomName2="H5"/>
      <Bond atomName1="CAV" atomName2="H6"/>
      <Bond atomName1="CAV" atomName2="H7"/>
      <Bond atomName1="CAY" atomName2="H8"/>
      <Bond atomName1="CAY" atomName2="H9"/>
      <Bond atomName1="CBO" atomName2="H10"/>
      <Bond atomName1="CAP" atomName2="H11"/>
      <Bond atomName1="CAL" atomName2="H12"/>
      <Bond atomName1="CAJ" atomName2="H13"/>
      <Bond atomName1="CAK" atomName2="H14"/>
      <Bond atomName1="CA" atomName2="H16"/>
      <Bond atomName1="CB" atomName2="H17"/>
      <Bond atomName1="CB" atomName2="H18"/>
      <Bond atomName1="CAT" atomName2="H19"/>
      <Bond atomName1="CAT" atomName2="H20"/>
      <Bond atomName1="CAU" atomName2="H21"/>
      <Bond atomName1="CAU" atomName2="H22"/>
      <Bond atomName1="CAZ" atomName2="H23"/>
      <Bond atomName1="CAZ" atomName2="H24"/>
      <Bond atomName1="CAR" atomName2="H27"/>
      <Bond atomName1="CAO" atomName2="H28"/>
      <Bond atomName1="CAS" atomName2="H29"/>
      <Bond atomName1="CBJ" atomName2="O1"/>
      <Bond atomName1="O1" atomName2="C2"/>
      <Bond atomName1="C2" atomName2="H26"/>
      <Bond atomName1="C2" atomName2="H30"/>
      <Bond atomName1="C2" atomName2="C3"/>
      <Bond atomName1="C3" atomName2="O2"/>
      <Bond atomName1="C3" atomName2="O3"/>
      <Bond atomName1="CBL" atomName2="O4"/>
      <Bond atomName1="O4" atomName2="C4"/>
      <Bond atomName1="C4" atomName2="H3"/>
      <Bond atomName1="C4" atomName2="H4"/>
      <Bond atomName1="C4" atomName2="H15"/>
      <Bond atomName1="CBM" atomName2="O5"/>
      <Bond atomName1="O5" atomName2="C5"/>
      <Bond atomName1="CAN" atomName2="H1"/>
      <Bond atomName1="C5" atomName2="H25"/>
      <Bond atomName1="C5" atomName2="H31"/>
      <Bond atomName1="C5" atomName2="H32"/>
    </Residue>
  </Residues>
  <PeriodicTorsionForce>
    <Improper k1="4.6024" periodicity1="2" phase1="3.141592653589793" type1="ca" type2="ca" type3="ca" type4="os"/>
    <Improper k1="4.6024" periodicity1="2" phase1="3.141592653589793" type1="ca" type2="ca" type3="ca" type4="ha"/>
    <Improper k1="4.6024" periodicity1="2" phase1="3.141592653589793" type1="c" type2="c3" type3="o" type4="os"/>
    <Improper k1="4.6024" periodicity1="2" phase1="3.141592653589793" type1="ca" type2="ca" type3="ca" type4="sy"/>
    <Improper k1="4.6024" periodicity1="2" phase1="3.141592653589793" type1="c" type2="c3" type3="o" type4="o"/>
  </PeriodicTorsionForce>
</ForceField>
