<ForceField>
  <Info>
    <DateGenerated>2019-07-05</DateGenerated>
  </Info>
  <Residues>
    <Residue name="MC_0OU">
      <Atom charge="-0.109" name="CAI" type="ca"/>
      <Atom charge="0.0354" name="CAS" type="ca"/>
      <Atom charge="-0.0954" name="Cl1" type="cl"/>
      <Atom charge="-0.114" name="CAH" type="ca"/>
      <Atom charge="0.0354" name="CAT" type="ca"/>
      <Atom charge="-0.0954" name="Cl2" type="cl"/>
      <Atom charge="-0.109" name="CAJ" type="ca"/>
      <Atom charge="-0.0713" name="CAU" type="ca"/>
      <Atom charge="0.2061" name="CAO" type="c3"/>
      <Atom charge="-0.8122" name="NAP" type="n7"/>
      <Atom charge="0.1588" name="CAM" type="c3"/>
      <Atom charge="-0.0964" name="CAL" type="c3"/>
      <Atom charge="0.2168" name="CAN" type="c3"/>
      <Atom charge="-0.825" name="NAQ" type="nu"/>
      <Atom charge="0.421" name="CAV" type="cc"/>
      <Atom charge="-0.4382" name="CAK" type="cd"/>
      <Atom charge="0.6039" name="CAW" type="c"/>
      <Atom charge="-0.5881" name="OAA" type="o"/>
      <Atom charge="-0.1946" name="CAY" type="ca"/>
      <Atom charge="-0.038" name="CAG" type="ca"/>
      <Atom charge="-0.174" name="CAE" type="ca"/>
      <Atom charge="-0.076" name="CAD" type="ca"/>
      <Atom charge="-0.196" name="CAF" type="ca"/>
      <Atom charge="0.1846" name="CAX" type="ca"/>
      <Atom charge="-0.6284" name="NAR" type="na"/>
      <Atom charge="0.1495" name="H1" type="ha"/>
      <Atom charge="0.159" name="H2" type="ha"/>
      <Atom charge="0.1495" name="H3" type="ha"/>
      <Atom charge="0.0437" name="H4" type="h1"/>
      <Atom charge="0.0437" name="H5" type="h1"/>
      <Atom charge="0.3598" name="H6" type="hn"/>
      <Atom charge="0.0347" name="H8" type="h1"/>
      <Atom charge="0.0347" name="H9" type="h1"/>
      <Atom charge="0.0617" name="H10" type="hc"/>
      <Atom charge="0.0617" name="H11" type="hc"/>
      <Atom charge="0.0392" name="H12" type="h1"/>
      <Atom charge="0.0392" name="H13" type="h1"/>
      <Atom charge="0.4678" name="H14" type="hn"/>
      <Atom charge="0.159" name="H15" type="ha"/>
      <Atom charge="0.16" name="H17" type="ha"/>
      <Atom charge="0.135" name="H18" type="ha"/>
      <Atom charge="0.132" name="H19" type="ha"/>
      <Atom charge="0.127" name="H20" type="ha"/>
      <Atom charge="0.4458" name="H7" type="hn"/>
      <Bond atomName1="CAU" atomName2="CAO"/>
      <Bond atomName1="CAU" atomName2="CAI"/>
      <Bond atomName1="CAU" atomName2="CAJ"/>
      <Bond atomName1="CAO" atomName2="NAP"/>
      <Bond atomName1="Cl1" atomName2="CAS"/>
      <Bond atomName1="CAI" atomName2="CAS"/>
      <Bond atomName1="CAS" atomName2="CAH"/>
      <Bond atomName1="CAJ" atomName2="CAT"/>
      <Bond atomName1="CAT" atomName2="CAH"/>
      <Bond atomName1="CAT" atomName2="Cl2"/>
      <Bond atomName1="NAP" atomName2="CAM"/>
      <Bond atomName1="CAM" atomName2="CAL"/>
      <Bond atomName1="CAL" atomName2="CAN"/>
      <Bond atomName1="CAN" atomName2="NAQ"/>
      <Bond atomName1="NAQ" atomName2="CAV"/>
      <Bond atomName1="CAV" atomName2="CAK"/>
      <Bond atomName1="CAV" atomName2="NAR"/>
      <Bond atomName1="CAK" atomName2="CAW"/>
      <Bond atomName1="NAR" atomName2="CAX"/>
      <Bond atomName1="CAW" atomName2="OAA"/>
      <Bond atomName1="CAW" atomName2="CAY"/>
      <Bond atomName1="CAX" atomName2="CAY"/>
      <Bond atomName1="CAX" atomName2="CAF"/>
      <Bond atomName1="CAY" atomName2="CAG"/>
      <Bond atomName1="CAF" atomName2="CAD"/>
      <Bond atomName1="CAG" atomName2="CAE"/>
      <Bond atomName1="CAD" atomName2="CAE"/>
      <Bond atomName1="CAI" atomName2="H1"/>
      <Bond atomName1="CAH" atomName2="H2"/>
      <Bond atomName1="CAJ" atomName2="H3"/>
      <Bond atomName1="CAO" atomName2="H4"/>
      <Bond atomName1="CAO" atomName2="H5"/>
      <Bond atomName1="NAP" atomName2="H6"/>
      <Bond atomName1="CAM" atomName2="H8"/>
      <Bond atomName1="CAM" atomName2="H9"/>
      <Bond atomName1="CAL" atomName2="H10"/>
      <Bond atomName1="CAL" atomName2="H11"/>
      <Bond atomName1="CAN" atomName2="H12"/>
      <Bond atomName1="CAN" atomName2="H13"/>
      <Bond atomName1="NAQ" atomName2="H14"/>
      <Bond atomName1="CAK" atomName2="H15"/>
      <Bond atomName1="CAG" atomName2="H17"/>
      <Bond atomName1="CAE" atomName2="H18"/>
      <Bond atomName1="CAD" atomName2="H19"/>
      <Bond atomName1="CAF" atomName2="H20"/>
      <Bond atomName1="NAR" atomName2="H7"/>
    </Residue>
  </Residues>
  <HarmonicBondForce>
    <Bond k="218572.15999999995" length="0.14650000000000002" type1="c3" type2="n7"/>
    <Bond k="427855.8399999999" length="0.10189999999999999" type1="hn" type2="n7"/>
    <Bond k="219074.23999999996" length="0.1464" type1="c3" type2="nu"/>
    <Bond k="304176.79999999993" length="0.1373" type1="cc" type2="nu"/>
    <Bond k="443085.5999999999" length="0.10120000000000001" type1="hn" type2="nu"/>
  </HarmonicBondForce>
  <HarmonicAngleForce>
    <Angle angle="1.95756128903684" k="698.7280000000001" type1="ca" type2="c3" type3="n7"/>
    <Angle angle="1.9608774146156291" k="549.7776" type1="c3" type2="n7" type3="c3"/>
    <Angle angle="1.9074703395046029" k="399.99039999999997" type1="c3" type2="n7" type3="hn"/>
    <Angle angle="1.9177677820913692" k="512.1216000000001" type1="h1" type2="c3" type3="n7"/>
    <Angle angle="1.9380136014145037" k="697.0544" type1="c3" type2="c3" type3="n7"/>
    <Angle angle="1.9278906917529364" k="698.7280000000001" type1="c3" type2="c3" type3="nu"/>
    <Angle angle="2.0895081804876114" k="548.9408" type1="c3" type2="nu" type3="cc"/>
    <Angle angle="2.0244073993882226" k="388.2752" type1="c3" type2="nu" type3="hn"/>
    <Angle angle="1.9161969857645744" k="512.1216000000001" type1="h1" type2="c3" type3="nu"/>
    <Angle angle="2.161415745669778" k="722.1584" type1="cd" type2="cc" type3="nu"/>
    <Angle angle="2.04692214673895" k="927.1744" type1="na" type2="cc" type3="nu"/>
    <Angle angle="2.0181242140810434" k="412.5424" type1="cc" type2="nu" type3="hn"/>
  </HarmonicAngleForce>
  <PeriodicTorsionForce>
    <Proper k1="1.2552" periodicity1="3" phase1="0.0" type1="ca" type2="c3" type3="n7" type4="c3"/>
    <Proper k1="1.2552" periodicity1="3" phase1="0.0" type1="ca" type2="c3" type3="n7" type4="hn"/>
    <Proper k1="0.9414" periodicity1="3" phase1="0.0" type1="h1" type2="c3" type3="n7" type4="c3"/>
    <Proper k1="0.87864" periodicity1="3" phase1="0.0" type1="c3" type2="c3" type3="c3" type4="n7"/>
    <Proper k1="0.41840000000000005" periodicity1="3" phase1="0.0" type1="hc" type2="c3" type3="c3" type4="n7"/>
    <Proper k1="0.87864" periodicity1="3" phase1="0.0" type1="c3" type2="c3" type3="c3" type4="nu"/>
    <Proper k1="0.9079280000000001" periodicity1="3" phase1="0.0" type1="c3" type2="c3" type3="n7" type4="hn"/>
    <Proper k1="0.0" periodicity1="2" phase1="0.0" type1="c3" type2="c3" type3="nu" type4="cc"/>
    <Proper k1="0.0" periodicity1="2" phase1="0.0" type1="c3" type2="c3" type3="nu" type4="hn"/>
    <Proper k1="4.3932" periodicity1="2" phase1="3.141592653589793" type1="cd" type2="cc" type3="nu" type4="c3"/>
    <Proper k1="4.3932" periodicity1="2" phase1="3.141592653589793" type1="na" type2="cc" type3="nu" type4="c3"/>
    <Proper k1="0.0" periodicity1="2" phase1="0.0" type1="h1" type2="c3" type3="nu" type4="cc"/>
    <Proper k1="4.3932" periodicity1="2" phase1="3.141592653589793" type1="cd" type2="cc" type3="nu" type4="hn"/>
    <Proper k1="4.3932" periodicity1="2" phase1="3.141592653589793" type1="na" type2="cc" type3="nu" type4="hn"/>
    <Proper k1="1.2552" periodicity1="3" phase1="0.0" type1="h1" type2="c3" type3="n7" type4="hn"/>
    <Proper k1="0.0" periodicity1="2" phase1="0.0" type1="h1" type2="c3" type3="nu" type4="hn"/>
    <Improper k1="4.6024" periodicity1="2" phase1="3.141592653589793" type1="ca" type2="ca" type3="ca" type4="ha"/>
    <Improper k1="4.6024" periodicity1="2" phase1="3.141592653589793" type1="nu" type2="c3" type3="cc" type4="hn"/>
    <Improper k1="4.6024" periodicity1="2" phase1="3.141592653589793" type1="cc" type2="cd" type3="na" type4="nu"/>
    <Improper k1="4.6024" periodicity1="2" phase1="3.141592653589793" type1="cd" type2="c" type3="cc" type4="ha"/>
    <Improper k1="43.932" periodicity1="2" phase1="3.141592653589793" type1="c" type2="ca" type3="cd" type4="o"/>
    <Improper k1="4.6024" periodicity1="2" phase1="3.141592653589793" type1="ca" type2="c" type3="ca" type4="ca"/>
    <Improper k1="4.6024" periodicity1="2" phase1="3.141592653589793" type1="ca" type2="ca" type3="ca" type4="na"/>
    <Improper k1="4.6024" periodicity1="2" phase1="3.141592653589793" type1="na" type2="ca" type3="cc" type4="hn"/>
  </PeriodicTorsionForce>
</ForceField>
