<ForceField>
  <Info>
    <DateGenerated>2019-07-05</DateGenerated>
  </Info>
  <Residues>
    <Residue name="MC_0OX">
      <Atom charge="0.5267" name="C2" type="c"/>
      <Atom charge="-0.5792" name="C4" type="ca"/>
      <Atom charge="0.5562" name="C5" type="ca"/>
      <Atom charge="-0.0899" name="C10" type="c3"/>
      <Atom charge="-0.0814" name="C11" type="c3"/>
      <Atom charge="-0.0814" name="C12" type="c3"/>
      <Atom charge="-0.0899" name="C13" type="c3"/>
      <Atom charge="-0.6774" name="N1" type="nz"/>
      <Atom charge="-0.4591" name="O3" type="o"/>
      <Atom charge="-0.81" name="N6" type="nb"/>
      <Atom charge="1.0103" name="C7" type="ca"/>
      <Atom charge="-0.3661" name="O8" type="os"/>
      <Atom charge="0.1231" name="C9" type="c3"/>
      <Atom charge="-0.791" name="N14" type="nb"/>
      <Atom charge="0.8422" name="C15" type="ca"/>
      <Atom charge="-0.9695" name="N16" type="nv"/>
      <Atom charge="0.0071" name="H1" type="h4"/>
      <Atom charge="0.0562" name="H4" type="hc"/>
      <Atom charge="0.0562" name="H5" type="hc"/>
      <Atom charge="0.0562" name="H6" type="hc"/>
      <Atom charge="0.0562" name="H7" type="hc"/>
      <Atom charge="0.0617" name="H8" type="hc"/>
      <Atom charge="0.0617" name="H9" type="hc"/>
      <Atom charge="0.476133" name="H10" type="hn"/>
      <Atom charge="0.476133" name="H11" type="hn"/>
      <Atom charge="0.0817" name="H12" type="h1"/>
      <Atom charge="0.4728" name="H13" type="hn"/>
      <Atom charge="0.4728" name="H14" type="hn"/>
      <Atom charge="0.0617" name="H2" type="hc"/>
      <Atom charge="0.476133" name="H131" type="hn"/>
      <Atom charge="0.0617" name="H3" type="hc"/>
      <Bond atomName1="N1" atomName2="C2"/>
      <Bond atomName1="O3" atomName2="C2"/>
      <Bond atomName1="C2" atomName2="C4"/>
      <Bond atomName1="C4" atomName2="C5"/>
      <Bond atomName1="C4" atomName2="C15"/>
      <Bond atomName1="C5" atomName2="N6"/>
      <Bond atomName1="N16" atomName2="C15"/>
      <Bond atomName1="C15" atomName2="N14"/>
      <Bond atomName1="N6" atomName2="C7"/>
      <Bond atomName1="N14" atomName2="C7"/>
      <Bond atomName1="C10" atomName2="C11"/>
      <Bond atomName1="C10" atomName2="C9"/>
      <Bond atomName1="C7" atomName2="O8"/>
      <Bond atomName1="C11" atomName2="C12"/>
      <Bond atomName1="O8" atomName2="C9"/>
      <Bond atomName1="C9" atomName2="C13"/>
      <Bond atomName1="C12" atomName2="C13"/>
      <Bond atomName1="C5" atomName2="H1"/>
      <Bond atomName1="C10" atomName2="H2"/>
      <Bond atomName1="C10" atomName2="H3"/>
      <Bond atomName1="C11" atomName2="H4"/>
      <Bond atomName1="C11" atomName2="H5"/>
      <Bond atomName1="C12" atomName2="H6"/>
      <Bond atomName1="C12" atomName2="H7"/>
      <Bond atomName1="C13" atomName2="H8"/>
      <Bond atomName1="C13" atomName2="H9"/>
      <Bond atomName1="N1" atomName2="H10"/>
      <Bond atomName1="N1" atomName2="H11"/>
      <Bond atomName1="C9" atomName2="H12"/>
      <Bond atomName1="N16" atomName2="H13"/>
      <Bond atomName1="N16" atomName2="H14"/>
      <Bond atomName1="H131" atomName2="N1"/>
    </Residue>
  </Residues>
  <HarmonicBondForce>
    <Bond k="165602.71999999997" length="0.15460000000000002" type1="c" type2="nz"/>
    <Bond k="404090.7199999999" length="0.10300000000000001" type1="hn" type2="nz"/>
    <Bond k="290453.27999999997" length="0.1386" type1="ca" type2="nv"/>
    <Bond k="443085.5999999999" length="0.10120000000000001" type1="hn" type2="nv"/>
  </HarmonicBondForce>
  <HarmonicAngleForce>
    <Angle angle="1.9394098648160991" k="376.56" type1="c" type2="nz" type3="hn"/>
    <Angle angle="2.031126917008401" k="673.473376" type1="ca" type2="c" type3="nz"/>
    <Angle angle="2.1109757302871417" k="721.3216000000001" type1="ca" type2="ca" type3="nv"/>
    <Angle angle="2.073974750144862" k="892.0287999999999" type1="nz" type2="c" type3="o"/>
    <Angle angle="2.040988027282169" k="938.0527999999999" type1="nb" type2="ca" type3="nv"/>
    <Angle angle="2.0258036627898184" k="408.3584" type1="ca" type2="nv" type3="hn"/>
    <Angle angle="1.8901915799098588" k="334.72" type1="hn" type2="nz" type3="hn"/>
    <Angle angle="2.0092230348958724" k="330.536" type1="hn" type2="nv" type3="hn"/>
  </HarmonicAngleForce>
  <PeriodicTorsionForce>
    <Proper k1="0.343088" periodicity1="3" phase1="3.141592653589793" type1="ca" type2="c" type3="nz" type4="hn"/>
    <Proper k1="4.3932" periodicity1="2" phase1="3.141592653589793" type1="ca" type2="ca" type3="nv" type4="hn"/>
    <Proper k1="0.0" periodicity1="3" phase1="3.141592653589793" type1="o" type2="c" type3="nz" type4="hn"/>
    <Proper k1="4.3932" periodicity1="2" phase1="3.141592653589793" type1="nb" type2="ca" type3="nv" type4="hn"/>
    <Improper k1="43.932" periodicity1="2" phase1="3.141592653589793" type1="c" type2="ca" type3="nz" type4="o"/>
    <Improper k1="4.6024" periodicity1="2" phase1="3.141592653589793" type1="ca" type2="c" type3="ca" type4="ca"/>
    <Improper k1="4.6024" periodicity1="2" phase1="3.141592653589793" type1="ca" type2="ca" type3="h4" type4="nb"/>
    <Improper k1="4.6024" periodicity1="2" phase1="3.141592653589793" type1="ca" type2="nb" type3="nb" type4="os"/>
    <Improper k1="4.6024" periodicity1="2" phase1="3.141592653589793" type1="ca" type2="ca" type3="nb" type4="nv"/>
    <Improper k1="4.6024" periodicity1="2" phase1="3.141592653589793" type1="nv" type2="ca" type3="hn" type4="hn"/>
  </PeriodicTorsionForce>
</ForceField>
