<ForceField>
  <Info>
    <DateGenerated>2019-07-05</DateGenerated>
  </Info>
  <Residues>
    <Residue name="MC_0OY">
      <Atom charge="-0.6021" name="O1" type="o"/>
      <Atom charge="0.6797" name="C1" type="c"/>
      <Atom charge="-0.4898" name="N" type="n"/>
      <Atom charge="0.063" name="C11" type="c3"/>
      <Atom charge="0.1204" name="C10" type="c3"/>
      <Atom charge="-0.4196" name="O3" type="os"/>
      <Atom charge="0.1204" name="C9" type="c3"/>
      <Atom charge="0.063" name="C8" type="c3"/>
      <Atom charge="-0.1516" name="C2" type="ca"/>
      <Atom charge="-0.0815" name="C7" type="ca"/>
      <Atom charge="-0.162" name="C6" type="ca"/>
      <Atom charge="0.1241" name="C5" type="ca"/>
      <Atom charge="-0.5221" name="O2" type="oh"/>
      <Atom charge="-0.162" name="C4" type="ca"/>
      <Atom charge="-0.0815" name="C3" type="ca"/>
      <Atom charge="0.06745" name="H1" type="h1"/>
      <Atom charge="0.06745" name="H2" type="h1"/>
      <Atom charge="0.0557" name="H3" type="h1"/>
      <Atom charge="0.0557" name="H4" type="h1"/>
      <Atom charge="0.0557" name="H5" type="h1"/>
      <Atom charge="0.0557" name="H6" type="h1"/>
      <Atom charge="0.06745" name="H7" type="h1"/>
      <Atom charge="0.06745" name="H8" type="h1"/>
      <Atom charge="0.146" name="H9" type="ha"/>
      <Atom charge="0.1455" name="H10" type="ha"/>
      <Atom charge="0.425" name="H11" type="ho"/>
      <Atom charge="0.1455" name="H12" type="ha"/>
      <Atom charge="0.146" name="H13" type="ha"/>
      <Bond atomName1="C8" atomName2="C9"/>
      <Bond atomName1="C8" atomName2="N"/>
      <Bond atomName1="C9" atomName2="O3"/>
      <Bond atomName1="O1" atomName2="C1"/>
      <Bond atomName1="O3" atomName2="C10"/>
      <Bond atomName1="N" atomName2="C1"/>
      <Bond atomName1="N" atomName2="C11"/>
      <Bond atomName1="C1" atomName2="C2"/>
      <Bond atomName1="C11" atomName2="C10"/>
      <Bond atomName1="C2" atomName2="C7"/>
      <Bond atomName1="C2" atomName2="C3"/>
      <Bond atomName1="C7" atomName2="C6"/>
      <Bond atomName1="C3" atomName2="C4"/>
      <Bond atomName1="C6" atomName2="C5"/>
      <Bond atomName1="C4" atomName2="C5"/>
      <Bond atomName1="C5" atomName2="O2"/>
      <Bond atomName1="C11" atomName2="H1"/>
      <Bond atomName1="C11" atomName2="H2"/>
      <Bond atomName1="C10" atomName2="H3"/>
      <Bond atomName1="C10" atomName2="H4"/>
      <Bond atomName1="C9" atomName2="H5"/>
      <Bond atomName1="C9" atomName2="H6"/>
      <Bond atomName1="C8" atomName2="H7"/>
      <Bond atomName1="C8" atomName2="H8"/>
      <Bond atomName1="C7" atomName2="H9"/>
      <Bond atomName1="C6" atomName2="H10"/>
      <Bond atomName1="O2" atomName2="H11"/>
      <Bond atomName1="C4" atomName2="H12"/>
      <Bond atomName1="C3" atomName2="H13"/>
    </Residue>
  </Residues>
  <PeriodicTorsionForce>
    <Improper k1="43.932" periodicity1="2" phase1="3.141592653589793" type1="c" type2="ca" type3="n" type4="o"/>
    <Improper k1="4.6024" periodicity1="2" phase1="3.141592653589793" type1="n" type2="c" type3="c3" type4="c3"/>
    <Improper k1="4.6024" periodicity1="2" phase1="3.141592653589793" type1="ca" type2="c" type3="ca" type4="ca"/>
    <Improper k1="4.6024" periodicity1="2" phase1="3.141592653589793" type1="ca" type2="ca" type3="ca" type4="ha"/>
    <Improper k1="4.6024" periodicity1="2" phase1="3.141592653589793" type1="ca" type2="ca" type3="ca" type4="oh"/>
  </PeriodicTorsionForce>
</ForceField>
