<ForceField>
  <Info>
    <DateGenerated>2019-07-05</DateGenerated>
  </Info>
  <Residues>
    <Residue name="MC_0P4">
      <Atom charge="-0.1095" name="CAH" type="ca"/>
      <Atom charge="0.0359" name="CAR" type="ca"/>
      <Atom charge="-0.0954" name="Cl1" type="cl"/>
      <Atom charge="-0.115" name="CAG" type="ca"/>
      <Atom charge="0.0359" name="CAS" type="ca"/>
      <Atom charge="-0.0954" name="Cl2" type="cl"/>
      <Atom charge="-0.1095" name="CAI" type="ca"/>
      <Atom charge="-0.0703" name="CAT" type="ca"/>
      <Atom charge="0.2061" name="CAM" type="c3"/>
      <Atom charge="-0.8132" name="NAO" type="n7"/>
      <Atom charge="0.1598" name="CAK" type="c3"/>
      <Atom charge="-0.0974" name="CAJ" type="c3"/>
      <Atom charge="0.2348" name="CAL" type="c3"/>
      <Atom charge="-0.8802" name="NAP" type="nu"/>
      <Atom charge="0.6737" name="CAU" type="cc"/>
      <Atom charge="-0.2953" name="NAQ" type="na"/>
      <Atom charge="-0.1042" name="CAW" type="ca"/>
      <Atom charge="-0.121" name="CAF" type="ca"/>
      <Atom charge="-0.131" name="CAD" type="ca"/>
      <Atom charge="-0.137" name="CAC" type="ca"/>
      <Atom charge="-0.089" name="CAE" type="ca"/>
      <Atom charge="0.1304" name="CAV" type="ca"/>
      <Atom charge="-0.6721" name="NAN" type="nd"/>
      <Atom charge="0.1495" name="H1" type="ha"/>
      <Atom charge="0.158" name="H2" type="ha"/>
      <Atom charge="0.1495" name="H3" type="ha"/>
      <Atom charge="0.0437" name="H4" type="h1"/>
      <Atom charge="0.0437" name="H5" type="h1"/>
      <Atom charge="0.3598" name="H6" type="hn"/>
      <Atom charge="0.0347" name="H8" type="h1"/>
      <Atom charge="0.0347" name="H9" type="h1"/>
      <Atom charge="0.0612" name="H10" type="hc"/>
      <Atom charge="0.0612" name="H11" type="hc"/>
      <Atom charge="0.0362" name="H12" type="h1"/>
      <Atom charge="0.0362" name="H13" type="h1"/>
      <Atom charge="0.4728" name="H14" type="hn"/>
      <Atom charge="0.2957" name="H15" type="hn"/>
      <Atom charge="0.122" name="H16" type="ha"/>
      <Atom charge="0.13" name="H17" type="ha"/>
      <Atom charge="0.131" name="H18" type="ha"/>
      <Atom charge="0.141" name="H19" type="ha"/>
      <Bond atomName1="Cl2" atomName2="CAS"/>
      <Bond atomName1="CAS" atomName2="CAG"/>
      <Bond atomName1="CAS" atomName2="CAI"/>
      <Bond atomName1="CAG" atomName2="CAR"/>
      <Bond atomName1="CAI" atomName2="CAT"/>
      <Bond atomName1="CAR" atomName2="Cl1"/>
      <Bond atomName1="CAR" atomName2="CAH"/>
      <Bond atomName1="CAT" atomName2="CAH"/>
      <Bond atomName1="CAT" atomName2="CAM"/>
      <Bond atomName1="CAM" atomName2="NAO"/>
      <Bond atomName1="NAO" atomName2="CAK"/>
      <Bond atomName1="CAK" atomName2="CAJ"/>
      <Bond atomName1="CAJ" atomName2="CAL"/>
      <Bond atomName1="CAL" atomName2="NAP"/>
      <Bond atomName1="NAP" atomName2="CAU"/>
      <Bond atomName1="CAU" atomName2="NAQ"/>
      <Bond atomName1="CAU" atomName2="NAN"/>
      <Bond atomName1="NAQ" atomName2="CAW"/>
      <Bond atomName1="NAN" atomName2="CAV"/>
      <Bond atomName1="CAW" atomName2="CAV"/>
      <Bond atomName1="CAW" atomName2="CAF"/>
      <Bond atomName1="CAV" atomName2="CAE"/>
      <Bond atomName1="CAF" atomName2="CAD"/>
      <Bond atomName1="CAE" atomName2="CAC"/>
      <Bond atomName1="CAD" atomName2="CAC"/>
      <Bond atomName1="CAH" atomName2="H1"/>
      <Bond atomName1="CAG" atomName2="H2"/>
      <Bond atomName1="CAI" atomName2="H3"/>
      <Bond atomName1="CAM" atomName2="H4"/>
      <Bond atomName1="CAM" atomName2="H5"/>
      <Bond atomName1="NAO" atomName2="H6"/>
      <Bond atomName1="CAK" atomName2="H8"/>
      <Bond atomName1="CAK" atomName2="H9"/>
      <Bond atomName1="CAJ" atomName2="H10"/>
      <Bond atomName1="CAJ" atomName2="H11"/>
      <Bond atomName1="CAL" atomName2="H12"/>
      <Bond atomName1="CAL" atomName2="H13"/>
      <Bond atomName1="NAP" atomName2="H14"/>
      <Bond atomName1="NAQ" atomName2="H15"/>
      <Bond atomName1="CAF" atomName2="H16"/>
      <Bond atomName1="CAD" atomName2="H17"/>
      <Bond atomName1="CAC" atomName2="H18"/>
      <Bond atomName1="CAE" atomName2="H19"/>
    </Residue>
  </Residues>
  <HarmonicBondForce>
    <Bond k="218572.15999999995" length="0.14650000000000002" type1="c3" type2="n7"/>
    <Bond k="427855.8399999999" length="0.10189999999999999" type1="hn" type2="n7"/>
    <Bond k="219074.23999999996" length="0.1464" type1="c3" type2="nu"/>
    <Bond k="304176.79999999993" length="0.1373" type1="cc" type2="nu"/>
    <Bond k="443085.5999999999" length="0.10120000000000001" type1="hn" type2="nu"/>
  </HarmonicBondForce>
  <HarmonicAngleForce>
    <Angle angle="1.95756128903684" k="698.7280000000001" type1="ca" type2="c3" type3="n7"/>
    <Angle angle="1.9608774146156291" k="549.7776" type1="c3" type2="n7" type3="c3"/>
    <Angle angle="1.9074703395046029" k="399.99039999999997" type1="c3" type2="n7" type3="hn"/>
    <Angle angle="1.9177677820913692" k="512.1216000000001" type1="h1" type2="c3" type3="n7"/>
    <Angle angle="1.9380136014145037" k="697.0544" type1="c3" type2="c3" type3="n7"/>
    <Angle angle="1.9278906917529364" k="698.7280000000001" type1="c3" type2="c3" type3="nu"/>
    <Angle angle="2.0895081804876114" k="548.9408" type1="c3" type2="nu" type3="cc"/>
    <Angle angle="2.0244073993882226" k="388.2752" type1="c3" type2="nu" type3="hn"/>
    <Angle angle="1.9161969857645744" k="512.1216000000001" type1="h1" type2="c3" type3="nu"/>
    <Angle angle="2.04692214673895" k="927.1744" type1="na" type2="cc" type3="nu"/>
    <Angle angle="2.1057397425311586" k="934.7056" type1="nd" type2="cc" type3="nu"/>
    <Angle angle="2.0181242140810434" k="412.5424" type1="cc" type2="nu" type3="hn"/>
  </HarmonicAngleForce>
  <PeriodicTorsionForce>
    <Proper k1="1.2552" periodicity1="3" phase1="0.0" type1="ca" type2="c3" type3="n7" type4="c3"/>
    <Proper k1="1.2552" periodicity1="3" phase1="0.0" type1="ca" type2="c3" type3="n7" type4="hn"/>
    <Proper k1="0.9414" periodicity1="3" phase1="0.0" type1="h1" type2="c3" type3="n7" type4="c3"/>
    <Proper k1="0.87864" periodicity1="3" phase1="0.0" type1="c3" type2="c3" type3="c3" type4="n7"/>
    <Proper k1="0.41840000000000005" periodicity1="3" phase1="0.0" type1="hc" type2="c3" type3="c3" type4="n7"/>
    <Proper k1="0.87864" periodicity1="3" phase1="0.0" type1="c3" type2="c3" type3="c3" type4="nu"/>
    <Proper k1="0.9079280000000001" periodicity1="3" phase1="0.0" type1="c3" type2="c3" type3="n7" type4="hn"/>
    <Proper k1="0.0" periodicity1="2" phase1="0.0" type1="c3" type2="c3" type3="nu" type4="cc"/>
    <Proper k1="0.0" periodicity1="2" phase1="0.0" type1="c3" type2="c3" type3="nu" type4="hn"/>
    <Proper k1="4.3932" periodicity1="2" phase1="3.141592653589793" type1="na" type2="cc" type3="nu" type4="c3"/>
    <Proper k1="4.3932" periodicity1="2" phase1="3.141592653589793" type1="nd" type2="cc" type3="nu" type4="c3"/>
    <Proper k1="0.0" periodicity1="2" phase1="0.0" type1="h1" type2="c3" type3="nu" type4="cc"/>
    <Proper k1="4.3932" periodicity1="2" phase1="3.141592653589793" type1="na" type2="cc" type3="nu" type4="hn"/>
    <Proper k1="4.3932" periodicity1="2" phase1="3.141592653589793" type1="nd" type2="cc" type3="nu" type4="hn"/>
    <Proper k1="1.2552" periodicity1="3" phase1="0.0" type1="h1" type2="c3" type3="n7" type4="hn"/>
    <Proper k1="0.0" periodicity1="2" phase1="0.0" type1="h1" type2="c3" type3="nu" type4="hn"/>
    <Improper k1="4.6024" periodicity1="2" phase1="3.141592653589793" type1="ca" type2="ca" type3="ca" type4="ha"/>
    <Improper k1="4.6024" periodicity1="2" phase1="3.141592653589793" type1="nu" type2="c3" type3="cc" type4="hn"/>
    <Improper k1="4.6024" periodicity1="2" phase1="3.141592653589793" type1="cc" type2="na" type3="nd" type4="nu"/>
    <Improper k1="4.6024" periodicity1="2" phase1="3.141592653589793" type1="na" type2="ca" type3="cc" type4="hn"/>
    <Improper k1="4.6024" periodicity1="2" phase1="3.141592653589793" type1="ca" type2="ca" type3="ca" type4="na"/>
    <Improper k1="4.6024" periodicity1="2" phase1="3.141592653589793" type1="ca" type2="ca" type3="ca" type4="nd"/>
  </PeriodicTorsionForce>
</ForceField>
