<ForceField>
  <Info>
    <DateGenerated>2019-07-05</DateGenerated>
  </Info>
  <Residues>
    <Residue name="MC_0P6">
      <Atom charge="-0.2503" name="CAE" type="ca"/>
      <Atom charge="-0.084" name="CAG" type="ca"/>
      <Atom charge="-0.1503" name="CAK" type="ca"/>
      <Atom charge="-0.12" name="CAF" type="ca"/>
      <Atom charge="-0.116" name="CAC" type="ca"/>
      <Atom charge="-0.16" name="CAD" type="ca"/>
      <Atom charge="0.0718" name="CAJ" type="ca"/>
      <Atom charge="-0.5001" name="OAB" type="oh"/>
      <Atom charge="0.4106" name="CAL" type="ca"/>
      <Atom charge="-0.686" name="NAH" type="nb"/>
      <Atom charge="0.6842" name="CAI" type="ca"/>
      <Atom charge="-1.0845" name="NAA" type="nv"/>
      <Atom charge="0.143" name="H1" type="ha"/>
      <Atom charge="0.14" name="H2" type="ha"/>
      <Atom charge="0.134" name="H3" type="ha"/>
      <Atom charge="0.133" name="H4" type="ha"/>
      <Atom charge="0.142" name="H5" type="ha"/>
      <Atom charge="0.421" name="H6" type="ho"/>
      <Atom charge="0.4368" name="H7" type="hn"/>
      <Atom charge="0.4368" name="H8" type="hn"/>
      <Bond atomName1="CAC" atomName2="CAD"/>
      <Bond atomName1="CAC" atomName2="CAF"/>
      <Bond atomName1="CAD" atomName2="CAJ"/>
      <Bond atomName1="CAF" atomName2="CAK"/>
      <Bond atomName1="CAJ" atomName2="OAB"/>
      <Bond atomName1="CAJ" atomName2="CAL"/>
      <Bond atomName1="CAK" atomName2="CAL"/>
      <Bond atomName1="CAK" atomName2="CAG"/>
      <Bond atomName1="CAL" atomName2="NAH"/>
      <Bond atomName1="CAG" atomName2="CAE"/>
      <Bond atomName1="NAH" atomName2="CAI"/>
      <Bond atomName1="CAE" atomName2="CAI"/>
      <Bond atomName1="CAI" atomName2="NAA"/>
      <Bond atomName1="CAE" atomName2="H1"/>
      <Bond atomName1="CAG" atomName2="H2"/>
      <Bond atomName1="CAF" atomName2="H3"/>
      <Bond atomName1="CAC" atomName2="H4"/>
      <Bond atomName1="CAD" atomName2="H5"/>
      <Bond atomName1="OAB" atomName2="H6"/>
      <Bond atomName1="NAA" atomName2="H7"/>
      <Bond atomName1="NAA" atomName2="H8"/>
    </Residue>
  </Residues>
  <HarmonicBondForce>
    <Bond k="290453.27999999997" length="0.1386" type1="ca" type2="nv"/>
    <Bond k="443085.5999999999" length="0.10120000000000001" type1="hn" type2="nv"/>
  </HarmonicBondForce>
  <HarmonicAngleForce>
    <Angle angle="2.1109757302871417" k="721.3216000000001" type1="ca" type2="ca" type3="nv"/>
    <Angle angle="2.040988027282169" k="938.0527999999999" type1="nb" type2="ca" type3="nv"/>
    <Angle angle="2.0258036627898184" k="408.3584" type1="ca" type2="nv" type3="hn"/>
    <Angle angle="2.0092230348958724" k="330.536" type1="hn" type2="nv" type3="hn"/>
  </HarmonicAngleForce>
  <PeriodicTorsionForce>
    <Proper k1="4.3932" periodicity1="2" phase1="3.141592653589793" type1="ca" type2="ca" type3="nv" type4="hn"/>
    <Proper k1="4.3932" periodicity1="2" phase1="3.141592653589793" type1="nb" type2="ca" type3="nv" type4="hn"/>
    <Improper k1="4.6024" periodicity1="2" phase1="3.141592653589793" type1="ca" type2="ca" type3="ca" type4="ha"/>
    <Improper k1="4.6024" periodicity1="2" phase1="3.141592653589793" type1="ca" type2="ca" type3="ca" type4="ca"/>
    <Improper k1="4.6024" periodicity1="2" phase1="3.141592653589793" type1="ca" type2="ca" type3="ca" type4="oh"/>
    <Improper k1="4.6024" periodicity1="2" phase1="3.141592653589793" type1="ca" type2="ca" type3="ca" type4="nb"/>
    <Improper k1="4.6024" periodicity1="2" phase1="3.141592653589793" type1="ca" type2="ca" type3="nb" type4="nv"/>
    <Improper k1="4.6024" periodicity1="2" phase1="3.141592653589793" type1="nv" type2="ca" type3="hn" type4="hn"/>
  </PeriodicTorsionForce>
</ForceField>
