<ForceField>
  <Info>
    <DateGenerated>2019-07-05</DateGenerated>
  </Info>
  <Residues>
    <Residue name="MC_0PA">
      <Atom charge="-0.8583" name="O2" type="o"/>
      <Atom charge="0.8916" name="C1" type="c"/>
      <Atom charge="-0.8583" name="O1" type="o"/>
      <Atom charge="-0.1774" name="C2" type="c3"/>
      <Atom charge="-0.0467" name="C3" type="c3"/>
      <Atom charge="-0.0779" name="C4" type="c3"/>
      <Atom charge="-0.0884" name="C5" type="c3"/>
      <Atom charge="-0.0884" name="C6" type="c3"/>
      <Atom charge="-0.0779" name="C7" type="c3"/>
      <Atom charge="0.0292" name="H2" type="hc"/>
      <Atom charge="0.0292" name="H2A" type="hc"/>
      <Atom charge="0.0617" name="H3" type="hc"/>
      <Atom charge="0.0427" name="H4" type="hc"/>
      <Atom charge="0.0427" name="H4A" type="hc"/>
      <Atom charge="0.02295" name="H5" type="hc"/>
      <Atom charge="0.02295" name="H5A" type="hc"/>
      <Atom charge="0.02295" name="H6" type="hc"/>
      <Atom charge="0.02295" name="H6A" type="hc"/>
      <Atom charge="0.0427" name="H7" type="hc"/>
      <Atom charge="0.0427" name="H7A" type="hc"/>
      <Bond atomName1="O2" atomName2="C1"/>
      <Bond atomName1="C2" atomName2="C1"/>
      <Bond atomName1="C1" atomName2="O1"/>
      <Bond atomName1="C3" atomName2="C2"/>
      <Bond atomName1="C2" atomName2="H2"/>
      <Bond atomName1="C2" atomName2="H2A"/>
      <Bond atomName1="C4" atomName2="C3"/>
      <Bond atomName1="C7" atomName2="C3"/>
      <Bond atomName1="C3" atomName2="H3"/>
      <Bond atomName1="C5" atomName2="C4"/>
      <Bond atomName1="C4" atomName2="H4"/>
      <Bond atomName1="C4" atomName2="H4A"/>
      <Bond atomName1="C5" atomName2="C6"/>
      <Bond atomName1="C5" atomName2="H5"/>
      <Bond atomName1="C5" atomName2="H5A"/>
      <Bond atomName1="C6" atomName2="C7"/>
      <Bond atomName1="C6" atomName2="H6"/>
      <Bond atomName1="C6" atomName2="H6A"/>
      <Bond atomName1="C7" atomName2="H7"/>
      <Bond atomName1="C7" atomName2="H7A"/>
    </Residue>
  </Residues>
  <PeriodicTorsionForce>
    <Improper k1="4.6024" periodicity1="2" phase1="3.141592653589793" type1="c" type2="c3" type3="o" type4="o"/>
  </PeriodicTorsionForce>
</ForceField>
