<ForceField>
  <Info>
    <DateGenerated>2019-07-05</DateGenerated>
  </Info>
  <Residues>
    <Residue name="MC_0PF">
      <Atom charge="-0.0871" name="C1" type="c3"/>
      <Atom charge="-0.0401" name="C2" type="c3"/>
      <Atom charge="-0.0753" name="C3" type="ca"/>
      <Atom charge="-0.1215" name="C4" type="ca"/>
      <Atom charge="-0.1185" name="C5" type="ca"/>
      <Atom charge="-0.039" name="C6" type="cp"/>
      <Atom charge="-0.1185" name="C7" type="ca"/>
      <Atom charge="-0.1215" name="C8" type="ca"/>
      <Atom charge="-0.056" name="C9" type="cp"/>
      <Atom charge="-0.077" name="C10" type="ca"/>
      <Atom charge="-0.158" name="C11" type="ca"/>
      <Atom charge="0.2076" name="C12" type="ca"/>
      <Atom charge="-0.6629" name="N13" type="nh"/>
      <Atom charge="0.2211" name="C14" type="c3"/>
      <Atom charge="1.4392" name="S15" type="sy"/>
      <Atom charge="-0.6223" name="O16" type="o"/>
      <Atom charge="-0.6223" name="O17" type="o"/>
      <Atom charge="-0.5058" name="C18" type="cc"/>
      <Atom charge="0.4392" name="C19" type="cc"/>
      <Atom charge="-0.5118" name="N20" type="nd"/>
      <Atom charge="0.1074" name="N21" type="na"/>
      <Atom charge="0.0543" name="C22" type="c3"/>
      <Atom charge="-0.1231" name="C23" type="c3"/>
      <Atom charge="0.0737" name="C24" type="cd"/>
      <Atom charge="-0.092" name="C25" type="ca"/>
      <Atom charge="-0.087" name="C26" type="ca"/>
      <Atom charge="0.037367" name="H1" type="hc"/>
      <Atom charge="0.037367" name="H2" type="hc"/>
      <Atom charge="0.037367" name="H3" type="hc"/>
      <Atom charge="0.0487" name="H4" type="hc"/>
      <Atom charge="0.0487" name="H5" type="hc"/>
      <Atom charge="0.133" name="H6" type="ha"/>
      <Atom charge="0.1285" name="H7" type="ha"/>
      <Atom charge="0.1285" name="H8" type="ha"/>
      <Atom charge="0.133" name="H9" type="ha"/>
      <Atom charge="0.141" name="H10" type="ha"/>
      <Atom charge="0.146" name="H11" type="ha"/>
      <Atom charge="0.053367" name="H12" type="h1"/>
      <Atom charge="0.053367" name="H13" type="h1"/>
      <Atom charge="0.053367" name="H14" type="h1"/>
      <Atom charge="0.0601" name="H15" type="h4"/>
      <Atom charge="0.0732" name="H16" type="h1"/>
      <Atom charge="0.0732" name="H17" type="h1"/>
      <Atom charge="0.054033" name="H18" type="hc"/>
      <Atom charge="0.054033" name="H19" type="hc"/>
      <Atom charge="0.054033" name="H20" type="hc"/>
      <Atom charge="0.148" name="H21" type="ha"/>
      <Bond atomName1="C1" atomName2="C2"/>
      <Bond atomName1="C4" atomName2="C5"/>
      <Bond atomName1="C4" atomName2="C3"/>
      <Bond atomName1="C2" atomName2="C3"/>
      <Bond atomName1="C5" atomName2="C6"/>
      <Bond atomName1="C3" atomName2="C8"/>
      <Bond atomName1="C10" atomName2="C11"/>
      <Bond atomName1="C10" atomName2="C9"/>
      <Bond atomName1="C11" atomName2="C12"/>
      <Bond atomName1="C6" atomName2="C9"/>
      <Bond atomName1="C6" atomName2="C7"/>
      <Bond atomName1="C8" atomName2="C7"/>
      <Bond atomName1="C9" atomName2="C26"/>
      <Bond atomName1="C14" atomName2="N13"/>
      <Bond atomName1="C12" atomName2="N13"/>
      <Bond atomName1="C12" atomName2="C25"/>
      <Bond atomName1="N13" atomName2="S15"/>
      <Bond atomName1="C26" atomName2="C25"/>
      <Bond atomName1="C25" atomName2="C24"/>
      <Bond atomName1="O17" atomName2="S15"/>
      <Bond atomName1="S15" atomName2="O16"/>
      <Bond atomName1="S15" atomName2="C18"/>
      <Bond atomName1="C24" atomName2="C18"/>
      <Bond atomName1="C24" atomName2="N21"/>
      <Bond atomName1="C18" atomName2="C19"/>
      <Bond atomName1="C22" atomName2="N21"/>
      <Bond atomName1="C22" atomName2="C23"/>
      <Bond atomName1="N21" atomName2="N20"/>
      <Bond atomName1="C19" atomName2="N20"/>
      <Bond atomName1="C1" atomName2="H1"/>
      <Bond atomName1="C1" atomName2="H2"/>
      <Bond atomName1="C1" atomName2="H3"/>
      <Bond atomName1="C2" atomName2="H4"/>
      <Bond atomName1="C2" atomName2="H5"/>
      <Bond atomName1="C4" atomName2="H6"/>
      <Bond atomName1="C5" atomName2="H7"/>
      <Bond atomName1="C7" atomName2="H8"/>
      <Bond atomName1="C8" atomName2="H9"/>
      <Bond atomName1="C10" atomName2="H10"/>
      <Bond atomName1="C11" atomName2="H11"/>
      <Bond atomName1="C14" atomName2="H12"/>
      <Bond atomName1="C14" atomName2="H13"/>
      <Bond atomName1="C14" atomName2="H14"/>
      <Bond atomName1="C19" atomName2="H15"/>
      <Bond atomName1="C22" atomName2="H16"/>
      <Bond atomName1="C22" atomName2="H17"/>
      <Bond atomName1="C23" atomName2="H18"/>
      <Bond atomName1="C23" atomName2="H19"/>
      <Bond atomName1="C23" atomName2="H20"/>
      <Bond atomName1="C26" atomName2="H21"/>
    </Residue>
  </Residues>
  <PeriodicTorsionForce>
    <Proper k1="2.11292" periodicity1="2" phase1="3.141592653589793" type1="ca" type2="ca" type3="cd" type4="cc"/>
    <Proper k1="2.9288" periodicity1="2" phase1="3.141592653589793" type1="ca" type2="ca" type3="cd" type4="na"/>
    <Proper k1="5.299733333333333" periodicity1="2" phase1="3.141592653589793" type1="cc" type2="cc" type3="sy" type4="nh"/>
    <Proper k1="5.299733333333333" periodicity1="2" phase1="3.141592653589793" type1="cd" type2="cc" type3="sy" type4="nh"/>
    <Proper k1="5.299733333333333" periodicity1="2" phase1="3.141592653589793" type1="cc" type2="cc" type3="sy" type4="o"/>
    <Proper k1="5.299733333333333" periodicity1="2" phase1="3.141592653589793" type1="cd" type2="cc" type3="sy" type4="o"/>
    <Improper k1="4.6024" periodicity1="2" phase1="3.141592653589793" type1="ca" type2="ca" type3="ca" type4="ha"/>
    <Improper k1="4.6024" periodicity1="2" phase1="3.141592653589793" type1="ca" type2="ca" type3="cp" type4="ha"/>
    <Improper k1="4.6024" periodicity1="2" phase1="3.141592653589793" type1="cp" type2="ca" type3="ca" type4="cp"/>
    <Improper k1="4.6024" periodicity1="2" phase1="3.141592653589793" type1="ca" type2="ca" type3="ca" type4="nh"/>
    <Improper k1="4.6024" periodicity1="2" phase1="3.141592653589793" type1="nh" type2="c3" type3="ca" type4="sy"/>
    <Improper k1="4.6024" periodicity1="2" phase1="3.141592653589793" type1="cc" type2="cc" type3="cd" type4="sy"/>
    <Improper k1="4.6024" periodicity1="2" phase1="3.141592653589793" type1="cc" type2="cc" type3="h4" type4="nd"/>
    <Improper k1="4.6024" periodicity1="2" phase1="3.141592653589793" type1="na" type2="c3" type3="cd" type4="nd"/>
    <Improper k1="4.6024" periodicity1="2" phase1="3.141592653589793" type1="cd" type2="ca" type3="cc" type4="na"/>
    <Improper k1="4.6024" periodicity1="2" phase1="3.141592653589793" type1="ca" type2="ca" type3="ca" type4="cd"/>
  </PeriodicTorsionForce>
</ForceField>
