<ForceField>
  <Info>
    <DateGenerated>2019-07-05</DateGenerated>
  </Info>
  <Residues>
    <Residue name="MC_0PL">
      <Atom charge="0.2321" name="C1" type="c3"/>
      <Atom charge="-0.8095" name="N2" type="n3"/>
      <Atom charge="0.2951" name="C3" type="c3"/>
      <Atom charge="-0.1183" name="C4" type="ca"/>
      <Atom charge="-0.052" name="C5" type="ca"/>
      <Atom charge="-0.0113" name="C6" type="ca"/>
      <Atom charge="-0.111" name="C7" type="ca"/>
      <Atom charge="-0.13" name="C8" type="ca"/>
      <Atom charge="0.0324" name="C9" type="ca"/>
      <Atom charge="-0.1564" name="Cl1" type="cl"/>
      <Atom charge="0.0279" name="C11" type="c3"/>
      <Atom charge="-0.1804" name="C13" type="c3"/>
      <Atom charge="0.8856" name="C14" type="c"/>
      <Atom charge="-0.8388" name="O15" type="o"/>
      <Atom charge="-0.8388" name="O16" type="o"/>
      <Atom charge="-0.0833" name="C17" type="ca"/>
      <Atom charge="-0.067" name="C18" type="ca"/>
      <Atom charge="-0.161" name="C19" type="ca"/>
      <Atom charge="-0.0742" name="C20" type="ca"/>
      <Atom charge="0.0399" name="N21" type="na"/>
      <Atom charge="0.0706" name="C22" type="c3"/>
      <Atom charge="-0.1714" name="N23" type="nc"/>
      <Atom charge="-0.2174" name="N24" type="nd"/>
      <Atom charge="0.0174" name="C25" type="ca"/>
      <Atom charge="-0.057" name="C26" type="ca"/>
      <Atom charge="1.4182" name="S27" type="sy"/>
      <Atom charge="-0.6098" name="O28" type="o"/>
      <Atom charge="-0.6098" name="O29" type="o"/>
      <Atom charge="-0.3085" name="C30" type="ca"/>
      <Atom charge="-0.029" name="C31" type="ca"/>
      <Atom charge="-0.1575" name="C32" type="ca"/>
      <Atom charge="-0.088" name="C33" type="ca"/>
      <Atom charge="-0.1575" name="C34" type="ca"/>
      <Atom charge="-0.029" name="C35" type="ca"/>
      <Atom charge="0.0847" name="H11" type="hc"/>
      <Atom charge="0.040033" name="H1" type="h1"/>
      <Atom charge="0.040033" name="H1A" type="h1"/>
      <Atom charge="0.040033" name="H1B" type="h1"/>
      <Atom charge="0.0517" name="H3" type="h1"/>
      <Atom charge="0.0517" name="H3A" type="h1"/>
      <Atom charge="0.158" name="H5" type="ha"/>
      <Atom charge="0.134" name="H7" type="ha"/>
      <Atom charge="0.128" name="H8" type="ha"/>
      <Atom charge="0.0352" name="H13" type="hc"/>
      <Atom charge="0.0352" name="H13A" type="hc"/>
      <Atom charge="0.15" name="H18" type="ha"/>
      <Atom charge="0.123" name="H19" type="ha"/>
      <Atom charge="0.0497" name="H22" type="h1"/>
      <Atom charge="0.0497" name="H22A" type="h1"/>
      <Atom charge="0.0497" name="H22B" type="h1"/>
      <Atom charge="0.15" name="H26" type="ha"/>
      <Atom charge="0.1505" name="H31" type="ha"/>
      <Atom charge="0.128" name="H32" type="ha"/>
      <Atom charge="0.122" name="H33" type="ha"/>
      <Atom charge="0.128" name="H34" type="ha"/>
      <Atom charge="0.1505" name="H35" type="ha"/>
      <Bond atomName1="H1" atomName2="C1"/>
      <Bond atomName1="H1A" atomName2="C1"/>
      <Bond atomName1="C1" atomName2="H1B"/>
      <Bond atomName1="C1" atomName2="N2"/>
      <Bond atomName1="C3" atomName2="N2"/>
      <Bond atomName1="N2" atomName2="S27"/>
      <Bond atomName1="H3" atomName2="C3"/>
      <Bond atomName1="C4" atomName2="C3"/>
      <Bond atomName1="C3" atomName2="H3A"/>
      <Bond atomName1="C5" atomName2="C4"/>
      <Bond atomName1="C4" atomName2="C9"/>
      <Bond atomName1="C6" atomName2="C5"/>
      <Bond atomName1="H5" atomName2="C5"/>
      <Bond atomName1="C11" atomName2="C6"/>
      <Bond atomName1="C6" atomName2="C7"/>
      <Bond atomName1="H7" atomName2="C7"/>
      <Bond atomName1="C7" atomName2="C8"/>
      <Bond atomName1="C8" atomName2="H8"/>
      <Bond atomName1="C8" atomName2="C9"/>
      <Bond atomName1="C9" atomName2="Cl1"/>
      <Bond atomName1="C13" atomName2="C11"/>
      <Bond atomName1="C17" atomName2="C11"/>
      <Bond atomName1="H11" atomName2="C11"/>
      <Bond atomName1="C14" atomName2="C13"/>
      <Bond atomName1="C13" atomName2="H13"/>
      <Bond atomName1="C13" atomName2="H13A"/>
      <Bond atomName1="O15" atomName2="C14"/>
      <Bond atomName1="O16" atomName2="C14"/>
      <Bond atomName1="C18" atomName2="C17"/>
      <Bond atomName1="C17" atomName2="C26"/>
      <Bond atomName1="C19" atomName2="C18"/>
      <Bond atomName1="H18" atomName2="C18"/>
      <Bond atomName1="H19" atomName2="C19"/>
      <Bond atomName1="C19" atomName2="C20"/>
      <Bond atomName1="N21" atomName2="C20"/>
      <Bond atomName1="C20" atomName2="C25"/>
      <Bond atomName1="C22" atomName2="N21"/>
      <Bond atomName1="N21" atomName2="N23"/>
      <Bond atomName1="H22" atomName2="C22"/>
      <Bond atomName1="H22B" atomName2="C22"/>
      <Bond atomName1="C22" atomName2="H22A"/>
      <Bond atomName1="N23" atomName2="N24"/>
      <Bond atomName1="C25" atomName2="N24"/>
      <Bond atomName1="C25" atomName2="C26"/>
      <Bond atomName1="C26" atomName2="H26"/>
      <Bond atomName1="C30" atomName2="S27"/>
      <Bond atomName1="S27" atomName2="O28"/>
      <Bond atomName1="S27" atomName2="O29"/>
      <Bond atomName1="C35" atomName2="C30"/>
      <Bond atomName1="C31" atomName2="C30"/>
      <Bond atomName1="C32" atomName2="C31"/>
      <Bond atomName1="C31" atomName2="H31"/>
      <Bond atomName1="C33" atomName2="C32"/>
      <Bond atomName1="H32" atomName2="C32"/>
      <Bond atomName1="H33" atomName2="C33"/>
      <Bond atomName1="C33" atomName2="C34"/>
      <Bond atomName1="H34" atomName2="C34"/>
      <Bond atomName1="C34" atomName2="C35"/>
      <Bond atomName1="C35" atomName2="H35"/>
    </Residue>
  </Residues>
  <PeriodicTorsionForce>
    <Improper k1="4.6024" periodicity1="2" phase1="3.141592653589793" type1="ca" type2="ca" type3="ca" type4="ha"/>
    <Improper k1="4.6024" periodicity1="2" phase1="3.141592653589793" type1="c" type2="c3" type3="o" type4="o"/>
    <Improper k1="4.6024" periodicity1="2" phase1="3.141592653589793" type1="ca" type2="ca" type3="ca" type4="na"/>
    <Improper k1="4.6024" periodicity1="2" phase1="3.141592653589793" type1="na" type2="c3" type3="ca" type4="nc"/>
    <Improper k1="4.6024" periodicity1="2" phase1="3.141592653589793" type1="ca" type2="ca" type3="ca" type4="nd"/>
    <Improper k1="4.6024" periodicity1="2" phase1="3.141592653589793" type1="ca" type2="ca" type3="ca" type4="sy"/>
  </PeriodicTorsionForce>
</ForceField>
