<ForceField>
  <Info>
    <DateGenerated>2019-07-05</DateGenerated>
  </Info>
  <Residues>
    <Residue name="MC_0PZ">
      <Atom charge="-0.0911" name="C1" type="c3"/>
      <Atom charge="-0.0844" name="C2" type="c3"/>
      <Atom charge="-0.0794" name="C3" type="c3"/>
      <Atom charge="-0.0664" name="C4" type="c3"/>
      <Atom charge="0.0401" name="C5" type="cx"/>
      <Atom charge="-0.3856" name="O" type="op"/>
      <Atom charge="0.0334" name="C6" type="cx"/>
      <Atom charge="0.0337" name="H1" type="hc"/>
      <Atom charge="0.0337" name="H2" type="hc"/>
      <Atom charge="0.0337" name="H3" type="hc"/>
      <Atom charge="0.0407" name="H4" type="hc"/>
      <Atom charge="0.0407" name="H5" type="hc"/>
      <Atom charge="0.0457" name="H6" type="hc"/>
      <Atom charge="0.0457" name="H7" type="hc"/>
      <Atom charge="0.0552" name="H8" type="hc"/>
      <Atom charge="0.0552" name="H9" type="hc"/>
      <Atom charge="0.0907" name="H10" type="h1"/>
      <Atom charge="0.0802" name="H11" type="h1"/>
      <Atom charge="0.0802" name="H12" type="h1"/>
      <Bond atomName1="C2" atomName2="C3"/>
      <Bond atomName1="C2" atomName2="C1"/>
      <Bond atomName1="C3" atomName2="C4"/>
      <Bond atomName1="C4" atomName2="C5"/>
      <Bond atomName1="C5" atomName2="O"/>
      <Bond atomName1="C5" atomName2="C6"/>
      <Bond atomName1="O" atomName2="C6"/>
      <Bond atomName1="C1" atomName2="H1"/>
      <Bond atomName1="C1" atomName2="H2"/>
      <Bond atomName1="C1" atomName2="H3"/>
      <Bond atomName1="C2" atomName2="H4"/>
      <Bond atomName1="C2" atomName2="H5"/>
      <Bond atomName1="C3" atomName2="H6"/>
      <Bond atomName1="C3" atomName2="H7"/>
      <Bond atomName1="C4" atomName2="H8"/>
      <Bond atomName1="C4" atomName2="H9"/>
      <Bond atomName1="C5" atomName2="H10"/>
      <Bond atomName1="C6" atomName2="H11"/>
      <Bond atomName1="C6" atomName2="H12"/>
    </Residue>
  </Residues>
  <PeriodicTorsionForce>
    <Proper k1="0.6508444444444444" periodicity1="3" phase1="0.0" type1="c3" type2="c3" type3="cx" type4="op"/>
    <Proper k1="0.5439200000000001" k2="1.21336" k3="0.46024000000000004" periodicity1="3" periodicity2="2" periodicity3="1" phase1="0.0" phase2="3.141592653589793" phase3="0.0" type1="c3" type2="c3" type3="cx" type4="cx"/>
    <Proper k1="0.33472" periodicity1="3" phase1="0.0" type1="c3" type2="c3" type3="cx" type4="h1"/>
    <Proper k1="1.00416" k2="0.66944" periodicity1="3" periodicity2="2" phase1="0.0" phase2="0.0" type1="c3" type2="cx" type3="op" type4="cx"/>
    <Proper k1="1.00416" k2="0.66944" periodicity1="3" periodicity2="2" phase1="0.0" phase2="0.0" type1="cx" type2="cx" type3="op" type4="cx"/>
    <Proper k1="1.4100080000000002" periodicity1="3" phase1="0.0" type1="h1" type2="cx" type3="op" type4="cx"/>
    <Proper k1="0.0" k2="1.046" periodicity1="3" periodicity2="1" phase1="0.0" phase2="0.0" type1="hc" type2="c3" type3="cx" type4="op"/>
    <Proper k1="0.33472" periodicity1="3" phase1="0.0" type1="hc" type2="c3" type3="cx" type4="cx"/>
    <Proper k1="0.50208" periodicity1="3" phase1="0.0" type1="hc" type2="c3" type3="cx" type4="h1"/>
  </PeriodicTorsionForce>
</ForceField>
