<ForceField>
  <Info>
    <DateGenerated>2019-07-05</DateGenerated>
  </Info>
  <Residues>
    <Residue name="MC_0Q2">
      <Atom charge="-0.1174" name="C1" type="c3"/>
      <Atom charge="0.4248" name="C2" type="cc"/>
      <Atom charge="-0.5891" name="N3" type="nd"/>
      <Atom charge="-0.0299" name="C4" type="ca"/>
      <Atom charge="0.4922" name="C5" type="ca"/>
      <Atom charge="-0.663" name="N6" type="nb"/>
      <Atom charge="0.6073" name="C7" type="ca"/>
      <Atom charge="-0.2546" name="C8" type="ca"/>
      <Atom charge="-0.0482" name="C9" type="ca"/>
      <Atom charge="-0.1443" name="N10" type="na"/>
      <Atom charge="0.065" name="C11" type="c3"/>
      <Atom charge="-0.1154" name="C13" type="c3"/>
      <Atom charge="-0.0904" name="C14" type="c3"/>
      <Atom charge="-0.1134" name="C15" type="c3"/>
      <Atom charge="0.1461" name="C16" type="c3"/>
      <Atom charge="-0.1394" name="C18" type="c3"/>
      <Atom charge="-0.6108" name="O19" type="oh"/>
      <Atom charge="-0.1804" name="C20" type="c3"/>
      <Atom charge="0.4262" name="C21" type="c2"/>
      <Atom charge="-0.6147" name="N22" type="ne"/>
      <Atom charge="0.0667" name="H1" type="hc"/>
      <Atom charge="0.0667" name="H2" type="hc"/>
      <Atom charge="0.0667" name="H3" type="hc"/>
      <Atom charge="0.0421" name="H4" type="h4"/>
      <Atom charge="0.0677" name="H6" type="h1"/>
      <Atom charge="0.0647" name="H7" type="hc"/>
      <Atom charge="0.0647" name="H8" type="hc"/>
      <Atom charge="0.0562" name="H9" type="hc"/>
      <Atom charge="0.0562" name="H10" type="hc"/>
      <Atom charge="0.0517" name="H11" type="hc"/>
      <Atom charge="0.0517" name="H12" type="hc"/>
      <Atom charge="0.0487" name="H13" type="h1"/>
      <Atom charge="0.0857" name="H14" type="hc"/>
      <Atom charge="0.0857" name="H15" type="hc"/>
      <Atom charge="0.41" name="H16" type="ho"/>
      <Atom charge="0.1017" name="H17" type="hc"/>
      <Atom charge="0.0618" name="H18" type="h4"/>
      <Atom charge="0.1017" name="H5" type="hc"/>
      <Bond atomName1="N3" atomName2="C2"/>
      <Bond atomName1="N3" atomName2="C4"/>
      <Bond atomName1="C1" atomName2="C2"/>
      <Bond atomName1="C5" atomName2="C4"/>
      <Bond atomName1="C5" atomName2="N6"/>
      <Bond atomName1="C2" atomName2="N10"/>
      <Bond atomName1="C4" atomName2="C9"/>
      <Bond atomName1="N6" atomName2="C7"/>
      <Bond atomName1="C13" atomName2="C14"/>
      <Bond atomName1="C13" atomName2="C11"/>
      <Bond atomName1="N10" atomName2="C9"/>
      <Bond atomName1="N10" atomName2="C11"/>
      <Bond atomName1="C9" atomName2="C8"/>
      <Bond atomName1="C14" atomName2="C15"/>
      <Bond atomName1="C7" atomName2="C8"/>
      <Bond atomName1="C7" atomName2="N22"/>
      <Bond atomName1="C8" atomName2="C20"/>
      <Bond atomName1="C11" atomName2="C18"/>
      <Bond atomName1="N22" atomName2="C21"/>
      <Bond atomName1="C20" atomName2="C21"/>
      <Bond atomName1="C15" atomName2="C16"/>
      <Bond atomName1="C18" atomName2="C16"/>
      <Bond atomName1="C16" atomName2="O19"/>
      <Bond atomName1="C1" atomName2="H1"/>
      <Bond atomName1="C1" atomName2="H2"/>
      <Bond atomName1="C1" atomName2="H3"/>
      <Bond atomName1="C5" atomName2="H4"/>
      <Bond atomName1="C11" atomName2="H6"/>
      <Bond atomName1="C13" atomName2="H7"/>
      <Bond atomName1="C13" atomName2="H8"/>
      <Bond atomName1="C14" atomName2="H9"/>
      <Bond atomName1="C14" atomName2="H10"/>
      <Bond atomName1="C15" atomName2="H11"/>
      <Bond atomName1="C15" atomName2="H12"/>
      <Bond atomName1="C16" atomName2="H13"/>
      <Bond atomName1="C18" atomName2="H14"/>
      <Bond atomName1="C18" atomName2="H15"/>
      <Bond atomName1="O19" atomName2="H16"/>
      <Bond atomName1="C20" atomName2="H17"/>
      <Bond atomName1="C21" atomName2="H18"/>
      <Bond atomName1="C20" atomName2="H5"/>
    </Residue>
  </Residues>
  <PeriodicTorsionForce>
    <Improper k1="4.6024" periodicity1="2" phase1="3.141592653589793" type1="cc" type2="c3" type3="na" type4="nd"/>
    <Improper k1="4.6024" periodicity1="2" phase1="3.141592653589793" type1="ca" type2="ca" type3="ca" type4="nd"/>
    <Improper k1="4.6024" periodicity1="2" phase1="3.141592653589793" type1="ca" type2="ca" type3="h4" type4="nb"/>
    <Improper k1="4.6024" periodicity1="2" phase1="3.141592653589793" type1="ca" type2="ca" type3="nb" type4="ne"/>
    <Improper k1="4.6024" periodicity1="2" phase1="3.141592653589793" type1="ca" type2="ca" type3="ca" type4="na"/>
    <Improper k1="4.6024" periodicity1="2" phase1="3.141592653589793" type1="na" type2="c3" type3="ca" type4="cc"/>
    <Improper k1="4.6024" periodicity1="2" phase1="3.141592653589793" type1="c2" type2="c3" type3="h4" type4="ne"/>
  </PeriodicTorsionForce>
</ForceField>
