<ForceField>
  <Info>
    <DateGenerated>2019-07-05</DateGenerated>
  </Info>
  <Residues>
    <Residue name="MC_0Q5">
      <Atom charge="-0.5561" name="O4" type="o"/>
      <Atom charge="0.6727" name="C27" type="c"/>
      <Atom charge="-0.4948" name="N3" type="n"/>
      <Atom charge="0.11" name="C36" type="c3"/>
      <Atom charge="-0.0571" name="C35" type="c3"/>
      <Atom charge="-0.0663" name="C30" type="ca"/>
      <Atom charge="-0.13" name="C31" type="ca"/>
      <Atom charge="-0.123" name="C32" type="ca"/>
      <Atom charge="-0.126" name="C33" type="ca"/>
      <Atom charge="-0.119" name="C34" type="ca"/>
      <Atom charge="-0.1013" name="C29" type="ca"/>
      <Atom charge="0.1403" name="C28" type="c3"/>
      <Atom charge="-0.1286" name="C" type="ca"/>
      <Atom charge="0.081" name="C5" type="ca"/>
      <Atom charge="-0.2723" name="C6" type="cc"/>
      <Atom charge="-0.0386" name="C8" type="cd"/>
      <Atom charge="-0.0251" name="C9" type="c3"/>
      <Atom charge="-0.0784" name="C10" type="c3"/>
      <Atom charge="-0.0844" name="C11" type="c3"/>
      <Atom charge="-0.0911" name="C12" type="c3"/>
      <Atom charge="0.1553" name="N1" type="na"/>
      <Atom charge="0.0308" name="C13" type="ca"/>
      <Atom charge="-0.128" name="C18" type="ca"/>
      <Atom charge="-0.1165" name="C17" type="ca"/>
      <Atom charge="-0.129" name="C16" type="ca"/>
      <Atom charge="-0.1165" name="C15" type="ca"/>
      <Atom charge="-0.128" name="C14" type="ca"/>
      <Atom charge="-0.4938" name="N" type="nd"/>
      <Atom charge="0.3816" name="C7" type="cc"/>
      <Atom charge="0.1251" name="C19" type="c3"/>
      <Atom charge="-0.5678" name="O" type="oh"/>
      <Atom charge="-0.135" name="C4" type="ca"/>
      <Atom charge="-0.09" name="C3" type="ca"/>
      <Atom charge="-0.1726" name="C2" type="ca"/>
      <Atom charge="-0.048" name="C1" type="ca"/>
      <Atom charge="0.6977" name="C20" type="c"/>
      <Atom charge="-0.5731" name="O1" type="o"/>
      <Atom charge="-0.6543" name="N2" type="ns"/>
      <Atom charge="1.3156" name="S" type="s6"/>
      <Atom charge="-0.6133" name="O2" type="o"/>
      <Atom charge="-0.6133" name="O3" type="o"/>
      <Atom charge="-0.1896" name="C21" type="c3"/>
      <Atom charge="-0.2454" name="C22" type="c3"/>
      <Atom charge="0.547" name="Si1" type="Si"/>
      <Atom charge="-0.274433" name="C26" type="c3"/>
      <Atom charge="-0.274433" name="C25" type="c3"/>
      <Atom charge="-0.274433" name="C24" type="c3"/>
      <Atom charge="0.0662" name="H1" type="h1"/>
      <Atom charge="0.0662" name="H2" type="h1"/>
      <Atom charge="0.0627" name="H3" type="hc"/>
      <Atom charge="0.0627" name="H4" type="hc"/>
      <Atom charge="0.13" name="H5" type="ha"/>
      <Atom charge="0.13" name="H6" type="ha"/>
      <Atom charge="0.133" name="H7" type="ha"/>
      <Atom charge="0.133" name="H8" type="ha"/>
      <Atom charge="0.0597" name="H9" type="h1"/>
      <Atom charge="0.0597" name="H10" type="h1"/>
      <Atom charge="0.0622" name="H11" type="hc"/>
      <Atom charge="0.0622" name="H12" type="hc"/>
      <Atom charge="0.0487" name="H13" type="hc"/>
      <Atom charge="0.0487" name="H14" type="hc"/>
      <Atom charge="0.0417" name="H15" type="hc"/>
      <Atom charge="0.0417" name="H16" type="hc"/>
      <Atom charge="0.0347" name="H17" type="hc"/>
      <Atom charge="0.0347" name="H18" type="hc"/>
      <Atom charge="0.0347" name="H19" type="hc"/>
      <Atom charge="0.1475" name="H20" type="ha"/>
      <Atom charge="0.1375" name="H21" type="ha"/>
      <Atom charge="0.134" name="H22" type="ha"/>
      <Atom charge="0.1375" name="H23" type="ha"/>
      <Atom charge="0.1475" name="H24" type="ha"/>
      <Atom charge="0.0357" name="H25" type="h1"/>
      <Atom charge="0.0357" name="H26" type="h1"/>
      <Atom charge="0.395" name="H27" type="ho"/>
      <Atom charge="0.145" name="H28" type="ha"/>
      <Atom charge="0.127" name="H29" type="ha"/>
      <Atom charge="0.17" name="H30" type="ha"/>
      <Atom charge="0.3475" name="H31" type="hn"/>
      <Atom charge="0.1042" name="H32" type="h1"/>
      <Atom charge="0.1042" name="H33" type="h1"/>
      <Atom charge="0.0687" name="H34" type="hc"/>
      <Atom charge="0.0687" name="H35" type="hc"/>
      <Atom charge="0.050478" name="H36" type="hc"/>
      <Atom charge="0.050478" name="H37" type="hc"/>
      <Atom charge="0.050478" name="H38" type="hc"/>
      <Atom charge="0.050478" name="H39" type="hc"/>
      <Atom charge="0.050478" name="H40" type="hc"/>
      <Atom charge="0.050478" name="H41" type="hc"/>
      <Atom charge="0.050478" name="H42" type="hc"/>
      <Atom charge="0.050478" name="H43" type="hc"/>
      <Atom charge="0.050478" name="H44" type="hc"/>
      <Bond atomName1="C12" atomName2="C11"/>
      <Bond atomName1="C11" atomName2="C10"/>
      <Bond atomName1="C10" atomName2="C9"/>
      <Bond atomName1="C17" atomName2="C16"/>
      <Bond atomName1="C17" atomName2="C18"/>
      <Bond atomName1="C16" atomName2="C15"/>
      <Bond atomName1="C18" atomName2="C13"/>
      <Bond atomName1="C32" atomName2="C31"/>
      <Bond atomName1="C32" atomName2="C33"/>
      <Bond atomName1="C15" atomName2="C14"/>
      <Bond atomName1="C26" atomName2="Si1"/>
      <Bond atomName1="C9" atomName2="C8"/>
      <Bond atomName1="C31" atomName2="C30"/>
      <Bond atomName1="C13" atomName2="C14"/>
      <Bond atomName1="C13" atomName2="N1"/>
      <Bond atomName1="C33" atomName2="C34"/>
      <Bond atomName1="C8" atomName2="N1"/>
      <Bond atomName1="C8" atomName2="C6"/>
      <Bond atomName1="N1" atomName2="N"/>
      <Bond atomName1="C30" atomName2="C35"/>
      <Bond atomName1="C30" atomName2="C29"/>
      <Bond atomName1="C25" atomName2="Si1"/>
      <Bond atomName1="C35" atomName2="C36"/>
      <Bond atomName1="Si1" atomName2="C24"/>
      <Bond atomName1="Si1" atomName2="C22"/>
      <Bond atomName1="C34" atomName2="C29"/>
      <Bond atomName1="C4" atomName2="C3"/>
      <Bond atomName1="C4" atomName2="C5"/>
      <Bond atomName1="C6" atomName2="C5"/>
      <Bond atomName1="C6" atomName2="C7"/>
      <Bond atomName1="N" atomName2="C7"/>
      <Bond atomName1="C29" atomName2="C28"/>
      <Bond atomName1="C3" atomName2="C2"/>
      <Bond atomName1="C5" atomName2="C"/>
      <Bond atomName1="C7" atomName2="C19"/>
      <Bond atomName1="C21" atomName2="C22"/>
      <Bond atomName1="C21" atomName2="S"/>
      <Bond atomName1="O" atomName2="C19"/>
      <Bond atomName1="C36" atomName2="N3"/>
      <Bond atomName1="C2" atomName2="C20"/>
      <Bond atomName1="C2" atomName2="C1"/>
      <Bond atomName1="C" atomName2="C1"/>
      <Bond atomName1="C" atomName2="C27"/>
      <Bond atomName1="C28" atomName2="N3"/>
      <Bond atomName1="N3" atomName2="C27"/>
      <Bond atomName1="N2" atomName2="C20"/>
      <Bond atomName1="N2" atomName2="S"/>
      <Bond atomName1="C20" atomName2="O1"/>
      <Bond atomName1="C27" atomName2="O4"/>
      <Bond atomName1="O2" atomName2="S"/>
      <Bond atomName1="S" atomName2="O3"/>
      <Bond atomName1="C36" atomName2="H1"/>
      <Bond atomName1="C36" atomName2="H2"/>
      <Bond atomName1="C35" atomName2="H3"/>
      <Bond atomName1="C35" atomName2="H4"/>
      <Bond atomName1="C31" atomName2="H5"/>
      <Bond atomName1="C32" atomName2="H6"/>
      <Bond atomName1="C33" atomName2="H7"/>
      <Bond atomName1="C34" atomName2="H8"/>
      <Bond atomName1="C28" atomName2="H9"/>
      <Bond atomName1="C28" atomName2="H10"/>
      <Bond atomName1="C9" atomName2="H11"/>
      <Bond atomName1="C9" atomName2="H12"/>
      <Bond atomName1="C10" atomName2="H13"/>
      <Bond atomName1="C10" atomName2="H14"/>
      <Bond atomName1="C11" atomName2="H15"/>
      <Bond atomName1="C11" atomName2="H16"/>
      <Bond atomName1="C12" atomName2="H17"/>
      <Bond atomName1="C12" atomName2="H18"/>
      <Bond atomName1="C12" atomName2="H19"/>
      <Bond atomName1="C18" atomName2="H20"/>
      <Bond atomName1="C17" atomName2="H21"/>
      <Bond atomName1="C16" atomName2="H22"/>
      <Bond atomName1="C15" atomName2="H23"/>
      <Bond atomName1="C14" atomName2="H24"/>
      <Bond atomName1="C19" atomName2="H25"/>
      <Bond atomName1="C19" atomName2="H26"/>
      <Bond atomName1="O" atomName2="H27"/>
      <Bond atomName1="C4" atomName2="H28"/>
      <Bond atomName1="C3" atomName2="H29"/>
      <Bond atomName1="C1" atomName2="H30"/>
      <Bond atomName1="N2" atomName2="H31"/>
      <Bond atomName1="C21" atomName2="H32"/>
      <Bond atomName1="C21" atomName2="H33"/>
      <Bond atomName1="C22" atomName2="H34"/>
      <Bond atomName1="C22" atomName2="H35"/>
      <Bond atomName1="C26" atomName2="H36"/>
      <Bond atomName1="C26" atomName2="H37"/>
      <Bond atomName1="C26" atomName2="H38"/>
      <Bond atomName1="C25" atomName2="H39"/>
      <Bond atomName1="C25" atomName2="H40"/>
      <Bond atomName1="C25" atomName2="H41"/>
      <Bond atomName1="C24" atomName2="H42"/>
      <Bond atomName1="C24" atomName2="H43"/>
      <Bond atomName1="C24" atomName2="H44"/>
    </Residue>
  </Residues>
</ForceField>
