<ForceField>
  <Info>
    <DateGenerated>2019-07-05</DateGenerated>
  </Info>
  <Residues>
    <Residue name="MC_0QK">
      <Atom charge="0.7409" name="C2" type="ca"/>
      <Atom charge="0.5278" name="C4" type="ca"/>
      <Atom charge="-0.4084" name="C5" type="ca"/>
      <Atom charge="0.7742" name="C6" type="ca"/>
      <Atom charge="-0.080767" name="CBI" type="c3"/>
      <Atom charge="-0.080767" name="CBJ" type="c3"/>
      <Atom charge="-0.080767" name="CBK" type="c3"/>
      <Atom charge="-0.0903" name="CBE" type="ca"/>
      <Atom charge="-0.111" name="CBF" type="ca"/>
      <Atom charge="-0.144" name="CBG" type="ca"/>
      <Atom charge="-0.111" name="CBD" type="ca"/>
      <Atom charge="-0.144" name="CBC" type="ca"/>
      <Atom charge="0.0706" name="CBB" type="ca"/>
      <Atom charge="-0.4931" name="NAZ" type="ns"/>
      <Atom charge="0.7801" name="CAY" type="c"/>
      <Atom charge="-0.6461" name="OBA" type="o"/>
      <Atom charge="-0.6029" name="NAX" type="ns"/>
      <Atom charge="0.128" name="CAW" type="c3"/>
      <Atom charge="-0.1044" name="CAV" type="c3"/>
      <Atom charge="0.1578" name="CAT" type="c3"/>
      <Atom charge="-0.7226" name="NAS" type="n3"/>
      <Atom charge="0.1545" name="CAU" type="c3"/>
      <Atom charge="-0.1041" name="CBM" type="c3"/>
      <Atom charge="-0.1041" name="CBL" type="c3"/>
      <Atom charge="0.1678" name="CAR" type="c3"/>
      <Atom charge="0.1331" name="CAN" type="c3"/>
      <Atom charge="-0.4186" name="OAO" type="os"/>
      <Atom charge="0.0881" name="CAM" type="c3"/>
      <Atom charge="-0.5698" name="OAQ" type="oh"/>
      <Atom charge="0.0871" name="CAL" type="c3"/>
      <Atom charge="-0.5598" name="OAP" type="oh"/>
      <Atom charge="0.2548" name="CAK" type="c3"/>
      <Atom charge="-0.1651" name="NAG" type="na"/>
      <Atom charge="-0.0991" name="CAH" type="cc"/>
      <Atom charge="-0.1772" name="CAI" type="cd"/>
      <Atom charge="-0.794" name="N3" type="nb"/>
      <Atom charge="-0.841" name="N1" type="nb"/>
      <Atom charge="-0.9955" name="NAJ" type="nv"/>
      <Atom charge="0.0591" name="H1" type="h5"/>
      <Atom charge="0.036256" name="H2" type="hc"/>
      <Atom charge="0.036256" name="H3" type="hc"/>
      <Atom charge="0.036256" name="H4" type="hc"/>
      <Atom charge="0.036256" name="H5" type="hc"/>
      <Atom charge="0.036256" name="H6" type="hc"/>
      <Atom charge="0.036256" name="H7" type="hc"/>
      <Atom charge="0.036256" name="H8" type="hc"/>
      <Atom charge="0.036256" name="H9" type="hc"/>
      <Atom charge="0.036256" name="H10" type="hc"/>
      <Atom charge="0.1435" name="H12" type="ha"/>
      <Atom charge="0.136" name="H13" type="ha"/>
      <Atom charge="0.1435" name="H14" type="ha"/>
      <Atom charge="0.3165" name="H15" type="hn"/>
      <Atom charge="0.3085" name="H16" type="hn"/>
      <Atom charge="0.0522" name="H17" type="h1"/>
      <Atom charge="0.0522" name="H18" type="h1"/>
      <Atom charge="0.0577" name="H19" type="hc"/>
      <Atom charge="0.0577" name="H20" type="hc"/>
      <Atom charge="0.0412" name="H21" type="h1"/>
      <Atom charge="0.0412" name="H22" type="h1"/>
      <Atom charge="0.0857" name="H24" type="h1"/>
      <Atom charge="0.038867" name="H25" type="hc"/>
      <Atom charge="0.038867" name="H26" type="hc"/>
      <Atom charge="0.038867" name="H27" type="hc"/>
      <Atom charge="0.038867" name="H28" type="hc"/>
      <Atom charge="0.038867" name="H29" type="hc"/>
      <Atom charge="0.038867" name="H30" type="hc"/>
      <Atom charge="0.0442" name="H31" type="h1"/>
      <Atom charge="0.0442" name="H32" type="h1"/>
      <Atom charge="0.0947" name="H33" type="h1"/>
      <Atom charge="0.0447" name="H34" type="h1"/>
      <Atom charge="0.402" name="H35" type="ho"/>
      <Atom charge="0.0557" name="H36" type="h1"/>
      <Atom charge="0.406" name="H37" type="ho"/>
      <Atom charge="0.1127" name="H38" type="h2"/>
      <Atom charge="0.177" name="H39" type="h4"/>
      <Atom charge="0.149" name="H40" type="ha"/>
      <Atom charge="0.4433" name="H41" type="hn"/>
      <Atom charge="0.4433" name="H42" type="hn"/>
      <Atom charge="0.136" name="H11" type="ha"/>
      <Atom charge="-0.0217" name="CBH" type="c3"/>
      <Bond atomName1="CBI" atomName2="CBH"/>
      <Bond atomName1="CBK" atomName2="CBH"/>
      <Bond atomName1="CBH" atomName2="CBJ"/>
      <Bond atomName1="CBH" atomName2="CBE"/>
      <Bond atomName1="CBE" atomName2="CBF"/>
      <Bond atomName1="CBE" atomName2="CBD"/>
      <Bond atomName1="CBF" atomName2="CBG"/>
      <Bond atomName1="CBD" atomName2="CBC"/>
      <Bond atomName1="CBG" atomName2="CBB"/>
      <Bond atomName1="CBC" atomName2="CBB"/>
      <Bond atomName1="CBB" atomName2="NAZ"/>
      <Bond atomName1="NAZ" atomName2="CAY"/>
      <Bond atomName1="CAY" atomName2="OBA"/>
      <Bond atomName1="CAY" atomName2="NAX"/>
      <Bond atomName1="NAX" atomName2="CAW"/>
      <Bond atomName1="CAW" atomName2="CAV"/>
      <Bond atomName1="CAV" atomName2="CAT"/>
      <Bond atomName1="CAU" atomName2="CBM"/>
      <Bond atomName1="CAU" atomName2="CBL"/>
      <Bond atomName1="CAU" atomName2="NAS"/>
      <Bond atomName1="CAT" atomName2="NAS"/>
      <Bond atomName1="NAS" atomName2="CAR"/>
      <Bond atomName1="CAR" atomName2="CAN"/>
      <Bond atomName1="OAO" atomName2="CAN"/>
      <Bond atomName1="OAO" atomName2="CAK"/>
      <Bond atomName1="CAN" atomName2="CAM"/>
      <Bond atomName1="CAK" atomName2="NAG"/>
      <Bond atomName1="CAK" atomName2="CAL"/>
      <Bond atomName1="NAG" atomName2="CAH"/>
      <Bond atomName1="NAG" atomName2="C4"/>
      <Bond atomName1="CAM" atomName2="OAQ"/>
      <Bond atomName1="CAM" atomName2="CAL"/>
      <Bond atomName1="CAH" atomName2="CAI"/>
      <Bond atomName1="N3" atomName2="C4"/>
      <Bond atomName1="N3" atomName2="C2"/>
      <Bond atomName1="C4" atomName2="C5"/>
      <Bond atomName1="C2" atomName2="N1"/>
      <Bond atomName1="CAI" atomName2="C5"/>
      <Bond atomName1="C5" atomName2="C6"/>
      <Bond atomName1="N1" atomName2="C6"/>
      <Bond atomName1="C6" atomName2="NAJ"/>
      <Bond atomName1="CAL" atomName2="OAP"/>
      <Bond atomName1="C2" atomName2="H1"/>
      <Bond atomName1="CBI" atomName2="H2"/>
      <Bond atomName1="CBI" atomName2="H3"/>
      <Bond atomName1="CBI" atomName2="H4"/>
      <Bond atomName1="CBJ" atomName2="H5"/>
      <Bond atomName1="CBJ" atomName2="H6"/>
      <Bond atomName1="CBJ" atomName2="H7"/>
      <Bond atomName1="CBK" atomName2="H8"/>
      <Bond atomName1="CBK" atomName2="H9"/>
      <Bond atomName1="CBK" atomName2="H10"/>
      <Bond atomName1="CBF" atomName2="H11"/>
      <Bond atomName1="CBG" atomName2="H12"/>
      <Bond atomName1="CBD" atomName2="H13"/>
      <Bond atomName1="CBC" atomName2="H14"/>
      <Bond atomName1="NAZ" atomName2="H15"/>
      <Bond atomName1="NAX" atomName2="H16"/>
      <Bond atomName1="CAW" atomName2="H17"/>
      <Bond atomName1="CAW" atomName2="H18"/>
      <Bond atomName1="CAV" atomName2="H19"/>
      <Bond atomName1="CAV" atomName2="H20"/>
      <Bond atomName1="CAT" atomName2="H21"/>
      <Bond atomName1="CAT" atomName2="H22"/>
      <Bond atomName1="CAU" atomName2="H24"/>
      <Bond atomName1="CBM" atomName2="H25"/>
      <Bond atomName1="CBM" atomName2="H26"/>
      <Bond atomName1="CBM" atomName2="H27"/>
      <Bond atomName1="CBL" atomName2="H28"/>
      <Bond atomName1="CBL" atomName2="H29"/>
      <Bond atomName1="CBL" atomName2="H30"/>
      <Bond atomName1="CAR" atomName2="H31"/>
      <Bond atomName1="CAR" atomName2="H32"/>
      <Bond atomName1="CAN" atomName2="H33"/>
      <Bond atomName1="CAM" atomName2="H34"/>
      <Bond atomName1="OAQ" atomName2="H35"/>
      <Bond atomName1="CAL" atomName2="H36"/>
      <Bond atomName1="OAP" atomName2="H37"/>
      <Bond atomName1="CAK" atomName2="H38"/>
      <Bond atomName1="CAH" atomName2="H39"/>
      <Bond atomName1="CAI" atomName2="H40"/>
      <Bond atomName1="NAJ" atomName2="H41"/>
      <Bond atomName1="NAJ" atomName2="H42"/>
    </Residue>
  </Residues>
  <HarmonicBondForce>
    <Bond k="290453.27999999997" length="0.1386" type1="ca" type2="nv"/>
    <Bond k="263759.3599999999" length="0.1412" type1="ca" type2="ns"/>
    <Bond k="298068.1599999999" length="0.1379" type1="c" type2="ns"/>
    <Bond k="441244.6399999999" length="0.1013" type1="hn" type2="ns"/>
    <Bond k="220747.83999999997" length="0.1462" type1="c3" type2="ns"/>
    <Bond k="443085.5999999999" length="0.10120000000000001" type1="hn" type2="nv"/>
  </HarmonicBondForce>
  <HarmonicAngleForce>
    <Angle angle="2.1109757302871417" k="721.3216000000001" type1="ca" type2="ca" type3="nv"/>
    <Angle angle="2.0258036627898184" k="408.3584" type1="ca" type2="nv" type3="hn"/>
    <Angle angle="2.0977112279719847" k="716.3008" type1="ca" type2="ca" type3="ns"/>
    <Angle angle="2.159146817642185" k="549.7776" type1="c" type2="ns" type3="ca"/>
    <Angle angle="2.0245819323134224" k="401.664" type1="ca" type2="ns" type3="hn"/>
    <Angle angle="2.1476276445790226" k="952.2784" type1="ns" type2="c" type3="o"/>
    <Angle angle="1.9819958985647608" k="940.5632" type1="ns" type2="c" type3="ns"/>
    <Angle angle="2.051634535719334" k="407.52160000000003" type1="c" type2="ns" type3="hn"/>
    <Angle angle="2.1064378742319563" k="546.4304" type1="c" type2="ns" type3="c3"/>
    <Angle angle="1.9479619781508712" k="696.2176000000001" type1="c3" type2="c3" type3="ns"/>
    <Angle angle="1.900314489571426" k="514.6320000000001" type1="h1" type2="c3" type3="ns"/>
    <Angle angle="2.053903463746927" k="385.76480000000004" type1="c3" type2="ns" type3="hn"/>
    <Angle angle="2.040988027282169" k="938.0527999999999" type1="nb" type2="ca" type3="nv"/>
    <Angle angle="2.0092230348958724" k="330.536" type1="hn" type2="nv" type3="hn"/>
  </HarmonicAngleForce>
  <PeriodicTorsionForce>
    <Proper k1="2.11292" periodicity1="2" phase1="3.141592653589793" type1="ca" type2="ca" type3="cd" type4="cc"/>
    <Proper k1="2.9288" periodicity1="2" phase1="3.141592653589793" type1="ca" type2="ca" type3="cd" type4="ha"/>
    <Proper k1="4.3932" periodicity1="2" phase1="3.141592653589793" type1="ca" type2="ca" type3="nv" type4="hn"/>
    <Proper k1="3.9748" periodicity1="2" phase1="3.141592653589793" type1="ca" type2="ca" type3="ns" type4="c"/>
    <Proper k1="1.8828" periodicity1="2" phase1="3.141592653589793" type1="ca" type2="ca" type3="ns" type4="hn"/>
    <Proper k1="10.46" periodicity1="2" phase1="3.141592653589793" type1="o" type2="c" type3="ns" type4="ca"/>
    <Proper k1="10.46" periodicity1="2" phase1="3.141592653589793" type1="ns" type2="c" type3="ns" type4="ca"/>
    <Proper k1="10.46" periodicity1="2" phase1="3.141592653589793" type1="ns" type2="c" type3="ns" type4="c3"/>
    <Proper k1="10.46" periodicity1="2" phase1="3.141592653589793" type1="ns" type2="c" type3="ns" type4="hn"/>
    <Proper k1="0.41840000000000005" k2="0.7112800000000001" k3="4.26768" periodicity1="4" periodicity2="3" periodicity3="1" phase1="3.141592653589793" phase2="0.0" phase3="3.141592653589793" type1="c3" type2="c3" type3="ns" type4="c"/>
    <Proper k1="0.0" periodicity1="2" phase1="3.141592653589793" type1="h1" type2="c3" type3="ns" type4="c"/>
    <Proper k1="10.46" k2="8.368" periodicity1="2" periodicity2="1" phase1="3.141592653589793" phase2="0.0" type1="o" type2="c" type3="ns" type4="hn"/>
    <Proper k1="10.46" periodicity1="2" phase1="3.141592653589793" type1="o" type2="c" type3="ns" type4="c3"/>
    <Proper k1="0.41840000000000005" periodicity1="3" phase1="0.0" type1="c3" type2="c3" type3="c3" type4="ns"/>
    <Proper k1="0.0" periodicity1="2" phase1="0.0" type1="c3" type2="c3" type3="ns" type4="hn"/>
    <Proper k1="4.3932" periodicity1="2" phase1="3.141592653589793" type1="nb" type2="ca" type3="nv" type4="hn"/>
    <Proper k1="0.0" periodicity1="2" phase1="0.0" type1="h1" type2="c3" type3="ns" type4="hn"/>
    <Improper k1="4.6024" periodicity1="2" phase1="3.141592653589793" type1="ca" type2="h5" type3="nb" type4="nb"/>
    <Improper k1="4.6024" periodicity1="2" phase1="3.141592653589793" type1="ca" type2="ca" type3="na" type4="nb"/>
    <Improper k1="4.6024" periodicity1="2" phase1="3.141592653589793" type1="ca" type2="ca" type3="ca" type4="cd"/>
    <Improper k1="4.6024" periodicity1="2" phase1="3.141592653589793" type1="ca" type2="ca" type3="nb" type4="nv"/>
    <Improper k1="4.6024" periodicity1="2" phase1="3.141592653589793" type1="ca" type2="ca" type3="ca" type4="ha"/>
    <Improper k1="4.6024" periodicity1="2" phase1="3.141592653589793" type1="ca" type2="ca" type3="ca" type4="ns"/>
    <Improper k1="4.6024" periodicity1="2" phase1="3.141592653589793" type1="ns" type2="c" type3="ca" type4="hn"/>
    <Improper k1="43.932" periodicity1="2" phase1="3.141592653589793" type1="c" type2="ns" type3="ns" type4="o"/>
    <Improper k1="4.6024" periodicity1="2" phase1="3.141592653589793" type1="ns" type2="c" type3="c3" type4="hn"/>
    <Improper k1="4.6024" periodicity1="2" phase1="3.141592653589793" type1="na" type2="c3" type3="ca" type4="cc"/>
    <Improper k1="4.6024" periodicity1="2" phase1="3.141592653589793" type1="cc" type2="cd" type3="h4" type4="na"/>
    <Improper k1="4.6024" periodicity1="2" phase1="3.141592653589793" type1="cd" type2="ca" type3="cc" type4="ha"/>
    <Improper k1="4.6024" periodicity1="2" phase1="3.141592653589793" type1="nv" type2="ca" type3="hn" type4="hn"/>
  </PeriodicTorsionForce>
</ForceField>
