<ForceField>
  <Info>
    <DateGenerated>2019-07-05</DateGenerated>
  </Info>
  <Residues>
    <Residue name="MC_0QV">
      <Atom charge="0.0785" name="CAJ" type="c3"/>
      <Atom charge="-0.1094" name="CAH" type="c3"/>
      <Atom charge="0.1441" name="CAQ" type="c3"/>
      <Atom charge="-0.6018" name="OAA" type="oh"/>
      <Atom charge="-0.1094" name="CAI" type="c3"/>
      <Atom charge="0.0785" name="CAK" type="c3"/>
      <Atom charge="-0.3728" name="NAR" type="n"/>
      <Atom charge="0.5166" name="CAM" type="cs"/>
      <Atom charge="-0.6204" name="SAB" type="s"/>
      <Atom charge="-0.1934" name="CAN" type="cc"/>
      <Atom charge="-0.0738" name="CAP" type="ca"/>
      <Atom charge="-0.077" name="CAF" type="ca"/>
      <Atom charge="-0.15" name="CAD" type="ca"/>
      <Atom charge="-0.106" name="CAC" type="ca"/>
      <Atom charge="-0.141" name="CAE" type="ca"/>
      <Atom charge="-0.0432" name="CAO" type="ca"/>
      <Atom charge="-0.1714" name="NAL" type="na"/>
      <Atom charge="-0.0601" name="CAG" type="cd"/>
      <Atom charge="0.07695" name="H1" type="h1"/>
      <Atom charge="0.07695" name="H2" type="h1"/>
      <Atom charge="0.0642" name="H3" type="hc"/>
      <Atom charge="0.0642" name="H4" type="hc"/>
      <Atom charge="0.0317" name="H5" type="h1"/>
      <Atom charge="0.404" name="H6" type="ho"/>
      <Atom charge="0.0642" name="H7" type="hc"/>
      <Atom charge="0.0642" name="H8" type="hc"/>
      <Atom charge="0.07695" name="H9" type="h1"/>
      <Atom charge="0.07695" name="H10" type="h1"/>
      <Atom charge="0.14" name="H11" type="ha"/>
      <Atom charge="0.133" name="H12" type="ha"/>
      <Atom charge="0.133" name="H13" type="ha"/>
      <Atom charge="0.127" name="H14" type="ha"/>
      <Atom charge="0.3017" name="H15" type="hn"/>
      <Atom charge="0.176" name="H16" type="h4"/>
      <Bond atomName1="OAA" atomName2="CAQ"/>
      <Bond atomName1="CAQ" atomName2="CAI"/>
      <Bond atomName1="CAQ" atomName2="CAH"/>
      <Bond atomName1="CAI" atomName2="CAK"/>
      <Bond atomName1="CAH" atomName2="CAJ"/>
      <Bond atomName1="CAK" atomName2="NAR"/>
      <Bond atomName1="CAJ" atomName2="NAR"/>
      <Bond atomName1="NAR" atomName2="CAM"/>
      <Bond atomName1="SAB" atomName2="CAM"/>
      <Bond atomName1="CAM" atomName2="CAN"/>
      <Bond atomName1="CAN" atomName2="CAP"/>
      <Bond atomName1="CAN" atomName2="CAG"/>
      <Bond atomName1="CAF" atomName2="CAP"/>
      <Bond atomName1="CAF" atomName2="CAD"/>
      <Bond atomName1="CAP" atomName2="CAO"/>
      <Bond atomName1="CAG" atomName2="NAL"/>
      <Bond atomName1="CAD" atomName2="CAC"/>
      <Bond atomName1="CAO" atomName2="NAL"/>
      <Bond atomName1="CAO" atomName2="CAE"/>
      <Bond atomName1="CAC" atomName2="CAE"/>
      <Bond atomName1="CAJ" atomName2="H1"/>
      <Bond atomName1="CAJ" atomName2="H2"/>
      <Bond atomName1="CAH" atomName2="H3"/>
      <Bond atomName1="CAH" atomName2="H4"/>
      <Bond atomName1="CAQ" atomName2="H5"/>
      <Bond atomName1="OAA" atomName2="H6"/>
      <Bond atomName1="CAI" atomName2="H7"/>
      <Bond atomName1="CAI" atomName2="H8"/>
      <Bond atomName1="CAK" atomName2="H9"/>
      <Bond atomName1="CAK" atomName2="H10"/>
      <Bond atomName1="CAF" atomName2="H11"/>
      <Bond atomName1="CAD" atomName2="H12"/>
      <Bond atomName1="CAC" atomName2="H13"/>
      <Bond atomName1="CAE" atomName2="H14"/>
      <Bond atomName1="NAL" atomName2="H15"/>
      <Bond atomName1="CAG" atomName2="H16"/>
    </Residue>
  </Residues>
  <HarmonicBondForce>
    <Bond k="298068.1599999999" length="0.1379" type1="cs" type2="n"/>
    <Bond k="249701.11999999994" length="0.16720000000000002" type1="cs" type2="s"/>
    <Bond k="247190.71999999994" length="0.1468" type1="cc" type2="cs"/>
  </HarmonicBondForce>
  <HarmonicAngleForce>
    <Angle angle="2.1064378742319563" k="546.4304" type1="c3" type2="n" type3="cs"/>
    <Angle angle="2.1650809370989657" k="689.5232000000001" type1="n" type2="cs" type3="s"/>
    <Angle angle="1.9669860669976094" k="728.8528" type1="cc" type2="cs" type3="n"/>
    <Angle angle="2.1458823153270283" k="543.9200000000001" type1="ca" type2="cc" type3="cs"/>
    <Angle angle="2.117957047295119" k="562.3296" type1="cd" type2="cc" type3="cs"/>
    <Angle angle="2.2040017794184394" k="535.552" type1="cc" type2="cs" type3="s"/>
  </HarmonicAngleForce>
  <PeriodicTorsionForce>
    <Proper k1="10.46" periodicity1="2" phase1="3.141592653589793" type1="s" type2="cs" type3="n" type4="c3"/>
    <Proper k1="10.46" periodicity1="2" phase1="3.141592653589793" type1="cc" type2="cs" type3="n" type4="c3"/>
    <Proper k1="0.41840000000000005" k2="0.7112800000000001" k3="4.26768" periodicity1="4" periodicity2="3" periodicity3="1" phase1="3.141592653589793" phase2="0.0" phase3="3.141592653589793" type1="c3" type2="c3" type3="n" type4="cs"/>
    <Proper k1="12.029" periodicity1="2" phase1="3.141592653589793" type1="ca" type2="cc" type3="cs" type4="n"/>
    <Proper k1="12.029" periodicity1="2" phase1="3.141592653589793" type1="cd" type2="cc" type3="cs" type4="n"/>
    <Proper k1="0.0" periodicity1="2" phase1="3.141592653589793" type1="h1" type2="c3" type3="n" type4="cs"/>
    <Proper k1="2.9288" periodicity1="2" phase1="3.141592653589793" type1="ca" type2="ca" type3="cc" type4="cs"/>
    <Proper k1="12.029" periodicity1="2" phase1="3.141592653589793" type1="ca" type2="cc" type3="cs" type4="s"/>
    <Proper k1="12.029" periodicity1="2" phase1="3.141592653589793" type1="cd" type2="cc" type3="cs" type4="s"/>
    <Proper k1="2.11292" periodicity1="2" phase1="3.141592653589793" type1="ca" type2="ca" type3="cc" type4="cd"/>
    <Improper k1="4.6024" periodicity1="2" phase1="3.141592653589793" type1="n" type2="c3" type3="c3" type4="cs"/>
    <Improper k1="4.6024" periodicity1="2" phase1="3.141592653589793" type1="cs" type2="cc" type3="n" type4="s"/>
    <Improper k1="4.6024" periodicity1="2" phase1="3.141592653589793" type1="cc" type2="ca" type3="cd" type4="cs"/>
    <Improper k1="4.6024" periodicity1="2" phase1="3.141592653589793" type1="ca" type2="ca" type3="ca" type4="cc"/>
    <Improper k1="4.6024" periodicity1="2" phase1="3.141592653589793" type1="ca" type2="ca" type3="ca" type4="ha"/>
    <Improper k1="4.6024" periodicity1="2" phase1="3.141592653589793" type1="ca" type2="ca" type3="ca" type4="na"/>
    <Improper k1="4.6024" periodicity1="2" phase1="3.141592653589793" type1="na" type2="ca" type3="cd" type4="hn"/>
    <Improper k1="4.6024" periodicity1="2" phase1="3.141592653589793" type1="cd" type2="cc" type3="h4" type4="na"/>
  </PeriodicTorsionForce>
</ForceField>
