<ForceField>
  <Info>
    <DateGenerated>2019-07-05</DateGenerated>
  </Info>
  <Residues>
    <Residue name="MC_0QX">
      <Atom charge="-0.0818" name="CAS" type="ca"/>
      <Atom charge="-0.063" name="CAE" type="ca"/>
      <Atom charge="-0.158" name="CAB" type="ca"/>
      <Atom charge="-0.106" name="CAA" type="ca"/>
      <Atom charge="-0.147" name="CAD" type="ca"/>
      <Atom charge="-0.0382" name="CAQ" type="ca"/>
      <Atom charge="-0.1804" name="NAL" type="na"/>
      <Atom charge="-0.0911" name="CAH" type="cc"/>
      <Atom charge="-0.1564" name="CAN" type="cd"/>
      <Atom charge="0.0025" name="CAI" type="c3"/>
      <Atom charge="0.4248" name="CAO" type="cc"/>
      <Atom charge="-0.2623" name="NAM" type="na"/>
      <Atom charge="-0.0752" name="CAR" type="ca"/>
      <Atom charge="-0.2543" name="CAF" type="ca"/>
      <Atom charge="0.4212" name="CAC" type="ca"/>
      <Atom charge="-0.701" name="NAJ" type="nb"/>
      <Atom charge="0.4812" name="CAG" type="ca"/>
      <Atom charge="-0.0309" name="CAP" type="ca"/>
      <Atom charge="-0.5781" name="NAK" type="nd"/>
      <Atom charge="0.137" name="H1" type="ha"/>
      <Atom charge="0.129" name="H2" type="ha"/>
      <Atom charge="0.129" name="H3" type="ha"/>
      <Atom charge="0.124" name="H4" type="ha"/>
      <Atom charge="0.2967" name="H5" type="hn"/>
      <Atom charge="0.161" name="H6" type="h4"/>
      <Atom charge="0.0622" name="H7" type="hc"/>
      <Atom charge="0.0622" name="H8" type="hc"/>
      <Atom charge="0.3017" name="H9" type="hn"/>
      <Atom charge="0.132" name="H10" type="ha"/>
      <Atom charge="0.0241" name="H11" type="h4"/>
      <Atom charge="0.0361" name="H12" type="h4"/>
      <Bond atomName1="NAL" atomName2="CAH"/>
      <Bond atomName1="NAL" atomName2="CAQ"/>
      <Bond atomName1="CAH" atomName2="CAN"/>
      <Bond atomName1="CAD" atomName2="CAQ"/>
      <Bond atomName1="CAD" atomName2="CAA"/>
      <Bond atomName1="CAQ" atomName2="CAS"/>
      <Bond atomName1="CAN" atomName2="CAS"/>
      <Bond atomName1="CAN" atomName2="CAI"/>
      <Bond atomName1="CAA" atomName2="CAB"/>
      <Bond atomName1="CAS" atomName2="CAE"/>
      <Bond atomName1="CAI" atomName2="CAO"/>
      <Bond atomName1="CAE" atomName2="CAB"/>
      <Bond atomName1="NAM" atomName2="CAO"/>
      <Bond atomName1="NAM" atomName2="CAR"/>
      <Bond atomName1="CAO" atomName2="NAK"/>
      <Bond atomName1="CAR" atomName2="CAF"/>
      <Bond atomName1="CAR" atomName2="CAP"/>
      <Bond atomName1="NAK" atomName2="CAP"/>
      <Bond atomName1="CAF" atomName2="CAC"/>
      <Bond atomName1="CAP" atomName2="CAG"/>
      <Bond atomName1="CAC" atomName2="NAJ"/>
      <Bond atomName1="CAG" atomName2="NAJ"/>
      <Bond atomName1="CAE" atomName2="H1"/>
      <Bond atomName1="CAB" atomName2="H2"/>
      <Bond atomName1="CAA" atomName2="H3"/>
      <Bond atomName1="CAD" atomName2="H4"/>
      <Bond atomName1="NAL" atomName2="H5"/>
      <Bond atomName1="CAH" atomName2="H6"/>
      <Bond atomName1="CAI" atomName2="H7"/>
      <Bond atomName1="CAI" atomName2="H8"/>
      <Bond atomName1="NAM" atomName2="H9"/>
      <Bond atomName1="CAF" atomName2="H10"/>
      <Bond atomName1="CAC" atomName2="H11"/>
      <Bond atomName1="CAG" atomName2="H12"/>
    </Residue>
  </Residues>
  <PeriodicTorsionForce>
    <Proper k1="2.11292" periodicity1="2" phase1="3.141592653589793" type1="ca" type2="ca" type3="cd" type4="cc"/>
    <Proper k1="2.25936" periodicity1="2" phase1="3.141592653589793" type1="ca" type2="ca" type3="cd" type4="c3"/>
    <Improper k1="4.6024" periodicity1="2" phase1="3.141592653589793" type1="ca" type2="ca" type3="ca" type4="cd"/>
    <Improper k1="4.6024" periodicity1="2" phase1="3.141592653589793" type1="ca" type2="ca" type3="ca" type4="ha"/>
    <Improper k1="4.6024" periodicity1="2" phase1="3.141592653589793" type1="ca" type2="ca" type3="ca" type4="na"/>
    <Improper k1="4.6024" periodicity1="2" phase1="3.141592653589793" type1="na" type2="ca" type3="cc" type4="hn"/>
    <Improper k1="4.6024" periodicity1="2" phase1="3.141592653589793" type1="cc" type2="cd" type3="h4" type4="na"/>
    <Improper k1="4.6024" periodicity1="2" phase1="3.141592653589793" type1="cd" type2="c3" type3="ca" type4="cc"/>
    <Improper k1="4.6024" periodicity1="2" phase1="3.141592653589793" type1="cc" type2="c3" type3="na" type4="nd"/>
    <Improper k1="4.6024" periodicity1="2" phase1="3.141592653589793" type1="ca" type2="ca" type3="h4" type4="nb"/>
    <Improper k1="4.6024" periodicity1="2" phase1="3.141592653589793" type1="ca" type2="ca" type3="ca" type4="nd"/>
  </PeriodicTorsionForce>
</ForceField>
