<ForceField>
  <Info>
    <DateGenerated>2019-07-05</DateGenerated>
  </Info>
  <Residues>
    <Residue name="MC_0QY">
      <Atom charge="-0.5521" name="O01" type="o"/>
      <Atom charge="0.6571" name="C02" type="c"/>
      <Atom charge="0.0735" name="C03" type="c3"/>
      <Atom charge="-0.7552" name="N04" type="n7"/>
      <Atom charge="0.1378" name="C05" type="c3"/>
      <Atom charge="-0.0824" name="C06" type="c3"/>
      <Atom charge="-0.0734" name="C07" type="c3"/>
      <Atom charge="-0.4831" name="N08" type="ns"/>
      <Atom charge="0.0346" name="C09" type="ca"/>
      <Atom charge="-0.145" name="C10" type="ca"/>
      <Atom charge="-0.114" name="C11" type="ca"/>
      <Atom charge="-0.067" name="C12" type="ca"/>
      <Atom charge="0.1134" name="C13" type="ca"/>
      <Atom charge="-0.1122" name="C14" type="ca"/>
      <Atom charge="-0.2673" name="N15" type="na"/>
      <Atom charge="0.4258" name="C16" type="cc"/>
      <Atom charge="0.0015" name="C17" type="c3"/>
      <Atom charge="-0.1524" name="C18" type="cd"/>
      <Atom charge="-0.0961" name="C19" type="cc"/>
      <Atom charge="-0.1814" name="N20" type="na"/>
      <Atom charge="-0.0392" name="C21" type="ca"/>
      <Atom charge="-0.15" name="C22" type="ca"/>
      <Atom charge="-0.105" name="C23" type="ca"/>
      <Atom charge="-0.158" name="C24" type="ca"/>
      <Atom charge="-0.06" name="C25" type="ca"/>
      <Atom charge="-0.0818" name="C26" type="ca"/>
      <Atom charge="-0.5861" name="N27" type="nd"/>
      <Atom charge="0.0327" name="H1" type="h1"/>
      <Atom charge="0.3528" name="H2" type="hn"/>
      <Atom charge="0.0417" name="H4" type="h1"/>
      <Atom charge="0.0417" name="H5" type="h1"/>
      <Atom charge="0.0517" name="H6" type="hc"/>
      <Atom charge="0.0517" name="H7" type="hc"/>
      <Atom charge="0.0547" name="H8" type="hc"/>
      <Atom charge="0.0547" name="H9" type="hc"/>
      <Atom charge="0.3185" name="H10" type="hn"/>
      <Atom charge="0.129" name="H11" type="ha"/>
      <Atom charge="0.125" name="H12" type="ha"/>
      <Atom charge="0.17" name="H13" type="ha"/>
      <Atom charge="0.2967" name="H14" type="hn"/>
      <Atom charge="0.0617" name="H15" type="hc"/>
      <Atom charge="0.0617" name="H16" type="hc"/>
      <Atom charge="0.159" name="H17" type="h4"/>
      <Atom charge="0.2947" name="H18" type="hn"/>
      <Atom charge="0.122" name="H19" type="ha"/>
      <Atom charge="0.128" name="H20" type="ha"/>
      <Atom charge="0.13" name="H21" type="ha"/>
      <Atom charge="0.14" name="H22" type="ha"/>
      <Bond atomName1="N20" atomName2="C19"/>
      <Bond atomName1="N20" atomName2="C21"/>
      <Bond atomName1="C19" atomName2="C18"/>
      <Bond atomName1="C22" atomName2="C21"/>
      <Bond atomName1="C22" atomName2="C23"/>
      <Bond atomName1="C21" atomName2="C26"/>
      <Bond atomName1="C18" atomName2="C26"/>
      <Bond atomName1="C18" atomName2="C17"/>
      <Bond atomName1="C26" atomName2="C25"/>
      <Bond atomName1="C23" atomName2="C24"/>
      <Bond atomName1="C17" atomName2="C16"/>
      <Bond atomName1="C24" atomName2="C25"/>
      <Bond atomName1="N27" atomName2="C16"/>
      <Bond atomName1="N27" atomName2="C13"/>
      <Bond atomName1="C16" atomName2="N15"/>
      <Bond atomName1="C13" atomName2="C12"/>
      <Bond atomName1="C13" atomName2="C14"/>
      <Bond atomName1="N15" atomName2="C14"/>
      <Bond atomName1="C12" atomName2="C09"/>
      <Bond atomName1="C14" atomName2="C11"/>
      <Bond atomName1="O01" atomName2="C02"/>
      <Bond atomName1="C05" atomName2="N04"/>
      <Bond atomName1="C05" atomName2="C06"/>
      <Bond atomName1="N04" atomName2="C03"/>
      <Bond atomName1="C09" atomName2="N08"/>
      <Bond atomName1="C09" atomName2="C10"/>
      <Bond atomName1="C02" atomName2="N08"/>
      <Bond atomName1="C02" atomName2="C03"/>
      <Bond atomName1="C11" atomName2="C10"/>
      <Bond atomName1="C03" atomName2="C07"/>
      <Bond atomName1="C06" atomName2="C07"/>
      <Bond atomName1="C03" atomName2="H1"/>
      <Bond atomName1="N04" atomName2="H2"/>
      <Bond atomName1="C05" atomName2="H4"/>
      <Bond atomName1="C05" atomName2="H5"/>
      <Bond atomName1="C06" atomName2="H6"/>
      <Bond atomName1="C06" atomName2="H7"/>
      <Bond atomName1="C07" atomName2="H8"/>
      <Bond atomName1="C07" atomName2="H9"/>
      <Bond atomName1="N08" atomName2="H10"/>
      <Bond atomName1="C10" atomName2="H11"/>
      <Bond atomName1="C11" atomName2="H12"/>
      <Bond atomName1="C12" atomName2="H13"/>
      <Bond atomName1="N15" atomName2="H14"/>
      <Bond atomName1="C17" atomName2="H15"/>
      <Bond atomName1="C17" atomName2="H16"/>
      <Bond atomName1="C19" atomName2="H17"/>
      <Bond atomName1="N20" atomName2="H18"/>
      <Bond atomName1="C22" atomName2="H19"/>
      <Bond atomName1="C23" atomName2="H20"/>
      <Bond atomName1="C24" atomName2="H21"/>
      <Bond atomName1="C25" atomName2="H22"/>
    </Residue>
  </Residues>
  <HarmonicBondForce>
    <Bond k="298068.1599999999" length="0.1379" type1="c" type2="ns"/>
    <Bond k="218572.15999999995" length="0.14650000000000002" type1="c3" type2="n7"/>
    <Bond k="427855.8399999999" length="0.10189999999999999" type1="hn" type2="n7"/>
    <Bond k="263759.3599999999" length="0.1412" type1="ca" type2="ns"/>
    <Bond k="441244.6399999999" length="0.1013" type1="hn" type2="ns"/>
  </HarmonicBondForce>
  <HarmonicAngleForce>
    <Angle angle="2.1476276445790226" k="952.2784" type1="ns" type2="c" type3="o"/>
    <Angle angle="1.939758930666498" k="700.4016" type1="c" type2="c3" type3="n7"/>
    <Angle angle="2.159146817642185" k="549.7776" type1="c" type2="ns" type3="ca"/>
    <Angle angle="2.051634535719334" k="407.52160000000003" type1="c" type2="ns" type3="hn"/>
    <Angle angle="2.010270232447069" k="705.4224" type1="c3" type2="c" type3="ns"/>
    <Angle angle="1.9608774146156291" k="549.7776" type1="c3" type2="n7" type3="c3"/>
    <Angle angle="1.9074703395046029" k="399.99039999999997" type1="c3" type2="n7" type3="hn"/>
    <Angle angle="1.9380136014145037" k="697.0544" type1="c3" type2="c3" type3="n7"/>
    <Angle angle="1.9177677820913692" k="512.1216000000001" type1="h1" type2="c3" type3="n7"/>
    <Angle angle="2.0977112279719847" k="716.3008" type1="ca" type2="ca" type3="ns"/>
    <Angle angle="2.0245819323134224" k="401.664" type1="ca" type2="ns" type3="hn"/>
  </HarmonicAngleForce>
  <PeriodicTorsionForce>
    <Proper k1="10.46" periodicity1="2" phase1="3.141592653589793" type1="o" type2="c" type3="ns" type4="ca"/>
    <Proper k1="10.46" k2="8.368" periodicity1="2" periodicity2="1" phase1="3.141592653589793" phase2="0.0" type1="o" type2="c" type3="ns" type4="hn"/>
    <Proper k1="1.2552" periodicity1="3" phase1="0.0" type1="c" type2="c3" type3="n7" type4="c3"/>
    <Proper k1="1.2552" periodicity1="3" phase1="0.0" type1="c" type2="c3" type3="n7" type4="hn"/>
    <Proper k1="3.9748" periodicity1="2" phase1="3.141592653589793" type1="ca" type2="ca" type3="ns" type4="c"/>
    <Proper k1="3.138" k2="2.092" periodicity1="2" periodicity2="3" phase1="3.141592653589793" phase2="0.0" type1="c3" type2="c" type3="ns" type4="ca"/>
    <Proper k1="10.46" periodicity1="2" phase1="3.141592653589793" type1="c3" type2="c" type3="ns" type4="hn"/>
    <Proper k1="0.9414" periodicity1="3" phase1="0.0" type1="h1" type2="c3" type3="n7" type4="c3"/>
    <Proper k1="0.87864" periodicity1="3" phase1="0.0" type1="c3" type2="c3" type3="c3" type4="n7"/>
    <Proper k1="0.41840000000000005" periodicity1="3" phase1="0.0" type1="hc" type2="c3" type3="c3" type4="n7"/>
    <Proper k1="0.9079280000000001" periodicity1="3" phase1="0.0" type1="c3" type2="c3" type3="n7" type4="hn"/>
    <Proper k1="0.0" k2="2.97064" periodicity1="4" periodicity2="2" phase1="3.141592653589793" phase2="3.141592653589793" type1="ns" type2="c" type3="c3" type4="c3"/>
    <Proper k1="1.8828" periodicity1="2" phase1="3.141592653589793" type1="ca" type2="ca" type3="ns" type4="hn"/>
    <Proper k1="2.25936" periodicity1="2" phase1="3.141592653589793" type1="ca" type2="ca" type3="cd" type4="c3"/>
    <Proper k1="2.11292" periodicity1="2" phase1="3.141592653589793" type1="ca" type2="ca" type3="cd" type4="cc"/>
    <Proper k1="1.2552" periodicity1="3" phase1="0.0" type1="h1" type2="c3" type3="n7" type4="hn"/>
    <Improper k1="43.932" periodicity1="2" phase1="3.141592653589793" type1="c" type2="c3" type3="ns" type4="o"/>
    <Improper k1="4.6024" periodicity1="2" phase1="3.141592653589793" type1="ns" type2="c" type3="ca" type4="hn"/>
    <Improper k1="4.6024" periodicity1="2" phase1="3.141592653589793" type1="ca" type2="ca" type3="ca" type4="ns"/>
    <Improper k1="4.6024" periodicity1="2" phase1="3.141592653589793" type1="ca" type2="ca" type3="ca" type4="ha"/>
    <Improper k1="4.6024" periodicity1="2" phase1="3.141592653589793" type1="ca" type2="ca" type3="ca" type4="nd"/>
    <Improper k1="4.6024" periodicity1="2" phase1="3.141592653589793" type1="ca" type2="ca" type3="ca" type4="na"/>
    <Improper k1="4.6024" periodicity1="2" phase1="3.141592653589793" type1="na" type2="ca" type3="cc" type4="hn"/>
    <Improper k1="4.6024" periodicity1="2" phase1="3.141592653589793" type1="cc" type2="c3" type3="na" type4="nd"/>
    <Improper k1="4.6024" periodicity1="2" phase1="3.141592653589793" type1="cd" type2="c3" type3="ca" type4="cc"/>
    <Improper k1="4.6024" periodicity1="2" phase1="3.141592653589793" type1="cc" type2="cd" type3="h4" type4="na"/>
    <Improper k1="4.6024" periodicity1="2" phase1="3.141592653589793" type1="ca" type2="ca" type3="ca" type4="cd"/>
  </PeriodicTorsionForce>
</ForceField>
