<ForceField>
  <Info>
    <DateGenerated>2019-07-05</DateGenerated>
  </Info>
  <Residues>
    <Residue name="MC_0R0">
      <Atom charge="-0.3578" name="NAA" type="n1"/>
      <Atom charge="0.2478" name="CAC" type="cg"/>
      <Atom charge="-0.048" name="CAI" type="ca"/>
      <Atom charge="-0.084" name="CAG" type="ca"/>
      <Atom charge="-0.15" name="CAE" type="ca"/>
      <Atom charge="-0.098" name="CAD" type="ca"/>
      <Atom charge="-0.193" name="CAF" type="ca"/>
      <Atom charge="0.1571" name="CAH" type="ca"/>
      <Atom charge="-0.4801" name="OAB" type="oh"/>
      <Atom charge="0.149" name="H1" type="ha"/>
      <Atom charge="0.14" name="H2" type="ha"/>
      <Atom charge="0.14" name="H3" type="ha"/>
      <Atom charge="0.156" name="H4" type="ha"/>
      <Atom charge="0.421" name="H5" type="ho"/>
      <Bond atomName1="NAA" atomName2="CAC"/>
      <Bond atomName1="CAG" atomName2="CAE"/>
      <Bond atomName1="CAG" atomName2="CAI"/>
      <Bond atomName1="CAC" atomName2="CAI"/>
      <Bond atomName1="CAE" atomName2="CAD"/>
      <Bond atomName1="CAI" atomName2="CAH"/>
      <Bond atomName1="CAD" atomName2="CAF"/>
      <Bond atomName1="CAH" atomName2="CAF"/>
      <Bond atomName1="CAH" atomName2="OAB"/>
      <Bond atomName1="CAG" atomName2="H1"/>
      <Bond atomName1="CAE" atomName2="H2"/>
      <Bond atomName1="CAD" atomName2="H3"/>
      <Bond atomName1="CAF" atomName2="H4"/>
      <Bond atomName1="OAB" atomName2="H5"/>
    </Residue>
  </Residues>
  <PeriodicTorsionForce>
    <Proper k1="0.0" periodicity1="2" phase1="3.141592653589793" type1="ca" type2="ca" type3="cg" type4="n1"/>
    <Improper k1="4.6024" periodicity1="2" phase1="3.141592653589793" type1="ca" type2="ca" type3="ca" type4="cg"/>
    <Improper k1="4.6024" periodicity1="2" phase1="3.141592653589793" type1="ca" type2="ca" type3="ca" type4="ha"/>
    <Improper k1="4.6024" periodicity1="2" phase1="3.141592653589793" type1="ca" type2="ca" type3="ca" type4="oh"/>
  </PeriodicTorsionForce>
</ForceField>
