<ForceField>
  <Info>
    <DateGenerated>2019-07-05</DateGenerated>
  </Info>
  <Residues>
    <Residue name="MC_0R2">
      <Atom charge="-0.1294" name="Cl1" type="cl"/>
      <Atom charge="0.0264" name="C1" type="ca"/>
      <Atom charge="-0.127" name="C2" type="ca"/>
      <Atom charge="-0.105" name="C3" type="ca"/>
      <Atom charge="-0.127" name="C4" type="ca"/>
      <Atom charge="-0.105" name="C5" type="ca"/>
      <Atom charge="-0.0993" name="C6" type="ca"/>
      <Atom charge="0.176" name="C7" type="c3"/>
      <Atom charge="-0.4818" name="N1" type="n"/>
      <Atom charge="0.0757" name="C8" type="c3"/>
      <Atom charge="0.6241" name="C9" type="c"/>
      <Atom charge="-0.546" name="O4" type="o"/>
      <Atom charge="0.7025" name="C11" type="c"/>
      <Atom charge="-0.5635" name="O1" type="o"/>
      <Atom charge="-0.1087" name="C12" type="c3"/>
      <Atom charge="-0.1824" name="C13" type="c3"/>
      <Atom charge="0.8756" name="C14" type="c"/>
      <Atom charge="-0.8328" name="O2" type="o"/>
      <Atom charge="-0.8328" name="O3" type="o"/>
      <Atom charge="-0.0844" name="C15" type="c3"/>
      <Atom charge="-0.0364" name="C16" type="c3"/>
      <Atom charge="-0.0553" name="C17" type="ca"/>
      <Atom charge="-0.116" name="C18" type="ca"/>
      <Atom charge="-0.122" name="C19" type="ca"/>
      <Atom charge="-0.134" name="C20" type="ca"/>
      <Atom charge="0.0284" name="C21" type="ca"/>
      <Atom charge="-0.1274" name="Cl2" type="cl"/>
      <Atom charge="-0.12" name="C22" type="ca"/>
      <Atom charge="-0.0804" name="C10" type="c3"/>
      <Atom charge="-0.0961" name="C23" type="c3"/>
      <Atom charge="-0.4289" name="O5" type="os"/>
      <Atom charge="0.1608" name="C24" type="c3"/>
      <Atom charge="-0.105433" name="C25" type="c3"/>
      <Atom charge="-0.105433" name="C26" type="c3"/>
      <Atom charge="-0.105433" name="C27" type="c3"/>
      <Atom charge="0.141" name="H1" type="ha"/>
      <Atom charge="0.1515" name="H2" type="ha"/>
      <Atom charge="0.141" name="H3" type="ha"/>
      <Atom charge="0.1515" name="H4" type="ha"/>
      <Atom charge="0.0527" name="H5" type="h1"/>
      <Atom charge="0.0737" name="H6" type="h1"/>
      <Atom charge="0.1027" name="H7" type="hc"/>
      <Atom charge="0.0322" name="H8" type="hc"/>
      <Atom charge="0.0322" name="H9" type="hc"/>
      <Atom charge="0.0452" name="H11" type="hc"/>
      <Atom charge="0.0452" name="H12" type="hc"/>
      <Atom charge="0.0827" name="H13" type="hc"/>
      <Atom charge="0.141" name="H14" type="ha"/>
      <Atom charge="0.131" name="H15" type="ha"/>
      <Atom charge="0.134" name="H16" type="ha"/>
      <Atom charge="0.15" name="H17" type="ha"/>
      <Atom charge="0.0622" name="H18" type="hc"/>
      <Atom charge="0.0622" name="H19" type="hc"/>
      <Atom charge="0.045033" name="H20" type="hc"/>
      <Atom charge="0.045033" name="H21" type="hc"/>
      <Atom charge="0.045033" name="H22" type="hc"/>
      <Atom charge="0.046367" name="H23" type="hc"/>
      <Atom charge="0.046367" name="H24" type="hc"/>
      <Atom charge="0.046367" name="H25" type="hc"/>
      <Atom charge="0.046367" name="H26" type="hc"/>
      <Atom charge="0.046367" name="H27" type="hc"/>
      <Atom charge="0.046367" name="H28" type="hc"/>
      <Atom charge="0.046367" name="H29" type="hc"/>
      <Atom charge="0.046367" name="H30" type="hc"/>
      <Atom charge="0.046367" name="H31" type="hc"/>
      <Bond atomName1="C27" atomName2="C24"/>
      <Bond atomName1="O3" atomName2="C14"/>
      <Bond atomName1="O1" atomName2="C11"/>
      <Bond atomName1="C25" atomName2="C24"/>
      <Bond atomName1="C10" atomName2="C23"/>
      <Bond atomName1="C10" atomName2="C8"/>
      <Bond atomName1="C24" atomName2="O5"/>
      <Bond atomName1="C24" atomName2="C26"/>
      <Bond atomName1="C14" atomName2="C13"/>
      <Bond atomName1="C14" atomName2="O2"/>
      <Bond atomName1="C11" atomName2="C12"/>
      <Bond atomName1="C11" atomName2="N1"/>
      <Bond atomName1="C13" atomName2="C12"/>
      <Bond atomName1="O5" atomName2="C9"/>
      <Bond atomName1="C12" atomName2="C15"/>
      <Bond atomName1="C9" atomName2="O4"/>
      <Bond atomName1="C9" atomName2="C8"/>
      <Bond atomName1="C8" atomName2="N1"/>
      <Bond atomName1="N1" atomName2="C7"/>
      <Bond atomName1="C15" atomName2="C16"/>
      <Bond atomName1="C7" atomName2="C16"/>
      <Bond atomName1="C7" atomName2="C6"/>
      <Bond atomName1="C16" atomName2="C17"/>
      <Bond atomName1="C3" atomName2="C6"/>
      <Bond atomName1="C3" atomName2="C2"/>
      <Bond atomName1="C6" atomName2="C5"/>
      <Bond atomName1="C2" atomName2="C1"/>
      <Bond atomName1="C17" atomName2="C18"/>
      <Bond atomName1="C17" atomName2="C22"/>
      <Bond atomName1="C5" atomName2="C4"/>
      <Bond atomName1="C18" atomName2="C19"/>
      <Bond atomName1="C1" atomName2="C4"/>
      <Bond atomName1="C1" atomName2="Cl1"/>
      <Bond atomName1="C22" atomName2="C21"/>
      <Bond atomName1="C19" atomName2="C20"/>
      <Bond atomName1="C21" atomName2="C20"/>
      <Bond atomName1="C21" atomName2="Cl2"/>
      <Bond atomName1="C2" atomName2="H1"/>
      <Bond atomName1="C3" atomName2="H2"/>
      <Bond atomName1="C4" atomName2="H3"/>
      <Bond atomName1="C5" atomName2="H4"/>
      <Bond atomName1="C7" atomName2="H5"/>
      <Bond atomName1="C8" atomName2="H6"/>
      <Bond atomName1="C12" atomName2="H7"/>
      <Bond atomName1="C13" atomName2="H8"/>
      <Bond atomName1="C13" atomName2="H9"/>
      <Bond atomName1="C15" atomName2="H11"/>
      <Bond atomName1="C15" atomName2="H12"/>
      <Bond atomName1="C16" atomName2="H13"/>
      <Bond atomName1="C18" atomName2="H14"/>
      <Bond atomName1="C19" atomName2="H15"/>
      <Bond atomName1="C20" atomName2="H16"/>
      <Bond atomName1="C22" atomName2="H17"/>
      <Bond atomName1="C10" atomName2="H18"/>
      <Bond atomName1="C10" atomName2="H19"/>
      <Bond atomName1="C23" atomName2="H20"/>
      <Bond atomName1="C23" atomName2="H21"/>
      <Bond atomName1="C23" atomName2="H22"/>
      <Bond atomName1="C25" atomName2="H23"/>
      <Bond atomName1="C25" atomName2="H24"/>
      <Bond atomName1="C25" atomName2="H25"/>
      <Bond atomName1="C26" atomName2="H26"/>
      <Bond atomName1="C26" atomName2="H27"/>
      <Bond atomName1="C26" atomName2="H28"/>
      <Bond atomName1="C27" atomName2="H29"/>
      <Bond atomName1="C27" atomName2="H30"/>
      <Bond atomName1="C27" atomName2="H31"/>
    </Residue>
  </Residues>
  <PeriodicTorsionForce>
    <Improper k1="4.6024" periodicity1="2" phase1="3.141592653589793" type1="ca" type2="ca" type3="ca" type4="ha"/>
    <Improper k1="4.6024" periodicity1="2" phase1="3.141592653589793" type1="n" type2="c" type3="c3" type4="c3"/>
    <Improper k1="4.6024" periodicity1="2" phase1="3.141592653589793" type1="c" type2="c3" type3="o" type4="os"/>
    <Improper k1="43.932" periodicity1="2" phase1="3.141592653589793" type1="c" type2="c3" type3="n" type4="o"/>
    <Improper k1="4.6024" periodicity1="2" phase1="3.141592653589793" type1="c" type2="c3" type3="o" type4="o"/>
  </PeriodicTorsionForce>
</ForceField>
