<ForceField>
  <Info>
    <DateGenerated>2019-07-05</DateGenerated>
  </Info>
  <Residues>
    <Residue name="MC_0R4">
      <Atom charge="-0.5821" name="O1" type="o"/>
      <Atom charge="0.6531" name="C21" type="c"/>
      <Atom charge="-0.1711" name="C22" type="c3"/>
      <Atom charge="-0.4821" name="N5" type="ns"/>
      <Atom charge="0.0496" name="C17" type="ca"/>
      <Atom charge="-0.153" name="C18" type="ca"/>
      <Atom charge="-0.117" name="C19" type="ca"/>
      <Atom charge="-0.13" name="C20" type="ca"/>
      <Atom charge="-0.089" name="C16" type="ca"/>
      <Atom charge="-0.1305" name="C15" type="cp"/>
      <Atom charge="0.5088" name="C3" type="cp"/>
      <Atom charge="-0.2583" name="C2" type="ca"/>
      <Atom charge="-0.042" name="C1" type="ca"/>
      <Atom charge="-0.683" name="N1" type="nb"/>
      <Atom charge="0.4288" name="C5" type="ca"/>
      <Atom charge="-0.0259" name="C4" type="ca"/>
      <Atom charge="-0.6061" name="N2" type="nc"/>
      <Atom charge="0.5084" name="C6" type="cd"/>
      <Atom charge="-0.3182" name="C23" type="ca"/>
      <Atom charge="0.7452" name="C24" type="ca"/>
      <Atom charge="-0.9915" name="N7" type="nv"/>
      <Atom charge="-0.769" name="N6" type="nb"/>
      <Atom charge="0.4902" name="C25" type="ca"/>
      <Atom charge="-0.3303" name="C26" type="ca"/>
      <Atom charge="-0.022" name="C27" type="ca"/>
      <Atom charge="-0.1811" name="N3" type="na"/>
      <Atom charge="0.0088" name="C7" type="ca"/>
      <Atom charge="-0.114" name="C8" type="ca"/>
      <Atom charge="-0.1055" name="C9" type="ca"/>
      <Atom charge="-0.114" name="C12" type="ca"/>
      <Atom charge="-0.1055" name="C11" type="ca"/>
      <Atom charge="-0.1123" name="C10" type="ca"/>
      <Atom charge="0.1613" name="C13" type="c3"/>
      <Atom charge="-0.5819" name="N4" type="ns"/>
      <Atom charge="0.6727" name="C14" type="c"/>
      <Atom charge="-0.6041" name="O2" type="o"/>
      <Atom charge="-0.1216" name="C28" type="ca"/>
      <Atom charge="-0.149" name="C33" type="ca"/>
      <Atom charge="-0.083" name="C29" type="ca"/>
      <Atom charge="-0.113" name="C30" type="ca"/>
      <Atom charge="-0.146" name="C31" type="ca"/>
      <Atom charge="0.1249" name="C32" type="ca"/>
      <Atom charge="-0.1399" name="F1" type="f"/>
      <Atom charge="0.063367" name="H1" type="hc"/>
      <Atom charge="0.063367" name="H2" type="hc"/>
      <Atom charge="0.063367" name="H3" type="hc"/>
      <Atom charge="0.3225" name="H4" type="hn"/>
      <Atom charge="0.129" name="H5" type="ha"/>
      <Atom charge="0.133" name="H6" type="ha"/>
      <Atom charge="0.133" name="H7" type="ha"/>
      <Atom charge="0.183" name="H8" type="ha"/>
      <Atom charge="0.146" name="H9" type="ha"/>
      <Atom charge="0.149" name="H10" type="ha"/>
      <Atom charge="0.4518" name="H11" type="hn"/>
      <Atom charge="0.4518" name="H12" type="hn"/>
      <Atom charge="0.0241" name="H13" type="h4"/>
      <Atom charge="0.14" name="H14" type="ha"/>
      <Atom charge="0.142" name="H15" type="ha"/>
      <Atom charge="0.149" name="H16" type="ha"/>
      <Atom charge="0.143" name="H17" type="ha"/>
      <Atom charge="0.149" name="H18" type="ha"/>
      <Atom charge="0.143" name="H19" type="ha"/>
      <Atom charge="0.0632" name="H20" type="h1"/>
      <Atom charge="0.0632" name="H21" type="h1"/>
      <Atom charge="0.3195" name="H22" type="hn"/>
      <Atom charge="0.14" name="H23" type="ha"/>
      <Atom charge="0.162" name="H24" type="ha"/>
      <Atom charge="0.144" name="H25" type="ha"/>
      <Atom charge="0.148" name="H26" type="ha"/>
      <Bond atomName1="C25" atomName2="C26"/>
      <Bond atomName1="C25" atomName2="N6"/>
      <Bond atomName1="C26" atomName2="C27"/>
      <Bond atomName1="N6" atomName2="C24"/>
      <Bond atomName1="C27" atomName2="C23"/>
      <Bond atomName1="C24" atomName2="C23"/>
      <Bond atomName1="C24" atomName2="N7"/>
      <Bond atomName1="C23" atomName2="C6"/>
      <Bond atomName1="C9" atomName2="C8"/>
      <Bond atomName1="C9" atomName2="C10"/>
      <Bond atomName1="O2" atomName2="C14"/>
      <Bond atomName1="C6" atomName2="N2"/>
      <Bond atomName1="C6" atomName2="N3"/>
      <Bond atomName1="C13" atomName2="C10"/>
      <Bond atomName1="C13" atomName2="N4"/>
      <Bond atomName1="C8" atomName2="C7"/>
      <Bond atomName1="C10" atomName2="C11"/>
      <Bond atomName1="C7" atomName2="N3"/>
      <Bond atomName1="C7" atomName2="C12"/>
      <Bond atomName1="N2" atomName2="C4"/>
      <Bond atomName1="C11" atomName2="C12"/>
      <Bond atomName1="N3" atomName2="C5"/>
      <Bond atomName1="C14" atomName2="N4"/>
      <Bond atomName1="C14" atomName2="C28"/>
      <Bond atomName1="C28" atomName2="C29"/>
      <Bond atomName1="C28" atomName2="C33"/>
      <Bond atomName1="C4" atomName2="C5"/>
      <Bond atomName1="C4" atomName2="C1"/>
      <Bond atomName1="C5" atomName2="N1"/>
      <Bond atomName1="C29" atomName2="C30"/>
      <Bond atomName1="C33" atomName2="C32"/>
      <Bond atomName1="C30" atomName2="C31"/>
      <Bond atomName1="C1" atomName2="C2"/>
      <Bond atomName1="C32" atomName2="C31"/>
      <Bond atomName1="C32" atomName2="F1"/>
      <Bond atomName1="N1" atomName2="C3"/>
      <Bond atomName1="C2" atomName2="C3"/>
      <Bond atomName1="C3" atomName2="C15"/>
      <Bond atomName1="C20" atomName2="C15"/>
      <Bond atomName1="C20" atomName2="C19"/>
      <Bond atomName1="C15" atomName2="C16"/>
      <Bond atomName1="C19" atomName2="C18"/>
      <Bond atomName1="C16" atomName2="C17"/>
      <Bond atomName1="C18" atomName2="C17"/>
      <Bond atomName1="C17" atomName2="N5"/>
      <Bond atomName1="O1" atomName2="C21"/>
      <Bond atomName1="N5" atomName2="C21"/>
      <Bond atomName1="C21" atomName2="C22"/>
      <Bond atomName1="C22" atomName2="H1"/>
      <Bond atomName1="C22" atomName2="H2"/>
      <Bond atomName1="C22" atomName2="H3"/>
      <Bond atomName1="N5" atomName2="H4"/>
      <Bond atomName1="C18" atomName2="H5"/>
      <Bond atomName1="C19" atomName2="H6"/>
      <Bond atomName1="C20" atomName2="H7"/>
      <Bond atomName1="C16" atomName2="H8"/>
      <Bond atomName1="C2" atomName2="H9"/>
      <Bond atomName1="C1" atomName2="H10"/>
      <Bond atomName1="N7" atomName2="H11"/>
      <Bond atomName1="N7" atomName2="H12"/>
      <Bond atomName1="C25" atomName2="H13"/>
      <Bond atomName1="C26" atomName2="H14"/>
      <Bond atomName1="C27" atomName2="H15"/>
      <Bond atomName1="C8" atomName2="H16"/>
      <Bond atomName1="C9" atomName2="H17"/>
      <Bond atomName1="C12" atomName2="H18"/>
      <Bond atomName1="C11" atomName2="H19"/>
      <Bond atomName1="C13" atomName2="H20"/>
      <Bond atomName1="C13" atomName2="H21"/>
      <Bond atomName1="N4" atomName2="H22"/>
      <Bond atomName1="C33" atomName2="H23"/>
      <Bond atomName1="C29" atomName2="H24"/>
      <Bond atomName1="C30" atomName2="H25"/>
      <Bond atomName1="C31" atomName2="H26"/>
    </Residue>
  </Residues>
  <HarmonicBondForce>
    <Bond k="298068.1599999999" length="0.1379" type1="c" type2="ns"/>
    <Bond k="263759.3599999999" length="0.1412" type1="ca" type2="ns"/>
    <Bond k="441244.6399999999" length="0.1013" type1="hn" type2="ns"/>
    <Bond k="290453.27999999997" length="0.1386" type1="ca" type2="nv"/>
    <Bond k="443085.5999999999" length="0.10120000000000001" type1="hn" type2="nv"/>
    <Bond k="220747.83999999997" length="0.1462" type1="c3" type2="ns"/>
  </HarmonicBondForce>
  <HarmonicAngleForce>
    <Angle angle="2.1476276445790226" k="952.2784" type1="ns" type2="c" type3="o"/>
    <Angle angle="2.159146817642185" k="549.7776" type1="c" type2="ns" type3="ca"/>
    <Angle angle="2.051634535719334" k="407.52160000000003" type1="c" type2="ns" type3="hn"/>
    <Angle angle="2.010270232447069" k="705.4224" type1="c3" type2="c" type3="ns"/>
    <Angle angle="2.0977112279719847" k="716.3008" type1="ca" type2="ca" type3="ns"/>
    <Angle angle="2.0245819323134224" k="401.664" type1="ca" type2="ns" type3="hn"/>
    <Angle angle="2.1109757302871417" k="721.3216000000001" type1="ca" type2="ca" type3="nv"/>
    <Angle angle="2.0258036627898184" k="408.3584" type1="ca" type2="nv" type3="hn"/>
    <Angle angle="2.040988027282169" k="938.0527999999999" type1="nb" type2="ca" type3="nv"/>
    <Angle angle="1.9614010133912274" k="698.7280000000001" type1="ca" type2="c3" type3="ns"/>
    <Angle angle="2.1064378742319563" k="546.4304" type1="c" type2="ns" type3="c3"/>
    <Angle angle="2.053903463746927" k="385.76480000000004" type1="c3" type2="ns" type3="hn"/>
    <Angle angle="1.900314489571426" k="514.6320000000001" type1="h1" type2="c3" type3="ns"/>
    <Angle angle="2.011491962923465" k="714.6272000000001" type1="ca" type2="c" type3="ns"/>
    <Angle angle="2.0092230348958724" k="330.536" type1="hn" type2="nv" type3="hn"/>
  </HarmonicAngleForce>
  <PeriodicTorsionForce>
    <Proper k1="10.46" periodicity1="2" phase1="3.141592653589793" type1="o" type2="c" type3="ns" type4="ca"/>
    <Proper k1="10.46" k2="8.368" periodicity1="2" periodicity2="1" phase1="3.141592653589793" phase2="0.0" type1="o" type2="c" type3="ns" type4="hn"/>
    <Proper k1="3.9748" periodicity1="2" phase1="3.141592653589793" type1="ca" type2="ca" type3="ns" type4="c"/>
    <Proper k1="3.138" k2="2.092" periodicity1="2" periodicity2="3" phase1="3.141592653589793" phase2="0.0" type1="c3" type2="c" type3="ns" type4="ca"/>
    <Proper k1="10.46" periodicity1="2" phase1="3.141592653589793" type1="c3" type2="c" type3="ns" type4="hn"/>
    <Proper k1="1.8828" periodicity1="2" phase1="3.141592653589793" type1="ca" type2="ca" type3="ns" type4="hn"/>
    <Proper k1="2.0710800000000003" periodicity1="3" phase1="0.0" type1="cp" type2="cp" type3="nb" type4="ca"/>
    <Proper k1="2.0710800000000003" periodicity1="3" phase1="0.0" type1="ca" type2="cp" type3="nb" type4="ca"/>
    <Proper k1="2.9288" periodicity1="2" phase1="3.141592653589793" type1="ca" type2="ca" type3="cd" type4="nc"/>
    <Proper k1="4.3932" periodicity1="2" phase1="3.141592653589793" type1="ca" type2="ca" type3="nv" type4="hn"/>
    <Proper k1="2.9288" periodicity1="2" phase1="3.141592653589793" type1="ca" type2="ca" type3="cd" type4="na"/>
    <Proper k1="4.3932" periodicity1="2" phase1="3.141592653589793" type1="nb" type2="ca" type3="nv" type4="hn"/>
    <Proper k1="0.0" periodicity1="2" phase1="0.0" type1="ca" type2="c3" type3="ns" type4="c"/>
    <Proper k1="0.0" periodicity1="2" phase1="0.0" type1="ca" type2="c3" type3="ns" type4="hn"/>
    <Proper k1="10.46" periodicity1="2" phase1="3.141592653589793" type1="o" type2="c" type3="ns" type4="c3"/>
    <Proper k1="10.46" periodicity1="2" phase1="3.141592653589793" type1="ca" type2="c" type3="ns" type4="c3"/>
    <Proper k1="0.0" periodicity1="2" phase1="3.141592653589793" type1="h1" type2="c3" type3="ns" type4="c"/>
    <Proper k1="10.46" periodicity1="2" phase1="3.141592653589793" type1="ca" type2="c" type3="ns" type4="hn"/>
    <Proper k1="0.0" periodicity1="2" phase1="0.0" type1="h1" type2="c3" type3="ns" type4="hn"/>
    <Improper k1="43.932" periodicity1="2" phase1="3.141592653589793" type1="c" type2="c3" type3="ns" type4="o"/>
    <Improper k1="4.6024" periodicity1="2" phase1="3.141592653589793" type1="ns" type2="c" type3="ca" type4="hn"/>
    <Improper k1="4.6024" periodicity1="2" phase1="3.141592653589793" type1="ca" type2="ca" type3="ca" type4="ns"/>
    <Improper k1="4.6024" periodicity1="2" phase1="3.141592653589793" type1="ca" type2="ca" type3="ca" type4="ha"/>
    <Improper k1="4.6024" periodicity1="2" phase1="3.141592653589793" type1="ca" type2="ca" type3="cp" type4="ha"/>
    <Improper k1="4.6024" periodicity1="2" phase1="3.141592653589793" type1="cp" type2="ca" type3="ca" type4="cp"/>
    <Improper k1="4.6024" periodicity1="2" phase1="3.141592653589793" type1="cp" type2="ca" type3="cp" type4="nb"/>
    <Improper k1="4.6024" periodicity1="2" phase1="3.141592653589793" type1="ca" type2="ca" type3="na" type4="nb"/>
    <Improper k1="4.6024" periodicity1="2" phase1="3.141592653589793" type1="ca" type2="ca" type3="ca" type4="nc"/>
    <Improper k1="4.6024" periodicity1="2" phase1="3.141592653589793" type1="cd" type2="ca" type3="na" type4="nc"/>
    <Improper k1="4.6024" periodicity1="2" phase1="3.141592653589793" type1="ca" type2="ca" type3="ca" type4="cd"/>
    <Improper k1="4.6024" periodicity1="2" phase1="3.141592653589793" type1="ca" type2="ca" type3="nb" type4="nv"/>
    <Improper k1="4.6024" periodicity1="2" phase1="3.141592653589793" type1="nv" type2="ca" type3="hn" type4="hn"/>
    <Improper k1="4.6024" periodicity1="2" phase1="3.141592653589793" type1="ca" type2="ca" type3="h4" type4="nb"/>
    <Improper k1="4.6024" periodicity1="2" phase1="3.141592653589793" type1="na" type2="ca" type3="ca" type4="cd"/>
    <Improper k1="4.6024" periodicity1="2" phase1="3.141592653589793" type1="ca" type2="ca" type3="ca" type4="na"/>
    <Improper k1="4.6024" periodicity1="2" phase1="3.141592653589793" type1="ns" type2="c" type3="c3" type4="hn"/>
    <Improper k1="43.932" periodicity1="2" phase1="3.141592653589793" type1="c" type2="ca" type3="ns" type4="o"/>
    <Improper k1="4.6024" periodicity1="2" phase1="3.141592653589793" type1="ca" type2="c" type3="ca" type4="ca"/>
  </PeriodicTorsionForce>
</ForceField>
