<ForceField>
  <Info>
    <DateGenerated>2019-07-05</DateGenerated>
  </Info>
  <Residues>
    <Residue name="MC_0R5">
      <Atom charge="-0.7375" name="O2G" type="o"/>
      <Atom charge="1.3249" name="PG" type="p5"/>
      <Atom charge="-0.7375" name="O1G" type="o"/>
      <Atom charge="-0.7375" name="O3G" type="o"/>
      <Atom charge="-0.7288" name="O3B" type="os"/>
      <Atom charge="1.5148" name="PB" type="p5"/>
      <Atom charge="-0.8615" name="O1B" type="o"/>
      <Atom charge="-0.8615" name="O2B" type="o"/>
      <Atom charge="-0.7238" name="O3A" type="os"/>
      <Atom charge="1.4428" name="PA" type="p5"/>
      <Atom charge="-0.8505" name="O1A" type="o"/>
      <Atom charge="-0.8505" name="O2A" type="o"/>
      <Atom charge="-0.5672" name="O5'" type="os"/>
      <Atom charge="0.1774" name="C5'" type="c3"/>
      <Atom charge="0.2441" name="C4'" type="c3"/>
      <Atom charge="0.0971" name="C3'" type="c3"/>
      <Atom charge="-0.6088" name="O3'" type="oh"/>
      <Atom charge="-0.1704" name="C2'" type="c3"/>
      <Atom charge="-0.3696" name="O4'" type="os"/>
      <Atom charge="0.3065" name="C1'" type="c3"/>
      <Atom charge="-0.348" name="N1" type="n"/>
      <Atom charge="0.7995" name="C2" type="c"/>
      <Atom charge="-0.6105" name="O2" type="o"/>
      <Atom charge="-0.5645" name="N3" type="ns"/>
      <Atom charge="0.7097" name="C4" type="c"/>
      <Atom charge="-0.6385" name="O4" type="o"/>
      <Atom charge="0.0316" name="C6" type="cc"/>
      <Atom charge="-0.1209" name="C5" type="cd"/>
      <Atom charge="-0.1963" name="C5M" type="ch"/>
      <Atom charge="-0.078" name="C30" type="cg"/>
      <Atom charge="0.002" name="C31" type="ca"/>
      <Atom charge="-0.125" name="C36" type="ca"/>
      <Atom charge="-0.167" name="C35" type="ca"/>
      <Atom charge="-0.085" name="C34" type="ca"/>
      <Atom charge="-0.06" name="C37" type="cg"/>
      <Atom charge="-0.3375" name="C38" type="c1"/>
      <Atom charge="-0.167" name="C33" type="ca"/>
      <Atom charge="-0.125" name="C32" type="ca"/>
      <Atom charge="0.0377" name="H5" type="h1"/>
      <Atom charge="0.0377" name="H6" type="h1"/>
      <Atom charge="0.0487" name="H7" type="h1"/>
      <Atom charge="0.0617" name="H8" type="h1"/>
      <Atom charge="0.385" name="H9" type="ho"/>
      <Atom charge="0.0577" name="H10" type="hc"/>
      <Atom charge="0.0577" name="H11" type="hc"/>
      <Atom charge="0.0557" name="H12" type="h2"/>
      <Atom charge="0.3545" name="H13" type="hn"/>
      <Atom charge="0.165" name="H14" type="h4"/>
      <Atom charge="0.085" name="H15" type="ha"/>
      <Atom charge="0.1095" name="H16" type="ha"/>
      <Atom charge="0.1295" name="H17" type="ha"/>
      <Atom charge="0.1095" name="H18" type="ha"/>
      <Atom charge="0.085" name="H19" type="ha"/>
      <Bond atomName1="O3G" atomName2="PG"/>
      <Bond atomName1="O2G" atomName2="PG"/>
      <Bond atomName1="PG" atomName2="O1G"/>
      <Bond atomName1="PG" atomName2="O3B"/>
      <Bond atomName1="O2B" atomName2="PB"/>
      <Bond atomName1="O1A" atomName2="PA"/>
      <Bond atomName1="O3B" atomName2="PB"/>
      <Bond atomName1="PB" atomName2="O1B"/>
      <Bond atomName1="PB" atomName2="O3A"/>
      <Bond atomName1="C5'" atomName2="O5'"/>
      <Bond atomName1="C5'" atomName2="C4'"/>
      <Bond atomName1="PA" atomName2="O3A"/>
      <Bond atomName1="PA" atomName2="O5'"/>
      <Bond atomName1="PA" atomName2="O2A"/>
      <Bond atomName1="O3'" atomName2="C3'"/>
      <Bond atomName1="C4'" atomName2="C3'"/>
      <Bond atomName1="C4'" atomName2="O4'"/>
      <Bond atomName1="C3'" atomName2="C2'"/>
      <Bond atomName1="O4'" atomName2="C1'"/>
      <Bond atomName1="C2'" atomName2="C1'"/>
      <Bond atomName1="C35" atomName2="C36"/>
      <Bond atomName1="C35" atomName2="C34"/>
      <Bond atomName1="C1'" atomName2="N1"/>
      <Bond atomName1="C36" atomName2="C31"/>
      <Bond atomName1="C38" atomName2="C37"/>
      <Bond atomName1="C37" atomName2="C34"/>
      <Bond atomName1="C34" atomName2="C33"/>
      <Bond atomName1="C6" atomName2="N1"/>
      <Bond atomName1="C6" atomName2="C5"/>
      <Bond atomName1="N1" atomName2="C2"/>
      <Bond atomName1="C31" atomName2="C30"/>
      <Bond atomName1="C31" atomName2="C32"/>
      <Bond atomName1="C30" atomName2="C5M"/>
      <Bond atomName1="C5M" atomName2="C5"/>
      <Bond atomName1="C5" atomName2="C4"/>
      <Bond atomName1="C33" atomName2="C32"/>
      <Bond atomName1="C2" atomName2="O2"/>
      <Bond atomName1="C2" atomName2="N3"/>
      <Bond atomName1="C4" atomName2="N3"/>
      <Bond atomName1="C4" atomName2="O4"/>
      <Bond atomName1="C5'" atomName2="H5"/>
      <Bond atomName1="C5'" atomName2="H6"/>
      <Bond atomName1="C4'" atomName2="H7"/>
      <Bond atomName1="C3'" atomName2="H8"/>
      <Bond atomName1="O3'" atomName2="H9"/>
      <Bond atomName1="C2'" atomName2="H10"/>
      <Bond atomName1="C2'" atomName2="H11"/>
      <Bond atomName1="C1'" atomName2="H12"/>
      <Bond atomName1="N3" atomName2="H13"/>
      <Bond atomName1="C6" atomName2="H14"/>
      <Bond atomName1="C36" atomName2="H15"/>
      <Bond atomName1="C35" atomName2="H16"/>
      <Bond atomName1="C38" atomName2="H17"/>
      <Bond atomName1="C33" atomName2="H18"/>
      <Bond atomName1="C32" atomName2="H19"/>
    </Residue>
  </Residues>
  <HarmonicBondForce>
    <Bond k="298068.1599999999" length="0.1379" type1="c" type2="ns"/>
    <Bond k="441244.6399999999" length="0.1013" type1="hn" type2="ns"/>
  </HarmonicBondForce>
  <HarmonicAngleForce>
    <Angle angle="1.9819958985647608" k="940.5632" type1="n" type2="c" type3="ns"/>
    <Angle angle="2.217964413434394" k="548.9408" type1="c" type2="ns" type3="c"/>
    <Angle angle="2.051634535719334" k="407.52160000000003" type1="c" type2="ns" type3="hn"/>
    <Angle angle="2.1476276445790226" k="952.2784" type1="ns" type2="c" type3="o"/>
    <Angle angle="1.9669860669976094" k="728.8528" type1="cd" type2="c" type3="ns"/>
  </HarmonicAngleForce>
  <PeriodicTorsionForce>
    <Proper k1="10.46" periodicity1="2" phase1="3.141592653589793" type1="n" type2="c" type3="ns" type4="c"/>
    <Proper k1="10.46" periodicity1="2" phase1="3.141592653589793" type1="n" type2="c" type3="ns" type4="hn"/>
    <Proper k1="10.46" periodicity1="2" phase1="3.141592653589793" type1="o" type2="c" type3="ns" type4="c"/>
    <Proper k1="10.46" periodicity1="2" phase1="3.141592653589793" type1="cd" type2="c" type3="ns" type4="c"/>
    <Proper k1="10.46" k2="8.368" periodicity1="2" periodicity2="1" phase1="3.141592653589793" phase2="0.0" type1="o" type2="c" type3="ns" type4="hn"/>
    <Proper k1="0.0" periodicity1="2" phase1="3.141592653589793" type1="c" type2="cd" type3="ch" type4="cg"/>
    <Proper k1="0.0" periodicity1="2" phase1="3.141592653589793" type1="cc" type2="cd" type3="ch" type4="cg"/>
    <Proper k1="10.46" periodicity1="2" phase1="3.141592653589793" type1="cd" type2="c" type3="ns" type4="hn"/>
    <Proper k1="0.0" periodicity1="2" phase1="3.141592653589793" type1="ca" type2="ca" type3="cg" type4="ch"/>
    <Proper k1="0.0" periodicity1="2" phase1="3.141592653589793" type1="ca" type2="ca" type3="cg" type4="c1"/>
    <Improper k1="4.6024" periodicity1="2" phase1="3.141592653589793" type1="n" type2="c" type3="c3" type4="cc"/>
    <Improper k1="43.932" periodicity1="2" phase1="3.141592653589793" type1="c" type2="n" type3="ns" type4="o"/>
    <Improper k1="4.6024" periodicity1="2" phase1="3.141592653589793" type1="ns" type2="c" type3="c" type4="hn"/>
    <Improper k1="43.932" periodicity1="2" phase1="3.141592653589793" type1="c" type2="cd" type3="ns" type4="o"/>
    <Improper k1="4.6024" periodicity1="2" phase1="3.141592653589793" type1="cc" type2="cd" type3="h4" type4="n"/>
    <Improper k1="4.6024" periodicity1="2" phase1="3.141592653589793" type1="cd" type2="c" type3="cc" type4="ch"/>
    <Improper k1="4.6024" periodicity1="2" phase1="3.141592653589793" type1="ca" type2="ca" type3="ca" type4="cg"/>
    <Improper k1="4.6024" periodicity1="2" phase1="3.141592653589793" type1="ca" type2="ca" type3="ca" type4="ha"/>
  </PeriodicTorsionForce>
</ForceField>
