<ForceField>
  <Info>
    <DateGenerated>2019-07-05</DateGenerated>
  </Info>
  <Residues>
    <Residue name="MC_0R6">
      <Atom charge="-0.6355" name="O2" type="o"/>
      <Atom charge="0.8169" name="C2" type="c"/>
      <Atom charge="-0.7121" name="N3" type="nc"/>
      <Atom charge="0.4495" name="C4" type="cd"/>
      <Atom charge="-0.9336" name="N4" type="nz"/>
      <Atom charge="-0.2373" name="C5" type="cd"/>
      <Atom charge="-0.1363" name="C29" type="ch"/>
      <Atom charge="-0.198" name="C30" type="cg"/>
      <Atom charge="0.036" name="C31" type="ca"/>
      <Atom charge="-0.1435" name="C36" type="ca"/>
      <Atom charge="-0.101" name="C35" type="ca"/>
      <Atom charge="-0.042" name="C34" type="ca"/>
      <Atom charge="-0.079" name="C37" type="cg"/>
      <Atom charge="-0.1855" name="C38" type="c1"/>
      <Atom charge="-0.101" name="C33" type="ca"/>
      <Atom charge="-0.1435" name="C32" type="ca"/>
      <Atom charge="0.0776" name="C6" type="cc"/>
      <Atom charge="-0.342" name="N1" type="n"/>
      <Atom charge="0.2775" name="C1'" type="c3"/>
      <Atom charge="-0.2104" name="C2'" type="c3"/>
      <Atom charge="0.2071" name="C3'" type="c3"/>
      <Atom charge="-0.6658" name="O3'" type="oh"/>
      <Atom charge="-0.3576" name="O4'" type="os"/>
      <Atom charge="0.1741" name="C4'" type="c3"/>
      <Atom charge="0.1474" name="C5'" type="c3"/>
      <Atom charge="-0.6492" name="O5'" type="os"/>
      <Atom charge="1.4498" name="PA" type="p5"/>
      <Atom charge="-0.8415" name="O1A" type="o"/>
      <Atom charge="-0.8415" name="O2A" type="o"/>
      <Atom charge="-0.7238" name="O3A" type="os"/>
      <Atom charge="1.5678" name="PB" type="p5"/>
      <Atom charge="-0.6935" name="O1B" type="o"/>
      <Atom charge="-0.6935" name="O2B" type="o"/>
      <Atom charge="-0.7128" name="O3B" type="os"/>
      <Atom charge="1.2899" name="PG" type="p5"/>
      <Atom charge="-0.610167" name="O3G" type="o"/>
      <Atom charge="-0.610167" name="O1G" type="o"/>
      <Atom charge="-0.610167" name="O2G" type="o"/>
      <Atom charge="0.3548" name="H1" type="hn"/>
      <Atom charge="0.3548" name="H2" type="hn"/>
      <Atom charge="0.126" name="H3" type="ha"/>
      <Atom charge="0.1095" name="H4" type="ha"/>
      <Atom charge="0.1245" name="H5" type="ha"/>
      <Atom charge="0.1095" name="H6" type="ha"/>
      <Atom charge="0.126" name="H7" type="ha"/>
      <Atom charge="0.14" name="H8" type="h4"/>
      <Atom charge="0.0377" name="H9" type="h2"/>
      <Atom charge="0.0612" name="H10" type="hc"/>
      <Atom charge="0.0612" name="H11" type="hc"/>
      <Atom charge="0.0757" name="H12" type="h1"/>
      <Atom charge="0.415" name="H13" type="ho"/>
      <Atom charge="0.0587" name="H14" type="h1"/>
      <Atom charge="0.1022" name="H15" type="h1"/>
      <Atom charge="0.1022" name="H16" type="h1"/>
      <Atom charge="0.3548" name="H43" type="hn"/>
      <Bond atomName1="O1G" atomName2="PG"/>
      <Bond atomName1="O3G" atomName2="PG"/>
      <Bond atomName1="PG" atomName2="O2G"/>
      <Bond atomName1="PG" atomName2="O3B"/>
      <Bond atomName1="O1B" atomName2="PB"/>
      <Bond atomName1="O1A" atomName2="PA"/>
      <Bond atomName1="O3B" atomName2="PB"/>
      <Bond atomName1="PB" atomName2="O2B"/>
      <Bond atomName1="PB" atomName2="O3A"/>
      <Bond atomName1="C5'" atomName2="O5'"/>
      <Bond atomName1="C5'" atomName2="C4'"/>
      <Bond atomName1="PA" atomName2="O3A"/>
      <Bond atomName1="PA" atomName2="O5'"/>
      <Bond atomName1="PA" atomName2="O2A"/>
      <Bond atomName1="O3'" atomName2="C3'"/>
      <Bond atomName1="C4'" atomName2="C3'"/>
      <Bond atomName1="C4'" atomName2="O4'"/>
      <Bond atomName1="C3'" atomName2="C2'"/>
      <Bond atomName1="O4'" atomName2="C1'"/>
      <Bond atomName1="C2'" atomName2="C1'"/>
      <Bond atomName1="C33" atomName2="C32"/>
      <Bond atomName1="C33" atomName2="C34"/>
      <Bond atomName1="C1'" atomName2="N1"/>
      <Bond atomName1="C32" atomName2="C31"/>
      <Bond atomName1="C38" atomName2="C37"/>
      <Bond atomName1="C37" atomName2="C34"/>
      <Bond atomName1="C34" atomName2="C35"/>
      <Bond atomName1="C6" atomName2="N1"/>
      <Bond atomName1="C6" atomName2="C5"/>
      <Bond atomName1="N1" atomName2="C2"/>
      <Bond atomName1="C31" atomName2="C30"/>
      <Bond atomName1="C31" atomName2="C36"/>
      <Bond atomName1="C30" atomName2="C29"/>
      <Bond atomName1="C29" atomName2="C5"/>
      <Bond atomName1="C5" atomName2="C4"/>
      <Bond atomName1="C35" atomName2="C36"/>
      <Bond atomName1="C2" atomName2="O2"/>
      <Bond atomName1="C2" atomName2="N3"/>
      <Bond atomName1="C4" atomName2="N3"/>
      <Bond atomName1="C4" atomName2="N4"/>
      <Bond atomName1="N4" atomName2="H1"/>
      <Bond atomName1="N4" atomName2="H2"/>
      <Bond atomName1="C36" atomName2="H3"/>
      <Bond atomName1="C35" atomName2="H4"/>
      <Bond atomName1="C38" atomName2="H5"/>
      <Bond atomName1="C33" atomName2="H6"/>
      <Bond atomName1="C32" atomName2="H7"/>
      <Bond atomName1="C6" atomName2="H8"/>
      <Bond atomName1="C1'" atomName2="H9"/>
      <Bond atomName1="C2'" atomName2="H10"/>
      <Bond atomName1="C2'" atomName2="H11"/>
      <Bond atomName1="C3'" atomName2="H12"/>
      <Bond atomName1="O3'" atomName2="H13"/>
      <Bond atomName1="C4'" atomName2="H14"/>
      <Bond atomName1="C5'" atomName2="H15"/>
      <Bond atomName1="C5'" atomName2="H16"/>
      <Bond atomName1="H43" atomName2="N4"/>
    </Residue>
  </Residues>
  <HarmonicBondForce>
    <Bond k="198070.55999999994" length="0.14930000000000002" type1="cd" type2="nz"/>
    <Bond k="404090.7199999999" length="0.10300000000000001" type1="hn" type2="nz"/>
  </HarmonicBondForce>
  <HarmonicAngleForce>
    <Angle angle="2.1429152555986377" k="876.037552" type1="nc" type2="cd" type3="nz"/>
    <Angle angle="1.928588823453734" k="392.4592" type1="cd" type2="nz" type3="hn"/>
    <Angle angle="2.0668189002116852" k="702.753008" type1="cd" type2="cd" type3="nz"/>
    <Angle angle="1.8901915799098588" k="334.72" type1="hn" type2="nz" type3="hn"/>
  </HarmonicAngleForce>
  <PeriodicTorsionForce>
    <Proper k1="0.0" periodicity1="3" phase1="3.141592653589793" type1="nc" type2="cd" type3="nz" type4="hn"/>
    <Proper k1="0.0" periodicity1="2" phase1="3.141592653589793" type1="cd" type2="cd" type3="ch" type4="cg"/>
    <Proper k1="0.343088" periodicity1="3" phase1="3.141592653589793" type1="cd" type2="cd" type3="nz" type4="hn"/>
    <Proper k1="0.0" periodicity1="2" phase1="3.141592653589793" type1="ca" type2="ca" type3="cg" type4="ch"/>
    <Proper k1="0.0" periodicity1="2" phase1="3.141592653589793" type1="cc" type2="cd" type3="ch" type4="cg"/>
    <Proper k1="0.0" periodicity1="2" phase1="3.141592653589793" type1="ca" type2="ca" type3="cg" type4="c1"/>
    <Improper k1="43.932" periodicity1="2" phase1="3.141592653589793" type1="c" type2="n" type3="nc" type4="o"/>
    <Improper k1="4.6024" periodicity1="2" phase1="3.141592653589793" type1="cd" type2="cd" type3="nc" type4="nz"/>
    <Improper k1="4.6024" periodicity1="2" phase1="3.141592653589793" type1="cd" type2="cc" type3="cd" type4="ch"/>
    <Improper k1="4.6024" periodicity1="2" phase1="3.141592653589793" type1="ca" type2="ca" type3="ca" type4="cg"/>
    <Improper k1="4.6024" periodicity1="2" phase1="3.141592653589793" type1="ca" type2="ca" type3="ca" type4="ha"/>
    <Improper k1="4.6024" periodicity1="2" phase1="3.141592653589793" type1="cc" type2="cd" type3="h4" type4="n"/>
    <Improper k1="4.6024" periodicity1="2" phase1="3.141592653589793" type1="n" type2="c" type3="c3" type4="cc"/>
  </PeriodicTorsionForce>
</ForceField>
